name,description,address,city,region,province,postal_code,phone,fax,hours,url,latitude,longitude,distance,materials,pickup,dropoff,notes,groups,curbside,municipal,national,event_only
"Penn Pro Manufacturing","Penn Pro Manufacturing","10 Wallace Ln ","Washington","Washington County","PA","15301","7242226450","0","Sunday: 12:00 AM - 11:59 PM Monday: 12:00 AM - 11:59 PM Tuesday: 12:00 AM - 11:59 PM Wednesday: 12:00 AM - 11:59 PM Thursday: 12:00 AM - 11:59 PM Friday: 12:00 AM - 11:59 PM Saturday: 12:00 AM - 11:59 PM ","http://www.dep.state.pa.us/dep/deputate/airwaste/wm/recycle/paman/build.html","40.1927912","-80.2688064","10.0120129851945","Brown Paper Bags; Catalogs; Computer Paper; Greeting Cards; Magazines; Paper (Mixed); Newspapers; Phone books; Office Paper; Computer (Recycling); Computer Monitors; Electronics; Laptop Computers; Computer Peripherals; Printers/Scanners/Fax Machines; Small Televisions; Tablets; Televisions; Video Game Consoles; PlayStation Consoles","false","true","This site is located past Henderson Avenue behind the Food Land store.  Please place paper in brown paper bags.","","false","false","false","false"
"Go Green American Recycling","","1900 Commercial Ave","Mingo Junction","","OH","43938","7405352071","0","","http://gogreencmr.com/","40.3113316","-80.6158263","10.0394088151477","","false","false","","","false","false","false","false"
"JB Green Team Recycling Drop-Off - Wells","","1004 3rd St","Brilliant","","OH","43913","7402838614","0","","https://www.jbgreenteam.org/recycling/acceptable-materials","40.2613118","-80.6327865","10.1534346680773","","false","false","","","false","false","false","false"
"USPS Post Office Box Lobby Recycling Program","US Post Office","1021 Grant St","Bulger","Washington","PA","15019","8002758777","0","","https://www.usps.com/","40.37479","-80.32499","10.2866914363183","Catalogs; Greeting Cards; Magazines; Paper (Mixed)","false","true","","","false","false","false","false"
"General Alloys, Inc.","","135 West Wiley Avenue","Washington","","PA","15301","7242231700","0","","","40.1825255","-80.2673266","10.4039691130957","","false","false","","","false","false","false","false"
"General Alloys","General Alloys","135 W Wylie Ave","Washington","Washington","PA","15301","7242231700","0","","","40.18159","-80.26691","10.4543930942305","Aluminum; Ferrous Metals (Steel or Iron); Non-ferrous (Copper/Brass/Tin); High-Temp Alloys; Special Metals; Computer (Recycling); Computer Monitors; Electronics; Laptop Computers; Computer Peripherals; Printers/Scanners/Fax Machines; Small Televisions; Tablets; Televisions; Video Game Consoles; PlayStation Consoles","false","true","","","false","false","false","false"
"I. Reichman & Company, Inc.","","40 Pennsylvania Ave","Washington","","PA","15301","7242225900","0","","","40.1797822","-80.2634506","10.6746593721169","","false","false","","","false","false","false","false"
"Brookman Auto Wrecking","Brookman Auto Wrecking","4 Race St","Washington","Washington","PA","15301","7242224260","0","Monday: 7:30 AM - 4:00 PM Tuesday: 7:30 AM - 4:00 PM Wednesday: 7:30 AM - 4:00 PM Thursday: 7:30 AM - 4:00 PM Friday: 7:30 AM - 4:00 PM ","","40.17797","-80.26452","10.6870091890386","Aluminum Cans; Aluminum; Ferrous Metals (Steel or Iron); Non-ferrous (Copper/Brass/Tin); Tin or Steel Cans; Computer (Recycling); Computer Monitors; Electronics; Laptop Computers; Computer Peripherals; Printers/Scanners/Fax Machines; Small Televisions; Tablets; Televisions; Video Game Consoles; PlayStation Consoles","false","true","","","false","false","false","false"
"Penn Pro Manufacturing","Penn Pro Manufacturing","1561 Hillcrest St","Washington","Washington","PA","15301","7242226450","0","","null","40.19279","-80.25386","10.7302230896431","Brown Paper Bags; Computer Paper; Magazines; Paper (Mixed); Newspapers; Phone books; Office Paper; Computer (Recycling); Computer Monitors; Electronics; Laptop Computers; Computer Peripherals; Printers/Scanners/Fax Machines; Small Televisions; Tablets; Televisions; Video Game Consoles; PlayStation Consoles","false","true","","","false","false","false","false"
"WA Crown Center 1","WA Crown Center 1","1500 W Chestnut St","Washington","Washington","PA","15301","8583244111","0","","http://www.ecoatm.com/","40.16432","-80.2745","10.7527206049889","Cell Phones; Tablets; MP3 Players; Computer (Recycling); Computer Monitors; Electronics; Laptop Computers; Computer Peripherals; Printers/Scanners/Fax Machines; Small Televisions; Televisions; Video Game Consoles; PlayStation Consoles","false","true","ecoATM is an automated, consumer self-serve kiosk that quickly buys back and recycles old phones, mp3 players and tablets.
</br>
Call or email <a href="mailto:max@ecoATM.com">customer support</a> with questions.","","false","false","false","false"
"LensCrafters","LensCrafters","1500 W Chestnut St","Washington","Washington","PA","15301","7242285008","0","Monday: 9:00 AM - 8:00 PM Tuesday: 9:00 AM - 8:00 PM Wednesday: 9:00 AM - 8:00 PM Thursday: 9:00 AM - 8:00 PM Friday: 9:00 AM - 8:00 PM Saturday: 9:00 AM - 8:00 PM Sunday: 11:00 AM - 5:00 PM ","http://www.lenscrafters.com","40.16432","-80.2745","10.7527206049889","Eyeglasses; Computer (Recycling); Computer Monitors; Electronics; Laptop Computers; Computer Peripherals; Printers/Scanners/Fax Machines; Small Televisions; Tablets; Televisions; Video Game Consoles; PlayStation Consoles","false","true","","","false","false","false","false"
"Verizon Wireless","Verizon Wireless","1500 W Chestnut St","Washington Crown Center","Washington","PA","15301","8666444532","0","","http://www.verizonwireless.com/","40.16432","-80.2745","10.7527206049889","Cell Phones; Cell Phone Batteries; Computer (Recycling); Computer Monitors; Electronics; Laptop Computers; Computer Peripherals; Printers/Scanners/Fax Machines; Small Televisions; Tablets; Televisions; Video Game Consoles; PlayStation Consoles","false","true","<A Href="https://www.trade-in.vzw.com/home.aspx">
The Verizon Wireless Trade-In Program</A> allows you to trade in your used handset or tablet in a convenient and responsible way. 
<P>
<P>
Verizon Wireless works every day to protect our environment and give our customers opportunities to do the same. <A Href="http://aboutus.vzw.com/Green_Initiative/overview.html">Click here</A> for more examples of the earth-friendly initiatives and programs Verizon Wireless is proud to offer and support.","","false","false","false","false"
"Guardian Storage - Washington","","840 Jefferson Ave","Washington","","PA","15301","7242227368","0","","https://www.guardianstorage.com/","40.1803415","-80.2611554","10.7621881201188","","false","false","","","false","false","false","false"
"Brookman Auto Wrecking","","4 Race St","Washington","","PA","15301","7242224260","0","","","40.1770207","-80.2633417","10.7736085944924","","false","false","","","false","false","false","false"
"Guardian Storage","Guardian Storage","840 Jefferson Ave","Washington","Washington","PA","15301","7249154306","0","","http://www.evolutionecycling.com/","40.17949","-80.26083","10.8054948787633","Cell Phones; Computer Monitors; Computer (Recycling); Video Game Systems; Inkjet Printer Cartridges; Telephones; Televisions; Stereo Equipment; Printers/Scanners/Fax Machines; Laptop Computers; MP3 Players; Cables & Connectors; Servers; Wire; Microwaves; UPS Batteries/Backup Systems; Computer Peripherals; VCRs; DVD Players/Blu-Ray Players/DVRs; Network Equipment; Electronics; Small Televisions; Tablets; Video Game Consoles; PlayStation Consoles","false","true","Evolution E-Cycling now partners with Guardian Storage Solutions, the public is welcome to drop-off e-waste at any one of Guardians 12 convenient locations.","","false","false","false","false"
"LensCrafters","","1500 W Chestnut St","Washington","","PA","15301","7242285008","0","","","40.1598182","-80.2766974","10.8439134982104","","false","false","","","false","false","false","false"
"Sears Automotive","","1500 W Chestnut St","Washington","","PA","15301","7242258600","0","","","40.1598182","-80.2766974","10.8439134982104","","false","false","","","false","false","false","false"
"Walmart Supercenter","","400 Three Springs Dr","Weirton","","WV","26062","3047233445","0","","https://www.walmart.com/","40.3903107","-80.5495743","10.9933531679694","","false","false","","","false","false","false","false"
"Walmart Tire and Lube Express","","400 Three Springs Dr","Weirton","","WV","26062","3047233445","0","","https://www.walmart.com/cp/ideas/8932632","40.3903107","-80.5495743","10.9933531679694","","false","false","","","false","false","false","false"
"Tilger Farm Composting Site","","29 Southview Rd","Mc Donald","","PA","15057","7247461759","0","","","40.322862","-80.2472096","11.2183617936225","","false","false","","","false","false","false","false"
"American Battery","","75 Cumberland Ave","Washington","","PA","15301","7242259889","0","","","40.1698081","-80.2581823","11.2622023912009","","false","false","","","false","false","false","false"
"Walmart Tire & Lube Express","Walmart Tire & Lube Express","400 Three Springs Dr","Weirton","Brooke","WV","26062","3047233445","0","","http://www.walmart.com/","40.39589","-80.5487","11.3002487798193","Lead Acid (Pb) Batteries; Used Motor Oil; Oil Filters; Video Game Consoles; PlayStation Consoles","false","true","","","false","false","false","false"
"Walmart","Walmart","400 Three Springs Dr","Weirton","Brooke","WV","26062","3047233445","0","","http://www.walmart.com","40.39589","-80.5487","11.3002487798193","Lead Acid (Pb) Batteries; Plastic Shopping Bags; Food Storage Bags; Video Game Consoles; PlayStation Consoles","false","true","","","false","false","false","false"
"Mail Boxes and More","","123 Washington St","Washington","","PA","15301","7242227660","0","","","40.172178","-80.2541172","11.3626692427141","","false","false","","","false","false","false","false"
"USPS Post Office Box Lobby Recycling Program","US Post Office","153 Jefferson Ave","Washington","Washington","PA","15301","8002758777","0","","https://www.usps.com/","40.17294","-80.25309","11.3833174170018","Catalogs; Greeting Cards; Magazines; Paper (Mixed)","false","true","","","false","false","false","false"
"US Post Office","US Post Office","153 Jefferson Ave","Washington","Washington","PA","15301","0","0","","https://www.usps.com/ship/recycle-through-usps.htm","40.17294","-80.25309","11.3833174170018","Inkjet Printer Cartridges; Computer (Recycling); Computer Monitors; Electronics; Laptop Computers; Computer Peripherals; Printers/Scanners/Fax Machines; Small Televisions; Tablets; Televisions; Video Game Consoles; PlayStation Consoles","false","true","Free, postage-paid Mail Back envelopes can be found on display in the lobby. There is no limit to the number of envelopes customers may take. The contents of the envelope must weigh less than 13 ounces and the envelope must be able to seal completely. For more details visit<a href="http://www.maxback.com/mxb-postoffice-collaboration" target="_blank">MaxBack</a>.","","false","false","false","false"
"JB Green Team Recycling Drop-Off - Mingo Junction","","Wilson Ave","Mingo Junction","","OH","43938","7402838614","0","","https://www.jbgreenteam.org/recycling/acceptable-materials","40.3423457","-80.6266407","11.5312679107768","","false","false","","","false","false","false","false"
"JB Green Team Recycling Drop-Off - Steubenville","","452 S 3rd St","Steubenville","","OH","43952","7402838614","0","","https://www.jbgreenteam.org/recycling/acceptable-materials","40.3541057","-80.616409","11.5397074054814","","false","false","","","false","false","false","false"
"Goodwill of Southwestern Pennsylvania - Dell Reconnect Donation Site","","89 Jefferson Avenue","Washington","","PA","15301","7242230917","0","","https://www.goodwillswpa.org/","40.169375","-80.251386","11.585053723559","","false","false","","","false","false","false","false"
"Walgreens","Walgreens","99 Jefferson Ave","Washington","Washington","PA","15301","7242283201","0","","http://www.walgreens.com","40.17005","-80.2508","11.5880317664024","Cell Phones; Inkjet Printer Cartridges; Computer (Recycling); Computer Monitors; Electronics; Laptop Computers; Computer Peripherals; Printers/Scanners/Fax Machines; Small Televisions; Tablets; Televisions; Video Game Consoles; PlayStation Consoles","false","true","","","false","false","false","false"
"Wal-Mart","Wal-Mart","254 Oak Spring Rd","Washington","Washington","PA","15301","7242294020","0","","","40.1844","-80.23817","11.7227026546532","Used Motor Oil; Oil Filters; Used Tires; Computer (Recycling); Computer Monitors; Electronics; Laptop Computers; Computer Peripherals; Printers/Scanners/Fax Machines; Small Televisions; Tablets; Televisions; Video Game Consoles; PlayStation Consoles","false","true","","","false","false","false","false"
"Weavertown Oil Services","Weavertown Oil Services","3866 Millers Run Rd","Mc Donald","Washington","PA","15057","7247464850","0","Monday: 8:00 AM - 5:00 PM Tuesday: 8:00 AM - 5:00 PM Wednesday: 8:00 AM - 5:00 PM Thursday: 8:00 AM - 5:00 PM Friday: 8:00 AM - 5:00 PM ","","40.32055","-80.2348","11.7525489950241","Gasoline and Unwanted Fuels; Used Motor Oil; Computer (Recycling); Computer Monitors; Electronics; Laptop Computers; Computer Peripherals; Printers/Scanners/Fax Machines; Small Televisions; Tablets; Televisions; Video Game Consoles; PlayStation Consoles","false","true","","","false","false","false","false"
"Bud Baer, Inc.","","71 Murtland Ave","Washington","","PA","15301","7242220700","0","","","40.180303","-80.238932","11.8068659319218","","false","false","","","false","false","false","false"
"Washington City Mission","","84 W Wheeling St","Washington","","PA","15301","7242228530","0","","http://www.citymission.org/","40.168797","-80.2468994","11.8095072617511","","false","false","","","false","false","false","false"
"ExpertTire Store","ExpertTire Store","432 Washington St","Steubenville","Jefferson","OH","43952","7402834648","0","","http://www.firestone.com","40.36185","-80.61506","11.8100749520924","Lead Acid (Pb) Batteries; Used Motor Oil; Video Game Consoles; PlayStation Consoles","false","true","","","false","false","false","false"
"Advance Auto Parts","Advance Auto Parts","113 Three Springs Dr","Weirton","Hancock","WV","26062","3047230040","0","Monday: 7:00 AM - 9:00 PM Tuesday: 7:00 AM - 9:00 PM Wednesday: 7:00 AM - 9:00 PM Thursday: 7:00 AM - 9:00 PM Friday: 7:00 AM - 9:00 PM Saturday: 7:00 AM - 9:00 PM Sunday: 10:00 AM - 8:00 PM ","http://www.advanceautoparts.com","40.40448","-80.54862","11.8141666955272","Lead Acid (Pb) Batteries; Used Motor Oil; Video Game Consoles; PlayStation Consoles","false","true","","","false","false","false","false"
"ATT Wireless","ATT Wireless","117 Three Springs Dr","Weirton","Hancock","WV","26062","3047232843","0","Monday: 9:00 AM - 8:00 PM Tuesday: 9:00 AM - 8:00 PM Wednesday: 9:00 AM - 8:00 PM Thursday: 9:00 AM - 8:00 PM Friday: 9:00 AM - 8:00 PM Saturday: 9:00 AM - 7:00 PM Sunday: 11:00 AM - 5:00 PM ","http://www.cingular.com","40.40448","-80.54862","11.8141666955272","Cell Phones; Video Game Consoles; PlayStation Consoles","false","true","","","false","false","false","false"
"AT&T Wireless","AT&T Wireless","117 Three Springs Dr","Weirton","Hancock","WV","26062","3047232843","0","","http://www.att.com/","40.40448","-80.54862","11.8141666955272","Cell Phones; Ni-Cd Batteries; Batteries (Rechargeable); Cell Phone Batteries; Tablets; Li-Ion Batteries; Video Game Consoles; PlayStation Consoles","false","true","Receive an AT&T Promotion Card worth the trade-in value of your smartphone, tablet, or netbook. You can also donate the trade-in value to Cell Phones for Soldiers.","","false","false","false","false"
"Expert Tire","","432 Washington St","Steubenville","","OH","43952","7402834648","0","","https://www.firestonecompleteautocare.com/","40.3617798","-80.6154764","11.8241444951394","","false","false","","","false","false","false","false"
"JB Green Team Recycling Drop-Off - Steubenville","","1004 Lincoln Ave","Steubenville","","OH","43952","7402838614","0","","https://www.jbgreenteam.org/recycling/acceptable-materials","40.3488978","-80.628753","11.867814190391","","false","false","","","false","false","false","false"
"M-T Can Recycling","M-T Can Recycling","1306 Potomac St ","Weirton","Hancock County","WV","26062","3047233855","0","Tuesday: 9:00 AM - 4:00 PM Thursday: 9:00 AM - 4:00 PM Friday: 9:00 AM - 4:00 PM Wednesday: 12:00 PM - 8:00 PM Saturday: 9:00 AM - 2:00 PM ","null","40.4031698","-80.5539449","11.8737295626325","Aluminum Cans; Glass (Brown); Cardboard; Glass (Clear); Glass (Green); Newspapers; Non-ferrous (Copper/Brass/Tin); Tin or Steel Cans; Office Paper; Video Game Consoles; PlayStation Consoles","false","true","","","false","false","false","false"
"JCPenney","","301 Oak Spring Rd","Washington","","PA","15301","7242507958","0","","https://www.jcpenney.com/","40.1848197","-80.2345711","11.883922316253","","false","false","","","false","false","false","false"
"Pearle Vision Center","","301 Oak Spring Rd","Washington","","PA","15301","7242285515","0","","https://www.pearlevision.com/","40.1848197","-80.2345711","11.883922316253","","false","false","","","false","false","false","false"
"Giant Eagle","","301 Oak Spring Rd","Washington","","PA","15301","7242252848","0","","","40.1848197","-80.2345711","11.883922316253","","false","false","","","false","false","false","false"
"Call2Recycle at RadioShack","Call2Recycle at RadioShack","266 Three Springs Dr","Weirton","Hancock","WV","26062","3047233020","0","Monday: 9:00 AM - 9:00 PM Tuesday: 9:00 AM - 9:00 PM Wednesday: 9:00 AM - 9:00 PM Thursday: 9:00 AM - 9:00 PM Friday: 9:00 AM - 8:00 PM Saturday: 9:00 AM - 9:00 PM Sunday: 10:00 AM - 7:00 PM ","http://www.radioshack.com/","40.40536","-80.54961","11.8925709842454","Cell Phones; Ni-Cd Batteries; Li-Ion Batteries; Ni-MH Batteries; Ni-Zn Batteries; Small Sealed Lead Acid Batteries; Video Game Consoles; PlayStation Consoles","false","true","As the first national retailer to partner with Call2Recycle, RadioShack is at the forefront of the rechargeable battery recycling cause and is pleased to offer battery recycling at thousands of convenient RadioShack locations for free.  Simply drop them off at your local RadioShack and theyll take care of the rest.  Ask a store associate for more details.","","false","false","false","false"
"Monro","Monro","227 Three Springs Dr","Weirton","Hancock","WV","26062","3047235316","0","Monday: 7:30 AM - 7:00 PM Tuesday: 7:30 AM - 7:00 PM Wednesday: 7:30 AM - 7:00 PM Thursday: 7:30 AM - 7:00 PM Friday: 7:30 AM - 7:00 PM Saturday: 7:30 AM - 4:00 PM ","http://monro.com","40.40542","-80.54983","11.901804721584","Used Motor Oil; Video Game Consoles; PlayStation Consoles","false","true","","","false","false","false","false"
"Monro","Monro","131 Murtland Ave","Washington","Washington","PA","15301","7242231490","0","Monday: 7:30 AM - 7:00 PM Tuesday: 7:30 AM - 7:00 PM Wednesday: 7:30 AM - 7:00 PM Thursday: 7:30 AM - 7:00 PM Friday: 7:30 AM - 7:00 PM Saturday: 7:30 AM - 4:00 PM ","http://monro.com","40.181","-80.23459","11.9929311188727","Used Motor Oil; Computer (Recycling); Computer Monitors; Electronics; Laptop Computers; Computer Peripherals; Printers/Scanners/Fax Machines; Small Televisions; Tablets; Televisions; Video Game Consoles; PlayStation Consoles","false","true","","","false","false","false","false"
"AutoZone","AutoZone","206 N 7th St","Steubenville","Jefferson","OH","43952","7402827995","0","","http://www.autozone.com","40.36371","-80.61821","12.0198371706281","Lead Acid (Pb) Batteries; Used Motor Oil; Video Game Consoles; PlayStation Consoles","false","true","Most AutoZone stores accept used motor oil, transmission fluid, gear oil and automotive batteries. Call to see what your local store is currently accepting.","","false","false","false","false"
"USPS Post Office Box Lobby Recycling Program","US Post Office","317 Penco Rd","Weirton","Hancock","WV","26062","8002758777","0","","https://www.usps.com/","40.4088","-80.54656","12.0255578236699","Catalogs; Greeting Cards; Magazines; Paper (Mixed)","false","true","","","false","false","false","false"
"US Post Office","USPS Discarded Lobby Mail Recycling Program","317 Penco Rd","Weirton","Hancock","WV","26062","0","0","","","40.4088","-80.54656","12.0255578236699","Video Game Consoles; PlayStation Consoles","false","true","","","false","false","false","false"
"Call2Recycle at the Home Depot","Call2Recycle at the Home Depot","255 Murtland Ave","Washington","Washington","PA","15301","7242297849","0","","http://www.homedepot.com/","40.18217","-80.23162","12.1011964328012","Cell Phones; Compact Fluorescent Lights; Ni-Cd Batteries; Li-Ion Batteries; Ni-MH Batteries; Ni-Zn Batteries; Small Sealed Lead Acid Batteries; Computer (Recycling); Computer Monitors; Electronics; Laptop Computers; Computer Peripherals; Printers/Scanners/Fax Machines; Small Televisions; Tablets; Televisions; Video Game Consoles; PlayStation Consoles","false","true","The Home Depot accepts used rechargeable batteries and compact fluorescent bulbs. Look for the orange drop boxes, usually located near the front entrance near the customer service desk, or ask a store associate for more details.","","false","false","false","false"
"Home Depot","","255 Murtland Ave","Washington","","PA","15301","7242297849","0","","https://ecooptions.homedepot.com/","40.1836877","-80.2305629","12.1090064146793","Batteries (Rechargeable); Cell Phone Batteries; Li-Ion Batteries; Ni-Cd Batteries; Ni-MH Batteries; Small Sealed Lead Acid Batteries","false","true","","Call2Recycle","false","false","false","false"
"Target Store","null","335 Washington Rd","Washington","","PA","15301","7242299277","0","","https://corporate.target.com/corporate-responsibility/planet","40.1882023","-80.2277745","12.1216804402647","","false","false","","","false","false","false","false"
"OfficeMax","","343 Washington Rd","Washington","","PA","15301","7242231011","0","","","40.1889919","-80.2268159","12.1479406955928","","false","false","","","false","false","false","false"
"AutoZone","AutoZone","3031 Pennsylvania Ave","Weirton","Hancock","WV","26062","3047235420","0","","http://www.autozone.com","40.41186","-80.54661","12.2142800829711","Lead Acid (Pb) Batteries; Used Motor Oil; Video Game Consoles; PlayStation Consoles","false","true","Most AutoZone stores accept used motor oil, transmission fluid, gear oil and automotive batteries. Call to see what your local store is currently accepting.","","false","false","false","false"
"Lowe's","","355 Washington Road","Washington","","PA","15301","7242237700","0","","https://newsroom.lowes.com/responsibility/operational-excellence/","40.190267","-80.2241145","12.2478479340721","","false","false","","","false","false","false","false"
"Salvage Pros","","1267 Sinclair Ave.","Steubenville","","OH","43952","7405125380","0","","","40.3513002","-80.6354882","12.2555739678063","","false","false","","","false","false","false","false"
"Kohl's","","353 Strabane Square","Washington","","PA","15317","7242223304","0","","https://corporate.kohls.com/","40.1872612","-80.2239678","12.3322435553341","","false","false","","","false","false","false","false"
"Nike Factory Store","","2200 Tanger Boulevard","Washington","","PA","15301","7242287357","0","","https://www.nike.com/us/en_us/c/better-world/stories/2012/09/reuse-a-shoe","40.2164085","-80.2116242","12.3534031630138","","false","false","","","false","false","false","false"
"Salvation Army","Salvation Army","794 Cove Rd","Weirton","Brooke","WV","26062","3047484310","0","Monday: 9:00 AM - 3:00 PM Tuesday: 9:00 AM - 3:00 PM Wednesday: 9:00 AM - 3:00 PM Thursday: 9:00 AM - 3:00 PM Friday: 9:00 AM - 3:00 PM ","http://www.salvationarmy.org","40.40015","-80.57761","12.3778733110137","Bikes; Books (Reuse); Clothing; CD/DVD/Blu-ray/UHD discs; Computer (Reuse); Electronics; Hard Drives; Gift Bags; Eyeglasses; Household Goods; Musical Instruments; Ornaments; Reusable Appliance Donation; Sporting Goods; Miscellaneous Tools; Children's Toys; Small Appliances; MP3 Players; Video Game Consoles; PlayStation Consoles","false","true","This site accepts clean items in good condition.  It does not accept broken items.","Sony","false","false","false","false"
"Sam's Club","Sam's Club","80 Trinity Point Dr","Washington","Washington","PA","15301","7242293500","0","","http://www.samsclub.com","40.18242","-80.2236","12.4806124011622","Lead Acid (Pb) Batteries; Computer (Recycling); Computer Monitors; Electronics; Laptop Computers; Computer Peripherals; Printers/Scanners/Fax Machines; Small Televisions; Tablets; Televisions; Video Game Consoles; PlayStation Consoles","false","true","","","false","false","false","false"
"Walmart Tire & Lube Express","Walmart Tire & Lube Express","30 Trinity Point Dr","Washington","Washington","PA","15301","7242294020","0","","http://www.walmart.com/catalog/catalog.gsp?cat=495843","40.18242","-80.2236","12.4806124011622","Lead Acid (Pb) Batteries; Used Motor Oil; Oil Filters; Computer (Recycling); Computer Monitors; Electronics; Laptop Computers; Computer Peripherals; Printers/Scanners/Fax Machines; Small Televisions; Tablets; Televisions; Video Game Consoles; PlayStation Consoles","false","true","","","false","false","false","false"
"West Point Products","West Point Products","184 Schoolhouse Ln","Valley Grove","Ohio","WV","26060","8006246991","0","Monday: 9:00 AM - 5:00 PM Tuesday: 9:00 AM - 5:00 PM Wednesday: 9:00 AM - 5:00 PM Thursday: 9:00 AM - 5:00 PM Friday: 9:00 AM - 5:00 PM ","http://www.westpointproducts.com/","40.09566","-80.55349","12.504717285708","Inkjet Printer Cartridges; Laser Toner Cartridges; Video Game Consoles; PlayStation Consoles","false","true","Please call for directions to this site.","","false","false","false","false"
"Direct Tools Factory Outlet","Direct Tools Factory Outlet","2200 Tanger Boulevard","Washington","Washington ","PA","15301","7243444279","0","","","40.215673","-80.208781","12.5108419904847","Batteries (Rechargeable); Cell Phone Batteries; Cell Phones; Li-Ion Batteries; Ni-Cd Batteries; Ni-MH Batteries; Small Sealed Lead Acid Batteries","false","true","Call or Check Online for Hours","Call2Recycle","false","false","false","false"
"Weirton Recycling","Weirton Recycling","3924 Main St","Weirton","Brooke","WV","26062","3047481407","0","Monday: 9:00 AM - 4:00 PM Tuesday: 9:00 AM - 4:00 PM Wednesday: 9:00 AM - 4:00 PM Thursday: 9:00 AM - 4:00 PM Friday: 9:00 AM - 4:00 PM Saturday: 9:00 AM - 2:00 PM ","","40.39447","-80.59186","12.5257751623533","Aluminum Cans; Ferrous Metals (Steel or Iron); Non-ferrous (Copper/Brass/Tin); Office Paper; Video Game Consoles; PlayStation Consoles","false","true","","","false","false","false","false"
"City of Weirton Recycling Drop-Off Site","","3924 Main St","Weirton","","WV","26062","3047481407","0","","https://commerce.wv.gov","40.3947008","-80.5918159","12.5365865238044","","false","false","","","false","false","false","false"
"Walmart Supercenter","","30 Trinity Point Dr","Washington","","PA","15301","7242294020","0","","https://www.walmart.com/","40.182631","-80.2218488","12.5595332412833","","false","false","","","false","false","false","false"
"Walmart Tire and Lube Express","","30 Trinity Point Dr","Washington","","PA","15301","7242294020","0","","https://www.walmart.com/cp/ideas/8932632","40.182631","-80.2218488","12.5595332412833","","false","false","","","false","false","false","false"
"Sprint Store","","114 Trinity Point Dr","Washington","","PA","15301","7242501700","0","","https://newsroom.sprint.com/csr/device-donations/","40.184153","-80.2200732","12.6044329925781","","false","false","","","false","false","false","false"
"Tractor Supply","null","460 Washington RD STE 15","Washington","","PA","15301","7242234934","0","","https://www.tractorsupply.com/","40.1878837","-80.2167419","12.670223570127","","false","false","","","false","false","false","false"
"Sams Club","","80 Trinity Point Dr","Washington","","PA","15301","7242293500","0","","https://www.samsclub.com/","40.1852995","-80.21784","12.6829153945806","","false","false","","","false","false","false","false"
"Kroger","Kroger","3558 Main St","Weirton","Hancock","WV","26062","3047486230","0","","","40.39909","-80.5906","12.7319691921553","Plastic Shopping Bags; Food Storage Bags; Video Game Consoles; PlayStation Consoles","false","true","The drop-off bin is located near the entrance of the store.","","false","false","false","false"
"Infinite Electronics Recycling","","3550 Main Street Rear Building","Weirton","","WV","26062","3049143367","0","","http://www.ierusa.com/","40.3996097","-80.5901591","12.7457197349477","","false","false","","","false","false","false","false"
"General Rental Center","General Rental Center","1606 Sunset Blvd","Steubenville","Jefferson","OH","43952","6142829588","0","","","40.36781","-80.63224","12.7754602011897","Cell Phones; Ni-Cd Batteries; Li-Ion Batteries; Ni-MH Batteries; Ni-Zn Batteries; Small Sealed Lead Acid Batteries; Video Game Consoles; PlayStation Consoles","false","true","The U.S. EPA estimates that more than 350 million rechargeable batteries are purchased annually in the U.S. Thanks to the environmental commitment of this location, its easy and free to recycle your batteries. Bring your rechargeable batteries to this location and look for the recycling box or ask an associate how you can do your part for the environment.","","false","false","false","false"
"City of Washington Christmas Tree Recylcing Drop-off Event","","900 E Wheeling St","Washington","","PA","15301","7242234229","0","","","40.1645356","-80.2228511","13.0603657134656","","false","false","","","false","false","false","false"
"The Washington County Habitat ReStore ","The Washington County Habitat ReStore ","1001 E Maiden St","Washington","Washington","PA","15301","5419241450","0","Monday: 10:00 AM - 5:00 PM Tuesday: 10:00 AM - 5:00 PM Wednesday: 10:00 AM - 5:00 PM Thursday: 10:00 AM - 5:00 PM Friday: 10:00 AM - 5:00 PM Saturday: 10:00 AM - 5:00 PM ","http://www.albanyareahfh.org/","40.16199","-80.22387","13.0984265509697","Construction Materials (Reuse); Lumber; Paint Donation; Reusable Appliance Donation; Small Appliances; Windows; Computer (Recycling); Computer Monitors; Electronics; Laptop Computers; Computer Peripherals; Printers/Scanners/Fax Machines; Small Televisions; Tablets; Televisions; Video Game Consoles; PlayStation Consoles","true","true","","","false","false","false","false"
"BP Oil Company","BP Oil Company","201 W Lincoln Ave","Mc Donald","Washington","PA","15057","7249268595","0","Monday: 7:00 AM - 10:00 PM Tuesday: 7:00 AM - 10:00 PM Wednesday: 7:00 AM - 10:00 PM Thursday: 7:00 AM - 10:00 PM Friday: 7:00 AM - 10:00 PM ","","40.36798","-80.23693","13.27322245637","Used Motor Oil; Computer (Recycling); Computer Monitors; Electronics; Laptop Computers; Computer Peripherals; Printers/Scanners/Fax Machines; Small Televisions; Tablets; Televisions; Video Game Consoles; PlayStation Consoles","false","true","","","false","false","false","false"
"Go Green American Recycling Center","","3035 Birch Dr","Weirton","","WV","26062","7405352071","0","","http://gogreencmr.com/","40.3883384","-80.6227486","13.3231661675865","","false","false","","","false","false","false","false"
"Giant Eagle","Giant Eagle","200 Station St","Mc Donald","Washington","PA","15057","7249262830","0","Sunday: 12:00 AM - 11:59 PM Monday: 12:00 AM - 11:59 PM Tuesday: 12:00 AM - 11:59 PM Wednesday: 12:00 AM - 11:59 PM Thursday: 12:00 AM - 11:59 PM Friday: 12:00 AM - 11:59 PM Saturday: 12:00 AM - 11:59 PM ","null","40.37102","-80.23761","13.3693058813259","Plastic Shopping Bags; Food Storage Bags; Computer (Recycling); Computer Monitors; Electronics; Laptop Computers; Computer Peripherals; Printers/Scanners/Fax Machines; Small Televisions; Tablets; Televisions; Video Game Consoles; PlayStation Consoles","false","true","The bin is located outside the store.","","false","false","false","false"
"NAPA Auto Parts","NAPA Auto Parts","27 S Central Ave","Canonsburg","Washington","PA","15317","7247456262","0","Monday: 8:00 AM - 8:00 PM Tuesday: 8:00 AM - 8:00 PM Wednesday: 8:00 AM - 8:00 PM Thursday: 8:00 AM - 8:00 PM Friday: 8:00 AM - 8:00 PM Saturday: 8:00 AM - 5:00 PM Sunday: 9:00 AM - 3:00 PM ","null","40.25823","-80.1862","13.4058709997586","Lead Acid (Pb) Batteries; Used Motor Oil; Computer (Recycling); Computer Monitors; Electronics; Laptop Computers; Computer Peripherals; Printers/Scanners/Fax Machines; Small Televisions; Tablets; Televisions; Video Game Consoles; PlayStation Consoles","false","true","","","false","false","false","false"
"Shearer Heating & Air Conditioning","Shearer Heating & Air Conditioning","1491 E Maiden St","Washington","Washington","PA","15301","7242221830","0","","null","40.15852","-80.2184","13.4678509597373","Freon Removal; Computer (Recycling); Computer Monitors; Electronics; Laptop Computers; Computer Peripherals; Printers/Scanners/Fax Machines; Small Televisions; Tablets; Televisions; Video Game Consoles; PlayStation Consoles","false","true","","","false","false","false","false"
"OfficeMax","OfficeMax","308 SOUTH HOLLYWOOD BLVD","Steubenville","Jefferson","OH","43952","7403460372","0","Monday: 8:00 AM - 9:00 PM Tuesday: 8:00 AM - 9:00 PM Wednesday: 8:00 AM - 9:00 PM Thursday: 8:00 AM - 9:00 PM Friday: 8:00 AM - 9:00 PM Saturday: 9:00 AM - 9:00 PM Sunday: 10:00 AM - 6:00 PM ","http://www.officemax.com","40.37434","-80.64359","13.524067974761","Inkjet Cartridge Refilling; Inkjet Printer Cartridges; Laser Toner Cartridges; Video Game Consoles; PlayStation Consoles","false","true","This location features Phoenix Ink refill kiosks.","","false","false","false","false"
"Go Green American Recycling Centers","Go Green American Recycling Centers","100 Pennsylvania Ave","Weirton","Hancock","WV","26062","7405352071","0","","http://gogreencmr.com/","40.41889","-80.58952","13.7968762416736","Shingles; Video Game Consoles; PlayStation Consoles","false","true","","","false","false","false","false"
"Brook County Recycling Drop-Off Site","","County Highway 7","Wellsburg","","WV","26070","3045273947","0","","https://commerce.wv.gov","40.3003314","-80.539256","6.08989698889467","","false","false","","","false","false","false","false"
"Brook County Recycling Drop-Off Site","","Richardson St & College St","Bethany","","WV","26032","3045273947","0","","https://commerce.wv.gov","40.2042595","-80.5572584","7.08038642991661","","false","false","","","false","false","false","false"
"Brook County Recycling Drop-Off Site","","231 Rockdale Rd","Follansbee","","WV","26037","3045273947","0","","https://commerce.wv.gov","40.3234366","-80.5800029","8.75650882433773","","false","false","","","false","false","false","false"
"Brooke County Schools Electronics Drop-Off Site","","1201 Pleasant Ave","Wellsburg","","WV","26070","3047373480","0","","","40.2745326","-80.608277","8.95548361660137","","false","false","","","false","false","false","false"
"Advance Auto Parts","Advance Auto Parts","1209 Commerce St","Wellsburg","Brooke","WV","26070","3047370303","0","Monday: 7:00 AM - 9:00 PM Tuesday: 7:00 AM - 9:00 PM Wednesday: 7:00 AM - 9:00 PM Thursday: 7:00 AM - 9:00 PM Friday: 7:00 AM - 9:00 PM Saturday: 7:00 AM - 9:00 PM Sunday: 10:00 AM - 8:00 PM ","http://www.advanceautoparts.com","40.27514","-80.60898","8.99856314013477","Lead Acid (Pb) Batteries; Used Motor Oil; Video Game Consoles; PlayStation Consoles","false","true","","","false","false","false","false"
"USPS Post Office Box Lobby Recycling Program","US Post Office","944 Charles St","Wellsburg","Brooke","WV","26070","8002758777","0","","https://www.usps.com/","40.272","-80.61174","9.1115090586327","Catalogs; Greeting Cards; Magazines; Paper (Mixed)","false","true","","","false","false","false","false"
"Brook County Recycling Drop-Off Site","","1447 Main St","Wellsburg","","WV","26070","3045273947","0","","https://commerce.wv.gov","40.277456","-80.611811","9.17191444470323","","false","false","","","false","false","false","false"
"Wellsburg Auto Sales and Salvage","Wellsburg Auto Sales and Salvage","218 Charles St","Wellsburg","Brooke","WV","26070","3047370961","0","Monday: 8:00 AM - 4:30 PM Tuesday: 8:00 AM - 4:30 PM Wednesday: 8:00 AM - 4:30 PM Thursday: 8:00 AM - 4:30 PM Friday: 8:00 AM - 4:30 PM Saturday: 8:00 AM - 12:00 PM ","http://www.zattas.com/","40.26553","-80.61415","9.19076619652051","Aluminum Cans; Antifreeze; Car; Automobile Parts; Lead Acid (Pb) Batteries; Ferrous Metals (Steel or Iron); Non-ferrous (Copper/Brass/Tin); Used Motor Oil; Video Game Consoles; PlayStation Consoles","false","true","","","false","false","false","false"
"Kroger","Kroger","91 27th St","Wellsburg","Brooke","WV","26070","3047371388","0","Sunday: 12:00 AM - 11:59 PM Monday: 12:00 AM - 11:59 PM Tuesday: 12:00 AM - 11:59 PM Wednesday: 12:00 AM - 11:59 PM Thursday: 12:00 AM - 11:59 PM Friday: 12:00 AM - 11:59 PM Saturday: 12:00 AM - 11:59 PM ","","40.29029","-80.609","9.2210390978322","Plastic Shopping Bags; Food Storage Bags; Video Game Consoles; PlayStation Consoles","false","true","","","false","false","false","false"
"NAPA Auto Parts","NAPA Auto Parts","323 Main St","Claysville","Washington","PA","15323","7246637720","0","Monday: 7:00 AM - 5:30 PM Tuesday: 7:00 AM - 5:30 PM Wednesday: 7:00 AM - 5:30 PM Thursday: 7:00 AM - 5:30 PM Friday: 7:00 AM - 5:30 PM Saturday: 8:00 AM - 3:00 PM ","","40.11827","-80.40933","9.56742590724199","Lead Acid (Pb) Batteries; Computer (Recycling); Computer Monitors; Electronics; Laptop Computers; Computer Peripherals; Printers/Scanners/Fax Machines; Small Televisions; Tablets; Televisions; Video Game Consoles; PlayStation Consoles","false","true","","","false","false","false","false"
"Brook County Recycling Drop-Off Site","","Main St","Follansbee","","WV","26037","3045273947","0","","https://commerce.wv.gov","40.3276098","-80.5959124","9.61943735379276","","false","false","","","false","false","false","false"
"911 Cell Phone Bank - RSVP Of Chicopee Holyoke Ludlow","911 Cell Phone Bank - RSVP Of Chicopee Holyoke Ludlow","948 Main St","Follansbee","Brooke","WV","26037","8662907864","0","","http://www.911cellphonebank.org/","40.32887","-80.59582","9.66112458897942","Cell Phones; Cameras; Laptop Computers; MP3 Players; Video Games; Video Game Consoles; Smart watches & Apple Watch®
","false","true","Please call to verify drop-off procedures and directions to the location.  For prepaid shipping labels, visit http://www.911cellphonebank.org/drop-off-locations.asp - click on "print shipping label."","","false","false","false","false"
"Go Green American Recycling Centers","Go Green American Recycling Centers","1900 Commercial St","Mingo Junction","Jefferson","OH","43938","7405352071","0","","http://www.shinglerecycling.org/","40.31848","-80.60792","9.86705132299811","Shingles; Video Game Consoles; PlayStation Consoles","false","true","For more information on shingle recycling visit <a href="http://www.shinglerecycling.org/index.php" target="_blank">ShingleRecycling.org</a>","","false","false","false","false"
"Tractor Supply","Tractor Supply","1500 Main ST Brook PLZ RTE 2","Follansbee","Brooke","WV","26037","3045270050","0","","http://www.tractorsupply.com","40.33534","-80.59603","9.91431439344625","Transmission Fluid; Used Motor Oil; Video Game Consoles; PlayStation Consoles","false","true","","","false","false","false","false"
"FeX Processing LLC dba Tri State Recycling","","2200 Commercial Ave","Mingo Junction","","OH","43938","7405358148","0","","https://fexgroup.com/","40.307295","-80.616727","9.97848744240513","","false","false","","","false","false","false","false"
"Tri State Recycling","Tri State Recycling","2200 S Commercial Ave ","Mingo Junction","Jefferson County","OH","43938","7405358148","0","Monday: 7:00 AM - 4:00 PM Tuesday: 7:00 AM - 4:00 PM Wednesday: 7:00 AM - 4:00 PM Thursday: 7:00 AM - 4:00 PM Friday: 7:00 AM - 4:00 PM Saturday: 8:00 AM - 1:00 PM ","http://www.fexgroup.com","40.3072949","-80.6167277","9.97851929433181","Aluminum Cans; Aluminum; Lead Acid (Pb) Batteries; Ferrous Metals (Steel or Iron); Large Household Appliances; Non-ferrous (Copper/Brass/Tin); Wood Pallets; Tin or Steel Cans; Scrap Metal; Radiators; Video Game Consoles; PlayStation Consoles","false","true","","","false","false","false","false"
"Tractor Supply","null","1500 Main ST Brook PLZ RTE 2","Follansbee","","WV","26037","3045270050","0","","https://www.tractorsupply.com/","40.3381032","-80.5950476","9.98039626257446","","false","false","","","false","false","false","false"
