name,description,address,city,region,province,postal_code,phone,fax,hours,url,latitude,longitude,distance,materials,pickup,dropoff,notes,groups,curbside,municipal,national,event_only
"USPS Post Office Box Lobby Recycling Program","US Post Office","442 Stutzmantown Rd","Shanksville","Somerset","PA","15560","8002758777","0","","https://www.usps.com/","40.01724","-78.91061","10.1915995695793","Catalogs; Greeting Cards; Magazines; Paper (Mixed)","false","true","","","false","false","false","false"
"USPS Post Office Box Lobby Recycling Program","US Post Office","239 Center St","Meyersdale","Somerset","PA","15552","8002758777","0","","https://www.usps.com/","39.81548","-79.02611","10.8896923171943","Catalogs; Greeting Cards; Magazines; Paper (Mixed)","false","true","","","false","false","false","false"
"Somerset County Recycling Drop-off Site- Meyersdale","","623 2nd Street","Meyersdale","","PA","15552","8144451544","0","","http://www.co.somerset.pa.us/department.asp?deptnum=178","39.8178516","-79.0320065","11.110671280668","","false","false","","","false","false","false","false"
"Dean O'Neil Ford","Dean O'Neil Ford","7008 Mason Dixon Hwy","Meyersdale","Somerset","PA","15552","8146345921","0","Monday: 8:00 AM - 5:00 PM Tuesday: 8:00 AM - 5:00 PM Wednesday: 8:00 AM - 5:00 PM Thursday: 8:00 AM - 5:00 PM Friday: 8:00 AM - 5:00 PM ","null","39.80304","-79.03175","11.5357058261679","Used Motor Oil; Computer (Recycling); Computer Monitors; Electronics; Laptop Computers; Computer Peripherals; Printers/Scanners/Fax Machines; Small Televisions; Tablets; Televisions; Video Game Consoles; PlayStation Consoles","false","true","","","false","false","false","false"
"USPS Post Office Box Lobby Recycling Program","US Post Office","14302 Ellerslie Rd NW","Ellerslie","Allegany","MD","21529","8002758777","0","","https://www.usps.com/","39.71823","-78.77658","11.6789576447642","Catalogs; Greeting Cards; Magazines; Paper (Mixed)","false","true","","","false","false","false","false"
"US Post Office","USPS Discarded Lobby Mail Recycling Program","14302 Ellerslie Rd NW","Ellerslie","Allegany","MD","21529","0","0","","","39.71823","-78.77658","11.6789576447642","Video Game Consoles; PlayStation Consoles","false","true","","","false","false","false","false"
"USPS Post Office Box Lobby Recycling Program","US Post Office","419 Jackson St","Garrett","Somerset","PA","15542","8002758777","0","","https://www.usps.com/","39.86353","-79.06113","11.835868241346","Catalogs; Greeting Cards; Magazines; Paper (Mixed)","false","true","","","false","false","false","false"
"USPS Post Office Box Lobby Recycling Program","US Post Office","12700 New School Rd NW","Mount Savage","Allegany","MD","21545","8002758777","0","","https://www.usps.com/","39.69689","-78.87886","12.8491091898274","Catalogs; Greeting Cards; Magazines; Paper (Mixed)","false","true","","","false","false","false","false"
"US Post Office","USPS Discarded Lobby Mail Recycling Program","12700 New School Rd NW","Mount Savage","Allegany","MD","21545","0","0","","","39.69689","-78.87886","12.8491091898274","Video Game Consoles; PlayStation Consoles","false","true","","","false","false","false","false"
"Allegany County Recycling Drop Off Site - Mount Savage Recreational Park","","Foundry Row NW","Mt Savage","","MD","21545","3017775933","0","","http://www.gov.allconet.org","39.6930208","-78.8821766","13.1424347169191","","false","false","","","false","false","false","false"
"USPS Post Office Box Lobby Recycling Program","US Post Office","10810 Kreighbaum Rd","Corriganville","Allegany","MD","21524","8002758777","0","","https://www.usps.com/","39.69329","-78.79098","13.1713300607139","Catalogs; Greeting Cards; Magazines; Paper (Mixed)","false","true","","","false","false","false","false"
"US Post Office","USPS Discarded Lobby Mail Recycling Program","10810 Kreighbaum Rd","Corriganville","Allegany","MD","21524","0","0","","","39.69329","-78.79098","13.1713300607139","Video Game Consoles; PlayStation Consoles","false","true","","","false","false","false","false"
"Miller's Quality Recycling","","167 Warmuth Lane","Bedford","","PA","15522","8146232100","0","","http://www.millersqualityrecycling.com/","39.9322364","-78.5881729","13.768424548797","","false","false","","","false","false","false","false"
"USPS Post Office Box Lobby Recycling Program","US Post Office","2247 Stoystown Rd","Friedens","Somerset","PA","15541","8002758777","0","","https://www.usps.com/","40.05232","-78.99264","14.401404921221","Catalogs; Greeting Cards; Magazines; Paper (Mixed)","false","true","","","false","false","false","false"
"Somerset County Recycling Drop-off Site- Friedens","","131 South Main Street","Friedens","","PA","15541","8144451544","0","","http://www.co.somerset.pa.us/department.asp?deptnum=178","40.0503323","-78.9974243","14.4341272131212","","false","false","","","false","false","false","false"
"Kantner Iron & Steel Inc","","158 Listie Road","Friedens","","PA","15541","8144456559","0","","http://kantneriron.com/","40.0323841","-79.034739","14.7593121902235","","false","false","","","false","false","false","false"
"JMS Recycling, Inc.","JMS Recycling, Inc.","220 Cannery Rd","Somerset","Somerset","PA","15501","8144430878","0","Monday: 8:00 AM - 11:45 AM Tuesday: 8:00 AM - 11:45 AM Wednesday: 8:00 AM - 11:45 AM Thursday: 8:00 AM - 11:45 AM Friday: 8:00 AM - 11:45 AM Monday: 12:30 PM - 4:30 PM Tuesday: 12:30 PM - 4:30 PM Wednesday: 12:30 PM - 4:30 PM Thursday: 12:30 PM - 4:30 PM Friday: 12:30 PM - 4:30 PM ","http://www.jmsrecycling.com","39.99808","-79.07599","14.9600384451069","Aluminum Cans; Aluminum; Car; Automobile Parts; Lead Acid (Pb) Batteries; Cardboard; Catalogs; Cell Phones; Computer Monitors; Computer Paper; Computer (Recycling); Ferrous Metals (Steel or Iron); Large Household Appliances; Magazines; Clothes Hangers (Metal); Newspapers; Ni-Cd Batteries; Non-ferrous (Copper/Brass/Tin); Propane Tanks; Alkaline/Single-Use Batteries; Telephones; Televisions; Tin or Steel Cans; Used Motor Oil; Office Paper; Printers/Scanners/Fax Machines; Refrigerators; VCRs; DVD Players/Blu-Ray Players/DVRs; Catalytic Converters; Electronics; Laptop Computers; Computer Peripherals; Small Televisions; Tablets; Video Game Consoles; PlayStation Consoles","false","true","This site was previously known as Crane Plumbing. Please note, this location closes during lunch hour.","","false","false","false","false"
"Woy Brothers Pontiac","null","Rte 985 N","Somerset","Somerset","PA","15501","8144459474","0","","null","39.9487753","-79.1087681","15.0578733690107","Used Motor Oil; Computer (Recycling); Computer Monitors; Electronics; Laptop Computers; Computer Peripherals; Printers/Scanners/Fax Machines; Small Televisions; Tablets; Televisions; Video Game Consoles; PlayStation Consoles","false","true","","","false","false","false","false"
"Woy Brothers Pontiac","","E Mud Pike Rd","Somerset","","PA","15501","8144459474","0","","","39.9485855","-79.1099135","15.1114326722947","","false","false","","","false","false","false","false"
"Advance Auto Parts","Advance Auto Parts","12414 Naves Cross Rd NE","Cumberland","Allegany","MD","21502","3017220952","0","Monday: 7:00 AM - 9:00 PM Tuesday: 7:00 AM - 9:00 PM Wednesday: 7:00 AM - 9:00 PM Thursday: 7:00 AM - 9:00 PM Friday: 7:00 AM - 9:00 PM Saturday: 7:00 AM - 9:00 PM Sunday: 10:00 AM - 8:00 PM ","http://www.advanceautoparts.com","39.67705","-78.73248","15.140292216328","Lead Acid (Pb) Batteries; Used Motor Oil; Video Game Consoles; PlayStation Consoles","false","true","","","false","false","false","false"
"Advance Auto Parts","","12410 Naves Cross Rd NE","Cumberland","","MD","21502","3017220952","0","","http://shop.advanceautoparts.com/webapp/wcs/stores/servlet/home___","39.676583","-78.7326088","15.167685356625","","false","false","","","false","false","false","false"
"911 Cell Phone Bank - Allegany County Sheriffs Department","911 Cell Phone Bank - Allegany County Sheriffs Department","708 Furnace St","Cumberland","Allegany","MD","21502","8662907864","0","","http://www.911cellphonebank.org/","39.66705","-78.76445","15.2576346626199","Cell Phones; Cameras; Laptop Computers; MP3 Players; Video Games; Video Game Consoles; Smart watches & Apple Watch®
","false","true","Please call to verify drop-off procedures and directions to the location.  For prepaid shipping labels, visit http://www.911cellphonebank.org/drop-off-locations.asp - click on "print shipping label."","","false","false","false","false"
"USPS Post Office Box Lobby Recycling Program","US Post Office","401 National Hwy","Cumberland","Allegany","MD","21504","8002758777","0","","https://www.usps.com/","39.66086","-78.80486","15.2708593224558","Catalogs; Greeting Cards; Magazines; Paper (Mixed)","false","true","","","false","false","false","false"
"US Post Office","US Post Office","401 National Hwy","Cumberland","Allegany","MD","21504","0","0","","https://www.usps.com/ship/recycle-through-usps.htm","39.66086","-78.80486","15.2708593224558","Inkjet Printer Cartridges; Video Game Consoles; PlayStation Consoles","false","true","Free, postage-paid Mail Back envelopes can be found on display in the lobby. There is no limit to the number of envelopes customers may take. The contents of the envelope must weigh less than 13 ounces and the envelope must be able to seal completely. For more details visit<a href="http://www.maxback.com/mxb-postoffice-collaboration" target="_blank">MaxBack</a>.","","false","false","false","false"
"USPS Post Office Box Lobby Recycling Program","US Post Office","201 N Center Ave","Somerset","Somerset","PA","15501","8002758777","0","","https://www.usps.com/","40.00935","-79.0787","15.5137721672202","Catalogs; Greeting Cards; Magazines; Paper (Mixed)","false","true","","","false","false","false","false"
"USPS Post Office Box Lobby Recycling Program","US Post Office","1 Dogwood Ln","Manns Choice","Bedford","PA","15550","8002758777","0","","https://www.usps.com/","40.00225","-78.59269","15.5301024442515","Catalogs; Greeting Cards; Magazines; Paper (Mixed)","false","true","","","false","false","false","false"
"Saylor Motor Company","","301 N Center Ave","Somerset","","PA","15501","8144457923","0","","","40.0103604","-79.078937","15.5641619545552","","false","false","","","false","false","false","false"
"USPS Post Office Box Lobby Recycling Program","US Post Office","96 Grant St Ste 1","Salisbury","Somerset","PA","15558","8002758777","0","","https://www.usps.com/","39.75328","-79.08143","15.5746369500004","Catalogs; Greeting Cards; Magazines; Paper (Mixed)","false","true","","","false","false","false","false"
"USPS Post Office Box Lobby Recycling Program","US Post Office","3771 Pitt St","Schellsburg","Bedford","PA","15559","8002758777","0","","https://www.usps.com/","40.04894","-78.64256","15.6175838287706","Catalogs; Greeting Cards; Magazines; Paper (Mixed)","false","true","","","false","false","false","false"
"Bedford County Recycling Drop-off Site - United Church","","1708 Market Street","Schellsburg","","PA","15559","8146238099","0","","https://www.bedfordcountyconservation.com/recycling/recycling.htm","40.0515456","-78.6439529","15.7035848733778","","false","false","","","false","false","false","false"
"USPS Post Office Box Lobby Recycling Program","US Post Office","1 Sunshine Ave","Central City","Somerset","PA","15926","8002758777","0","","https://www.usps.com/","40.10863","-78.80613","15.8691432192122","Catalogs; Greeting Cards; Magazines; Paper (Mixed)","false","true","","","false","false","false","false"
"Advance Auto Parts","Advance Auto Parts","1219 N Center Ave","Somerset","Somerset","PA","15501","8144441418","0","Monday: 7:00 AM - 9:00 PM Tuesday: 7:00 AM - 9:00 PM Wednesday: 7:00 AM - 9:00 PM Thursday: 7:00 AM - 9:00 PM Friday: 7:00 AM - 9:00 PM Saturday: 7:00 AM - 9:00 PM Sunday: 10:00 AM - 8:00 PM ","http://www.advanceautoparts.com","40.02303","-79.07722","16.0126399418051","Lead Acid (Pb) Batteries; Used Motor Oil; Computer (Recycling); Computer Monitors; Electronics; Laptop Computers; Computer Peripherals; Printers/Scanners/Fax Machines; Small Televisions; Tablets; Televisions; Video Game Consoles; PlayStation Consoles","false","true","","","false","false","false","false"
"Advance Auto Parts","","1219 N Center Ave","Somerset","","PA","15501","8144441418","0","","http://shop.advanceautoparts.com/webapp/wcs/stores/servlet/home___","40.0228752","-79.0776572","16.0243276696613","","false","false","","","false","false","false","false"
"Allegany County Recycling Drop Off Site - Mountainview Landfill","","Route 36","Frostburg","","MD","21532","3017775933","0","","http://www.gov.allconet.org","39.6581163","-78.9283503","16.0690941665017","","false","false","","","false","false","false","false"
"Kantner Iron & Steel Inc","Kantner Iron & Steel Inc","3825 Whistler Rd","Stoystown","Somerset","PA","15563","8148935668","0","Monday: 8:00 AM - 4:00 PM Tuesday: 8:00 AM - 4:00 PM Wednesday: 8:00 AM - 4:00 PM Thursday: 8:00 AM - 4:00 PM Friday: 8:00 AM - 4:00 PM Saturday: 8:00 AM - 11:30 AM ","http://www.kantneriron.com","40.09949","-78.94269","16.10624957642","Aluminum Cans; Aluminum; Car; Lead Acid (Pb) Batteries; Large Household Appliances; Non-ferrous (Copper/Brass/Tin); Wire; Catalytic Converters; Motors; Computer (Recycling); Computer Monitors; Electronics; Laptop Computers; Computer Peripherals; Printers/Scanners/Fax Machines; Small Televisions; Tablets; Televisions; Video Game Consoles; PlayStation Consoles","false","true","","","false","false","false","false"
"Kantner Iron & Steel Inc","","3825 Whistler Road","Stoystown","","PA","15563","8148935668","0","","http://kantneriron.com/","40.0994917","-78.9429145","16.1104138022736","","false","false","","","false","false","false","false"
"USPS Post Office Box Lobby Recycling Program","US Post Office","12836 Darrows Ave","Cumberland","Allegany","MD","21505","8002758777","0","","https://www.usps.com/","39.65804","-78.74625","16.128124002605","Catalogs; Greeting Cards; Magazines; Paper (Mixed)","false","true","","","false","false","false","false"
"US Post Office","US Post Office","12836 Darrows Ave","Cumberland","Allegany","MD","21505","0","0","","https://www.usps.com/ship/recycle-through-usps.htm","39.65804","-78.74625","16.128124002605","Inkjet Printer Cartridges; Video Game Consoles; PlayStation Consoles","false","true","Free, postage-paid Mail Back envelopes can be found on display in the lobby. There is no limit to the number of envelopes customers may take. The contents of the envelope must weigh less than 13 ounces and the envelope must be able to seal completely. For more details visit<a href="http://www.maxback.com/mxb-postoffice-collaboration" target="_blank">MaxBack</a>.","","false","false","false","false"
"USPS Post Office Box Lobby Recycling Program","US Post Office","10501 Eckhart Mines St","Eckhart Mines","Allegany","MD","21528","8002758777","0","","https://www.usps.com/","39.65171","-78.90083","16.1328537429154","Catalogs; Greeting Cards; Magazines; Paper (Mixed)","false","true","","","false","false","false","false"
"US Post Office","USPS Discarded Lobby Mail Recycling Program","10501 Eckhart Mines St","Eckhart Mines","Allegany","MD","21528","0","0","","","39.65171","-78.90083","16.1328537429154","Video Game Consoles; PlayStation Consoles","false","true","","","false","false","false","false"
"USPS Post Office Box Lobby Recycling Program","US Post Office","37 W Main St","Frostburg","Allegany","MD","21532","8002758777","0","","https://www.usps.com/","39.6567","-78.92743","16.1483413343062","Catalogs; Greeting Cards; Magazines; Paper (Mixed)","false","true","","","false","false","false","false"
"US Post Office","US Post Office","37 W Main St","Frostburg","Allegany","MD","21532","0","0","","https://www.usps.com/ship/recycle-through-usps.htm","39.6567","-78.92743","16.1483413343062","Inkjet Printer Cartridges; Video Game Consoles; PlayStation Consoles","false","true","Free, postage-paid Mail Back envelopes can be found on display in the lobby. There is no limit to the number of envelopes customers may take. The contents of the envelope must weigh less than 13 ounces and the envelope must be able to seal completely. For more details visit<a href="http://www.maxback.com/mxb-postoffice-collaboration" target="_blank">MaxBack</a>.","","false","false","false","false"
"Salisbury Builders Supply Inc.","Salisbury Builders Supply Inc.","9740 Mason Dixon Hwy","Salisbury","Somerset ","PA","15558-2118","8146622601","0","","","39.7421467038143","-79.0847054935842","16.1615228780624","Batteries (Rechargeable); Cell Phone Batteries; Cell Phones; Li-Ion Batteries; Ni-Cd Batteries; Ni-MH Batteries; Small Sealed Lead Acid Batteries","false","true","Call or Check Online for Hours","Call2Recycle","false","false","false","false"
"Southampton Goodyear","Southampton Goodyear","340 Street Rd","Southampton","Bucks","PA","18966","2153558300","0","Monday: 8:00 AM - 5:00 PM Tuesday: 8:00 AM - 5:00 PM Wednesday: 8:00 AM - 5:00 PM Thursday: 8:00 AM - 5:00 PM Friday: 8:00 AM - 5:00 PM ","","39.72692","-78.60871","16.1782236813657","Used Motor Oil; Computer (Recycling); Computer Monitors; Electronics; Laptop Computers; Computer Peripherals; Printers/Scanners/Fax Machines; Small Televisions; Tablets; Televisions; Video Game Consoles; PlayStation Consoles","false","true","","","false","false","false","false"
"AutoZone","","1412 N Center Ave","Somerset","","PA","15501","8144441020","0","","https://www.autozone.com/landing/page.jsp?name=in-our-stores","40.0295299","-79.0755831","16.2254875296891","","false","false","","","false","false","false","false"
"Allegany County Household Hazardous Waste Collection Program","","","Cumberland","","MD","21502","3017775933","0","","http://gov.allconet.org","39.6528654","-78.7625185","16.2315493866966","","false","false","","","false","false","false","false"
"Allegany County Compost Site - North Branch Industrial Park","","11700 PPG Road","Cumberland","","MD","21502","3017775933","0","","http://www.gov.allconet.org","39.6528654","-78.7625185","16.2315493866966","","false","false","","","false","false","false","false"
"Allegany County Recycling Drop-Off Site - Allegany Scrap","","14801 Lock House Road, SE","Cumberland","","MD","21502","3017772877","0","","http://www.gov.allconet.org","39.6528654","-78.7625185","16.2315493866966","","false","false","","","false","false","false","false"
"AutoZone","AutoZone","1412 N Center Ave","Somerset","Somerset","PA","15501","8144441020","0","","http://www.autozone.com","40.0314","-79.07552","16.3051810720554","Lead Acid (Pb) Batteries; Used Motor Oil; Computer (Recycling); Computer Monitors; Electronics; Laptop Computers; Computer Peripherals; Printers/Scanners/Fax Machines; Small Televisions; Tablets; Televisions; Video Game Consoles; PlayStation Consoles","false","true","Most AutoZone stores accept used motor oil, transmission fluid, gear oil and automotive batteries. Call to see what your local store is currently accepting.","","false","false","false","false"
"Advanced Hardware Solutions","","1490 North Center Avenue","Somerset","","PA","15501","8144424481","0","","","40.0325351","-79.0747004","16.3221951373242","","false","false","","","false","false","false","false"
"The Salvation Army","null","1534 N Center Ave ","Somerset","Somerset County","PA","15501","8144432931","0","Monday: 9:00 AM - 5:00 PM Tuesday: 9:00 AM - 5:00 PM Wednesday: 9:00 AM - 7:00 PM Thursday: 9:00 AM - 7:00 PM Friday: 9:00 AM - 7:00 PM Saturday: 9:00 AM - 5:00 PM Sunday:  -  ","http://www.salvationarmyusa.org","40.0336451","-79.073539","16.3247842098827","Bikes; Books (Reuse); CD/DVD/Blu-ray/UHD discs; Cell Phones; Children's Toys; Clothing; Computer (Reuse); Hard Drives; Computer Monitors; Cameras; DVD Players/Blu-Ray Players/DVRs; Electronics; E-Readers; Furniture; Gift Bags; Headphones; Household Goods; Laptop Computers; Lawn Equipment; Miscellaneous Tools; MP3 Players; Musical Instruments; Network Equipment; Ornaments; Computer Peripherals; Portable Media Players; Printers/Scanners/Fax Machines; Reusable Appliance Donation; Small Appliances; Small Electronics; Small Televisions; Sporting Goods; Stereo Equipment; Tablets; Telephones; Televisions; VCRs; VHS & Cassette Tapes; Video Game Systems; Blu-Ray Players; Digital Converter Boxes; Computer (Recycling); Video Game Consoles; PlayStation Consoles","false","true","","Sony, Vizio, OEM, Salvation Army","false","false","false","false"
"Tractor Supply","","1534 North Center Avenue, Suite 100","Somerset","","PA","15501","8144439913","0","","https://www.tractorsupply.com/","40.0336451","-79.073539","16.3247842098827","","false","false","","","false","false","false","false"
"911 Cell Phone Bank - RSVP Of Bay County","911 Cell Phone Bank - RSVP Of Bay County","71 Baltimore St Fl 3","Cumberland","Allegany","MD","21502","8662907864","0","","http://www.911cellphonebank.org/","39.65138","-78.7617","16.341806631028","Cell Phones; Cameras; Laptop Computers; MP3 Players; Video Games; Video Game Consoles; Smart watches & Apple Watch®
","false","true","Please call to verify drop-off procedures and directions to the location.  For prepaid shipping labels, visit http://www.911cellphonebank.org/drop-off-locations.asp - click on "print shipping label."","","false","false","false","false"
"RadioShack","RadioShack","1534 N Center Ave Ste 130","Somerset","Somerset","PA","15501","8144456825","0","Monday: 10:00 AM - 8:00 PM Tuesday: 10:00 AM - 8:00 PM Wednesday: 10:00 AM - 8:00 PM Thursday: 10:00 AM - 8:00 PM Friday: 10:00 AM - 8:00 PM Saturday: 10:00 AM - 8:00 PM Sunday: 12:00 PM - 5:00 PM ","http://www.radioshack.com","40.03391","-79.07515","16.4016110147143","Cell Phones; Ni-Cd Batteries; Batteries (Rechargeable); Computer (Recycling); Computer Monitors; Electronics; Laptop Computers; Computer Peripherals; Printers/Scanners/Fax Machines; Small Televisions; Tablets; Televisions; Video Game Consoles; PlayStation Consoles","false","true","","","false","false","false","false"
"Tractor Supply","Tractor Supply","1534 N Center Ave Ste 100","Somerset","Somerset","PA","15501","8144439913","0","","http://www.tractorsupply.com","40.03391","-79.07515","16.4016110147143","Transmission Fluid; Used Motor Oil; Computer (Recycling); Computer Monitors; Electronics; Laptop Computers; Computer Peripherals; Printers/Scanners/Fax Machines; Small Televisions; Tablets; Televisions; Video Game Consoles; PlayStation Consoles","false","true","","","false","false","false","false"
"Frostburg Christmas Tree Drop-Off Site","","160 S Water St","Frostburg","","MD","21532","3017775933","0","","http://www.gov.allconet.org/","39.6551503","-78.9373983","16.411641931196","","false","false","","","false","false","false","false"
"Goodwill Industries of the Conemaugh Valley Inc. - Dell Reconnect Donation Site","","1606 North Center Avenue","Somerset","","PA","15501","8144448319","0","","http://www.goodwilljohnstown.org","40.0367839","-79.0731558","16.4508084997249","","false","false","","","false","false","false","false"
"USPS Post Office Box Lobby Recycling Program","US Post Office","215 Park St","Cumberland","Allegany","MD","21502","8002758777","0","","https://www.usps.com/","39.65035","-78.75694","16.4757541330113","Catalogs; Greeting Cards; Magazines; Paper (Mixed)","false","true","","","false","false","false","false"
"US Post Office","US Post Office","215 Park St","Cumberland","Allegany","MD","21502","0","0","","https://www.usps.com/ship/recycle-through-usps.htm","39.65035","-78.75694","16.4757541330113","Inkjet Printer Cartridges; Video Game Consoles; PlayStation Consoles","false","true","Free, postage-paid Mail Back envelopes can be found on display in the lobby. There is no limit to the number of envelopes customers may take. The contents of the envelope must weigh less than 13 ounces and the envelope must be able to seal completely. For more details visit<a href="http://www.maxback.com/mxb-postoffice-collaboration" target="_blank">MaxBack</a>.","","false","false","false","false"
"Allegany County Recycling Drop-Off Site - Bel Air Plaza","","Route 220 South","Cumberland","","MD","21502","3017775933","0","","http://www.gov.allconet.org","39.6494152","-78.7597243","16.4997107499957","","false","false","","","false","false","false","false"
"Allegany County Christmas Tree Recycling Drop-Off Event - Frostburg","","Lower Consul Road","Frostburg","","MD","21532","3017775933","0","","http://www.gov.allconet.org/","39.6542692","-78.940532","16.5229301838248","","false","false","","","false","false","false","false"
"Lowe's","","1211 National Highway","Lavale","","MD","21502","3017299200","0","","https://newsroom.lowes.com/responsibility/operational-excellence/","39.6408076","-78.8341943","16.5502887421013","","false","false","","","false","false","false","false"
"Shred Nations","Shred Nations (inside The UPS Store)","725 Park St","Cumberland","Allegany","MD","21502","3016582168","0","Monday: 8:00 AM - 6:30 PM Tuesday: 8:00 AM - 6:30 PM Wednesday: 8:00 AM - 6:30 PM Thursday: 8:00 AM - 6:30 PM Friday: 8:00 AM - 6:30 PM Saturday: 9:00 AM - 3:30 PM ","http://www.shrednations.com/dropoff/location/cumberland/bf0a5dfe-e767-f501-53d3-52853e27580d","39.64803","-78.75726","16.6259631305365","Cell Phones; Computer (Recycling); Laptop Computers; Small Televisions; Documents to Shred; Video Game Consoles; PlayStation Consoles","true","true","Shred Nations offers document shredding, hard drive destruction, electronics recycling and more. Visit website for quotes and full list of services offered in your area. ","","false","false","false","false"
"AutoZone","","617 Park St","Cumberland","","MD","21502","3017224101","0","","https://www.autozone.com/landing/page.jsp?name=in-our-stores","39.6477569","-78.7578489","16.6360511025671","","false","false","","","false","false","false","false"
"Lowe's","","1730 N Center Ave","Somerset","","PA","15501","8142892000","0","","https://newsroom.lowes.com/responsibility/operational-excellence/","40.0414684","-79.0724497","16.6371417612768","Batteries (Rechargeable); Cell Phone Batteries; Li-Ion Batteries; Ni-Cd Batteries; Ni-MH Batteries; Small Sealed Lead Acid Batteries; Cell Phones","false","true","","Call2Recycle","false","false","false","false"
"US Post Office","US Post Office","209 W Main St ","Stoystown","Somerset County","PA","15563","8002758777","0","","","40.1041583","-78.9556749","16.6522802821267","Catalogs; Greeting Cards; Magazines; Paper (Mixed)","false","true","","","false","false","false","false"
"Walmart","Walmart","12500 Country Club Mall Rd","Cumberland","Allegany","MD","21502","3017295081","0","","http://www.walmart.com","39.6391","-78.82857","16.6754956279314","Lead Acid (Pb) Batteries; Plastic Shopping Bags; Food Storage Bags; Video Game Consoles; PlayStation Consoles","false","true","","","false","false","false","false"
"Walmart Tire & Lube Express","Walmart Tire & Lube Express","12500 Country Club Mall Rd","Cumberland","Allegany","MD","21502","3017295081","0","","http://www.walmart.com/catalog/catalog.gsp?cat=495843","39.6391","-78.82857","16.6754956279314","Lead Acid (Pb) Batteries; Used Motor Oil; Oil Filters; Video Game Consoles; PlayStation Consoles","false","true","","","false","false","false","false"
"Call2Recycle at Lowe's","Call2Recycle at Lowe's","1730 N Center Ave","Somerset","Somerset","PA","15501","8142892000","0","Monday: 6:00 AM - 10:00 PM Tuesday: 6:00 AM - 10:00 PM Wednesday: 6:00 AM - 10:00 PM Thursday: 6:00 AM - 10:00 PM Friday: 6:00 AM - 10:00 PM Saturday: 6:00 AM - 10:00 PM Sunday: 8:00 AM - 8:00 PM ","http://www.lowes.com/","40.04042","-79.0753","16.7016234134503","Cell Phones; Compact Fluorescent Lights; Ni-Cd Batteries; Plastic Shopping Bags; Li-Ion Batteries; Ni-MH Batteries; Ni-Zn Batteries; Small Sealed Lead Acid Batteries; Computer (Recycling); Computer Monitors; Electronics; Laptop Computers; Computer Peripherals; Printers/Scanners/Fax Machines; Small Televisions; Tablets; Televisions; Video Game Consoles; PlayStation Consoles","false","true","As an environmentally-committed retailer, Lowes offers a recycling center near store entrances to give consumers a free and easy way to properly dispose of rechargeable batteries, cell phones, CFLs and plastic shopping bags; materials that otherwise could be potentially harmful to the environment.  Look for the recycling center or ask a store associate for more details.","","false","false","false","false"
"AT&T Wireless","AT&T Wireless","1736 N Center Ave Ste 70","Somerset","Somerset","PA","15501","8144448820","0","Monday: 10:00 AM - 8:00 PM Tuesday: 10:00 AM - 8:00 PM Wednesday: 10:00 AM - 8:00 PM Thursday: 10:00 AM - 8:00 PM Friday: 10:00 AM - 8:00 PM Saturday: 10:00 AM - 8:00 PM ","http://www.att.com/","40.04066","-79.07531","16.7129894957668","Cell Phones; Ni-Cd Batteries; Batteries (Rechargeable); Cell Phone Batteries; Tablets; Li-Ion Batteries; Computer (Recycling); Computer Monitors; Electronics; Laptop Computers; Computer Peripherals; Printers/Scanners/Fax Machines; Small Televisions; Televisions; Video Game Consoles; PlayStation Consoles","false","true","Receive an AT&T Promotion Card worth the trade-in value of your smartphone, tablet, or netbook. You can also donate the trade-in value to Cell Phones for Soldiers.","","false","false","false","false"
"USPS Post Office Box Lobby Recycling Program","US Post Office","1 2nd St","Cairnbrook","Somerset","PA","15924","8002758777","0","","https://www.usps.com/","40.1216","-78.81377","16.7229869746241","Catalogs; Greeting Cards; Magazines; Paper (Mixed)","false","true","","","false","false","false","false"
"Allegany County Recycling Drop Off Site - LaVale Plaza Shopping Center","","1313 National Hwy","Cumberland","","MD","21502","3017775933","0","","http://www.gov.allconet.org","39.638302","-78.8499372","16.731538086922","","false","false","","","false","false","false","false"
"Horizon Goodwill Industries - Dell Reconnect Donation Site","","1313 National Highway","Lavale","","MD","21502","3017293924","0","","https://horizongoodwill.org/","39.638302","-78.8499372","16.731538086922","","false","false","","","false","false","false","false"
"Allegany County Recycling Drop-Off Site - Penn-Mar Recycling Center","","201 Riverside Avenue","Cumberland","","MD","21502","3017241000","0","","http://www.gov.allconet.org","39.6418909","-78.7834237","16.7357659006007","","false","false","","","false","false","false","false"
"Allegany County Christmas Tree Recycling Drop-Off Event - Lions Field","","1111 Braddock Rd","La Vale","","MD","21502","3017775933","0","","http://www.gov.allconet.org/","39.6382684","-78.8236207","16.743677340417","","false","false","","","false","false","false","false"
"Allegany County Recycling Drop-Off Site - Martin's Food Market","","739 Park St","Cumberland","","MD","21502","3017775933","0","","http://www.gov.allconet.org","39.6458962","-78.7587787","16.7476377251","","false","false","","","false","false","false","false"
"Advance Auto Parts","","1215 National Hwy","Lavale","","MD","21502","3017292695","0","","http://shop.advanceautoparts.com/webapp/wcs/stores/servlet/home___","39.6379491","-78.8338846","16.7480178406771","","false","false","","","false","false","false","false"
"Allegany County Recycling Drop-Off Site - Allegany College of Maryland","","12401 Willowbrook Rd","Cumberland","","MD","21502","3017775933","0","","http://www.gov.allconet.org","39.6528705","-78.7296188","16.7539960786531","","false","false","","","false","false","false","false"
"Frostburg State University Drop-Off Site","Frostburg State University Drop-Off Site","101 Braddock Rd","Midland","Allegany","MD","21532","3017775933","0","Sunday: 12:00 AM - 11:59 PM Monday: 12:00 AM - 11:59 PM Tuesday: 12:00 AM - 11:59 PM Wednesday: 12:00 AM - 11:59 PM Thursday: 12:00 AM - 11:59 PM Friday: 12:00 AM - 11:59 PM Saturday: 12:00 AM - 11:59 PM ","","39.6484","-78.9326","16.7772117907553","Antifreeze; Used Motor Oil; Video Game Consoles; PlayStation Consoles","false","true","The drop-off bin for this site is located in the Stangle Service Building parking lot.","","false","false","false","false"
"USPS Post Office Box Lobby Recycling Program","US Post Office","49 Potomac St","Ridgeley","Mineral","WV","26753","8002758777","0","","https://www.usps.com/","39.64357","-78.7683","16.7828238053253","Catalogs; Greeting Cards; Magazines; Paper (Mixed)","false","true","","","false","false","false","false"
"Horizon Goodwill Industries Inc.","Horizon Goodwill Industries Inc.","1313 National Hwy","Lavale","Allegany","MD","21502","3017293924","0","Sunday: 12:00 PM - 5:00 PM Monday: 9:00 AM - 9:00 PM Tuesday: 9:00 AM - 9:00 PM Wednesday: 9:00 AM - 9:00 PM Thursday: 9:00 AM - 9:00 PM Friday: 9:00 AM - 9:00 PM Saturday: 9:00 AM - 9:00 PM ","http://www.horizongoodwill.org/","39.63737","-78.84836","16.7932009940258","Books (Reuse); Children's Toys; Clothing; Computer (Reuse); Eyeglasses; Gift Bags; Household Goods; Miscellaneous Tools; Ornaments; Reusable Appliance Donation; Sporting Goods; Video Game Consoles; PlayStation Consoles","false","true","","","false","false","false","false"
"Advance Auto Parts","Advance Auto Parts","1215 National Hwy","Lavale","Allegany","MD","21502","3017292695","0","Monday: 7:00 AM - 9:00 PM Tuesday: 7:00 AM - 9:00 PM Wednesday: 7:00 AM - 9:00 PM Thursday: 7:00 AM - 9:00 PM Friday: 7:00 AM - 9:00 PM Saturday: 7:00 AM - 9:00 PM Sunday: 10:00 AM - 8:00 PM ","http://www.advanceautoparts.com","39.63724","-78.83535","16.7959262666687","Lead Acid (Pb) Batteries; Used Motor Oil; Video Game Consoles; PlayStation Consoles","false","true","","","false","false","false","false"
"Call2Recycle at Lowe's","Call2Recycle at Lowe's","1211 National Hwy","Lavale","Allegany","MD","21502","3017299200","0","Monday: 6:00 AM - 10:00 PM Tuesday: 6:00 AM - 10:00 PM Wednesday: 6:00 AM - 10:00 PM Thursday: 6:00 AM - 10:00 PM Friday: 6:00 AM - 10:00 PM Saturday: 6:00 AM - 10:00 PM Sunday: 8:00 AM - 8:00 PM ","http://www.lowes.com/","39.63724","-78.83535","16.7959262666687","Cell Phones; Compact Fluorescent Lights; Ni-Cd Batteries; Plastic Shopping Bags; Li-Ion Batteries; Ni-MH Batteries; Ni-Zn Batteries; Small Sealed Lead Acid Batteries; Video Game Consoles; PlayStation Consoles; Batteries (Rechargeable); Cell Phone Batteries; Li-Ion Batteries; Ni-Cd Batteries; Ni-MH Batteries; Small Sealed Lead Acid Batteries; Cell Phones","false","true","As an environmentally-committed retailer, Lowes offers a recycling center near store entrances to give consumers a free and easy way to properly dispose of rechargeable batteries, cell phones, CFLs and plastic shopping bags; materials that otherwise could be potentially harmful to the environment.  Look for the recycling center or ask a store associate for more details.","Call2Recycle","false","false","false","false"
"USPS Post Office Box Lobby Recycling Program","US Post Office","690 Main St","Rockwood","Somerset","PA","15557","8002758777","0","","https://www.usps.com/","39.91535","-79.15259","16.7974452348414","Catalogs; Greeting Cards; Magazines; Paper (Mixed)","false","true","","","false","false","false","false"
"Mr. Tire","Mr. Tire","1230 National Hwy Ste 1","Cumberland","Allegany","MD","21502","3017292500","0","Monday: 7:30 AM - 7:00 PM Tuesday: 7:30 AM - 7:00 PM Wednesday: 7:30 AM - 7:00 PM Thursday: 7:30 AM - 7:00 PM Friday: 7:30 AM - 7:00 PM Saturday: 7:30 AM - 4:00 PM Sunday: 8:00 AM - 5:00 PM ","http://monro.com","39.63692","-78.83623","16.8175608210775","Used Motor Oil; Video Game Consoles; PlayStation Consoles","false","true","","","false","false","false","false"
"Allegany County Recycling Drop Off Site - CVS Pharmacy","","1228 National Hwy","Cumberland","","MD","21502","3017775933","0","","http://www.gov.allconet.org","39.6362918","-78.8344597","16.8620420071114","","false","false","","","false","false","false","false"
"Staples","Staples","1230 National Highway","LaVale","Allegany County","MD","21502","3017297840","0","Monday: 8:00 AM - 9:00 PM Tuesday: 8:00 AM - 9:00 PM Wednesday: 8:00 AM - 9:00 PM Thursday: 8:00 AM - 9:00 PM Friday: 8:00 AM - 9:00 PM Saturday: 9:00 AM - 9:00 PM Sunday: 10:00 AM - 7:00 PM ","https://www.staples.com/recycle","39.6360601","-78.8349464","16.877699559941","AC Power Plugs; Batteries (Rechargeable); Cables & Connectors; Cell Phone Batteries; Cell Phones; Computer (Recycling); Hard Drives; Computer Monitors; Cameras; DVD Players/Blu-Ray Players/DVRs; Electronics; E-Readers; GPS Units; Headphones; Inkjet Printer Cartridges; Laptop Computers; Laser Toner Cartridges; Li-Ion Batteries; MP3 Players; Network Equipment; Ni-Cd Batteries; Ni-MH Batteries; Ni-Zn Batteries; Computer Peripherals; Portable Media Players; Printers/Scanners/Fax Machines; Small Electronics; Small Sealed Lead Acid Batteries; Stereo Equipment; Tablets; Telephones; UPS Batteries/Backup Systems; VCRs; Video Game Systems; Blu-Ray Players; Digital Converter Boxes; Video Game Consoles; PlayStation Consoles; Alkaline/Single-Use Batteries","false","true","NO TVs; Limit 6 CEDs per day; ","Sony, Vizio, OEM","false","false","false","false"
"Staples","","1230 National Highway","Lavale","","MD","21502","3017297840","0","","https://www.staples.com/sbd/cre/marketing/sustainability-center/recycling-services/","39.6360601","-78.8349464","16.877699559941","Alkaline/Single-Use Batteries; Batteries (Rechargeable); Cell Phone Batteries; Li-Ion Batteries; Ni-Cd Batteries; Ni-MH Batteries; Small Sealed Lead Acid Batteries; Alkaline/Single-Use Batteries; Button Batteries; Non-rechargeable lithium batteries; Cell Phones","false","true","","Call2Recycle","false","false","false","false"
"Mr. Tire","","1230 National Highway, Suite 1","Cumberland","","MD","21502","3017292500","0","","https://www.monro.com/","39.6360601","-78.8349464","16.877699559941","","false","false","","","false","false","false","false"
"Giant Eagle","Giant Eagle","4192 Glades Pike","Somerset","Somerset","PA","15501","8144436558","0","","null","40.01071","-79.11171","17.0239660254688","Plastic Shopping Bags; Food Storage Bags; Computer (Recycling); Computer Monitors; Electronics; Laptop Computers; Computer Peripherals; Printers/Scanners/Fax Machines; Small Televisions; Tablets; Televisions; Video Game Consoles; PlayStation Consoles","false","true","The bin is located just inside the store.","","false","false","false","false"
"Walmart Supercenter","","2028 N Center Ave","Somerset","","PA","15501","8144436962","0","","https://www.walmart.com/","40.0522112","-79.0705079","17.0679954936881","","false","false","","","false","false","false","false"
"Walmart Tire and Lube Express","","2028 N Center Ave","Somerset","","PA","15501","8144436962","0","","https://www.walmart.com/cp/ideas/8932632","40.0522112","-79.0705079","17.0679954936881","","false","false","","","false","false","false","false"
"Somerset County Recycling Drop-off Site- Rockwood","","669 Somerset Ave","Rockwood","","PA","15557","8144451544","0","","http://www.co.somerset.pa.us/department.asp?deptnum=178","39.9183966","-79.1572552","17.0729702354392","","false","false","","","false","false","false","false"
"USPS Post Office Box Lobby Recycling Program","US Post Office","1172 Fairhope Rd","Fairhope","Somerset","PA","15538","8002758777","0","","https://www.usps.com/","39.84589","-78.79755","3.23895871610502","Catalogs; Greeting Cards; Magazines; Paper (Mixed)","false","true","","","false","false","false","false"
"Somerset County Recycling Drop-off Site - Berlin","","700 North St","Berlin","","PA","15530","8144451544","0","","http://www.co.somerset.pa.us/department.asp?deptnum=178","39.9214352","-78.954765","6.76167936350998","","false","false","","","false","false","false","false"
"Bedford County Recycling Drop-off Site - Londonderry Township","","4303 Hyndman Rd","Hyndman","","PA","15545","8146238099","0","","https://www.bedfordcountyconservation.com/recycling/recycling.htm","39.8293104","-78.7173756","7.35056355160248","","false","false","","","false","false","false","false"
"USPS Post Office Box Lobby Recycling Program","US Post Office","129 Washington St","Hyndman","Bedford","PA","15545","8002758777","0","","https://www.usps.com/","39.81981","-78.7201","7.566434579876","Catalogs; Greeting Cards; Magazines; Paper (Mixed)","false","true","","","false","false","false","false"
"USPS Post Office Box Lobby Recycling Program","US Post Office","251 Juniata St","New Baltimore","Somerset","PA","15553","8002758777","0","","https://www.usps.com/","39.98651","-78.77478","8.08660441973873","Catalogs; Greeting Cards; Magazines; Paper (Mixed)","false","true","","","false","false","false","false"
"JVS Environmental","","1466 Cornerstone Rd","Friedens","","PA","15541","8777353178","0","","http://www.jvsenvironmental.net/","40.0121332","-78.8936593","9.5558150562566","","false","false","","","false","false","false","false"
"Somerset Scrap","Somerset Scrap
","2431 Berlin Plank Rd","Berlin","Somerset","PA","15530","8142677130","8142673170","Sunday:  -  Monday: 7:30 AM - 4:30 PM Tuesday: 7:30 AM - 4:30 PM Wednesday: 7:30 AM - 4:30 PM Thursday: 7:30 AM - 4:30 PM Friday: 7:30 AM - 4:30 PM Saturday: 7:30 AM - 11:30 AM ","http://www.jssmetals.com/Locations","39.95481","-78.99934","9.93364369601183","Alkaline/Single-Use Batteries; Aluminum; Aluminum Cans; Batteries (Rechargeable); Book Recycling; Books (Reuse); Brown Paper Bags; Car; Cardboard; CD/DVD/Blu-ray/UHD discs; Cell Phones; Computer (Recycling); Computer (Reuse); Hard Drives; Computer Monitors; Computer Paper; Electronics; Ferrous Metals (Steel or Iron); Glass (Brown); Glass (Clear); Glass (Green); Inkjet Cartridge Refilling; Inkjet Printer Cartridges; Large Household Appliances; Laser Toner Cartridges; Laser Toner Refilling; Lead Acid (Pb) Batteries; Magazines; MP3 Players; Newspapers; Ni-Cd Batteries; Non-ferrous (Copper/Brass/Tin); Office Equipment; Office Paper; Paper (Mixed); Phone books; Plastic #1 (PETE); Plastic #2 (Color HDPE); Plastic #2 (HDPE); Plastic #3 (PVC); Plastic #4 (LDPE); Plastic #5 (Polypropylene); Plastic #6 (Polystyrene); Plastic #7; Printers/Scanners/Fax Machines; Stereo Equipment; Telephones; Televisions; Tin or Steel Cans; Unused Paper; VHS & Cassette Tapes; Video Game Systems; Laptop Computers; Computer Peripherals; Small Televisions; Tablets; Video Game Consoles; PlayStation Consoles","true","true","Please call for further information.","","false","false","false","false"
