name,description,address,city,region,province,postal_code,phone,fax,hours,url,latitude,longitude,distance,materials,pickup,dropoff,notes,groups,curbside,municipal,national,event_only
"Call2Recycle at Lowe's","Call2Recycle at Lowe's","3000 Glimcher Blvd","Hermitage","Mercer","PA","16148","7249835360","0","Monday: 6:00 AM - 10:00 PM Tuesday: 6:00 AM - 10:00 PM Wednesday: 6:00 AM - 10:00 PM Thursday: 6:00 AM - 10:00 PM Friday: 6:00 AM - 10:00 PM Saturday: 6:00 AM - 10:00 PM Sunday: 8:00 AM - 8:00 PM ","http://www.lowes.com/","41.23132","-80.45112","0.0394875280273869","Cell Phones; Compact Fluorescent Lights; Ni-Cd Batteries; Plastic Shopping Bags; Li-Ion Batteries; Ni-MH Batteries; Ni-Zn Batteries; Small Sealed Lead Acid Batteries; Computer (Recycling); Computer Monitors; Electronics; Laptop Computers; Computer Peripherals; Printers/Scanners/Fax Machines; Small Televisions; Tablets; Televisions; Video Game Consoles; PlayStation Consoles","false","true","As an environmentally-committed retailer, Lowes offers a recycling center near store entrances to give consumers a free and easy way to properly dispose of rechargeable batteries, cell phones, CFLs and plastic shopping bags; materials that otherwise could be potentially harmful to the environment.  Look for the recycling center or ask a store associate for more details.","","false","false","false","false"
"Shenango Valley Mall Drop-off Depot","","62 S Hermitage Rd","Hermitage","","PA","16148","7249812412","0","","http://countyrecycling.com","41.2327568","-80.449685","0.103488469314631","","false","false","","","false","false","false","false"
"L & M Tire Sales","L & M Tire Sales","3090 E State St","Hermitage","Mercer","PA","16148","7249838331","0","Monday: 8:00 AM - 5:00 PM Tuesday: 8:00 AM - 5:00 PM Wednesday: 8:00 AM - 5:00 PM Thursday: 8:00 AM - 5:00 PM Friday: 8:00 AM - 5:00 PM Saturday: 8:00 AM - 12:00 PM ","","41.23329","-80.45239","0.113026781276295","Used Tires; Computer (Recycling); Computer Monitors; Electronics; Laptop Computers; Computer Peripherals; Printers/Scanners/Fax Machines; Small Televisions; Tablets; Televisions; Video Game Consoles; PlayStation Consoles","false","true","","","false","false","false","false"
"Verizon Wireless","Verizon Wireless","3372 E State St","Hermitage","Mercer","PA","16148","8666444532","0","","http://www.verizonwireless.com/","41.2333","-80.44971","0.128336321605229","Cell Phones; Cell Phone Batteries; Computer (Recycling); Computer Monitors; Electronics; Laptop Computers; Computer Peripherals; Printers/Scanners/Fax Machines; Small Televisions; Tablets; Televisions; Video Game Consoles; PlayStation Consoles","false","true","<A Href="https://www.trade-in.vzw.com/home.aspx">
The Verizon Wireless Trade-In Program</A> allows you to trade in your used handset or tablet in a convenient and responsible way. 
<P>
<P>
Verizon Wireless works every day to protect our environment and give our customers opportunities to do the same. <A Href="http://aboutus.vzw.com/Green_Initiative/overview.html">Click here</A> for more examples of the earth-friendly initiatives and programs Verizon Wireless is proud to offer and support.","","false","false","false","false"
"Walgreens","Walgreens","3229 E State St","Hermitage","Mercer","PA","16148","7243424603","0","","http://www.walgreens.com","41.23348","-80.44965","0.139983648360495","Cell Phones; Inkjet Cartridge Refilling; Inkjet Printer Cartridges; Computer (Recycling); Computer Monitors; Electronics; Laptop Computers; Computer Peripherals; Printers/Scanners/Fax Machines; Small Televisions; Tablets; Televisions; Video Game Consoles; PlayStation Consoles","false","true","","","false","false","false","false"
"Lowe's","","3000 Glimcher Blvd","Hermitage","","PA","16148","7249835360","0","","https://newsroom.lowes.com/responsibility/operational-excellence/","41.2299507","-80.4524692","0.146321818099144","Batteries (Rechargeable); Cell Phone Batteries; Li-Ion Batteries; Ni-Cd Batteries; Ni-MH Batteries; Small Sealed Lead Acid Batteries; Cell Phones","false","true","","Call2Recycle","false","false","false","false"
"Tractor Supply","Tractor Supply","2998 E State St","Hermitage","Mercer","PA","16148","7249824440","0","","http://www.tractorsupply.com","41.23328","-80.45446","0.190881353661473","Transmission Fluid; Used Motor Oil; Computer (Recycling); Computer Monitors; Electronics; Laptop Computers; Computer Peripherals; Printers/Scanners/Fax Machines; Small Televisions; Tablets; Televisions; Video Game Consoles; PlayStation Consoles","false","true","","","false","false","false","false"
"Tractor Supply","","2998 East State Street","Hermitage","","PA","16148","7249824440","0","","https://www.tractorsupply.com/","41.229276","-80.4546419","0.249986576969893","","false","false","","","false","false","false","false"
"AutoZone","AutoZone","2975 E State St","Hermitage","Mercer","PA","16148","7243471633","0","","http://www.autozone.com","41.23346","-80.45585","0.260701203164402","Lead Acid (Pb) Batteries; Used Motor Oil; Computer (Recycling); Computer Monitors; Electronics; Laptop Computers; Computer Peripherals; Printers/Scanners/Fax Machines; Small Televisions; Tablets; Televisions; Video Game Consoles; PlayStation Consoles","false","true","Most AutoZone stores accept used motor oil, transmission fluid, gear oil and automotive batteries. Call to see what your local store is currently accepting.","","false","false","false","false"
"Firestone Complete Auto Care Store","Firestone Complete Auto Care Store","3405 E State St","Hermitage","Mercer","PA","16148","7247344828","0","","http://www.firestonecompleteautocare.com/","41.23352","-80.44676","0.26162542989618","Lead Acid (Pb) Batteries; Used Motor Oil; Computer (Recycling); Computer Monitors; Electronics; Laptop Computers; Computer Peripherals; Printers/Scanners/Fax Machines; Small Televisions; Tablets; Televisions; Video Game Consoles; PlayStation Consoles","false","true","","","false","false","false","false"
"Home Depot","","3300 Shenango Valley Fwy","Hermitage","","PA","16148","7249813054","0","","https://ecooptions.homedepot.com/","41.2282168","-80.4484714","0.292328063746361","Batteries (Rechargeable); Cell Phone Batteries; Li-Ion Batteries; Ni-Cd Batteries; Ni-MH Batteries; Small Sealed Lead Acid Batteries","false","true","","Call2Recycle","false","false","false","false"
"Call2Recycle at the Home Depot","Call2Recycle at the Home Depot","3300 Shenango Valley Fwy","Hermitage","Mercer","PA","16148","7249813054","0","","http://www.homedepot.com/","41.23285","-80.44544","0.311622399623901","Cell Phones; Compact Fluorescent Lights; Ni-Cd Batteries; Li-Ion Batteries; Ni-MH Batteries; Ni-Zn Batteries; Small Sealed Lead Acid Batteries; Computer (Recycling); Computer Monitors; Electronics; Laptop Computers; Computer Peripherals; Printers/Scanners/Fax Machines; Small Televisions; Tablets; Televisions; Video Game Consoles; PlayStation Consoles","false","true","The Home Depot accepts used rechargeable batteries and compact fluorescent bulbs. Look for the orange drop boxes, usually located near the front entrance near the customer service desk, or ask a store associate for more details.","","false","false","false","false"
"JCPenney","","3405 E State St","Hermitage","","PA","16148","7249812500","0","","https://www.jcpenney.com/","41.2339584","-80.4459712","0.311839804336725","","false","false","","","false","false","false","false"
"Firestone Complete Auto Care","","3405 E State St","Sharon","","PA","16146","7243462621","0","","https://www.firestonecompleteautocare.com/","41.2339584","-80.4459712","0.311839804336725","","false","false","","","false","false","false","false"
"Staples","Staples","439 S. Hermitage Rd.","Hermitage","Mercer County","PA","16148","7243420439","0","Monday: 9:00 AM - 9:00 PM Tuesday: 9:00 AM - 9:00 PM Wednesday: 9:00 AM - 9:00 PM Thursday: 9:00 AM - 9:00 PM Friday: 9:00 AM - 9:00 PM Saturday: 10:00 AM - 7:00 PM Sunday: 11:00 AM - 6:00 PM ","https://www.staples.com/recycle","41.227343","-80.4501227","0.319063684498686","AC Power Plugs; Batteries (Rechargeable); Cables & Connectors; Cell Phone Batteries; Cell Phones; Computer (Recycling); Hard Drives; Computer Monitors; Cameras; DVD Players/Blu-Ray Players/DVRs; Electronics; E-Readers; GPS Units; Headphones; Inkjet Printer Cartridges; Laptop Computers; Laser Toner Cartridges; Li-Ion Batteries; MP3 Players; Network Equipment; Ni-Cd Batteries; Ni-MH Batteries; Ni-Zn Batteries; Computer Peripherals; Portable Media Players; Printers/Scanners/Fax Machines; Small Electronics; Small Sealed Lead Acid Batteries; Stereo Equipment; Tablets; Telephones; UPS Batteries/Backup Systems; VCRs; Video Game Systems; Blu-Ray Players; Digital Converter Boxes; Small Televisions; Televisions; Video Game Consoles; PlayStation Consoles; Alkaline/Single-Use Batteries","false","true","NO TVs; Limit 6 CEDs per day; ","Sony, Vizio, OEM","false","false","false","false"
"Staples","null","439 S. Hermitage Rd.","Hermitage","","PA","16148","7243420439","0","","https://www.staples.com/sbd/cre/marketing/sustainability-center/recycling-services/","41.227343","-80.4501227","0.319063684498686","Alkaline/Single-Use Batteries; Batteries (Rechargeable); Cell Phone Batteries; Li-Ion Batteries; Ni-Cd Batteries; Ni-MH Batteries; Small Sealed Lead Acid Batteries; Alkaline/Single-Use Batteries; Button Batteries; Non-rechargeable lithium batteries; Cell Phones","false","true","","Call2Recycle","false","false","false","false"
"Wireless Experts","","2331 E State St","Hermitage","","PA","16148","7247342510","0","","","41.2349857","-80.4666773","0.827554262581699","","false","false","","","false","false","false","false"
"AT&T Wireless","AT&T Wireless","2085 East State Street","Hermitage","Mercer","PA","16148","7249838221","0","","http://www.att.com/","41.23343","-80.47124","1.04180556221195","Cell Phones; Ni-Cd Batteries; Batteries (Rechargeable); Cell Phone Batteries; Tablets; Li-Ion Batteries; Computer (Recycling); Computer Monitors; Electronics; Laptop Computers; Computer Peripherals; Printers/Scanners/Fax Machines; Small Televisions; Televisions; Video Game Consoles; PlayStation Consoles","false","true","Receive an AT&T Promotion Card worth the trade-in value of your smartphone, tablet, or netbook. You can also donate the trade-in value to Cell Phones for Soldiers.","","false","false","false","false"
"BP Oil Corporation","BP Oil Corporation","470 N Buhl Farm Dr","Hermitage","Mercer","PA","16148","7249816666","0","Monday: 7:00 AM - 8:45 PM Tuesday: 7:00 AM - 8:45 PM Wednesday: 7:00 AM - 8:45 PM Thursday: 7:00 AM - 8:45 PM Friday: 7:00 AM - 8:45 PM ","null","41.22705","-80.47133","1.09308055103916","Used Motor Oil; Computer (Recycling); Computer Monitors; Electronics; Laptop Computers; Computer Peripherals; Printers/Scanners/Fax Machines; Small Televisions; Tablets; Televisions; Video Game Consoles; PlayStation Consoles","false","true","This site is located at the corner of Highland and North Buhl Farm Road.","","false","false","false","false"
"Cash For Cans","Cash For Cans","1362 N Hermitage Rd","Hermitage","Mercer","PA","16148","7249621894","0","Sunday: 12:00 AM - 11:59 PM Monday: 12:00 AM - 11:59 PM Tuesday: 12:00 AM - 11:59 PM Wednesday: 12:00 AM - 11:59 PM Thursday: 12:00 AM - 11:59 PM Friday: 12:00 AM - 11:59 PM Saturday: 12:00 AM - 11:59 PM ","","41.21531","-80.45659","1.17714331128761","Aluminum Cans; Computer (Recycling); Computer Monitors; Electronics; Laptop Computers; Computer Peripherals; Printers/Scanners/Fax Machines; Small Televisions; Tablets; Televisions; Video Game Consoles; PlayStation Consoles","false","true","This site is located at Erme's Distributing on Route 18, across from Wal-Mart.","","false","false","false","false"
"Walmart Supercenter","","1275 N Hermitage Rd","Hermitage","","PA","16148","7243465940","0","","https://www.walmart.com/","41.2497536","-80.4529907","1.23829727406049","","false","false","","","false","false","false","false"
"Walmart Tire and Lube Express","","1275 N Hermitage Rd","Hermitage","","PA","16148","7243465940","0","","https://www.walmart.com/cp/ideas/8932632","41.2497536","-80.4529907","1.23829727406049","","false","false","","","false","false","false","false"
"Walmart","Walmart","1275 N Hermitage Rd","Hermitage","Mercer","PA","16148","7243465940","0","","http://www.walmart.com","41.25164","-80.45057","1.36601554831047","Lead Acid (Pb) Batteries; Plastic Shopping Bags; Food Storage Bags; Computer (Recycling); Computer Monitors; Electronics; Laptop Computers; Computer Peripherals; Printers/Scanners/Fax Machines; Small Televisions; Tablets; Televisions; Video Game Consoles; PlayStation Consoles","false","true","","","false","false","false","false"
"Walmart Tire & Lube Express","Walmart Tire & Lube Express","1275 N Hermitage Rd","Hermitage","Mercer","PA","16148","7243465940","0","","http://www.walmart.com/catalog/catalog.gsp?cat=495843","41.25164","-80.45057","1.36601554831047","Lead Acid (Pb) Batteries; Used Motor Oil; Oil Filters; Computer (Recycling); Computer Monitors; Electronics; Laptop Computers; Computer Peripherals; Printers/Scanners/Fax Machines; Small Televisions; Tablets; Televisions; Video Game Consoles; PlayStation Consoles","false","true","","","false","false","false","false"
"Trumbull County Recycling Drop-Off Site - Vienna Township","","833 Youngstown Kingsville Rd","Vienna","","OH","44473","3306752673","0","","https://www.gottagogreen.org","41.2404401","-80.6642072","11.0777430786892","","false","false","","","false","false","false","false"
"PSC Metals Inc.","PSC Metals Inc.","2700 Hubbard Rd ","Youngstown","Mahoning County","OH","44505","3307592820","3307593530","Monday: 8:00 AM - 4:00 PM Tuesday: 8:00 AM - 4:00 PM Wednesday: 8:00 AM - 4:00 PM Thursday: 8:00 AM - 4:00 PM Friday: 8:00 AM - 4:00 PM Saturday: 9:00 AM - 11:59 PM ","http://www.pscmetals.com","41.1327125","-80.6246314","11.3214870942866","Aluminum Cans; Car; Lead Acid (Pb) Batteries; Cell Phones; Computer (Recycling); Electronics; Ferrous Metals (Steel or Iron); Video Game Systems; Large Household Appliances; Non-ferrous (Copper/Brass/Tin); Office Equipment; Telephones; Stereo Equipment; Printers/Scanners/Fax Machines; Laptop Computers; Tablets; MP3 Players; AC Power Plugs; Portable Media Players; Cables & Connectors; Servers; Wire; Microwaves; Power Supplies; Computer Peripherals; VCRs; DVD Players/Blu-Ray Players/DVRs; Network Equipment; Catalytic Converters; Car Audio/Video Equipment; Radiators; High-Temp Alloys; Special Metals; Video Game Consoles; PlayStation Consoles","false","true","","","false","false","false","false"
"PSC Metals, Inc.","","2700 Hubbard Road","Youngstown","","OH","44505","3307592820","0","","https://www.pscmetals.com/","41.1332027","-80.6256396","11.3428525478697","","false","false","","","false","false","false","false"
"PSC Metals, Inc.","","2700 Hubbard Road","Youngstown","","OH","44505","3307592820","0","","https://www.pscmetals.com/","41.1332027","-80.6256396","11.3428525478697","","false","false","","","false","false","false","false"
"Coitsville Recycling Drop-Off","","3737 McCartney Rd.","Coitsville","","OH","44405","3307402060","0","","http://www.mahoningcountyoh.gov","41.0893913","-80.5655139","11.4981027630896","","false","false","","","false","false","false","false"
"Mercer Auto Wrecker","Mercer Auto Wrecker","748 Wilson Ave","Mercer","Mercer","PA","16137","7246623440","0","Monday: 8:30 AM - 12:00 PM Tuesday: 8:30 AM - 12:00 PM Wednesday: 8:30 AM - 12:00 PM Thursday: 8:30 AM - 12:00 PM Friday: 8:30 AM - 12:00 PM Saturday: 12:30 PM - 4:30 PM ","","41.22209","-80.22427","11.8162869330428","Aluminum Cans; Antifreeze; Automobile Parts; Cardboard; Ferrous Metals (Steel or Iron); Large Household Appliances; Non-ferrous (Copper/Brass/Tin); Used Motor Oil; Computer (Recycling); Computer Monitors; Electronics; Laptop Computers; Computer Peripherals; Printers/Scanners/Fax Machines; Small Televisions; Tablets; Televisions; Video Game Consoles; PlayStation Consoles","false","true","","","false","false","false","false"
"Mercer Auto Wreckers","Mercer Auto Wreckers","748 Wilson Ave","Mercer","Mercer","PA","16137","7246623440","0","","","41.22209","-80.22427","11.8162869330428","Aluminum Cans; Antifreeze; Cardboard; Ferrous Metals (Steel or Iron); Tin or Steel Cans; Used Motor Oil; Computer (Recycling); Computer Monitors; Electronics; Laptop Computers; Computer Peripherals; Printers/Scanners/Fax Machines; Small Televisions; Tablets; Televisions; Video Game Consoles; PlayStation Consoles","false","true","","","false","false","false","false"
"Mercer Auto Wreckers","","748 Wilson Ave","Mercer","","PA","16137","7246623440","0","","","41.2214317","-80.2242888","11.8180607684011","","false","false","","","false","false","false","false"
"Trumbull County Recycling Drop-Off Site - Fowler Township","","3364 Youngstown Kingsville Rd","Fowler","","OH","44418","3306752673","0","","https://www.gottagogreen.org","41.3083166","-80.655365","11.8401324619032","","false","false","","","false","false","false","false"
"Fredonia Area Recycling Drop-off Program","","90 Water St","Fredonia","","PA","16124","7249812412","0","","http://countyrecycling.com","41.322648","-80.2576977","11.8480953901873","","false","false","","","false","false","false","false"
"Fredonia Area Recycling Drop-off Program","","90 Water St","Fredonia","","PA","16124","7249812412","0","","http://countyrecycling.com","41.322648","-80.2576977","11.8480953901873","","false","false","","","false","false","false","false"
"Trebco Corporation","","229 E Dennick Ave","Youngstown","","OH","44505","3307438228","0","","","41.1300767","-80.637487","11.9668383383821","","false","false","","","false","false","false","false"
"Recycling Drop-off Site - Four Seasons Flea Market","","3000 McCartney Road ","Youngstown","","OH","44505","3307402060","0","","http://www.greenteam.cc/","41.0909008","-80.5864582","12.0122624896495","","false","false","","","false","false","false","false"
"Campbell Hardware","Campbell Hardware","765 McCartney Rd","Youngstown","Mahoning","OH","44505","3307437431","0","","http://www.acehardware.com/","41.09026","-80.58548","12.0185887127291","Cell Phones; Ni-Cd Batteries; Li-Ion Batteries; Ni-MH Batteries; Ni-Zn Batteries; Small Sealed Lead Acid Batteries; Video Game Consoles; PlayStation Consoles","false","true","The U.S. EPA estimates that more than 350 million rechargeable batteries are purchased annually in the U.S. Thanks to the environmental commitment of this location, its easy and free to recycle your batteries. Bring your rechargeable batteries to this location and look for the recycling box or ask an associate how you can do your part for the environment.","","false","false","false","false"
"K&M Shingle Recycling","K&M Shingle Recycling","24 E Dennick Ave","Youngstown","Mahoning","OH","44505","3306466882","0","","http://www.shinglerecycling.org/","41.12985","-80.63912","12.044815960833","Shingles; Video Game Consoles; PlayStation Consoles","false","true","For more information on shingle recycling visit <a href="http://www.shinglerecycling.org/index.php" target="_blank">ShingleRecycling.org</a>","","false","false","false","false"
"Walgreens","Walgreens","2864 McCartney Rd","Youngstown","Mahoning","OH","44505","3307431614","0","","http://www.walgreens.com","41.09033","-80.5881","12.094326632473","Cell Phones; Inkjet Printer Cartridges; Video Game Consoles; PlayStation Consoles","false","true","","","false","false","false","false"
"East Library","","430 Early Rd.","Youngstown","","OH","44505","3307448636","0","","https://www.libraryvisit.org/locations-hours/east-library/","41.103245","-80.60939","12.1074349115763","","false","false","","","false","false","false","false"
"Youngstown Recycling Drop-Off - Four Seasons Flea Market","","3000 McCartney Rd","Youngstown","","OH","44505","3307402060","0","","http://www.mahoningcountyoh.gov","41.0905376","-80.593879","12.2621613289038","","false","false","","","false","false","false","false"
"Walmart 38601","Walmart 38601","200 Goldie Rd","Youngstown","Trumbull","OH","44505","8583244111","0","","http://www.ecoatm.com/","41.14575","-80.66049","12.3979700289777","Cell Phones; Tablets; MP3 Players; Video Game Consoles; PlayStation Consoles","false","true","ecoATM is an automated, consumer self-serve kiosk that quickly buys back and recycles old phones, mp3 players and tablets.
</br>
Call or email <a href="mailto:max@ecoATM.com">customer support</a> with questions.","","false","false","false","false"
"Walmart Supercenter","","200 Goldie Rd","Youngstown","","OH","44505","3307592066","0","","https://www.walmart.com/","41.1473517","-80.66165","12.3982918098201","","false","false","","","false","false","false","false"
"Walmart Tire and Lube Express","","200 Goldie Rd","Youngstown","","OH","44505","3307592066","0","","https://www.walmart.com/cp/ideas/8932632","41.1473517","-80.66165","12.3982918098201","","false","false","","","false","false","false","false"
"Allhouse Appliance","Allhouse Appliance","3457 Wilmington Rd","New Castle","Lawrence","PA","16105","7246544334","0","","","41.06507","-80.36009","12.4632311618432","Large Household Appliances; Computer (Recycling); Computer Monitors; Electronics; Laptop Computers; Computer Peripherals; Printers/Scanners/Fax Machines; Small Televisions; Tablets; Televisions; Video Game Consoles; PlayStation Consoles","false","true","If you order new products from Allhouse they will take your old ones for no charge.","","false","false","false","false"
"RadioShack","RadioShack","3551 Belmont Ave","Youngstown","Trumbull","OH","44505","3307598403","0","Monday: 10:00 AM - 8:00 PM Tuesday: 10:00 AM - 8:00 PM Wednesday: 10:00 AM - 8:00 PM Thursday: 10:00 AM - 8:00 PM Friday: 9:00 AM - 9:00 PM Saturday: 9:00 AM - 9:00 PM Sunday: 10:00 AM - 7:00 PM ","http://www.radioshack.com","41.1496","-80.6651","12.4851525828566","Ni-Cd Batteries; Batteries (Rechargeable); Video Game Consoles; PlayStation Consoles","false","true","This site is located in Liberty Plaza.","","false","false","false","false"
"Call2Recycle at RadioShack","Call2Recycle at RadioShack","3551 Belmont Ave","Youngstown","Trumbull","OH","44505","3307598403","0","","http://www.radioshack.com/","41.1496","-80.6651","12.4851525828566","Cell Phones; Ni-Cd Batteries; Li-Ion Batteries; Ni-MH Batteries; Ni-Zn Batteries; Small Sealed Lead Acid Batteries; Video Game Consoles; PlayStation Consoles","false","true","As the first national retailer to partner with Call2Recycle, RadioShack is at the forefront of the rechargeable battery recycling cause and is pleased to offer battery recycling at thousands of convenient RadioShack locations for free.  Simply drop them off at your local RadioShack and theyll take care of the rest.  Ask a store associate for more details.","","false","false","false","false"
"AutoZone","AutoZone","1960 McCartney Rd","Youngstown","Mahoning","OH","44505","3307440648","0","","http://www.autozone.com","41.09035","-80.60318","12.5707676146076","Lead Acid (Pb) Batteries; Used Motor Oil; Video Game Consoles; PlayStation Consoles","false","true","Most AutoZone stores accept used motor oil, transmission fluid, gear oil and automotive batteries. Call to see what your local store is currently accepting.","","false","false","false","false"
"O'Reilly Auto Parts","","3489 Belmont Ave","Youngstown","","OH","44505","3307593375","0","","http://oreillyauto.custhelp.com/app/error/error_id/6","41.1447149","-80.6637305","12.5801934685473","","false","false","","","false","false","false","false"
"Firestone Complete Auto Care","","3335 Belmont Ave","Youngstown","","OH","44505","3307593697","0","","https://www.firestonecompleteautocare.com/","41.1428294","-80.6649874","12.7003401754644","","false","false","","","false","false","false","false"
"Firestone Complete Auto Care Store","Firestone Complete Auto Care Store","3335 Belmont Ave","Youngstown","Trumbull","OH","44505","3304234420","0","","http://www.firestonecompleteautocare.com/","41.14226","-80.6654","12.7382296744556","Lead Acid (Pb) Batteries; Used Motor Oil; Video Game Consoles; PlayStation Consoles","false","true","","","false","false","false","false"
"AutoZone","AutoZone","3109 Belmont Ave","Youngstown","Trumbull","OH","44505","3307590424","0","","http://www.autozone.com","41.14099","-80.66541","12.7816556930143","Lead Acid (Pb) Batteries; Used Motor Oil; Video Game Consoles; PlayStation Consoles","false","true","Most AutoZone stores accept used motor oil, transmission fluid, gear oil and automotive batteries. Call to see what your local store is currently accepting.","","false","false","false","false"
"Advance Auto Parts","Advance Auto Parts","3179 Belmont Ave","Youngstown","Trumbull","OH","44505","3307590123","0","Monday: 7:00 AM - 9:00 PM Tuesday: 7:00 AM - 9:00 PM Wednesday: 7:00 AM - 9:00 PM Thursday: 7:00 AM - 9:00 PM Friday: 7:00 AM - 9:00 PM Saturday: 7:00 AM - 9:00 PM Sunday: 10:00 AM - 8:00 PM ","http://www.advanceautoparts.com","41.14099","-80.66541","12.7816556930143","Lead Acid (Pb) Batteries; Used Motor Oil; Video Game Consoles; PlayStation Consoles","false","true","","","false","false","false","false"
"Dart Metals Trading Co","Dart Metals Trading Co","19 Colonial Dr Ste 26","Youngstown","Trumbull","OH","44505","3307598396","0","","","41.13692","-80.66273","12.802558117342","Aluminum; Video Game Consoles; PlayStation Consoles","false","true","","","false","false","false","false"
"Youngstown Area Goodwill Industries","","2747 Belmont Avenue","Youngstown","","OH","44505","8778607866","0","","https://sunnking.com/","41.1350759","-80.6640772","12.9283429697324","","false","false","","","false","false","false","false"
"Campbell Library - D'Amato Fieldhouse","","280 6th St.","Campbell","","OH","44405","3307448636","0","","https://www.libraryvisit.org/locations-hours/campbell-library/","41.0814425","-80.5995589","12.9423953096522","","false","false","","","false","false","false","false"
"Blind Association of Pennsylvania","Blind Association of Pennsylvania","428 Eleanor Dr","New Castle","Lawrence","PA","16105","7246524571","0","Monday: 8:00 AM - 2:30 PM Tuesday: 8:00 AM - 2:30 PM Wednesday: 8:00 AM - 2:30 PM Thursday: 8:00 AM - 2:30 PM Friday: 8:00 AM - 2:30 PM ","http://www.pablind.org/","41.06686","-80.33321","12.9507794613367","Cell Phones; Eyeglasses; Inkjet Printer Cartridges; Laser Toner Cartridges; Computer (Recycling); Computer Monitors; Electronics; Laptop Computers; Computer Peripherals; Printers/Scanners/Fax Machines; Small Televisions; Tablets; Televisions; Video Game Consoles; PlayStation Consoles","false","true","","","false","false","false","false"
"Lawrence County Recycling Drop-off Site - Volant Borough","","525 Main St","Volant","","PA","16156","7246582541","0","","http://co.lawrence.pa.us","41.1125401","-80.2578541","13.0071718177545","","false","false","","","false","false","false","false"
"Walgreens","Walgreens","2560 Belmont Ave","Youngstown","Mahoning","OH","44505","3307464814","0","","http://www.walgreens.com","41.13315","-80.66554","13.0626218806627","Cell Phones; Inkjet Cartridge Refilling; Inkjet Printer Cartridges; Video Game Consoles; PlayStation Consoles","false","true","","","false","false","false","false"
"AutoZone","","15 Hadley Rd","Greenville","","PA","16125","7245888332","0","","https://www.autozone.com/landing/page.jsp?name=in-our-stores","41.4107363","-80.3652995","13.1384066890749","","false","false","","","false","false","false","false"
"Campbell Recycling Drop-Off","","351 Tenney Ave","Campbell","","OH","44405","3307402060","0","","http://www.mahoningcountyoh.gov","41.0751486","-80.5946572","13.1480449695794","","false","false","","","false","false","false","false"
"Cash For Cans","","40 Hadley Rd","Greenville","","PA","16125","7249621894","0","","","41.4122077","-80.3625155","13.2834527794661","","false","false","","","false","false","false","false"
"Youngstown Recycling Drop-Off - Youngstown State University","","Harrison St & Adams St","Youngstown","","OH","44505","3307402060","0","","http://www.mahoningcountyoh.gov","41.1034639","-80.6414041","13.2843979340219","","false","false","","","false","false","false","false"
"Iron City Wood Products","","3125 Wilson Ave","Campbell","","OH","44405","3307552772","0","","","41.0756018","-80.6037616","13.3970973937617","","false","false","","","false","false","false","false"
"Walmart Tire & Lube Express","Walmart Tire & Lube Express","45 Williamson Rd","Greenville","Mercer","PA","16125","7245890211","0","","http://www.walmart.com/catalog/catalog.gsp?cat=495843","41.41371","-80.35924","13.4402918442216","Lead Acid (Pb) Batteries; Used Motor Oil; Oil Filters; Computer (Recycling); Computer Monitors; Electronics; Laptop Computers; Computer Peripherals; Printers/Scanners/Fax Machines; Small Televisions; Tablets; Televisions; Video Game Consoles; PlayStation Consoles","false","true","","","false","false","false","false"
"Walmart","Walmart","45 Williamson Rd","Greenville","Mercer","PA","16125","7245890211","0","","http://www.walmart.com","41.41371","-80.35924","13.4402918442216","Lead Acid (Pb) Batteries; Plastic Shopping Bags; Food Storage Bags; Computer (Recycling); Computer Monitors; Electronics; Laptop Computers; Computer Peripherals; Printers/Scanners/Fax Machines; Small Televisions; Tablets; Televisions; Video Game Consoles; PlayStation Consoles","false","true","","","false","false","false","false"
"Main Library","","305 Wick Ave","Youngstown","","OH","44501","3307448636","0","","https://www.libraryvisit.org/locations-hours/main-library/","41.1029914","-80.6464785","13.5035163988759","","false","false","","","false","false","false","false"
"Diver Steel Company","","590 Himrod Ave","Youngstown","","OH","44506","3307445083","0","","","41.0965317","-80.6387832","13.5105905501908","","false","false","","","false","false","false","false"
"Walmart Supercenter","","45 Williamson Rd","Greenville","","PA","16125","7245890211","0","","https://www.walmart.com/","41.4149852","-80.3582089","13.541653225512","","false","false","","","false","false","false","false"
"Walmart Tire and Lube Express","","45 Williamson Rd","Greenville","","PA","16125","7245890211","0","","https://www.walmart.com/cp/ideas/8932632","41.4149852","-80.3582089","13.541653225512","","false","false","","","false","false","false","false"
"911 Cell Phone Bank - Malden Cellular","911 Cell Phone Bank - Malden Cellular","110 5th Ave","Youngstown","Mahoning","OH","44503","8662907864","0","","http://www.911cellphonebank.org/","41.10407","-80.6542","13.7599559745262","Cell Phones; Cameras; Laptop Computers; MP3 Players; Video Games; Video Game Consoles; Smart watches & Apple Watch®
","false","true","Please call to verify drop-off procedures and directions to the location.  For prepaid shipping labels, visit http://www.911cellphonebank.org/drop-off-locations.asp - click on "print shipping label."","","false","false","false","false"
"Youngstown Computer Recycling","","","Youngstown","","OH","44501","3307927955","0","","http://www.youngstowncomputerrecycling.com/","41.0976439","-80.646912","13.7669150327421","","false","false","","","false","false","false","false"
"US Post Office","US Post Office","99 S Walnut St Rm 203","Youngstown","Mahoning","OH","44501","0","0","","https://www.usps.com/ship/recycle-through-usps.htm","41.09814","-80.64765","13.7722602348614","Inkjet Printer Cartridges; Video Game Consoles; PlayStation Consoles","false","true","Free, postage-paid Mail Back envelopes can be found on display in the lobby. There is no limit to the number of envelopes customers may take. The contents of the envelope must weigh less than 13 ounces and the envelope must be able to seal completely. For more details visit<a href="http://www.maxback.com/mxb-postoffice-collaboration" target="_blank">MaxBack</a>.","","false","false","false","false"
"Mahoning County Household Hazardous Waste Collection","","","Youngstown","","OH","44503","3307402060","0","","http://www.mahoningcountyoh.gov","41.0990044","-80.6521139","13.905750434322","","false","false","","","false","false","false","false"
"Struthers Recycling Drop-Off","","71 S Bridge St","Struthers","","OH","44471","3307402060","0","","http://www.mahoningcountyoh.gov","41.0580263","-80.5864096","13.9171565230863","","false","false","","","false","false","false","false"
"Metalico Youngstown Inc","Metalico Youngstown Inc","100 Division Street Ext","Youngstown","Mahoning","OH","44510","3307439000","3307436121","","http://www.youngstowniron.com/","41.12403","-80.67746","13.9225810362316","Aluminum Cans; Aluminum; Lead Acid (Pb) Batteries; Ferrous Metals (Steel or Iron); Large Household Appliances; Non-ferrous (Copper/Brass/Tin); Used Tires; Catalytic Converters; Radiators; Motors; Video Game Consoles; PlayStation Consoles","false","true","","","false","false","false","false"
"Creed The Cleaner","Creed The Cleaner","93 S Bridge St","Struthers","Mahoning","OH","44471","3307552106","0","Monday: 7:30 AM - 5:30 PM Tuesday: 7:30 AM - 5:30 PM Wednesday: 7:30 AM - 5:30 PM Thursday: 7:30 AM - 5:30 PM Friday: 7:30 AM - 5:30 PM Saturday: 7:30 AM - 5:00 PM ","","41.05771","-80.58687","13.9481281561935","Video Game Consoles; PlayStation Consoles","false","true","","","false","false","false","false"
"Diversified Alloy & Metal Inc","Diversified Alloy & Metal Inc","1381 Poland Ave","Youngstown","Mahoning","OH","44502","3307441040","0","","","41.08258","-80.63231","13.9663161915569","Aluminum; Ferrous Metals (Steel or Iron); Non-ferrous (Copper/Brass/Tin); High-Temp Alloys; Special Metals; Video Game Consoles; PlayStation Consoles","false","true","","","false","false","false","false"
"Metalico Youngstown","","100 Division St Ext","Youngstown","","OH","44510","3307439000","0","","http://www.metalicoyoungstown.com/","41.1263155","-80.6804808","13.9722859551675","","false","false","","","false","false","false","false"
"US Trading, Inc.","","1315 Poland Ave","Youngstown","","OH","44502","3307431184","0","","","41.0814448","-80.6315209","13.9968690187703","","false","false","","","false","false","false","false"
"Shenango Valley Mall","null","3303 E. State St. (Rte 62) ","Hermitage","Mercer","PA","16148","8583244111","0","","http://www.ecoatm.com/","41.201446","-80.422287","2.58709686425752","Cell Phones; Tablets; MP3 Players; Computer (Recycling); Computer Monitors; Electronics; Laptop Computers; Computer Peripherals; Printers/Scanners/Fax Machines; Small Televisions; Televisions; Video Game Consoles; PlayStation Consoles","false","true","ecoATM is an automated, consumer self-serve kiosk that quickly buys back and recycles old phones, mp3 players and tablets.
</br>
Call or email <a href="mailto:max@ecoATM.com">customer support</a> with questions.","","false","false","false","false"
"Cash For Cans","Cash For Cans","52 S Water Ave","Sharon","Mercer","PA","16146","7249621894","0","Sunday: 12:00 AM - 11:59 PM Monday: 12:00 AM - 11:59 PM Tuesday: 12:00 AM - 11:59 PM Wednesday: 12:00 AM - 11:59 PM Thursday: 12:00 AM - 11:59 PM Friday: 12:00 AM - 11:59 PM Saturday: 12:00 AM - 11:59 PM ","","41.23215","-80.5104","3.07103774486579","Aluminum Cans; Computer (Recycling); Computer Monitors; Electronics; Laptop Computers; Computer Peripherals; Printers/Scanners/Fax Machines; Small Televisions; Tablets; Televisions; Video Game Consoles; PlayStation Consoles","false","true","This site is located at Pizza Joes.","","false","false","false","false"
"Mercer Co","Mercer Co","200 Stewart Way","Sharon","Mercer","PA","16146","7243474534","0","Monday: 7:00 AM - 3:00 PM Tuesday: 7:00 AM - 3:00 PM Wednesday: 7:00 AM - 3:00 PM Thursday: 7:00 AM - 3:00 PM Friday: 7:00 AM - 3:00 PM ","http://www.mercerco.net","41.22485","-80.50983","3.08002587090076","Aluminum Cans; Aluminum; Ferrous Metals (Steel or Iron); Non-ferrous (Copper/Brass/Tin); Tin or Steel Cans; High-Temp Alloys; Special Metals; Computer (Recycling); Computer Monitors; Electronics; Laptop Computers; Computer Peripherals; Printers/Scanners/Fax Machines; Small Televisions; Tablets; Televisions; Video Game Consoles; PlayStation Consoles","true","true","","","false","false","false","false"
"Trumbull County Recycling Drop-Off Site - Hartford Township","","State St","Masury","","OH","44438","3306752673","0","","https://www.gottagogreen.org","41.2345367","-80.5253497","3.85206802795752","","false","false","","","false","false","false","false"
"Mercer County Recycling Drop-off Site - West Middlesex Area","","North St","West Middlesex","","PA","16159","7249812412","0","","http://countyrecycling.com","41.1742897","-80.4569478","3.98946981338891","","false","false","","","false","false","false","false"
"Diversified Alloy & Metal Inc","","3822 New Castle Road","Pulaski","","PA","16143","3307441040","0","","","41.1608837","-80.4370227","4.96066922708336","","false","false","","","false","false","false","false"
"Trumbull County Recycling Drop-Off Site - Brookfield Township","","774 State Route 7","Brookfield","","OH","44403","3306752673","0","","https://www.gottagogreen.org","41.2385297","-80.566326","5.99419511711441","","false","false","","","false","false","false","false"
"Trumbull County Recycling Drop-Off Site - Hubbard Township","","2600 Elmwood Drive Extension","Hubbard","","OH","44425","3306752673","0","","https://www.gottagogreen.org","41.1726533","-80.5556091","6.79301452226337","","false","false","","","false","false","false","false"
"Trumbull County Christmas Tree Drop-Of Event - Hubbard Township Road Department","","2600 Elmwood Drive","Hubbard","","OH","44425","3306752673","0","","https://www.gottagogreen.org/","41.1636468","-80.557988","7.27908384163131","","false","false","","","false","false","false","false"
"AutoZone","AutoZone","420 N Main St","Hubbard","Trumbull","OH","44425","3305345801","0","","http://www.autozone.com","41.16184","-80.56902","7.80188771359512","Lead Acid (Pb) Batteries; Used Motor Oil; Video Game Consoles; PlayStation Consoles","false","true","Most AutoZone stores accept used motor oil, transmission fluid, gear oil and automotive batteries. Call to see what your local store is currently accepting.","","false","false","false","false"
"My Extreme PC LLC","","44 N Main St","Hubbard","","OH","44425","3305348324","0","","","41.1574187","-80.5690683","7.99701313098478","","false","false","","","false","false","false","false"
"Walgreens","Walgreens","15 S Main St","Hubbard","Trumbull","OH","44425","3305344519","0","","http://www.walgreens.com","41.15565","-80.5688","8.06565532082075","Cell Phones; Inkjet Printer Cartridges; Video Game Consoles; PlayStation Consoles","false","true","","","false","false","false","false"
"Trumbull County Recycling Drop-Off Site - Hubbard City","","33 W Liberty St","Hubbard","","OH","44425","3306752673","0","","https://www.gottagogreen.org","41.155658","-80.570017","8.11332304432565","","false","false","","","false","false","false","false"
"PM Recovery-Greenville Warehouse","PM Recovery-Greenville Warehouse","209 Reynolds Industrial Park Dr","Greenville","Mercer","PA","16125","7246460266","7246460295","","http://www.pmrecovery.com","41.34207","-80.39616","8.13361519537481","Non-ferrous (Copper/Brass/Tin); High-Temp Alloys; Special Metals; Computer (Recycling); Computer Monitors; Electronics; Laptop Computers; Computer Peripherals; Printers/Scanners/Fax Machines; Small Televisions; Tablets; Televisions; Video Game Consoles; PlayStation Consoles","false","true","","","false","false","false","false"
"Lawrence County Recycling Drop-off Site - Pulaski Township","","Route 208","Pulaski","","PA","16143","7246582541","0","","http://co.lawrence.pa.us","41.1134127","-80.4322824","8.24414503178143","","false","false","","","false","false","false","false"
"PM Recovery-Greenville Warehouse","","209 Reynolds Industrial Park Road","Greenville","","PA","16125","7246460266","0","","http://www.pmrecovery.com/","41.3507437","-80.4057208","8.54656177091973","","false","false","","","false","false","false","false"
"O'Reilly Auto Parts","","840 W Liberty St","Hubbard","","OH","44425","3305347789","0","","http://oreillyauto.custhelp.com/app/error/error_id/6","41.1569418","-80.5831177","8.58897245529145","","false","false","","","false","false","false","false"
"Cash For Cans","Cash For Cans","135 Youngstown Hubbard Rd","Hubbard","Trumbull","OH","44425","7249621894","0","Sunday: 12:00 AM - 11:59 PM Monday: 12:00 AM - 11:59 PM Tuesday: 12:00 AM - 11:59 PM Wednesday: 12:00 AM - 11:59 PM Thursday: 12:00 AM - 11:59 PM Friday: 12:00 AM - 11:59 PM Saturday: 12:00 AM - 11:59 PM ","","41.15529","-80.58586","8.77159190905612","Aluminum Cans; Video Game Consoles; PlayStation Consoles","false","true","This site is located at the Hub Restaurant formerly known as the Hubbard Family Restaurant and Juliano's.","","false","false","false","false"
"USPS Post Office Box Lobby Recycling Program","US Post Office","425 State Route 208","New Bedford","Lawrence","PA","16140","8002758777","0","","https://www.usps.com/","41.09778","-80.50374","9.65790029633339","Catalogs; Greeting Cards; Magazines; Paper (Mixed)","false","true","","","false","false","false","false"
