name,description,address,city,region,province,postal_code,phone,fax,hours,url,latitude,longitude,distance,materials,pickup,dropoff,notes,groups,curbside,municipal,national,event_only
"County Environmental Service Drop-off Site","County Environmental Service Drop-off Site","344 Walley Run Dr","Leeper","Clarion","PA","16233","8006625222","0","Sunday: 12:00 AM - 11:59 PM Monday: 12:00 AM - 11:59 PM Tuesday: 12:00 AM - 11:59 PM Wednesday: 12:00 AM - 11:59 PM Thursday: 12:00 AM - 11:59 PM Friday: 12:00 AM - 11:59 PM Saturday: 12:00 AM - 11:59 PM ","","41.38734","-79.28503","1.57254364764358","Plastic #1 (PETE); Plastic #2 (HDPE); Plastic #2 (Color HDPE); Aluminum Cans; Glass (Brown); Glass (Clear); Glass (Green); Newspapers; Tin or Steel Cans; Computer (Recycling); Computer Monitors; Electronics; Laptop Computers; Computer Peripherals; Printers/Scanners/Fax Machines; Small Televisions; Tablets; Televisions; Video Game Consoles; PlayStation Consoles","false","true","","","false","false","false","false"
"USPS Post Office Box Lobby Recycling Program","US Post Office","8517 Route 949","Sigel","Jefferson","PA","15860","8002758777","0","","https://www.usps.com/","41.27486","-79.11196","10.330033219791","Catalogs; Greeting Cards; Magazines; Paper (Mixed)","false","true","","","false","false","false","false"
"US Post Office","USPS Discarded Lobby Mail Recycling Program","8517 Route 949","Sigel","Jefferson","PA","15860","0","0","","","41.27486","-79.11196","10.330033219791","Computer (Recycling); Computer Monitors; Electronics; Laptop Computers; Computer Peripherals; Printers/Scanners/Fax Machines; Small Televisions; Tablets; Televisions; Video Game Consoles; PlayStation Consoles","false","true","","","false","false","false","false"
"Battery Warehouse","Battery Warehouse","11041 Route 322","Shippenville","Clarion","PA","16254","8142272123","0","Monday: 8:00 AM - 5:30 PM Tuesday: 8:00 AM - 5:30 PM Wednesday: 8:00 AM - 5:30 PM Thursday: 8:00 AM - 5:30 PM Friday: 8:00 AM - 5:30 PM Saturday: 9:00 AM - 2:00 PM ","http://www.venustel.com/","41.23712","-79.41739","12.6196650046218","Cell Phones; Ni-Cd Batteries; Li-Ion Batteries; Ni-MH Batteries; Ni-Zn Batteries; Small Sealed Lead Acid Batteries; Computer (Recycling); Computer Monitors; Electronics; Laptop Computers; Computer Peripherals; Printers/Scanners/Fax Machines; Small Televisions; Tablets; Televisions; Video Game Consoles; PlayStation Consoles","false","true","The U.S. EPA estimates that more than 350 million rechargeable batteries are purchased annually in the U.S. Thanks to the environmental commitment of this location, its easy and free to recycle your batteries. Bring your rechargeable batteries to this location and look for the recycling box or ask an associate how you can do your part for the environment.","","false","false","false","false"
"Riverhill Battery House","","11141 Rte 322","Shippenville","","PA","16254","8142272123","0","","","41.2070761","-79.3640931","12.8642738453782","","false","false","","","false","false","false","false"
"Pennies from Heaven","","305 W Main St","Clarion","","PA","16214","8142267290","0","","","41.216324","-79.3886581","12.9053768761591","","false","false","","","false","false","false","false"
"Clarion Borough Christmas Tree Recycling Drop-off Site","","1148 Veterans Dr","Clarion","","PA","16214","8142264000","0","","http://clarionboro.org/recycling-schedule/","41.2083616","-79.3735561","13.0011614838391","","false","false","","","false","false","false","false"
"Triple "S" Recycling","Triple "S" Recycling","435 Elm St ","Tionesta","Forest County","PA","16353","8143547327","0","Monday: 8:00 AM - 4:00 PM Tuesday: 8:00 AM - 4:00 PM Wednesday: 8:00 AM - 4:00 PM Thursday: 8:00 AM - 4:00 PM Friday: 8:00 AM - 4:00 PM Saturday: 8:00 AM - 12:00 PM ","null","41.4953267","-79.4566116","13.1575912850095","Aerosol Spray Cans; Aluminum Cans; Ferrous Metals (Steel or Iron); Large Household Appliances; Non-ferrous (Copper/Brass/Tin); Tin or Steel Cans; Computer (Recycling); Computer Monitors; Electronics; Laptop Computers; Computer Peripherals; Printers/Scanners/Fax Machines; Small Televisions; Tablets; Televisions; Video Game Consoles; PlayStation Consoles","false","true","","","false","false","false","false"
"USPS Post Office Box Lobby Recycling Program","US Post Office","446 Olean Rd","Corsica","Jefferson","PA","15829","8002758777","0","","https://www.usps.com/","41.18477","-79.19929","13.5496678223537","Catalogs; Greeting Cards; Magazines; Paper (Mixed)","false","true","","","false","false","false","false"
"US Post Office","USPS Discarded Lobby Mail Recycling Program","446 Olean Rd","Corsica","Jefferson","PA","15829","0","0","","","41.18477","-79.19929","13.5496678223537","Computer (Recycling); Computer Monitors; Electronics; Laptop Computers; Computer Peripherals; Printers/Scanners/Fax Machines; Small Televisions; Tablets; Televisions; Video Game Consoles; PlayStation Consoles","false","true","","","false","false","false","false"
"Zacherl Motor Truck Sales","Zacherl Motor Truck Sales","795 Greenville Pike","Clarion","Clarion","PA","16214","8142268584","0","","null","41.19613","-79.37386","13.765112455877","Used Motor Oil; Computer (Recycling); Computer Monitors; Electronics; Laptop Computers; Computer Peripherals; Printers/Scanners/Fax Machines; Small Televisions; Tablets; Televisions; Video Game Consoles; PlayStation Consoles","false","true","","","false","false","false","false"
"JCPenney","","22631 State Route 68","Clarion","","PA","16214","8142269160","0","","https://www.jcpenney.com/","41.1937985","-79.3945224","14.4031229705053","","false","false","","","false","false","false","false"
"Walmart Supercenter","","63 Perkins Rd","Clarion","","PA","16214","8142260809","0","","https://www.walmart.com/","41.1899262","-79.3935019","14.6118343794576","","false","false","","","false","false","false","false"
"Walmart Tire and Lube Express","","63 Perkins Rd","Clarion","","PA","16214","8142260809","0","","https://www.walmart.com/cp/ideas/8932632","41.1899262","-79.3935019","14.6118343794576","","false","false","","","false","false","false","false"
"Hickory Video Drop-off Site","","Route 62 South","East Hickory","","PA","16321","8144633716","0","","","41.57","-79.39","15.0412072383398","","false","false","","","false","false","false","false"
"Tractor Supply","","26 Commerce Road","Clarion","","PA","16214","8142272580","0","","https://www.tractorsupply.com/","41.181458","-79.396301","15.1961747971893","","false","false","","","false","false","false","false"
"Blair Auto Service","","1135 Rte 36 S","Duncansville","","PA","16635","8146953673","0","","","41.1879889","-79.1046703","15.2431312963817","","false","false","","","false","false","false","false"
"Himes Sales & Service","","2442 East End Rd","Shippenville","","PA","16254","8142264634","0","","","41.199955","-79.448863","15.639629407922","","false","false","","","false","false","false","false"
"Jefferson County Recycling Drop-off Site - Rose Township","","Maplevale Rd and Miller Dr","Brookville","","PA","15825","8143285361","0","","http://www.jeffersoncountypa.com","41.1782986","-79.1028344","15.8654286443139","","false","false","","","false","false","false","false"
"Forest County Recycling Drop-off Site - Hickory Video","","Route 62","Hickory","","PA","16321","8144637321","0","","","41.5824549","-79.4031608","16.1176550003245","","false","false","","","false","false","false","false"
"USPS Post Office Box Lobby Recycling Program","US Post Office","200 Main St","Knox Dale","Jefferson","PA","15847","8002758777","0","","https://www.usps.com/","41.16225","-79.08175","17.3825827661468","Catalogs; Greeting Cards; Magazines; Paper (Mixed)","false","true","","","false","false","false","false"
"US Post Office","USPS Discarded Lobby Mail Recycling Program","200 Main St","Knox Dale","Jefferson","PA","15847","0","0","","","41.16225","-79.08175","17.3825827661468","Computer (Recycling); Computer Monitors; Electronics; Laptop Computers; Computer Peripherals; Printers/Scanners/Fax Machines; Small Televisions; Tablets; Televisions; Video Game Consoles; PlayStation Consoles","false","true","","","false","false","false","false"
"USPS Post Office Box Lobby Recycling Program","US Post Office","67 White St","Brookville","Jefferson","PA","15825","8002758777","0","","https://www.usps.com/","41.15857","-79.07998","17.6471683241966","Catalogs; Greeting Cards; Magazines; Paper (Mixed)","false","true","","","false","false","false","false"
"US Post Office","USPS Discarded Lobby Mail Recycling Program","67 White St","Brookville","Jefferson","PA","15825","0","0","","","41.15857","-79.07998","17.6471683241966","Computer (Recycling); Computer Monitors; Electronics; Laptop Computers; Computer Peripherals; Printers/Scanners/Fax Machines; Small Televisions; Tablets; Televisions; Video Game Consoles; PlayStation Consoles","false","true","","","false","false","false","false"
"Corny's Sales and Service","Corny's Sales and Service","6845 Route 208","Knox","Clarion","PA","16232","8147975937","0","Monday: 8:00 AM - 5:00 PM Tuesday: 8:00 AM - 5:00 PM Wednesday: 8:00 AM - 5:00 PM Thursday: 8:00 AM - 5:00 PM Friday: 8:00 AM - 5:00 PM Saturday: 8:00 AM - 12:00 PM ","","41.23656","-79.54629","17.7415120724628","Used Tires; Computer (Recycling); Computer Monitors; Electronics; Laptop Computers; Computer Peripherals; Printers/Scanners/Fax Machines; Small Televisions; Tablets; Televisions; Video Game Consoles; PlayStation Consoles","false","true","","","false","false","false","false"
"Jefferson County Recycling Drop-off Site - Summerville Borough","","Water St","Summerville","","PA","15864","8143285361","0","","http://www.jeffersoncountypa.com/solid-waste-authority/","41.1174035","-79.1885334","18.2162185973154","","false","false","","","false","false","false","false"
"USPS Post Office Box Lobby Recycling Program","US Post Office","170 State St","Summerville","Jefferson","PA","15864","8002758777","0","","https://www.usps.com/","41.11592","-79.18561","18.3475854765117","Catalogs; Greeting Cards; Magazines; Paper (Mixed)","false","true","","","false","false","false","false"
"US Post Office","USPS Discarded Lobby Mail Recycling Program","170 State St","Summerville","Jefferson","PA","15864","0","0","","","41.11592","-79.18561","18.3475854765117","Computer (Recycling); Computer Monitors; Electronics; Laptop Computers; Computer Peripherals; Printers/Scanners/Fax Machines; Small Televisions; Tablets; Televisions; Video Game Consoles; PlayStation Consoles","false","true","","","false","false","false","false"
"Jefferson County Recycling Drop-off Site - Pinecreek Township Building","","1531 Kerner Road","Brookville","","PA","15825","8143285361","0","","http://www.jeffersoncountypa.com/solid-waste-authority/","41.127682","-78.9817457","22.3821343503303","","false","false","","","false","false","false","false"
"Venango County Recycling Drop-off Site - Pleasantville Borough Garage","","Merrick St","Pleasantville","","PA","16341","8144329684","0","","https://www.co.venango.pa.us","41.5969188","-79.5834545","22.7082176246335","","false","false","","","false","false","false","false"
"Venango Training & Development Center","","241 Quaker Dr","Seneca","","PA","16346","8146765755","0","","","41.377771","-79.70733","23.2450203017149","","false","false","","","false","false","false","false"
"Giant Eagle","Giant Eagle","602 E 2nd St","Oil City","Venango","PA","16301","8146766121","0","Sunday: 12:00 AM - 11:59 PM Monday: 12:00 AM - 11:59 PM Tuesday: 12:00 AM - 11:59 PM Wednesday: 12:00 AM - 11:59 PM Thursday: 12:00 AM - 11:59 PM Friday: 12:00 AM - 11:59 PM Saturday: 12:00 AM - 11:59 PM ","null","41.42627","-79.70409","23.3311993762062","Plastic Shopping Bags; Food Storage Bags; Computer (Recycling); Computer Monitors; Electronics; Laptop Computers; Computer Peripherals; Printers/Scanners/Fax Machines; Small Televisions; Tablets; Televisions; Video Game Consoles; PlayStation Consoles","false","true","","","false","false","false","false"
"Walmart","Walmart","10 Kimberly Ln","Cranberry","Venango","PA","16319","8146780037","0","","http://www.walmart.com","41.34796","-79.70847","23.3876140643759","Lead Acid (Pb) Batteries; Plastic Shopping Bags; Food Storage Bags; Computer (Recycling); Computer Monitors; Electronics; Laptop Computers; Computer Peripherals; Printers/Scanners/Fax Machines; Small Televisions; Tablets; Televisions; Video Game Consoles; PlayStation Consoles","false","true","","","false","false","false","false"
"Sam Magdovitz & Company","Sam Magdovitz & Company","316 E 3rd St ","Oil City","Venango County","PA","16301","8146773083","0","","","41.42664","-79.706131","23.4395449583395","Plastic #1 (PETE); Plastic #2 (HDPE); Plastic #2 (Color HDPE); Aluminum Cans; Glass (Brown); Cardboard; Glass (Clear); Glass (Green); Tin or Steel Cans; Computer (Recycling); Computer Monitors; Electronics; Laptop Computers; Computer Peripherals; Printers/Scanners/Fax Machines; Small Televisions; Tablets; Televisions; Video Game Consoles; PlayStation Consoles","false","true","","","false","false","false","false"
"Sligo Auto Salvage","Sligo Auto Salvage","12057 PA-68 ","Rimersburg","Clarion County","PA","16248","8147453300","0","Monday: 8:00 AM - 5:00 PM Tuesday: 8:00 AM - 5:00 PM Wednesday: 8:00 AM - 5:00 PM Thursday: 8:00 AM - 5:00 PM Friday: 8:00 AM - 5:00 PM ","null","41.0822487","-79.4854631","23.4420748475478","Ferrous Metals (Steel or Iron); Computer (Recycling); Computer Monitors; Electronics; Laptop Computers; Computer Peripherals; Printers/Scanners/Fax Machines; Small Televisions; Tablets; Televisions; Video Game Consoles; PlayStation Consoles","false","true","","","false","false","false","false"
"Sam Magdovitz & Company","Sam Magdovitz & Company","110 Pine St ","Oil City","Venango County","PA","16301","8146772539","0","Tuesday: 10:00 AM - 6:00 PM Wednesday: 10:00 AM - 6:00 PM Saturday: 9:00 AM - 3:00 PM ","null","41.427296","-79.707256","23.5039041935399","Plastic #1 (PETE); Plastic #2 (HDPE); Plastic #2 (Color HDPE); Aluminum Cans; Glass (Brown); Cardboard; Glass (Clear); Glass (Green); Tin or Steel Cans; Computer (Recycling); Computer Monitors; Electronics; Laptop Computers; Computer Peripherals; Printers/Scanners/Fax Machines; Small Televisions; Tablets; Televisions; Video Game Consoles; PlayStation Consoles","false","true","","","false","false","false","false"
"Sam Magdovitz & Company","","110 Pine St","Oil City","","PA","16301","8146772539","0","","","41.427296","-79.707256","23.5039041935399","","false","false","","","false","false","false","false"
"USPS Post Office Box Lobby Recycling Program","US Post Office","302 E 2nd St","Oil City","Venango","PA","16301","8002758777","0","","https://www.usps.com/","41.42801","-79.70742","23.5197099815123","Catalogs; Greeting Cards; Magazines; Paper (Mixed)","false","true","","","false","false","false","false"
"US Post Office","USPS Discarded Lobby Mail Recycling Program","302 E 2nd St","Oil City","Venango","PA","16301","0","0","","","41.42801","-79.70742","23.5197099815123","Computer (Recycling); Computer Monitors; Electronics; Laptop Computers; Computer Peripherals; Printers/Scanners/Fax Machines; Small Televisions; Tablets; Televisions; Video Game Consoles; PlayStation Consoles","false","true","","","false","false","false","false"
"JCPenney","","6945 U.S. 322","Cranberry","","PA","16323","8146762691","0","","https://www.jcpenney.com/","41.3531178","-79.7157987","23.739385525885","","false","false","","","false","false","false","false"
"Walmart Supercenter","","10 Kimberly Ln","Cranberry","","PA","16319","8146780037","0","","https://www.walmart.com/","41.3493072","-79.7182529","23.885713096048","","false","false","","","false","false","false","false"
"Walmart Tire and Lube Express","","10 Kimberly Ln","Cranberry","","PA","16319","8146780037","0","","https://www.walmart.com/cp/ideas/8932632","41.3493072","-79.7182529","23.885713096048","","false","false","","","false","false","false","false"
"Cherry Grove Township Recycling Drop-Off Site","","Cherry Grove Rd","Cherry Grove","","PA","16365","8149683261","0","","http://wcswa.tripod.com/dsite.html","41.708104","-79.1301289","23.9134523294437","","false","false","","","false","false","false","false"
"Staples","","6910 U.S. 322","Cranberry","","PA","16319","8146786737","0","","https://www.staples.com/sbd/cre/marketing/sustainability-center/recycling-services/","41.3511167","-79.7202688","23.9804375258596","","false","false","","","false","false","false","false"
"Tractor Supply","","6885 US 322","Franklin","","PA","16323","8146761535","0","","https://www.tractorsupply.com/","41.3531797","-79.7207947","23.9976025375619","","false","false","","","false","false","false","false"
"Home Depot","","6874 US-322","Franklin","","PA","16323","8146772075","0","","https://ecooptions.homedepot.com/","41.3492993","-79.7233365","24.1486049695368","","false","false","","","false","false","false","false"
"Jefferson County Recycling Drop-off Site - Oliver Township","","767 Coolspring Road","Coolspring","","PA","15730","8143285361","0","","http://www.jeffersoncountypa.com/solid-waste-authority/","41.047077","-79.0890822","24.3604440067309","","false","false","","","false","false","false","false"
"Home Depot","Home Depot","6874 US 322","Franklin","Venango","PA","16323","8146772075","0","","http://www.homedepot.com","41.35407","-79.72834","24.3840309943823","Compact Fluorescent Lights; Batteries (Rechargeable); Computer (Recycling); Computer Monitors; Electronics; Laptop Computers; Computer Peripherals; Printers/Scanners/Fax Machines; Small Televisions; Tablets; Televisions; Video Game Consoles; PlayStation Consoles","false","true","Home Depot accepts compact fluorescent bulbs and used power tool rechargeable batteries. Look for the orange drop boxes, usually located near the front entrance near the customer service desk.","","false","false","false","false"
"Call2Recycle at the Home Depot","Call2Recycle at the Home Depot","6874 US 322","Franklin","Venango","PA","16323","8146772075","0","","http://www.homedepot.com/","41.35407","-79.72834","24.3840309943823","Cell Phones; Compact Fluorescent Lights; Ni-Cd Batteries; Li-Ion Batteries; Ni-MH Batteries; Ni-Zn Batteries; Small Sealed Lead Acid Batteries; Computer (Recycling); Computer Monitors; Electronics; Laptop Computers; Computer Peripherals; Printers/Scanners/Fax Machines; Small Televisions; Tablets; Televisions; Video Game Consoles; PlayStation Consoles; Batteries (Rechargeable); Cell Phone Batteries; Li-Ion Batteries; Ni-Cd Batteries; Ni-MH Batteries; Small Sealed Lead Acid Batteries","false","true","The Home Depot accepts used rechargeable batteries and compact fluorescent bulbs. Look for the orange drop boxes, usually located near the front entrance near the customer service desk, or ask a store associate for more details.","Call2Recycle","false","false","false","false"
"Tractor Supply","Tractor Supply","6885 US 322","Franklin","Venango","PA","16323","8146761535","0","","http://www.tractorsupply.com","41.35445","-79.72907","24.4201499977341","Transmission Fluid; Used Motor Oil; Computer (Recycling); Computer Monitors; Electronics; Laptop Computers; Computer Peripherals; Printers/Scanners/Fax Machines; Small Televisions; Tablets; Televisions; Video Game Consoles; PlayStation Consoles","false","true","","","false","false","false","false"
"Huntington Foam Corp","","11 Industrial Park Dr","Brockway","","PA","15824","8142658930","0","","http://hunt-sol.com","41.2538362","-78.8025459","25.1369883176356","","false","false","","","false","false","false","false"
"Call2Recycle at True Value of Brockway","Call2Recycle at True Value of Brockway","261 Main St ","Brockway","Jefferson County","PA","15824","8142688142","0","","http://www.truevalue.com/","41.2494337","-78.8009621","25.3183790768233","Cell Phones; Ni-Cd Batteries; Li-Ion Batteries; Ni-MH Batteries; Ni-Zn Batteries; Small Sealed Lead Acid Batteries; Computer (Recycling); Computer Monitors; Electronics; Laptop Computers; Computer Peripherals; Printers/Scanners/Fax Machines; Small Televisions; Tablets; Televisions; Video Game Consoles; PlayStation Consoles","false","true","The U.S. EPA estimates that more than 350 million rechargeable batteries are purchased annually in the U.S. Thanks to the environmental commitment of this location, its easy and free to recycle your batteries. Bring your rechargeable batteries to this location and look for the recycling box or ask an associate how you can do your part for the environment.","","false","false","false","false"
"USPS Post Office Box Lobby Recycling Program","US Post Office","300 Main St","Brockway","Jefferson","PA","15824","8002758777","0","","https://www.usps.com/","41.24921","-78.80017","25.3623312835193","Catalogs; Greeting Cards; Magazines; Paper (Mixed)","false","true","","","false","false","false","false"
"US Post Office","USPS Discarded Lobby Mail Recycling Program","300 Main St","Brockway","Jefferson","PA","15824","0","0","","","41.24921","-78.80017","25.3623312835193","Computer (Recycling); Computer Monitors; Electronics; Laptop Computers; Computer Peripherals; Printers/Scanners/Fax Machines; Small Televisions; Tablets; Televisions; Video Game Consoles; PlayStation Consoles","false","true","","","false","false","false","false"
"USPS Post Office Box Lobby Recycling Program","US Post Office","120 Main St","Oak Ridge","Armstrong","PA","16245","8002758777","0","","https://www.usps.com/","41.00957","-79.29667","25.37098103469","Catalogs; Greeting Cards; Magazines; Paper (Mixed)","false","true","","","false","false","false","false"
"Sweet Soil","","P. O. Box 187","Brockway","","PA","15825","8142651586","0","","","41.2492279","-78.7994738","25.3958226823921","","false","false","","","false","false","false","false"
"Sheffield Township Recycling Drop-Off Site","","Elk St","Sheffield","","PA","16347","8149683906","0","","http://wcswa.tripod.com/dsite.html","41.7018449","-79.0322575","25.4016749474933","","false","false","","","false","false","false","false"
"Quality Market","","Leather St","Sheffield","","PA","16347","8149683014","0","","","41.7022062","-79.0328193","25.4104219239244","","false","false","","","false","false","false","false"
"Quality Market","Quality Market","9 Leather St ","Warren","Warren County","PA","16365","8149683014","0","Sunday: 12:00 AM - 11:59 PM Monday: 12:00 AM - 11:59 PM Tuesday: 12:00 AM - 11:59 PM Wednesday: 12:00 AM - 11:59 PM Thursday: 12:00 AM - 11:59 PM Friday: 12:00 AM - 11:59 PM Saturday: 12:00 AM - 11:59 PM ","null","41.7024339","-79.032871","25.4231502062937","Plastic Shopping Bags; Food Storage Bags; Computer (Recycling); Computer Monitors; Electronics; Laptop Computers; Computer Peripherals; Printers/Scanners/Fax Machines; Small Televisions; Tablets; Televisions; Video Game Consoles; PlayStation Consoles","false","true","The recycle bin is located in front of the store.","","false","false","false","false"
"Together 4 Earth Recycling","","1927 Allegheny Blvd","Reno","","PA","16343","8146765983","0","","","41.4089978","-79.7504147","25.575865823366","","false","false","","","false","false","false","false"
"General Truck Sales","General Truck Sales","525 Broad St","New Bethlehem","Clarion","PA","16242","8142752313","0","Monday: 8:00 AM - 5:00 PM Tuesday: 8:00 AM - 5:00 PM Wednesday: 8:00 AM - 5:00 PM Thursday: 8:00 AM - 5:00 PM Friday: 8:00 AM - 5:00 PM Saturday: 8:00 AM - 12:00 PM ","","41.00197","-79.3289","26.074973059396","Used Motor Oil; Computer (Recycling); Computer Monitors; Electronics; Laptop Computers; Computer Peripherals; Printers/Scanners/Fax Machines; Small Televisions; Tablets; Televisions; Video Game Consoles; PlayStation Consoles","false","true","","","false","false","false","false"
"Together 4 Earth Recycling","Together 4 Earth Recycling","1927 Allegheny Blvd ","Sugarcreek","Venango County","PA","16343","8146765983","0","Monday: 8:00 AM - 4:00 PM Tuesday: 8:00 AM - 4:00 PM Wednesday: 8:00 AM - 4:00 PM Thursday: 8:00 AM - 4:00 PM Friday: 8:00 AM - 4:00 PM Saturday: 8:00 AM - 11:59 PM ","http://www.t4erecycling.com","41.4146687","-79.7636293","26.2941861238889","Plastic #1 (PETE); Plastic #2 (HDPE); Plastic #2 (Color HDPE); Plastic #3 (PVC); Plastic #4 (LDPE); Plastic #5 (Polypropylene); Plastic #6 (Polystyrene); Plastic #7; Book Recycling; Glass (Brown); Glass (Clear); Glass (Green); Newspapers; Tin or Steel Cans; Office Paper; Computer (Recycling); Computer Monitors; Electronics; Laptop Computers; Computer Peripherals; Printers/Scanners/Fax Machines; Small Televisions; Tablets; Televisions; Video Game Consoles; PlayStation Consoles","false","true","","","false","false","false","false"
"USPS Post Office Box Lobby Recycling Program","US Post Office","350 E Main St","Reynoldsville","Jefferson","PA","15851","8002758777","0","","https://www.usps.com/","41.10191","-78.8985","26.6179903385855","Catalogs; Greeting Cards; Magazines; Paper (Mixed)","false","true","","","false","false","false","false"
"US Post Office","USPS Discarded Lobby Mail Recycling Program","350 E Main St","Reynoldsville","Jefferson","PA","15851","0","0","","","41.10191","-78.8985","26.6179903385855","Computer (Recycling); Computer Monitors; Electronics; Laptop Computers; Computer Peripherals; Printers/Scanners/Fax Machines; Small Televisions; Tablets; Televisions; Video Game Consoles; PlayStation Consoles","false","true","","","false","false","false","false"
"NAPA Auto Parts","NAPA Auto Parts","229 Main St ","Rimersburg","Clarion County","PA","16248","8144733099","0","Monday: 8:00 AM - 5:00 PM Tuesday: 8:00 AM - 5:00 PM Wednesday: 8:00 AM - 5:00 PM Thursday: 8:00 AM - 5:00 PM Friday: 8:00 AM - 5:00 PM Saturday: 8:00 AM - 12:00 PM ","","41.0376393","-79.5058208","26.648250600349","Lead Acid (Pb) Batteries; Computer (Recycling); Computer Monitors; Electronics; Laptop Computers; Computer Peripherals; Printers/Scanners/Fax Machines; Small Televisions; Tablets; Televisions; Video Game Consoles; PlayStation Consoles","false","true","","","false","false","false","false"
"Elk County Recycling Drop-Off Site - Ridgway Township","","164 Ridgway Drive","Ridgway","","PA","15853","8147765373","0","","http://www.co.elk.pa.us/index.php/recycling-solid-waste-office-homepage","41.4224747","-78.7479972","26.6781892931224","","false","false","","","false","false","false","false"
"Foster Wineland Inc.","","120 Ridgway Dr","Ridgway","","PA","15853","8147722292","0","","","41.4226454","-78.747537","26.7032596034191","","false","false","","","false","false","false","false"
"Foster Wineland Inc.","Foster Wineland Inc.","120 Ridgway Dr ","Ridgway","Elk County","PA","15853","8147722292","0","Monday: 8:00 AM - 5:00 PM Tuesday: 8:00 AM - 5:00 PM Wednesday: 8:00 AM - 5:00 PM Thursday: 8:00 AM - 5:00 PM Friday: 8:00 AM - 5:00 PM ","","41.4228242","-78.7475384","26.7046550166766","Transmission Fluid; Used Motor Oil; Computer (Recycling); Computer Monitors; Electronics; Laptop Computers; Computer Peripherals; Printers/Scanners/Fax Machines; Small Televisions; Tablets; Televisions; Video Game Consoles; PlayStation Consoles","false","true","","","false","false","false","false"
"Jefferson County Recycling Drop-off Site - Ringgold Township Fire Hall","","2253 Ringgold Timblin Road","Ringgold","","PA","15770","8143285361","0","","https://www.jeffersoncountypa.com/solid-waste-authority/","40.992087","-79.1698734","26.9049264003225","","false","false","","","false","false","false","false"
"Venango County Recycling Drop-off Site - Cherrytree Township Municipal Building","","1311 Cherrytree Rd","Titusville","","PA","16354","8144329684","0","","https://www.co.venango.pa.us","41.574025","-79.7086547","27.0118266763809","","false","false","","","false","false","false","false"
"Jefferson County Recycling Drop-off Site - Reynoldsville Maintenance Building","","S 5th Street","Reynoldsville","","PA","15851","8143285361","0","","http://www.jeffersoncountypa.com/solid-waste-authority/","41.0951467","-78.8883535","27.321669981799","","false","false","","","false","false","false","false"
"Evergreen Auto Sales","Evergreen Auto Sales","4838 US 322","Franklin","Venango","PA","16323","8144322663","0","Monday: 8:00 AM - 4:00 PM Tuesday: 8:00 AM - 4:00 PM Wednesday: 8:00 AM - 4:00 PM Thursday: 8:00 AM - 4:00 PM Friday: 8:00 AM - 4:00 PM ","null","41.36961","-79.78611","27.333749094065","Used Motor Oil; Computer (Recycling); Computer Monitors; Electronics; Laptop Computers; Computer Peripherals; Printers/Scanners/Fax Machines; Small Televisions; Tablets; Televisions; Video Game Consoles; PlayStation Consoles","false","true","Please call for an appointment to drop-off oil.","","false","false","false","false"
"Mountain Metals","Mountain Metals","5 Tanner St ","Ridgway","Elk County","PA","15853","8147761395","0","","","41.425751","-78.734725","27.3880738853361","Aluminum Cans; Ferrous Metals (Steel or Iron); Computer (Recycling); Computer Monitors; Electronics; Laptop Computers; Computer Peripherals; Printers/Scanners/Fax Machines; Small Televisions; Tablets; Televisions; Video Game Consoles; PlayStation Consoles","false","true","","","false","false","false","false"
"Mountain Metals","","5 Tanner St","Ridgway","","PA","15853","8147761395","0","","","41.4255235","-78.7344688","27.3993126595761","","false","false","","","false","false","false","false"
"NAPA Auto Parts","","22 Main St","Ridgway","","PA","15853","8147720141","0","","","41.4204646","-78.7333173","27.4179367202031","","false","false","","","false","false","false","false"
"911 Cell Phone Bank - Office Of Neighborhood And Community Affairs","911 Cell Phone Bank - Office Of Neighborhood And Community Affairs","118 Center St","Ridgway","Elk","PA","15853","8662907864","0","","http://www.911cellphonebank.org/","41.41973","-78.73206","27.4771697617835","Cell Phones; Cameras; Laptop Computers; MP3 Players; Video Games; Video Game Consoles; Smart watches & Apple Watch®
","false","true","Please call to verify drop-off procedures and directions to the location.  For prepaid shipping labels, visit http://www.911cellphonebank.org/drop-off-locations.asp - click on "print shipping label."","","false","false","false","false"
"USPS Post Office Box Lobby Recycling Program","US Post Office","18 S Mill Ave","Ridgway","Elk","PA","15853","8002758777","0","","https://www.usps.com/","41.4204","-78.73048","27.5635629291248","Catalogs; Greeting Cards; Magazines; Paper (Mixed)","false","true","","","false","false","false","false"
"US Post Office","USPS Discarded Lobby Mail Recycling Program","18 S Mill Ave","Ridgway","Elk","PA","15853","0","0","","","41.4204","-78.73048","27.5635629291248","Computer (Recycling); Computer Monitors; Electronics; Laptop Computers; Computer Peripherals; Printers/Scanners/Fax Machines; Small Televisions; Tablets; Televisions; Video Game Consoles; PlayStation Consoles","false","true","","","false","false","false","false"
"Venango County Recycling Drop-off Site - Oakland Township","","471 Beach Rd","Oakland","","PA","16301","8144329684","0","","https://www.co.venango.pa.us","41.4839698","-79.7713817","27.5776378418513","","false","false","","","false","false","false","false"
"Venango County Recycling Drop-off Site - Oakland Township","","471 Beach Rd","Oakland","","PA","16301","8144329684","0","","https://www.co.venango.pa.us","41.4839698","-79.7713817","27.5776378418513","","false","false","","","false","false","false","false"
"Titusville City Compost Facility","","107 N Franklin St","Titusville","","PA","16354","8148275300","0","","","41.6274567","-79.6736934","27.6238510424972","","false","false","","","false","false","false","false"
"Elk County Household Hazardous Waste Collection Program","","","Ridgway","","PA","15853","8147765373","0","","http://www.co.elk.pa.us/index.php/recycling-solid-waste-office-homepage","41.4203391","-78.7286388","27.6579299632812","","false","false","","","false","false","false","false"
"Elk County Recycling Office","Elk County Recycling Office","300 Center St","Ridgway","Elk","PA","15853","8147765373","0","","http://www.co.elk.pa.us/","41.42097","-78.72863","27.6631461730775","Cell Phones; Ni-Cd Batteries; Li-Ion Batteries; Ni-MH Batteries; Ni-Zn Batteries; Small Sealed Lead Acid Batteries; Computer (Recycling); Computer Monitors; Electronics; Laptop Computers; Computer Peripherals; Printers/Scanners/Fax Machines; Small Televisions; Tablets; Televisions; Video Game Consoles; PlayStation Consoles","false","true","The U.S. EPA estimates that more than 350 million rechargeable batteries are purchased annually in the U.S. Thanks to the environmental commitment of this location, its easy and free to recycle your rechargeable batteries. Look for the recycling box or ask a staff member how you can do your part for the environment.","","false","false","false","false"
"BiLo-Ridgway","","1 Baker Alley","Ridgway","","PA","15853","8147721334","0","","","41.4232801","-78.7285786","27.6838100399069","","false","false","","","false","false","false","false"
"Monro","","501 West Central Avenue","Titusville","","PA","16354","8148278181","0","","https://www.monro.com/","41.6267109","-79.6807965","27.8783463811374","","false","false","","","false","false","false","false"
"Monro","Monro","562 Allegheny Blvd","Franklin","Venango","PA","16323","8144323995","0","Monday: 7:30 AM - 7:00 PM Tuesday: 7:30 AM - 7:00 PM Wednesday: 7:30 AM - 7:00 PM Thursday: 7:30 AM - 7:00 PM Friday: 7:30 AM - 7:00 PM Saturday: 7:30 AM - 4:00 PM ","http://monro.com","41.4026","-79.8069","28.4620038938815","Used Motor Oil; Computer (Recycling); Computer Monitors; Electronics; Laptop Computers; Computer Peripherals; Printers/Scanners/Fax Machines; Small Televisions; Tablets; Televisions; Video Game Consoles; PlayStation Consoles","false","true","","","false","false","false","false"
"USPS Post Office Box Lobby Recycling Program","US Post Office","9 E Market St","Timblin","Jefferson","PA","15778","8002758777","0","","https://www.usps.com/","40.96622","-79.19875","28.4630473160598","Catalogs; Greeting Cards; Magazines; Paper (Mixed)","false","true","","","false","false","false","false"
"Monro","","562 Allegheny Boulevard","Franklin","","PA","16323","8144323995","0","","https://www.monro.com/","41.4021978","-79.8071078","28.471038575436","","false","false","","","false","false","false","false"
"AT&T Wireless","AT&T Wireless","464 Allegheny Blvd","Franklin","Venango","PA","16323","8144377027","0","","http://www.att.com/","41.40189","-79.80929","28.5826294749503","Cell Phones; Ni-Cd Batteries; Batteries (Rechargeable); Cell Phone Batteries; Tablets; Li-Ion Batteries; Computer (Recycling); Computer Monitors; Electronics; Laptop Computers; Computer Peripherals; Printers/Scanners/Fax Machines; Small Televisions; Televisions; Video Game Consoles; PlayStation Consoles","false","true","Receive an AT&T Promotion Card worth the trade-in value of your smartphone, tablet, or netbook. You can also donate the trade-in value to Cell Phones for Soldiers.","","false","false","false","false"
"The Salvation Army","null","534 Allegheny Blvd ","Franklin","Venango County","PA","16323","8007287825","0","Monday: 9:00 AM - 8:00 PM Tuesday: 9:00 AM - 8:00 PM Wednesday: 9:00 AM - 8:00 PM Thursday: 9:00 AM - 8:00 PM Friday: 9:00 AM - 8:00 PM Saturday: 9:00 AM - 8:00 PM Sunday:  -  ","http://www.salvationarmyusa.org","41.4013503","-79.8095285","28.5927489721499","Bikes; Books (Reuse); CD/DVD/Blu-ray/UHD discs; Cell Phones; Children's Toys; Clothing; Computer (Reuse); Hard Drives; Computer Monitors; Cameras; DVD Players/Blu-Ray Players/DVRs; Electronics; E-Readers; Furniture; Gift Bags; Headphones; Household Goods; Laptop Computers; Lawn Equipment; Miscellaneous Tools; MP3 Players; Musical Instruments; Network Equipment; Ornaments; Computer Peripherals; Portable Media Players; Printers/Scanners/Fax Machines; Reusable Appliance Donation; Small Appliances; Small Electronics; Small Televisions; Sporting Goods; Stereo Equipment; Tablets; Telephones; Televisions; VCRs; VHS & Cassette Tapes; Video Game Systems; Blu-Ray Players; Digital Converter Boxes; Computer (Recycling); Video Game Consoles; PlayStation Consoles","false","true","","Sony, Vizio, OEM, Salvation Army","false","false","false","false"
"Walmart","Walmart","11415 Hydetown Rd","Titusville","Crawford","PA","16354","8148270850","0","","http://www.walmart.com","41.63251","-79.69372","28.6505486351947","Lead Acid (Pb) Batteries; Plastic Shopping Bags; Food Storage Bags; Computer (Recycling); Computer Monitors; Electronics; Laptop Computers; Computer Peripherals; Printers/Scanners/Fax Machines; Small Televisions; Tablets; Televisions; Video Game Consoles; PlayStation Consoles","false","true","","","false","false","false","false"
"Advance Auto Parts","","1028 W Spring St","Titusville","","PA","16354","8148271020","0","","http://shop.advanceautoparts.com/webapp/wcs/stores/servlet/home___","41.6331547","-79.6942774","28.7006954446297","","false","false","","","false","false","false","false"
"USPS Post Office Box Lobby Recycling Program","US Post Office","5139 Route 219","Brockport","Elk","PA","15823","8002758777","0","","https://www.usps.com/","41.25944","-78.72691","28.7535481584213","Catalogs; Greeting Cards; Magazines; Paper (Mixed)","false","true","","","false","false","false","false"
"Joe's Garage","Joe's Garage","2899 Sunny Rd ","Leeper","Clarion County","PA","16233","8147448331","0","Monday: 9:00 AM - 5:00 PM Tuesday: 9:00 AM - 5:00 PM Wednesday: 9:00 AM - 5:00 PM Thursday: 9:00 AM - 5:00 PM Friday: 9:00 AM - 5:00 PM ","null","41.3835825","-79.3262082","3.52807638027579","Used Motor Oil; Computer (Recycling); Computer Monitors; Electronics; Laptop Computers; Computer Peripherals; Printers/Scanners/Fax Machines; Small Televisions; Tablets; Televisions; Video Game Consoles; PlayStation Consoles","false","true","","","false","false","false","false"
"Dehner's Auto Parts & Service","Dehner's Auto Parts & Service","24499 PA-208 ","Tionesta","Clarion County","PA","16353","8147449313","0","Monday: 7:00 AM - 7:00 PM Tuesday: 7:00 AM - 7:00 PM Wednesday: 7:00 AM - 7:00 PM Thursday: 7:00 AM - 7:00 PM Saturday: 7:00 AM - 6:00 PM Sunday: 9:00 AM - 6:00 PM ","","41.3940517","-79.3682944","5.80729633536491","Used Motor Oil; Computer (Recycling); Computer Monitors; Electronics; Laptop Computers; Computer Peripherals; Printers/Scanners/Fax Machines; Small Televisions; Tablets; Televisions; Video Game Consoles; PlayStation Consoles","false","true","","","false","false","false","false"
"Triple 'S' Recycling","","Route 208","Tionesta","","PA","16353","8143547327","0","","","41.3954481","-79.3683145","5.83008715490222","","false","false","","","false","false","false","false"
"Triple S Recycling","","23013 Route 208","Tionesta","","PA","16353","8143547327","0","","","41.3806342","-79.3773892","6.14860517888825","","false","false","","","false","false","false","false"
"Gatesman Auto Body","","28177 Route 66","Lucinda","","PA","16235","8142269468","0","","","41.3207685","-79.360416","6.48708202869969","","false","false","","","false","false","false","false"
"Forest County Recycling Drop-off Site - Barnett Township Municipal Building","","2301 Belltown Rd","Cooksburg","","PA","16217","8149278649","0","","","41.3311162","-79.1211196","7.78433697925835","","false","false","","","false","false","false","false"
"Jefferson County Recycling Drop-off Site - Barnett Township Building","","Route 36 & Wolford Road","Sigel","","PA","15860","8143285361","0","","https://www.jeffersoncountypa.com/solid-waste-authority/","41.3116549","-79.1258123","8.20236211270971","","false","false","","","false","false","false","false"
