name,description,address,city,region,province,postal_code,phone,fax,hours,url,latitude,longitude,distance,materials,pickup,dropoff,notes,groups,curbside,municipal,national,event_only
"UPS Store","UPS Store","73 Greentree Dr","Dover","Kent","DE","19904","3023461010","0","Monday: 7:30 AM - 6:00 PM Tuesday: 7:30 AM - 6:00 PM Wednesday: 7:30 AM - 6:00 PM Thursday: 7:30 AM - 6:00 PM Friday: 7:30 AM - 6:00 PM Saturday: 9:00 AM - 4:00 PM ","http://www.theupsstore.com/","39.16026","-75.55454","10.0048514838774","Packing Materials; Packing Peanut (Reuse); Video Game Consoles; PlayStation Consoles","false","true","","","false","false","false","false"
"USPS Post Office Box Lobby Recycling Program","US Post Office","301 Railroad Ave","Mardela Springs","Wicomico","MD","21837","8002758777","0","","https://www.usps.com/","39.11243","-75.74581","10.131366482477","Catalogs; Greeting Cards; Magazines; Paper (Mixed)","false","true","","","false","false","false","false"
"US Post Office","USPS Discarded Lobby Mail Recycling Program","301 Railroad Ave","Mardela Springs","Wicomico","MD","21837","0","0","","","39.11243","-75.74581","10.131366482477","Video Game Consoles; PlayStation Consoles","false","true","","","false","false","false","false"
"The Salvation Army","null","1278 Forrest Ave ","Dover","Kent County","DE","19904","8007287825","0","Monday: 9:00 AM - 7:00 PM Tuesday: 9:00 AM - 7:00 PM Wednesday: 9:00 AM - 8:30 PM Thursday: 9:00 AM - 7:00 PM Friday: 9:00 AM - 7:00 PM Saturday: 9:00 AM - 7:00 PM Sunday:  -  ","http://www.salvationarmyusa.org","39.1584349","-75.5532799","10.1381465632637","Bikes; Books (Reuse); CD/DVD/Blu-ray/UHD discs; Cell Phones; Children's Toys; Clothing; Computer (Reuse); Hard Drives; Computer Monitors; Cameras; DVD Players/Blu-Ray Players/DVRs; Electronics; E-Readers; Furniture; Gift Bags; Headphones; Household Goods; Laptop Computers; Lawn Equipment; Miscellaneous Tools; MP3 Players; Musical Instruments; Network Equipment; Ornaments; Computer Peripherals; Portable Media Players; Printers/Scanners/Fax Machines; Reusable Appliance Donation; Small Appliances; Small Electronics; Small Televisions; Sporting Goods; Stereo Equipment; Tablets; Telephones; Televisions; VCRs; VHS & Cassette Tapes; Video Game Systems; Blu-Ray Players; Digital Converter Boxes; Video Game Consoles; PlayStation Consoles","false","true","Working TVs Only; ","Sony, Vizio, OEM, Salvation Army","false","false","false","false"
"Walgreens","Walgreens","5999 Summit Bridge Rd","Townsend","New Castle","DE","19734","3026961002","0","","http://www.walgreens.com","39.40169","-75.6893","10.2062357910172","Cell Phones; Inkjet Printer Cartridges; Video Game Consoles; PlayStation Consoles","false","true","","","false","false","false","false"
"USPS Post Office Box Lobby Recycling Program","US Post Office","114 Halltown Rd","Marydel","Caroline","MD","21649","8002758777","0","","https://www.usps.com/","39.11209","-75.74946","10.2062405088188","Catalogs; Greeting Cards; Magazines; Paper (Mixed)","false","true","","","false","false","false","false"
"US Post Office","USPS Discarded Lobby Mail Recycling Program","114 Halltown Rd","Marydel","Caroline","MD","21649","0","0","","","39.11209","-75.74946","10.2062405088188","Video Game Consoles; PlayStation Consoles","false","true","","","false","false","false","false"
"Pine Tree Corners Transfer Station","Pine Tree Corners Transfer Station","276 Pine Tree Rd","Townsend","New Castle","DE","19734","8004047080","0","Monday: 7:00 AM - 5:00 PM Tuesday: 7:00 AM - 5:00 PM Wednesday: 7:00 AM - 5:00 PM Thursday: 7:00 AM - 5:00 PM Friday: 7:00 AM - 5:00 PM Saturday: 7:00 AM - 5:00 PM ","http://www.dswa.com/programs_dropoff.asp","39.40114","-75.67635","10.2193082094493","Plastic #1 (PETE); Plastic #2 (HDPE); Plastic #2 (Color HDPE); Plastic #4 (LDPE); Plastic #5 (Polypropylene); Plastic #7; Aerosol Spray Cans; Aluminum Cans; Glass (Blue); Book Recycling; Glass (Brown); Brown Paper Bags; Brush; Cardboard; Catalogs; Cell Phones; Christmas Trees; Glass (Clear); Clothing; Computer Monitors; Computer Paper; Computer (Recycling); Electronics; Grass Clippings; Glass (Green); Greeting Cards; Large Household Appliances; Leaves; Magazines; Milk Cartons; Paper (Mixed); Newspapers; Office Equipment; Paperboard; Phone books; Alkaline/Single-Use Batteries; Telephones; Televisions; Tin or Steel Cans; Tree Trimmings; Used Motor Oil; Oil Filters; Used Tires; Weeds; Office Paper; MP3 Players","false","true","","","false","false","false","false"
"Home Depot","","801 N Dupont Hwy","Dover","","DE","19901","3027358864","0","","https://ecooptions.homedepot.com/","39.1837163","-75.5287618","10.2286386535181","Batteries (Rechargeable); Cell Phone Batteries; Li-Ion Batteries; Ni-Cd Batteries; Ni-MH Batteries; Small Sealed Lead Acid Batteries","false","true","","Call2Recycle","false","false","false","false"
"Pine Tree Corners Transfer Station","","276 Pine Tree Road","Townsend","","DE","19734","8004047080","0","","https://dswa.com","39.4023529","-75.6699012","10.3450271609744","","false","false","","","false","false","false","false"
"Pine Tree Corners Transfer Station HHW Collection","","276 Pine Tree Rd","Townsend","","DE","19734","0","0","","https://dswa.com","39.4023529","-75.6699012","10.3450271609744","","false","false","","","false","false","false","false"
"Goodwill Store & Donation Center","Goodwill Store & Donation Center","1033 Forrest Ave ","Dover","Kent County","DE","19904","3026784602","0","Monday: 9:00 AM - 8:00 PM Tuesday: 9:00 AM - 8:00 PM Wednesday: 9:00 AM - 8:00 PM Thursday: 9:00 AM - 8:00 PM Friday: 9:00 AM - 8:00 PM Saturday: 9:00 AM - 8:00 PM Sunday: 10:00 AM - 5:00 PM ","http://www.goodwillde.org/","39.1587981","-75.5450957","10.4584896834515","Bikes; Books (Reuse); Cell Phones; Clothing; CD/DVD/Blu-ray/UHD discs; Computer (Reuse); Computer Monitors; Computer (Recycling); Electronics; Hard Drives; Gift Bags; Eyeglasses; Furniture; Household Goods; Lawn Equipment; Medical Equipment; Musical Instruments; Office Equipment; Ornaments; Reusable Appliance Donation; Sporting Goods; Telephones; Televisions; Miscellaneous Tools; Children's Toys; Car Donation; VHS & Cassette Tapes; Small Appliances; Textiles; MP3 Players; Computer Peripherals; Video Game Consoles; PlayStation Consoles","true","true","Goodwill offers pick up service for organizations, business, churches, neighborhood associations and schools. Donations of overstock, surplus and community sale items are also accepted.  To schedule a special pick up or to receive pick up details please contact our Community Donations Manager at 1-866-317-2299.","","false","false","false","false"
"Walgreens","Walgreens","1001 Forrest Ave","Dover","Kent","DE","19904","3026789820","0","","http://www.walgreens.com","39.15893","-75.5436","10.5151242586336","Cell Phones; Inkjet Printer Cartridges; Video Game Consoles; PlayStation Consoles","false","true","","","false","false","false","false"
"Goodwill Delaware and Delaware County - Dell Reconnect Donation Site","","1030 Forrest Avenue","Dover","","DE","19904","3026784602","0","","https://www.goodwillde.org","39.157628","-75.5440463","10.5531194463545","","false","false","","","false","false","false","false"
"Terrapin Recycling","","116 N West St","Dover","","DE","19904","3026789298","0","","","39.1618824","-75.5340575","10.7967693562954","","false","false","","","false","false","false","false"
"AutoZone","AutoZone","424 N DuPont Hwy","Dover","Kent","DE","19901","3027365400","0","Monday: 7:30 AM - 10:00 PM Tuesday: 7:30 AM - 10:00 PM Wednesday: 7:30 AM - 10:00 PM Thursday: 7:30 AM - 10:00 PM Friday: 7:30 AM - 10:00 PM Saturday: 7:30 AM - 10:00 PM Sunday: 8:30 AM - 9:00 PM ","http://www.autozone.com","39.17342","-75.52182","10.9035185634746","Lead Acid (Pb) Batteries; Used Motor Oil; Video Game Consoles; PlayStation Consoles","false","true","Most AutoZone stores accept used motor oil, transmission fluid, gear oil and automotive batteries. Call to see what your local store is currently accepting.","","false","false","false","false"
"NAPA Auto Parts","NAPA Auto Parts","29 S West St","Dover","Kent","DE","19904","3026740211","0","Monday: 7:30 AM - 5:30 PM Tuesday: 7:30 AM - 5:30 PM Wednesday: 7:30 AM - 5:30 PM Thursday: 7:30 AM - 5:30 PM Friday: 7:30 AM - 5:30 PM Saturday: 7:30 AM - 3:00 PM Sunday: 9:00 AM - 2:00 PM ","http://www.dswa.com","39.15906","-75.53266","10.972951876502","Lead Acid (Pb) Batteries; Used Motor Oil; Video Game Consoles; PlayStation Consoles","false","true","This site accepts oil containers.","","false","false","false","false"
"USPS Post Office Box Lobby Recycling Program","US Post Office","1 N American Ave ","Dover","Kent County","DE","19901","8002758777","0","","https://www.usps.com/","39.162203","-75.524469","11.2027291069508","Catalogs; Greeting Cards; Magazines; Paper (Mixed)","false","true","","","false","false","false","false"
"AT&T Wireless","AT&T Wireless","275 N DuPont Hwy","Dover","Kent","DE","19901","3026744888","0","Monday: 9:00 AM - 9:00 PM Tuesday: 9:00 AM - 9:00 PM Wednesday: 9:00 AM - 9:00 PM Thursday: 9:00 AM - 9:00 PM Friday: 9:00 AM - 9:00 PM Saturday: 9:00 AM - 8:00 PM Sunday: 10:00 AM - 7:00 PM ","http://www.att.com/","39.1699","-75.51767","11.2193740736613","Cell Phones; Ni-Cd Batteries; Batteries (Rechargeable); Cell Phone Batteries; Tablets; Li-Ion Batteries; Video Game Consoles; PlayStation Consoles","false","true","Receive an AT&T Promotion Card worth the trade-in value of your smartphone, tablet, or netbook. You can also donate the trade-in value to Cell Phones for Soldiers.","","false","false","false","false"
"Walgreens","Walgreens","261 N DuPont Hwy","Dover","Kent","DE","19901","3027305280","0","","http://www.walgreens.com","39.16969","-75.51752","11.2337773978206","Cell Phones; Inkjet Printer Cartridges; Video Game Consoles; PlayStation Consoles","false","true","","","false","false","false","false"
"US Post Office","USPS Discarded Lobby Mail Recycling Program","55 Loockerman Plz","Dover","Kent","DE","19901","0","0","","","39.15976","-75.52538","11.2595513156781","Video Game Consoles; PlayStation Consoles","false","true","","","false","false","false","false"
"Department of Natural Resources and Environmental Control","","55 Kings Highway","Dover","","DE","19901","8004047080","0","","https://dswa.com","39.1594734","-75.5239471","11.3336192618243","","false","false","","","false","false","false","false"
"DNREC, Richardson & Robbins Building","DNREC, Richardson & Robbins Building","89 Kings Hwy","Dover","Kent","DE","19901","3027353480","0","Monday: 8:00 AM - 4:30 PM Tuesday: 8:00 AM - 4:30 PM Wednesday: 8:00 AM - 4:30 PM Thursday: 8:00 AM - 4:30 PM Friday: 8:00 AM - 4:30 PM ","http://www.energy.dnrec.delaware.gov","39.16453","-75.51848","11.3800097194751","Aluminum Cans; Compact Fluorescent Lights; Video Game Consoles; PlayStation Consoles","false","true","","","false","false","false","false"
"Dept of Natural Resources and Environmental Control","Dept of Natural Resources and Environmental Control","89 Kings Hwy","Dover","Kent","DE","19901","8004047080","0","","http://www.dswa.com/programs_dropoff.asp","39.16453","-75.51848","11.3800097194751","Plastic #1 (PETE); Plastic #2 (HDPE); Plastic #2 (Color HDPE); Plastic #4 (LDPE); Plastic #5 (Polypropylene); Plastic #7; Aluminum Cans; Glass (Blue); Book Recycling; Glass (Brown); Brown Paper Bags; Cardboard; Catalogs; Glass (Clear); Glass (Green); Magazines; Milk Cartons; Paper (Mixed); Newspapers; Paperboard; Phone books; Tin or Steel Cans; Office Paper","false","true","","","false","false","false","false"
"City of Dover - Curbside Recycling","City of Dover - Curbside Recycling","15 Loockerman Plz","Dover","Kent","DE","19901","3027367025","0","","http://www.cityofdover.com/Sanitation/","39.15817","-75.52298","11.4280057349694","Aluminum Cans; Book Recycling; Cardboard; Computer Paper; Glass (Brown); Glass (Clear); Glass (Green); Milk Cartons; Newspapers; Office Paper; Paperboard; Phone books; Plastic #1 (PETE); Plastic #2 (HDPE); Plastic #3 (PVC); Plastic #4 (LDPE); Plastic #5 (Polypropylene); Plastic #6 (Polystyrene); Plastic #7; Rigid Plastics; Tin or Steel Cans","false","false","Trash should be placed out for pickup on collection day by 7:00 a.m. or the evening before after 7:00 
p.m.","","true","false","false","false"
"911 Cell Phone Bank - Kerrville Police Department","911 Cell Phone Bank - Kerrville Police Department","102 W Water St","Dover","Kent","DE","19904","8662907864","0","","http://www.911cellphonebank.org/","39.15411","-75.52559","11.4812047106555","Cell Phones; Cameras; Laptop Computers; MP3 Players; Video Games; Video Game Consoles; Smart watches & Apple Watch®
","false","true","Please call to verify drop-off procedures and directions to the location.  For prepaid shipping labels, visit http://www.911cellphonebank.org/drop-off-locations.asp - click on "print shipping label."","","false","false","false","false"
"Tire King Automotive","Tire King Automotive","502 S Governors Ave","Dover","Kent","DE","19904","3026741942","0","Monday: 8:00 AM - 5:00 PM Tuesday: 8:00 AM - 5:00 PM Wednesday: 8:00 AM - 5:00 PM Thursday: 8:00 AM - 5:00 PM Friday: 8:00 AM - 5:00 PM Saturday: 9:00 AM - 1:00 PM ","http://www.tirekingdover.com/","39.15297","-75.5253","11.5411742483286","Used Motor Oil; Oil Filters; Video Game Consoles; PlayStation Consoles","false","true","","","false","false","false","false"
"USPS Post Office Box Lobby Recycling Program","US Post Office","124 W Cross St","Galena","Kent","MD","21635","8002758777","0","","https://www.usps.com/","39.34059","-75.88202","11.5626786261863","Catalogs; Greeting Cards; Magazines; Paper (Mixed)","false","true","","","false","false","false","false"
"US Post Office","USPS Discarded Lobby Mail Recycling Program","124 W Cross St","Galena","Kent","MD","21635","0","0","","","39.34059","-75.88202","11.5626786261863","Video Game Consoles; PlayStation Consoles","false","true","","","false","false","false","false"
"USPS Post Office Box Lobby Recycling Program","US Post Office","1325 Goldsboro Rd","Barclay","Queen Annes","MD","21607","8002758777","0","","https://www.usps.com/","39.14107","-75.8637","11.8631799186739","Catalogs; Greeting Cards; Magazines; Paper (Mixed)","false","true","","","false","false","false","false"
"US Post Office","USPS Discarded Lobby Mail Recycling Program","1325 Goldsboro Rd","Barclay","Queen Annes","MD","21607","0","0","","","39.14107","-75.8637","11.8631799186739","Video Game Consoles; PlayStation Consoles","false","true","","","false","false","false","false"
"Target Store","","148 John Hunn Brown Rd","Dover","","DE","19901","3027410434","0","","https://corporate.target.com/corporate-responsibility/planet","39.1599477","-75.5107459","11.899972791708","","false","false","","","false","false","false","false"
"Target Store","","148 John Hunn Brown Rd","Dover","","DE","19901","3027410434","0","","https://corporate.target.com/corporate-responsibility/planet","39.1599477","-75.5107459","11.899972791708","","false","false","","","false","false","false","false"
"Advance Auto Parts","Advance Auto Parts","422 S DuPont Hwy","Dover","Kent","DE","19901","3027354905","0","Monday: 7:00 AM - 9:00 PM Tuesday: 7:00 AM - 9:00 PM Wednesday: 7:00 AM - 9:00 PM Thursday: 7:00 AM - 9:00 PM Friday: 7:00 AM - 9:00 PM Saturday: 7:00 AM - 9:00 PM Sunday: 10:00 AM - 8:00 PM ","http://www.advanceautoparts.com","39.15744","-75.51236","11.9239976226482","Lead Acid (Pb) Batteries; Used Motor Oil; Video Game Consoles; PlayStation Consoles","false","true","","","false","false","false","false"
"Safeway","","190 John Hunn Brown Road","Dover","","DE","19901","3027309100","0","","https://shop.safeway.com/home.html","39.1584897","-75.5092845","12.0207045901248","","false","false","","","false","false","false","false"
"Delaware Solid Waste Authority","Delaware Solid Waste Authority","1128 S Bradford St","Dover","Kent","DE","19904","8004047080","0","","http://www.dswa.com/programs_dropoff.asp","39.14254","-75.52435","12.030624116716","Plastic #1 (PETE); Plastic #2 (HDPE); Plastic #2 (Color HDPE); Plastic #4 (LDPE); Plastic #5 (Polypropylene); Plastic #7; Aerosol Spray Cans; Aluminum Cans; Glass (Blue); Book Recycling; Glass (Brown); Brown Paper Bags; Cardboard; Catalogs; Glass (Clear); Clothing; Computer Monitors; Computer Paper; Computer (Recycling); Electronics; Glass (Green); Greeting Cards; Magazines; Milk Cartons; Paper (Mixed); Newspapers; Ni-Cd Batteries; Paperboard; Phone books; Plastic Shopping Bags; Batteries (Rechargeable); Alkaline/Single-Use Batteries; Televisions; Tin or Steel Cans; Used Motor Oil; Oil Filters; Office Paper; Tablets; MP3 Players; Food Storage Bags","false","true","","","false","false","false","false"
"Delaware Solid Waste Authority","","1128 South Bradford Street","Dover","","DE","19904","8004047080","0","","https://dswa.com","39.14236","-75.524484","12.0330984127679","","false","false","","","false","false","false","false"
"Home Depot","Home Depot","801 N DuPont Hwy","Dover","Kent","DE","19901","3027358864","0","Monday: 6:00 AM - 9:00 PM Tuesday: 6:00 AM - 9:00 PM Wednesday: 6:00 AM - 9:00 PM Thursday: 6:00 AM - 9:00 PM Friday: 6:00 AM - 9:00 PM Saturday: 6:00 AM - 10:00 PM Sunday: 7:00 AM - 8:00 PM ","http://www.homedepot.com","39.16259","-75.50554","12.0372973445107","Compact Fluorescent Lights; Batteries (Rechargeable); Video Game Consoles; PlayStation Consoles","false","true","Home Depot accepts compact fluorescent bulbs and used power tool rechargeable batteries. Look for the orange drop boxes, usually located near the front entrance near the customer service desk.","","false","false","false","false"
"Call2Recycle at the Home Depot","Call2Recycle at the Home Depot","801 N DuPont Hwy","Dover","Kent","DE","19901","3027358864","0","","http://www.homedepot.com/","39.16259","-75.50554","12.0372973445107","Cell Phones; Compact Fluorescent Lights; Ni-Cd Batteries; Li-Ion Batteries; Ni-MH Batteries; Ni-Zn Batteries; Small Sealed Lead Acid Batteries; Video Game Consoles; PlayStation Consoles","false","true","The Home Depot accepts used rechargeable batteries and compact fluorescent bulbs. Look for the orange drop boxes, usually located near the front entrance near the customer service desk, or ask a store associate for more details.","","false","false","false","false"
"USPS Post Office Box Lobby Recycling Program","US Post Office","213 Broad St","Crumpton","Queen Annes","MD","21628","8002758777","0","","https://www.usps.com/","39.24108","-75.92181","12.0676382368263","Catalogs; Greeting Cards; Magazines; Paper (Mixed)","false","true","","","false","false","false","false"
"US Post Office","USPS Discarded Lobby Mail Recycling Program","213 Broad St","Crumpton","Queen Annes","MD","21628","0","0","","","39.24108","-75.92181","12.0676382368263","Video Game Consoles; PlayStation Consoles","false","true","","","false","false","false","false"
"Central Delaware Habitat For Humanity Restore","Central Delaware Habitat For Humanity Restore","544 Webbs Ln","Dover","Kent","DE","19904","3023460220","0","Tuesday: 9:00 AM - 5:00 PM Wednesday: 9:00 AM - 5:00 PM Thursday: 9:00 AM - 5:00 PM Friday: 9:00 AM - 5:00 PM Saturday: 8:00 AM - 1:00 PM ","http://centraldelawarehabitat.org/","39.13289","-75.53417","12.084236060116","Brick(s); Carpet; Ceiling Tiles; Ceramic Tiles; Concrete (Set); Construction Materials; Construction Materials (Reuse); Linoleum; Miscellaneous Tools; Porcelain; Reusable Appliance Donation; Roofing Materials; Stone; Windows; Wood; Car Donation; Air Conditioners; Books (Reuse); Drywall; Fans; Furniture; Lawn Equipment; Lumber; Microwaves; Office Equipment; Office Furniture; Office Supplies; Refrigerators; Video Game Consoles; PlayStation Consoles","false","true","","","false","false","false","false"
"Town of Clayton Drop-off Site","Town of Clayton Drop-off Site","506 West St ","Clayton","Kent County","DE","19938","8004047080","0","","http://www.dswa.com","39.2892112","-75.6377939","3.9852082770222","Plastic #1 (PETE); Plastic #2 (HDPE); Plastic #2 (Color HDPE); Aerosol Spray Cans; Aluminum Cans; Glass (Blue); Book Recycling; Glass (Brown); Brown Paper Bags; Cardboard; Catalogs; Cell Phones; Glass (Clear); Clothing; Computer Monitors; Computer Paper; Computer (Recycling); Video Game Systems; Glass (Green); Greeting Cards; Magazines; Paper (Mixed); Newspapers; Office Equipment; Phone books; Plastic Shopping Bags; Alkaline/Single-Use Batteries; Telephones; Televisions; Tin or Steel Cans; Office Paper; Food Storage Bags","false","true","This site is located off of Route 15 near the water tower. Please see the Delaware Solid Waste Authority website for more information.","","false","false","false","false"
"Bob Johnson's Computer Stuff Inc.","Bob Johnson's Computer Stuff Inc.","32 Artisan Dr","Smyrna","Kent","DE","19977","3026592727","0","","http://www.bobjohnson.com/","39.28256","-75.6256","4.29096724269028","Cell Phones; Ni-Cd Batteries; Li-Ion Batteries; Ni-MH Batteries; Ni-Zn Batteries; Small Sealed Lead Acid Batteries; Video Game Consoles; PlayStation Consoles","false","true","The U.S. EPA estimates that more than 350 million rechargeable batteries are purchased annually in the U.S. Thanks to the environmental commitment of this location, its easy and free to recycle your batteries. Bring your rechargeable batteries to this location and look for the recycling box or ask an associate how you can do your part for the environment.","","false","false","false","false"
"Walmart Distribution Center- Private Center","","100 Walton Way","Smyrna","","DE","19977","8004047080","0","","https://dswa.com/","39.2845609","-75.620461","4.59858380921516","","false","false","","","false","false","false","false"
"Hospital for the Chronically Ill","","100 Sunnyside Road","Smyrna","","DE","19977","8004047080","0","","https://dswa.com","39.2905008","-75.6011672","5.70476250805945","","false","false","","","false","false","false","false"
"The Salvation Army","null","16 W Mt Vernon St ","Smyrna","Kent County","DE","19977","8007287825","0","Monday: 9:00 AM - 6:00 PM Tuesday: 9:00 AM - 6:00 PM Wednesday: 9:00 AM - 7:30 PM Thursday: 9:00 AM - 6:00 PM Friday: 9:00 AM - 6:00 PM Saturday: 9:00 AM - 6:00 PM Sunday:  -  ","http://www.salvationarmyusa.org","39.3012847","-75.6081198","5.75983540652948","Bikes; Books (Reuse); CD/DVD/Blu-ray/UHD discs; Cell Phones; Children's Toys; Clothing; Computer (Reuse); Hard Drives; Computer Monitors; Cameras; DVD Players/Blu-Ray Players/DVRs; Electronics; E-Readers; Furniture; Gift Bags; Headphones; Household Goods; Laptop Computers; Lawn Equipment; Miscellaneous Tools; MP3 Players; Musical Instruments; Network Equipment; Ornaments; Computer Peripherals; Portable Media Players; Printers/Scanners/Fax Machines; Reusable Appliance Donation; Small Appliances; Small Electronics; Small Televisions; Sporting Goods; Stereo Equipment; Tablets; Telephones; Televisions; VCRs; VHS & Cassette Tapes; Video Game Systems; Blu-Ray Players; Digital Converter Boxes; Video Game Consoles; PlayStation Consoles","false","true","Working TVs Only; ","Sony, Vizio, OEM, Salvation Army","false","false","false","false"
"Delaware Hospital for Chronically Ill","Delaware Hospital for Chronically Ill","100 Sunnyside Rd","Smyrna","Kent","DE","19977","8004047080","0","","http://www.dswa.com/programs_dropoff.asp","39.2898","-75.59954","5.76212180372544","Plastic #1 (PETE); Plastic #2 (HDPE); Plastic #2 (Color HDPE); Plastic #4 (LDPE); Plastic #5 (Polypropylene); Plastic #7; Aerosol Spray Cans; Aluminum Cans; Glass (Blue); Book Recycling; Glass (Brown); Brown Paper Bags; Cardboard; Catalogs; Glass (Clear); Computer Paper; Glass (Green); Greeting Cards; Magazines; Milk Cartons; Paper (Mixed); Newspapers; Ni-Cd Batteries; Paperboard; Phone books; Plastic Shopping Bags; Alkaline/Single-Use Batteries; Tin or Steel Cans; Office Paper; Food Storage Bags","false","true","","","false","false","false","false"
"NAPA Auto Parts","NAPA Auto Parts","5 E Glenwood Ave","Smyrna","Kent","DE","19977","3026539234","0","Monday: 8:00 AM - 5:00 PM Tuesday: 8:00 AM - 5:00 PM Wednesday: 8:00 AM - 5:00 PM Thursday: 8:00 AM - 5:00 PM Friday: 8:00 AM - 5:00 PM Saturday: 8:00 AM - 1:00 PM ","","39.30355","-75.61008","5.76505464041218","Lead Acid (Pb) Batteries; Video Game Consoles; PlayStation Consoles","false","true","","","false","false","false","false"
"RadioShack","RadioShack","112 E Glenwood Ave","Smyrna","Kent","DE","19977","3026535645","0","Monday: 9:30 AM - 9:00 PM Tuesday: 9:30 AM - 9:00 PM Wednesday: 9:30 AM - 9:00 PM Thursday: 9:30 AM - 9:00 PM Friday: 9:30 AM - 9:00 PM Saturday: 9:30 AM - 9:00 PM Sunday: 10:00 AM - 7:30 PM ","http://www.radioshack.com","39.30456","-75.60913","5.8473697758471","Cell Phones; Ni-Cd Batteries; Batteries (Rechargeable); Cell Phone Batteries; Video Game Consoles; PlayStation Consoles","false","true","","","false","false","false","false"
"AutoZone","AutoZone","116 E Glenwood Ave","Smyrna","Kent","DE","19977","3026591900","0","","http://www.autozone.com","39.30456","-75.60913","5.8473697758471","Lead Acid (Pb) Batteries; Used Motor Oil; Video Game Consoles; PlayStation Consoles","false","true","Most AutoZone stores accept used motor oil, transmission fluid, gear oil and automotive batteries. Call to see what your local store is currently accepting.","","false","false","false","false"
"Goodwill Store & Donation Center","Goodwill Store & Donation Center","100 E Glenwood Ave Ste A","Smyrna","Kent","DE","19977","3026593523","0","Monday: 9:00 AM - 8:00 PM Tuesday: 9:00 AM - 8:00 PM Wednesday: 9:00 AM - 8:00 PM Thursday: 9:00 AM - 8:00 PM Friday: 9:00 AM - 8:00 PM Saturday: 9:00 AM - 8:00 PM Sunday: 10:00 AM - 5:00 PM ","http://www.goodwillde.org/","39.30456","-75.60913","5.8473697758471","Books (Reuse); Clothing; CD/DVD/Blu-ray/UHD discs; Computer (Reuse); Eyeglasses; Furniture; Household Goods; Medical Equipment; Car Donation; Small Appliances; Textiles; Computer Peripherals","true","true","Goodwill offers pick up service for organizations, business, churches, neighborhood associations and schools. Donations of overstock, surplus and community sale items are also accepted.  To schedule a special pick up or to receive pick up details please contact our Community Donations Manager at 1-866-317-2299.","","false","false","false","false"
"4th Screen Wireless Inc","","51 E Glenwood Ave","Smyrna","","DE","19977","3025149012","0","","","39.3042654","-75.6087377","5.85214995872317","","false","false","","","false","false","false","false"
"ACME","","236 East Glenwood Avenue","Smyrna","","DE","19977","3026539600","0","","","39.3058032","-75.6100423","5.86022220505862","","false","false","","","false","false","false","false"
"Books and Things","Books and Things","6 E Commerce St","Smyrna","Kent","DE","19977","3026531151","0","","","39.30158","-75.60594","5.86767797851463","Books (Reuse); Video Game Consoles; PlayStation Consoles","false","true","","","false","false","false","false"
"Call2Recycle at RadioShack","Call2Recycle at RadioShack","112 E Glenwood Ave","Smyrna","Kent","DE","19977","3026535645","0","","http://www.radioshack.com/","39.30481","-75.60867","5.87741127299825","Cell Phones; Ni-Cd Batteries; Li-Ion Batteries; Ni-MH Batteries; Ni-Zn Batteries; Small Sealed Lead Acid Batteries; Video Game Consoles; PlayStation Consoles","false","true","As the first national retailer to partner with Call2Recycle, RadioShack is at the forefront of the rechargeable battery recycling cause and is pleased to offer battery recycling at thousands of convenient RadioShack locations for free.  Simply drop them off at your local RadioShack and theyll take care of the rest.  Ask a store associate for more details.","","false","false","false","false"
"Recycle Delaware - Hartly Fire Hall","Recycle Delaware - Hartly Fire Hall","2898 Arthursville Rd ","Hartly","Kent County","DE","19953","8004047080","0","Sunday: 12:00 AM - 11:59 PM Monday: 12:00 AM - 11:59 PM Tuesday: 12:00 AM - 11:59 PM Wednesday: 12:00 AM - 11:59 PM Thursday: 12:00 AM - 11:59 PM Friday: 12:00 AM - 11:59 PM Saturday: 12:00 AM - 11:59 PM ","http://www.dswa.com","39.1692839","-75.712743","5.91989835512792","Plastic #1 (PETE); Plastic #2 (HDPE); Plastic #2 (Color HDPE); Plastic #3 (PVC); Plastic #4 (LDPE); Plastic #5 (Polypropylene); Plastic #7; Aerosol Spray Cans; Aluminum Cans; Glass (Blue); Book Recycling; Glass (Brown); Cardboard; Catalogs; Glass (Clear); Clothing; Computer Paper; Glass (Green); Greeting Cards; Magazines; Paper (Mixed); Newspapers; Ni-Cd Batteries; Phone books; Plastic Shopping Bags; Batteries (Rechargeable); Alkaline/Single-Use Batteries; Tin or Steel Cans; Office Paper; Food Storage Bags; Video Game Consoles; PlayStation Consoles","false","true","","","false","false","false","false"
"P.T. Morgan Paper Company","P.T. Morgan Paper Company","33 E South St ","Smyrna","Kent County","DE","19977","3025535008","0","Monday: 8:00 AM - 4:30 PM Tuesday: 8:00 AM - 4:30 PM Wednesday: 8:00 AM - 4:30 PM Thursday: 8:00 AM - 4:30 PM Friday: 8:00 AM - 4:30 PM ","","39.3006151","-75.6038949","5.92223927724455","Book Recycling; Brown Paper Bags; Cardboard; Catalogs; Chipboard; Computer Paper; Gift Boxes; Greeting Cards; Magazines; Paper (Mixed); Newspapers; Paperboard; Phone books; Office Paper; Video Game Consoles; PlayStation Consoles","true","true","This site has minimum requirements for pick-up service.  Please call for more information and to schedule an appointment.","","false","false","false","false"
"Acme","Acme","236 E Glenwood Ave","Smyrna","Kent","DE","19977","3026539600","0","","","39.30583","-75.60745","5.97180889535846","Plastic Shopping Bags; Food Storage Bags; Video Game Consoles; PlayStation Consoles","false","true","","","false","false","false","false"
"Advance Auto Parts","Advance Auto Parts","324 N Dupont Blvd","Smyrna","KENT","DE","19977","3026590480","0","Monday: 7:30 AM - 9:00 PM Tuesday: 7:30 AM - 9:00 PM Wednesday: 7:30 AM - 9:00 PM Thursday: 7:30 AM - 9:00 PM Friday: 7:30 AM - 9:00 PM Saturday: 7:30 AM - 9:00 PM Sunday: 9:00 AM - 7:00 PM ","http://www.advanceautoparts.com","39.3069069","-75.6070347","6.03429077871009","Lead Acid (Pb) Batteries; Used Motor Oil; Video Game Consoles; PlayStation Consoles","false","true","","","false","false","false","false"
"Walgreens","Walgreens","217 Stadium St","Smyrna","Kent","DE","19977","3026538528","0","","http://www.walgreens.com","39.27965","-75.58899","6.03592676013343","Cell Phones; Inkjet Printer Cartridges; Video Game Consoles; PlayStation Consoles","false","true","","","false","false","false","false"
"Food Lion","Food Lion","215 Stadium St","Smyrna","Kent","DE","19977","3026595593","0","Sunday: 12:00 AM - 11:59 PM Monday: 12:00 AM - 11:59 PM Tuesday: 12:00 AM - 11:59 PM Wednesday: 12:00 AM - 11:59 PM Thursday: 12:00 AM - 11:59 PM Friday: 12:00 AM - 11:59 PM Saturday: 12:00 AM - 11:59 PM ","null","39.27965","-75.58899","6.03592676013343","Plastic Shopping Bags; Food Storage Bags; Video Game Consoles; PlayStation Consoles","false","true","The bin is located near the doors as you walk into the store.","","false","false","false","false"
"Goodwill Delaware and Delaware County - Dell Reconnect Donation Site","","250 Stadium Suite 101","Smyrna","","DE","19977","3027614640","0","","https://www.goodwillde.org","39.2799528","-75.5890263","6.04021561592071","","false","false","","","false","false","false","false"
"Recycle Delaware - Gateway North Shopping Center","Recycle Delaware - Gateway North Shopping Center","211 Stadium St","Smyrna","Kent","DE","19977","8004047080","0","Sunday: 12:00 AM - 11:59 PM Monday: 12:00 AM - 11:59 PM Tuesday: 12:00 AM - 11:59 PM Wednesday: 12:00 AM - 11:59 PM Thursday: 12:00 AM - 11:59 PM Friday: 12:00 AM - 11:59 PM Saturday: 12:00 AM - 11:59 PM ","http://www.dswa.com","39.27838","-75.58841","6.04068031161032","Plastic #1 (PETE); Plastic #2 (HDPE); Plastic #2 (Color HDPE); Plastic #3 (PVC); Plastic #4 (LDPE); Plastic #5 (Polypropylene); Plastic #7; Aerosol Spray Cans; Aluminum Cans; Glass (Blue); Book Recycling; Glass (Brown); Cardboard; Catalogs; Glass (Clear); Clothing; Computer Paper; Glass (Green); Greeting Cards; Magazines; Paper (Mixed); Newspapers; Ni-Cd Batteries; Phone books; Plastic Shopping Bags; Batteries (Rechargeable); Alkaline/Single-Use Batteries; Tin or Steel Cans; Office Paper; Food Storage Bags; Video Game Consoles; PlayStation Consoles","false","true","","","false","false","false","false"
"Town of Smyrna Drop-off Site","Town of Smyrna Drop-off Site","645 Smyrna Landing Rd ","Smyrna","New Castle County","DE","19977","7704312869","0","Sunday: 12:00 AM - 11:59 PM Monday: 12:00 AM - 11:59 PM Tuesday: 12:00 AM - 11:59 PM Wednesday: 12:00 AM - 11:59 PM Thursday: 12:00 AM - 11:59 PM Friday: 12:00 AM - 11:59 PM Saturday: 12:00 AM - 11:59 PM ","http://www.smyrnacity.com/index.aspx?page=130","39.3339479","-75.6244411","6.74194836405117","Plastic #1 (PETE); Plastic #2 (HDPE); Plastic #2 (Color HDPE); Aerosol Spray Cans; Aluminum Cans; Glass (Blue); Book Recycling; Glass (Brown); Brown Paper Bags; Cardboard; Catalogs; Glass (Clear); Computer Paper; Gift Boxes; Glass (Green); Greeting Cards; Magazines; Paper (Mixed); Newspapers; Paperboard; Phone books; Plastic Shopping Bags; Alkaline/Single-Use Batteries; Tin or Steel Cans; Used Motor Oil; Oil Filters; Office Paper; Food Storage Bags","false","true","This site is located in the free parking lot area on Main Street near the Commerce Street intersection.  Please check out the Delaware Solid Waste Authority's web site for more information.","","false","false","false","false"
"Infinity Recycling","Infinity Recycling","31850 Millington Rd","Millington","Queen Annes","MD","21651","4109283333","4109283338","","http://infinityrecycling.org/","39.2573","-75.82707","6.96786578961612","Aluminum Cans; Book Recycling; Cardboard; Catalogs; Computer (Recycling); Computer Paper; Electronics; Glass (Brown); Glass (Clear); Glass (Green); Magazines; Newspapers; Non-ferrous (Copper/Brass/Tin); Office Paper; Paper (Mixed); Phone books; Plastic #1 (PETE); Plastic #2 (HDPE); Shredded Paper; Ferrous Metals (Steel or Iron); Tin or Steel Cans; Clothing; Video Game Consoles; PlayStation Consoles","true","true","","","false","false","false","false"
"The Breast Cancer Research Foundation Car Donation Program","","","Dover","","DE","19904","8554502873","0","","https://cardonationfoundation.org/","39.1850643","-75.5975296","7.14315995619332","","false","false","","","false","false","false","false"
"Cannon Iron & Metal","","3221 Hartly Road","Hartly","","DE","19953","3024928091","0","","","39.155707","-75.6521071","7.20730307877851","","false","false","","","false","false","false","false"
"Walmart","Walmart","36 Jerome St","Dover","Kent","DE","19901","3026742159","0","","http://www.walmart.com","39.22016","-75.56908","7.22997954019159","Lead Acid (Pb) Batteries; Plastic Shopping Bags; Food Storage Bags; Video Game Consoles; PlayStation Consoles","false","true","","","false","false","false","false"
"Dover Scrap Metal","Dover Scrap Metal
","3221 Hartly Rd","Hartly","Kent","DE","19953","3024928091","0","Monday: 8:00 AM - 4:30 PM Tuesday: 8:00 AM - 4:30 PM Wednesday: 8:00 AM - 4:30 PM Thursday: 8:00 AM - 4:30 PM Friday: 8:00 AM - 4:30 PM Saturday: 7:30 AM - 11:30 AM ","null","39.15508","-75.65042","7.27855063196278","Aluminum Cans; Aluminum; Car; Automobile Parts; Lead Acid (Pb) Batteries; Ferrous Metals (Steel or Iron); Large Household Appliances; Non-ferrous (Copper/Brass/Tin); Tin or Steel Cans; Video Game Consoles; PlayStation Consoles","true","true","Please call to schedule a pick-up.","","false","false","false","false"
"USPS Post Office Box Lobby Recycling Program","US Post Office","412 Cypress St","Millington","Kent","MD","21651","8002758777","0","","https://www.usps.com/","39.258","-75.83328","7.30152581501415","Catalogs; Greeting Cards; Magazines; Paper (Mixed)","false","true","","","false","false","false","false"
"US Post Office","USPS Discarded Lobby Mail Recycling Program","412 Cypress St","Millington","Kent","MD","21651","0","0","","","39.258","-75.83328","7.30152581501415","Video Game Consoles; PlayStation Consoles","false","true","","","false","false","false","false"
"Tilcon Delaware, Inc","Tilcon Delaware, Inc","PO Box 858","Dover","Kent","DE","19903","3026788414","0","","http://www.shinglerecycling.org","39.20946","-75.57012","7.45206165135478","Shingles; Video Game Consoles; PlayStation Consoles","false","true","For more information on shingle recycling visit <a href="http://www.shinglerecycling.org/index.php" target="_blank">ShingleRecycling.org</a>","","false","false","false","false"
"Cheswold Collection Station","Cheswold Collection Station","2698 County Rd 155 ","Dover","Kent County","DE","19904","8004047080","0","","http://www.dswa.com","39.2018942","-75.5726683","7.56323028644573","Plastic #1 (PETE); Plastic #2 (HDPE); Plastic #2 (Color HDPE); Aerosol Spray Cans; Aluminum Cans; Glass (Blue); Book Recycling; Glass (Brown); Brown Paper Bags; Brush; Cardboard; Catalogs; Cell Phones; Glass (Clear); Clothing; Computer Monitors; Computer Paper; Computer (Recycling); Electronics; Video Game Systems; Grass Clippings; Glass (Green); Greeting Cards; Leaves; Magazines; Paper (Mixed); Newspapers; Office Equipment; Phone books; Plastic Shopping Bags; Alkaline/Single-Use Batteries; Telephones; Televisions; Tin or Steel Cans; Tree Trimmings; Used Motor Oil; Oil Filters; Weeds; Office Paper; Stereo Equipment; Printers/Scanners/Fax Machines; Laptop Computers; MP3 Players; Cables & Connectors; Microwaves; Food Storage Bags","false","true","This center is open to the general public. It is located off Rt. 13 onto Fork Branch Road near the railroad tracks. Electronic Goods can only be dropped off Mon & Sat 8:30 am to 3:30 pm, Fri 10:00 am to 2:00 pm.","","false","false","false","false"
"Cheswold Collection Station HHW Program","","54 Fork Branch Road","Cheswold","","DE","19936","8004047080","0","","https://dswa.com","39.2022931","-75.5714498","7.6076009993189","","false","false","","","false","false","false","false"
"Cheswold Collection Station","","54 Fork Branch Road","Dover","","DE","19904","8004047080","0","","https://dswa.com","39.2022931","-75.5714498","7.6076009993189","","false","false","","","false","false","false","false"
"USPS Post Office Box Lobby Recycling Program","US Post Office","12139 Galena Rd","Massey","Kent","MD","21650","8002758777","0","","https://www.usps.com/","39.30857","-75.8258","7.8547269105363","Catalogs; Greeting Cards; Magazines; Paper (Mixed)","false","true","","","false","false","false","false"
"US Post Office","USPS Discarded Lobby Mail Recycling Program","12139 Galena Rd","Massey","Kent","MD","21650","0","0","","","39.30857","-75.8258","7.8547269105363","Video Game Consoles; PlayStation Consoles","false","true","","","false","false","false","false"
"Dover Products Company, Inc.","","5200 W Denneys Rd","Dover","","DE","19904","3027345595","0","","http://www.doverproducts.com/","39.193606","-75.562187","8.33304067550152","","false","false","","","false","false","false","false"
"Queen Anne's County Recycling Drop-off Site - Glanding Transfer Station","","223 Glanding Rd","Millington","","MD","21651","4107582697","0","","https://www.qac.org","39.237468","-75.852849","8.42322329003131","","false","false","","","false","false","false","false"
"Townsend Building Supplies","Townsend Building Supplies","4324 DuPont Pkwy","Townsend","New Castle","DE","19734","3023788846","0","Monday: 8:00 AM - 5:00 PM Tuesday: 8:00 AM - 5:00 PM Wednesday: 8:00 AM - 5:00 PM Thursday: 8:00 AM - 5:00 PM Friday: 8:00 AM - 5:00 PM ","null","39.37536","-75.66356","8.56636378070337","Windows; Wood; Video Game Consoles; PlayStation Consoles","false","true","","","false","false","false","false"
"Sams Club","","1572 N Dupont Hwy","Dover","","DE","19901","3026784220","0","","https://www.samsclub.com/","39.193467","-75.5522479","8.80191788626273","","false","false","","","false","false","false","false"
"Midshore Regional Recycling Program - Templeville Igloo Station","","Rte 302 & Rte 454","Templeville","","MD","21649","4107586605","0","","https://www.qac.org","39.136566","-75.7662768","8.92886932174911","","false","false","","","false","false","false","false"
"USPS Post Office Box Lobby Recycling Program","US Post Office","3711 Barclay Rd","Templeville","Caroline","MD","21670","8002758777","0","","https://www.usps.com/","39.13593","-75.76917","9.03412318932688","Catalogs; Greeting Cards; Magazines; Paper (Mixed)","false","true","","","false","false","false","false"
"US Post Office","USPS Discarded Lobby Mail Recycling Program","3711 Barclay Rd","Templeville","Caroline","MD","21670","0","0","","","39.13593","-75.76917","9.03412318932688","Video Game Consoles; PlayStation Consoles","false","true","","","false","false","false","false"
"Lowe's","","1450 N Dupont Hwy","Dover","","DE","19901","3027357500","0","","https://newsroom.lowes.com/responsibility/operational-excellence/","39.1924727","-75.5476852","9.04961951275919","Batteries (Rechargeable); Cell Phone Batteries; Li-Ion Batteries; Ni-Cd Batteries; Ni-MH Batteries; Small Sealed Lead Acid Batteries; Cell Phones","false","true","","Call2Recycle","false","false","false","false"
"Sam's Club","Sam's Club","1572 N DuPont Hwy","Dover","Kent","DE","19901","3026784220","0","Monday: 10:00 AM - 8:30 PM Tuesday: 10:00 AM - 8:30 PM Wednesday: 10:00 AM - 8:30 PM Thursday: 10:00 AM - 8:30 PM Friday: 10:00 AM - 8:30 PM Saturday: 9:00 AM - 8:30 PM Sunday: 10:00 AM - 6:00 PM ","http://www.samsclub.com","39.19178","-75.54452","9.22174286999262","Lead Acid (Pb) Batteries; Video Game Consoles; PlayStation Consoles","false","true","","","false","false","false","false"
"RadioShack","RadioShack","1365 N Dupont Hwy 1084","Dover","Kent County","DE","19901","3027340196","0","Monday: 10:00 AM - 9:00 PM Tuesday: 10:00 AM - 9:00 PM Wednesday: 10:00 AM - 9:00 PM Thursday: 10:00 AM - 9:00 PM Friday: 10:00 AM - 9:00 PM Saturday: 10:00 AM - 9:00 PM Sunday: 11:00 AM - 6:00 PM ","http://www.radioshack.com","39.195576","-75.541763","9.23452380878989","Cell Phones; Ni-Cd Batteries; Batteries (Rechargeable); Cell Phone Batteries; Video Game Consoles; PlayStation Consoles","false","true","","","false","false","false","false"
"Best Buy Mobile","","1365 N DuPont Hwy","Dover","","DE","19901","3026770242","0","","https://www.bestbuy.com/site/services/recycling/pcmcat149900050025.c?id=pcmcat149900050025","39.1955008","-75.5417396","9.23792904467874","","false","false","","","false","false","false","false"
"Call2Recycle at Lowe's","Call2Recycle at Lowe's","1450 N DuPont Hwy","Dover","Kent","DE","19901","3027357500","0","Monday: 6:00 AM - 10:00 PM Tuesday: 6:00 AM - 10:00 PM Wednesday: 6:00 AM - 10:00 PM Thursday: 6:00 AM - 10:00 PM Friday: 6:00 AM - 10:00 PM Saturday: 6:00 AM - 10:00 PM Sunday: 8:00 AM - 8:00 PM ","http://www.lowes.com/","39.19057","-75.54281","9.34182227272153","Cell Phones; Compact Fluorescent Lights; Ni-Cd Batteries; Plastic Shopping Bags; Li-Ion Batteries; Ni-MH Batteries; Ni-Zn Batteries; Small Sealed Lead Acid Batteries; Video Game Consoles; PlayStation Consoles","false","true","As an environmentally-committed retailer, Lowes offers a recycling center near store entrances to give consumers a free and easy way to properly dispose of rechargeable batteries, cell phones, CFLs and plastic shopping bags; materials that otherwise could be potentially harmful to the environment.  Look for the recycling center or ask a store associate for more details.","","false","false","false","false"
"Delaware Energy Office","Delaware Energy Office","1203 College Park Dr","Dover","Kent","DE","19904","3027353480","0","Monday: 8:00 AM - 4:30 PM Tuesday: 8:00 AM - 4:30 PM Wednesday: 8:00 AM - 4:30 PM Thursday: 8:00 AM - 4:30 PM Friday: 8:00 AM - 4:30 PM ","http://www.energy.dnrec.delaware.gov","39.17813","-75.55134","9.39361437819695","Compact Fluorescent Lights; Video Game Consoles; PlayStation Consoles","false","true","","","false","false","false","false"
"Department of Corrections","Department of Corrections","245 McKee Rd","Dover","Kent","DE","19904","8004047080","0","","http://www.dswa.com/programs_dropoff.asp","39.17438","-75.55052","9.57681871519346","Plastic #1 (PETE); Plastic #2 (HDPE); Plastic #2 (Color HDPE); Plastic #4 (LDPE); Plastic #5 (Polypropylene); Plastic #7; Aluminum Cans; Glass (Blue); Book Recycling; Glass (Brown); Brown Paper Bags; Cardboard; Catalogs; Glass (Clear); Glass (Green); Magazines; Milk Cartons; Paper (Mixed); Newspapers; Paperboard; Phone books; Tin or Steel Cans; Office Paper","false","true","","","false","false","false","false"
"Best Buy","Best Buy","1165 N Dupont Hwy ","Dover","Kent County","DE","19901","3026770200","0","","https://www.bestbuy.com/recycle","39.1891401","-75.5376779","9.63089434039163","Large Household Appliances; Refrigerators; Televisions; AC Power Plugs; Batteries (Rechargeable); Cables & Connectors; Car Audio/Video Equipment; Cell Phone Batteries; Cell Phones; Computer (Recycling); Hard Drives; Computer Monitors; Cameras; DVD Players/Blu-Ray Players/DVRs; Electronics; E-Readers; GPS Units; Headphones; Inkjet Printer Cartridges; Laptop Computers; Laser Toner Cartridges; Li-Ion Batteries; MP3 Players; Network Equipment; Ni-Cd Batteries; Ni-MH Batteries; Ni-Zn Batteries; Computer Peripherals; Portable Media Players; Printers/Scanners/Fax Machines; Small Electronics; Small Sealed Lead Acid Batteries; Stereo Equipment; Tablets; Telephones; UPS Batteries/Backup Systems; VCRs; Video Game Systems; Blu-Ray Players; Digital Converter Boxes; Small Televisions; Video Game Consoles; PlayStation Consoles","true","true","2 TVs per visit, 3 e-waste items per day; $25 fee for TVs and Monitors; $19.99 pick-up fee with delivery; $99.99 standalone pickup fee; ","Sony, Vizio, OEM","false","false","false","false"
"Best Buy","","1165 N Dupont Hwy","Dover","","DE","19901","3026770200","0","","https://www.bestbuy.com/site/services/recycling/pcmcat149900050025.c?id=pcmcat149900050025","39.1891401","-75.5376779","9.63089434039163","","false","false","","","false","false","false","false"
"Department of Corrections","","245 McKee Road","Dover","","DE","19904","8004047080","0","","https://dswa.com","39.1743739","-75.5486859","9.65755009717349","","false","false","","","false","false","false","false"
"USPS Post Office Box Lobby Recycling Program","US Post Office","117 S Church St","Sudlersville","Queen Annes","MD","21668","8002758777","0","","https://www.usps.com/","39.18577","-75.85852","9.85495692575877","Catalogs; Greeting Cards; Magazines; Paper (Mixed)","false","true","","","false","false","false","false"
"US Post Office","USPS Discarded Lobby Mail Recycling Program","117 S Church St","Sudlersville","Queen Annes","MD","21668","0","0","","","39.18577","-75.85852","9.85495692575877","Video Game Consoles; PlayStation Consoles","false","true","","","false","false","false","false"
"Staples","Staples","1041 N Dupont Hwy","Dover","Kent County","DE","19901","3027365754","0","Monday: 8:00 AM - 9:00 PM Tuesday: 8:00 AM - 9:00 PM Wednesday: 8:00 AM - 9:00 PM Thursday: 8:00 AM - 9:00 PM Friday: 8:00 AM - 9:00 PM Saturday: 9:00 AM - 9:00 PM Sunday: 10:00 AM - 8:00 PM ","https://www.staples.com/recycle","39.1858771","-75.5334552","9.93653970556917","AC Power Plugs; Batteries (Rechargeable); Cables & Connectors; Cell Phone Batteries; Cell Phones; Computer (Recycling); Hard Drives; Computer Monitors; Cameras; DVD Players/Blu-Ray Players/DVRs; Electronics; E-Readers; GPS Units; Headphones; Inkjet Printer Cartridges; Laptop Computers; Laser Toner Cartridges; Li-Ion Batteries; MP3 Players; Network Equipment; Ni-Cd Batteries; Ni-MH Batteries; Ni-Zn Batteries; Computer Peripherals; Portable Media Players; Printers/Scanners/Fax Machines; Small Electronics; Small Sealed Lead Acid Batteries; Stereo Equipment; Tablets; Telephones; UPS Batteries/Backup Systems; VCRs; Video Game Systems; Blu-Ray Players; Digital Converter Boxes; Video Game Consoles; PlayStation Consoles; Alkaline/Single-Use Batteries","false","true","NO TVs; Limit 6 CEDs per day; ","Sony, Vizio, OEM","false","false","false","false"
"Staples","null","1041 N Dupont Hwy","Dover","","DE","19901","3027365754","0","","https://www.staples.com/sbd/cre/marketing/sustainability-center/recycling-services/","39.1842705","-75.5335544","9.98509685436135","Alkaline/Single-Use Batteries; Batteries (Rechargeable); Cell Phone Batteries; Li-Ion Batteries; Ni-Cd Batteries; Ni-MH Batteries; Small Sealed Lead Acid Batteries; Alkaline/Single-Use Batteries; Button Batteries; Non-rechargeable lithium batteries; Cell Phones","false","true","","Call2Recycle","false","false","false","false"
"ACME","","1001 North Dupont Highway","Dover","","DE","19901","3026748307","0","","","39.1853133","-75.532583","9.99615257732376","","false","false","","","false","false","false","false"
