name,description,address,city,region,province,postal_code,phone,fax,hours,url,latitude,longitude,distance,materials,pickup,dropoff,notes,groups,curbside,municipal,national,event_only
"Fitzgerald's Auto Salvage","","113 Fitzgerald Road","Lincoln","","DE","19960","3024227584","0","","","38.8698352","-75.4229746","1.40452973658966","","false","false","","","false","false","false","false"
"Greenwood Elementary School","","400 Governors Avenue","Greenwood","","DE","19950","8004047080","0","","https://dswa.com","38.8038612","-75.5872528","10.4108986382298","","false","false","","","false","false","false","false"
"Greenwood Elementary School","Greenwood Elementary School","400 Governors Ave","Greenwood","Sussex","DE","19950","8004047080","0","","http://www.dswa.com/programs_dropoff.asp","38.80445","-75.59071","10.5726389305678","Plastic #1 (PETE); Plastic #2 (HDPE); Plastic #2 (Color HDPE); Plastic #4 (LDPE); Plastic #5 (Polypropylene); Plastic #7; Aluminum Cans; Glass (Blue); Book Recycling; Glass (Brown); Brown Paper Bags; Cardboard; Catalogs; Glass (Clear); Glass (Green); Magazines; Milk Cartons; Paper (Mixed); Newspapers; Paperboard; Phone books; Tin or Steel Cans; Office Paper","false","true","","","false","false","false","false"
"Delaware Electric Cooperative","Delaware Electric Cooperative","14198 Sussex Hwy","Greenwood","Sussex","DE","19950","3027353480","0","Monday: 8:00 AM - 4:30 PM Tuesday: 8:00 AM - 4:30 PM Wednesday: 8:00 AM - 4:30 PM Thursday: 8:00 AM - 4:30 PM Friday: 8:00 AM - 4:30 PM ","http://www.energy.dnrec.delaware.gov","38.79153","-75.58693","10.714387936795","Compact Fluorescent Lights; Video Game Consoles; PlayStation Consoles","false","true","","","false","false","false","false"
"Town of Harrington","Town of Harrington","101 W Center St","Harrington","Kent","DE","19952","8004047080","0","","http://www.dswa.com/programs_dropoff.asp","38.92759","-75.58247","10.771931577658","Plastic #1 (PETE); Plastic #2 (HDPE); Plastic #2 (Color HDPE); Plastic #4 (LDPE); Plastic #5 (Polypropylene); Plastic #7; Aluminum Cans; Glass (Blue); Book Recycling; Glass (Brown); Brown Paper Bags; Cardboard; Catalogs; Glass (Clear); Glass (Green); Magazines; Milk Cartons; Paper (Mixed); Newspapers; Ni-Cd Batteries; Paperboard; Phone books; Batteries (Rechargeable); Tin or Steel Cans; Office Paper; Textiles","false","true","","","false","false","false","false"
"Delaware Technical and Community College","Delaware Technical and Community College","21179 Seashore Hwy ","Georgetown","Sussex County","DE","19947","8004047080","0","","http://www.dswa.com/programs_dropoff.asp","38.7081868","-75.3371921","10.7791960715042","Plastic #1 (PETE); Plastic #2 (HDPE); Plastic #2 (Color HDPE); Plastic #4 (LDPE); Plastic #5 (Polypropylene); Plastic #7; Aluminum Cans; Glass (Blue); Book Recycling; Glass (Brown); Brown Paper Bags; Cardboard; Catalogs; Glass (Clear); Glass (Green); Magazines; Milk Cartons; Paper (Mixed); Newspapers; Paperboard; Phone books; Tin or Steel Cans; Office Paper","false","true","","","false","false","false","false"
"Delaware Technical and Community College","","21179 Seashore Highway","Georgetown","","DE","19947","8004047080","0","","https://dswa.com","38.6985271","-75.4014886","10.8059864596128","","false","false","","","false","false","false","false"
"Killen's Pond State Park (Camping Area)","Killen's Pond State Park (Camping Area)","2989 Paradise Alley Rd ","Harrington","Kent County","DE","19952","8004047080","0","","http://www.dswa.com/programs_dropoff.asp","38.9744144","-75.5349611","10.8071573923349","Plastic #1 (PETE); Plastic #2 (HDPE); Plastic #2 (Color HDPE); Plastic #4 (LDPE); Plastic #5 (Polypropylene); Plastic #7; Aerosol Spray Cans; Aluminum Cans; Glass (Blue); Book Recycling; Glass (Brown); Brown Paper Bags; Cardboard; Catalogs; Glass (Clear); Computer Paper; Glass (Green); Greeting Cards; Magazines; Milk Cartons; Paper (Mixed); Newspapers; Ni-Cd Batteries; Paperboard; Phone books; Alkaline/Single-Use Batteries; Tin or Steel Cans; Office Paper","false","true","","","false","false","false","false"
"Killen's Pond State Park Camping Area","","2989 Paradise Alley Road","Harrington","","DE","19952","8004047080","0","","https://dswa.com","38.974397","-75.5349926","10.8073321850258","","false","false","","","false","false","false","false"
"Town of Frederica","Town of Frederica","1289 Frederica Rd","Frederica","Kent","DE","19946","8004047080","0","","http://www.dswa.com/programs_dropoff.asp","39.00485","-75.46429","10.8347335468646","Plastic #1 (PETE); Plastic #2 (HDPE); Plastic #2 (Color HDPE); Plastic #4 (LDPE); Plastic #5 (Polypropylene); Plastic #7; Aerosol Spray Cans; Aluminum Cans; Glass (Blue); Book Recycling; Glass (Brown); Brown Paper Bags; Cardboard; Catalogs; Glass (Clear); Computer Paper; Glass (Green); Greeting Cards; Magazines; Milk Cartons; Paper (Mixed); Newspapers; Paperboard; Phone books; Plastic Shopping Bags; Alkaline/Single-Use Batteries; Tin or Steel Cans; Used Motor Oil; Oil Filters; Office Paper; Food Storage Bags","false","true","","","false","false","false","false"
"W.T. Chipman School","","101 West Center Street","Harrington","","DE","19952","8004047080","0","","https://dswa.com","38.929471","-75.5833015","10.8723716355571","","false","false","","","false","false","false","false"
"Town of Frederica Drop-off Site","","1289 Frederica Road","Frederica","","DE","19946","8004047080","0","","https://dswa.com","39.0064179","-75.4649743","10.9490712167147","","false","false","","","false","false","false","false"
"Lake Forest East Elementary School","","124 West Front Street","Frederica","","DE","19946","8004047080","0","","https://dswa.com","39.0070542","-75.4733423","11.1307488969583","","false","false","","","false","false","false","false"
"RadioShack","RadioShack","6 College Park Ln Ste 14","Georgetown","Sussex","DE","19947","3028551335","0","Monday: 9:00 AM - 9:00 PM Tuesday: 9:00 AM - 9:00 PM Wednesday: 9:00 AM - 9:00 PM Thursday: 9:00 AM - 9:00 PM Friday: 9:00 AM - 9:00 PM Saturday: 9:00 AM - 9:00 PM Sunday: 9:00 AM - 7:00 PM ","http://www.radioshack.com","38.694","-75.39004","11.1470325146174","Cell Phones; Ni-Cd Batteries; Batteries (Rechargeable); Cell Phone Batteries; Video Game Consoles; PlayStation Consoles","false","true","","","false","false","false","false"
"Walmart","Walmart","4 College Park Ln","Georgetown","Sussex","DE","19947","3028549454","0","","http://www.walmart.com","38.694","-75.39004","11.1470325146174","Lead Acid (Pb) Batteries; Plastic Shopping Bags; Food Storage Bags; Video Game Consoles; PlayStation Consoles","false","true","","","false","false","false","false"
"Call2Recycle at RadioShack","Call2Recycle at RadioShack","6 College Park Ln Ste 14","Georgetown","Sussex","DE","19947","3028551335","0","","http://www.radioshack.com/","38.694","-75.39004","11.1470325146174","Cell Phones; Ni-Cd Batteries; Li-Ion Batteries; Ni-MH Batteries; Ni-Zn Batteries; Small Sealed Lead Acid Batteries; Video Game Consoles; PlayStation Consoles","false","true","As the first national retailer to partner with Call2Recycle, RadioShack is at the forefront of the rechargeable battery recycling cause and is pleased to offer battery recycling at thousands of convenient RadioShack locations for free.  Simply drop them off at your local RadioShack and theyll take care of the rest.  Ask a store associate for more details.","","false","false","false","false"
"Walgreens","Walgreens","2 College Park Ln","Georgetown","Sussex","DE","19947","3028545200","0","","http://www.walgreens.com","38.694","-75.39004","11.1470325146174","Cell Phones; Inkjet Printer Cartridges; Video Game Consoles; PlayStation Consoles","false","true","","","false","false","false","false"
"Lake Forest East Elementary School","Lake Forest East Elementary School","124 W Front St","Frederica","Kent","DE","19946","8004047080","0","","http://www.dswa.com/programs_dropoff.asp","39.00813","-75.47107","11.1616621102867","Plastic #1 (PETE); Plastic #2 (HDPE); Plastic #2 (Color HDPE); Plastic #4 (LDPE); Plastic #5 (Polypropylene); Plastic #7; Aluminum Cans; Glass (Blue); Book Recycling; Glass (Brown); Brown Paper Bags; Cardboard; Catalogs; Glass (Clear); Glass (Green); Magazines; Milk Cartons; Paper (Mixed); Newspapers; Paperboard; Phone books; Tin or Steel Cans; Office Paper","false","true","","","false","false","false","false"
"Del-Tech","Del-Tech","519 Ennis St ","Georgetown","Sussex County","DE","19947","3027395361","0","Sunday: 12:00 AM - 11:59 PM Monday: 12:00 AM - 11:59 PM Tuesday: 12:00 AM - 11:59 PM Wednesday: 12:00 AM - 11:59 PM Thursday: 12:00 AM - 11:59 PM Friday: 12:00 AM - 11:59 PM Saturday: 12:00 AM - 11:59 PM ","http://www.dswa.com","38.6934088","-75.4130331","11.1655622724462","Plastic #1 (PETE); Plastic #2 (HDPE); Plastic #2 (Color HDPE); Aerosol Spray Cans; Aluminum Cans; Glass (Blue); Book Recycling; Glass (Brown); Brown Paper Bags; Cardboard; Catalogs; Cell Phones; Glass (Clear); Computer Monitors; Computer Paper; Computer (Recycling); Video Game Systems; Glass (Green); Greeting Cards; Magazines; Paper (Mixed); Newspapers; Office Equipment; Phone books; Plastic Shopping Bags; Alkaline/Single-Use Batteries; Telephones; Televisions; Tin or Steel Cans; Used Motor Oil; Oil Filters; Office Paper; Food Storage Bags","false","true","This is located on Route 26. Please check out the Delaware Solid Waste Authority's web site for more information.","","false","false","false","false"
"Recycle Delaware - Del-Tech Owens Campus","Recycle Delaware - Del-Tech Owens Campus","519 Ennis St ","Georgetown","Sussex County","DE","19947","8004047080","0","","http://www.dswa.com","38.6934088","-75.4130331","11.1655622724462","Plastic #1 (PETE); Plastic #2 (HDPE); Plastic #2 (Color HDPE); Plastic #3 (PVC); Plastic #4 (LDPE); Plastic #5 (Polypropylene); Plastic #7; Aerosol Spray Cans; Aluminum Cans; Glass (Blue); Book Recycling; Glass (Brown); Cardboard; Catalogs; Glass (Clear); Computer Paper; Glass (Green); Greeting Cards; Magazines; Paper (Mixed); Newspapers; Ni-Cd Batteries; Phone books; Plastic Shopping Bags; Batteries (Rechargeable); Alkaline/Single-Use Batteries; Tin or Steel Cans; Office Paper; Food Storage Bags; Video Game Consoles; PlayStation Consoles","false","true","This site is located at the South entrance of the campus.","","false","false","false","false"
"911 Cell Phone Bank - Suwanee Police","911 Cell Phone Bank - Suwanee Police","114 E Market St","Georgetown","Sussex","DE","19947","8662907864","0","","http://www.911cellphonebank.org/","38.69061","-75.38497","11.4035506784263","Cell Phones; Cameras; Laptop Computers; MP3 Players; Video Games; Video Game Consoles; Smart watches & Apple Watch®
","false","true","Please call to verify drop-off procedures and directions to the location.  For prepaid shipping labels, visit http://www.911cellphonebank.org/drop-off-locations.asp - click on "print shipping label."","","false","false","false","false"
"Sussex County Government West Complex","","22215 Dupont Boulevard","Georgetown","","DE","19947","8004047080","0","","https://dswa.com","38.6812549","-75.3939594","12.012842040215","","false","false","","","false","false","false","false"
"Lake Forest Central Elementary School","","5423 Killens Pond Road","Felton","","DE","19943","8004047080","0","","https://dswa.com","38.9893616","-75.5516096","12.1730760000373","","false","false","","","false","false","false","false"
"Lake Forest Central Elementary School","Lake Forest Central Elementary School","5423 Killens Pond Rd","Felton","Kent","DE","19943","8004047080","0","","http://www.dswa.com/programs_dropoff.asp","38.98925","-75.55184","12.1752078302186","Plastic #1 (PETE); Plastic #2 (HDPE); Plastic #2 (Color HDPE); Plastic #4 (LDPE); Plastic #5 (Polypropylene); Plastic #7; Aerosol Spray Cans; Aluminum Cans; Glass (Blue); Book Recycling; Glass (Brown); Brown Paper Bags; Cardboard; Catalogs; Glass (Clear); Computer Paper; Glass (Green); Greeting Cards; Magazines; Milk Cartons; Paper (Mixed); Newspapers; Ni-Cd Batteries; Paperboard; Phone books; Plastic Shopping Bags; Batteries (Rechargeable); Alkaline/Single-Use Batteries; Tin or Steel Cans; Office Paper; Textiles; Food Storage Bags","false","true","","","false","false","false","false"
"Grizzlys Landscape Supply Service","","18412 The Narrow Road","Lewes","","DE","19958","3026440654","0","","https://grizzlycompost.com/","38.7352346","-75.2346428","12.3598085862871","","false","false","","","false","false","false","false"
"Goodwill Store & Donation Center","Goodwill Store & Donation Center","18178 Sussex Hwy","Bridgeville","Sussex","DE","19933","3023378561","0","Monday: 9:00 AM - 8:00 PM Tuesday: 9:00 AM - 8:00 PM Wednesday: 9:00 AM - 8:00 PM Thursday: 9:00 AM - 8:00 PM Friday: 9:00 AM - 8:00 PM Saturday: 9:00 AM - 8:00 PM Sunday: 10:00 AM - 5:00 PM ","http://www.goodwillde.org/","38.74194","-75.59267","12.7573035744633","Books (Reuse); Clothing; CD/DVD/Blu-ray/UHD discs; Computer (Reuse); Eyeglasses; Furniture; Household Goods; Medical Equipment; Car Donation; Small Appliances; Textiles; Computer Peripherals","true","true","Goodwill offers pick up service for organizations, business, churches, neighborhood associations and schools. Donations of overstock, surplus and community sale items are also accepted.  To schedule a special pick up or to receive pick up details please contact our Community Donations Manager at 1-866-317-2299.","","false","false","false","false"
"USPS Post Office Box Lobby Recycling Program","US Post Office","5 Point Dr ","Lewes","Sussex County","DE","19958","8002758777","0","","https://www.usps.com/","38.7559005","-75.2048717","12.7744349382246","Catalogs; Greeting Cards; Magazines; Paper (Mixed)","false","true","","","false","false","false","false"
"Woodbridge Middle School","","48 Church Street","Bridgeville","","DE","19933","8004047080","0","","https://dswa.com","38.7509027","-75.6018172","12.7920156484446","","false","false","","","false","false","false","false"
"Woodbridge Middle School","Woodbridge Middle School","48 Church St","Bridgeville","Sussex","DE","19933","8004047080","0","","http://www.dswa.com/programs_dropoff.asp","38.74911","-75.60179","12.8609007659785","Plastic #1 (PETE); Plastic #2 (HDPE); Plastic #2 (Color HDPE); Plastic #4 (LDPE); Plastic #5 (Polypropylene); Plastic #7; Aluminum Cans; Glass (Blue); Book Recycling; Glass (Brown); Brown Paper Bags; Cardboard; Catalogs; Glass (Clear); Glass (Green); Magazines; Milk Cartons; Paper (Mixed); Newspapers; Paperboard; Phone books; Tin or Steel Cans; Office Paper","false","true","","","false","false","false","false"
"Goodwill Industries","","18178 Sussex Highway","Bridgeville","","DE","19933","8004047080","0","","https://dswa.com","38.7364091","-75.593619","13.0346282994796","","false","false","","","false","false","false","false"
"Goodwill Delaware and Delaware County - Dell Reconnect Donation Site","","18178 Sussex Highway","Bridgeville","","DE","19933","3023378561","0","","https://www.goodwillde.org","38.7364091","-75.593619","13.0346282994796","","false","false","","","false","false","false","false"
"Walgreens","Walgreens","9561 Bridgeville Ctr","Bridgeville","Sussex","DE","19933","3023379785","0","","http://www.walgreens.com","38.7178","-75.5744","13.1417334260943","Cell Phones; Inkjet Printer Cartridges; Video Game Consoles; PlayStation Consoles","false","true","","","false","false","false","false"
"Woodbridge High School","","307 South Laws Street","Bridgeville","","DE","19933","8004047080","0","","https://dswa.com","38.7395424","-75.6007125","13.2020220050699","","false","false","","","false","false","false","false"
"Woodbridge High School","Woodbridge High School","307 S Laws St","Bridgeville","Sussex","DE","19933","8004047080","0","","http://www.dswa.com/programs_dropoff.asp","38.73981","-75.60133","13.2173970949608","Plastic #1 (PETE); Plastic #2 (HDPE); Plastic #2 (Color HDPE); Plastic #4 (LDPE); Plastic #5 (Polypropylene); Plastic #7; Aluminum Cans; Glass (Blue); Book Recycling; Glass (Brown); Brown Paper Bags; Cardboard; Catalogs; Glass (Clear); Glass (Green); Magazines; Milk Cartons; Paper (Mixed); Newspapers; Paperboard; Phone books; Tin or Steel Cans; Office Paper","false","true","","","false","false","false","false"
"Sussex County Correction Center","","23207 Dupont Boulevard","Georgetown","","DE","19947","8004047080","0","","https://dswa.com","38.6596352","-75.3711832","13.6154490668089","","false","false","","","false","false","false","false"
"Town of Felton","Town of Felton","203 Lombard St ","Felton","Kent County","DE","19943","8004047080","0","","http://www.dswa.com/programs_dropoff.asp","39.0048685","-75.5782977","13.9228688804664","Plastic #1 (PETE); Plastic #2 (HDPE); Plastic #2 (Color HDPE); Plastic #4 (LDPE); Plastic #5 (Polypropylene); Plastic #7; Aerosol Spray Cans; Aluminum Cans; Glass (Blue); Book Recycling; Glass (Brown); Brown Paper Bags; Cardboard; Catalogs; Glass (Clear); Computer Paper; Glass (Green); Greeting Cards; Magazines; Milk Cartons; Paper (Mixed); Newspapers; Paperboard; Phone books; Plastic Shopping Bags; Alkaline/Single-Use Batteries; Tin or Steel Cans; Office Paper; Textiles; Food Storage Bags","false","true","","","false","false","false","false"
"Town of Felton Drop-off Site","","203 Lombard Street","Felton","","DE","19943","8004047080","0","","https://dswa.com","39.0064203","-75.5772254","13.9645598847547","","false","false","","","false","false","false","false"
"Home Depot","Home Depot","17832 Coastal Hwy","Lewes","Sussex","DE","19958","3026448270","0","","http://www.homedepot.com","38.75068","-75.18295","13.9685910532765","Compact Fluorescent Lights; Batteries (Rechargeable); Video Game Consoles; PlayStation Consoles","false","true","Home Depot accepts compact fluorescent bulbs and used power tool rechargeable batteries. Look for the orange drop boxes, usually located near the front entrance near the customer service desk.","","false","false","false","false"
"Call2Recycle at the Home Depot","Call2Recycle at the Home Depot","17832 Coastal Hwy","Lewes","Sussex","DE","19958","3026448270","0","","http://www.homedepot.com/","38.75068","-75.18295","13.9685910532765","Cell Phones; Compact Fluorescent Lights; Ni-Cd Batteries; Li-Ion Batteries; Ni-MH Batteries; Ni-Zn Batteries; Small Sealed Lead Acid Batteries; Video Game Consoles; PlayStation Consoles","false","true","The Home Depot accepts used rechargeable batteries and compact fluorescent bulbs. Look for the orange drop boxes, usually located near the front entrance near the customer service desk, or ask a store associate for more details.","","false","false","false","false"
"Donovan's Dock","","42 Murderkill Avenue","Frederica","","DE","19946","8004047080","0","","https://dswa.com","39.057986","-75.398621","14.0354642990091","","false","false","","","false","false","false","false"
"Bowers Beach Drop-off Site","Bowers Beach Drop-off Site","42 Murderkill Ave","Frederica","Kent","DE","19946","8004047080","0","","http://www.dswa.com/programs_dropoff.asp","39.05827","-75.39809","14.0558321105207","Plastic #1 (PETE); Plastic #2 (HDPE); Plastic #2 (Color HDPE); Plastic #4 (LDPE); Plastic #5 (Polypropylene); Plastic #7; Aerosol Spray Cans; Aluminum Cans; Glass (Blue); Book Recycling; Glass (Brown); Brown Paper Bags; Cardboard; Catalogs; Glass (Clear); Clothing; Computer Paper; Glass (Green); Greeting Cards; Magazines; Milk Cartons; Paper (Mixed); Newspapers; Paperboard; Phone books; Plastic Shopping Bags; Alkaline/Single-Use Batteries; Tin or Steel Cans; Office Paper; Food Storage Bags","false","true","The bin is located at Donovan's Dock parking lot.","","false","false","false","false"
"Sussex County Correction Center","Sussex County Correction Center","23207 DuPont Blvd","Georgetown","Sussex","DE","19947","8004047080","0","","http://www.dswa.com/programs_dropoff.asp","38.65336","-75.36811","14.0677770238575","Plastic #1 (PETE); Plastic #2 (HDPE); Plastic #2 (Color HDPE); Plastic #4 (LDPE); Plastic #5 (Polypropylene); Plastic #7; Aluminum Cans; Glass (Blue); Book Recycling; Glass (Brown); Brown Paper Bags; Cardboard; Catalogs; Glass (Clear); Glass (Green); Magazines; Milk Cartons; Paper (Mixed); Newspapers; Paperboard; Phone books; Alkaline/Single-Use Batteries; Tin or Steel Cans; Used Motor Oil; Oil Filters; Office Paper","false","true","","","false","false","false","false"
"Bridgeville Collection Station","Bridgeville Collection Station","16539 Polk Rd ","Bridgeville","Sussex County","DE","19933","8004047080","0","","http://www.dswa.com/programs_dropoff.asp","38.759371","-75.640944","14.303137329975","Plastic #1 (PETE); Plastic #2 (HDPE); Plastic #2 (Color HDPE); Plastic #4 (LDPE); Plastic #5 (Polypropylene); Plastic #7; Aluminum Cans; Glass (Blue); Book Recycling; Glass (Brown); Brown Paper Bags; Cardboard; Catalogs; Glass (Clear); Glass (Green); Magazines; Milk Cartons; Paper (Mixed); Newspapers; Paperboard; Phone books; Tin or Steel Cans; Office Paper; Unused Paper","false","true","","","false","false","false","false"
"Kaye Construction","Kaye Construction","22288 Coverdale Rd","Seaford","Sussex","DE","19973","3025297483","0","Monday: 7:00 AM - 5:00 PM Tuesday: 7:00 AM - 5:00 PM Wednesday: 7:00 AM - 5:00 PM Thursday: 7:00 AM - 5:00 PM Friday: 7:00 AM - 5:00 PM ","null","38.6796","-75.54672","14.3096615669348","Grass Clippings; Tree Trimmings; Video Game Consoles; PlayStation Consoles","false","true","Please call for information and fees.","","false","false","false","false"
"Bridgeville Collection Station","","16539 Polk Road","Bridgeville","","DE","19933","8004047080","0","","https://dswa.com","38.7636708","-75.6451352","14.3705908437403","","false","false","","","false","false","false","false"
"Kaye Construction","","22288 Coverdale Rd","Seaford","","DE","19973","3026297483","0","","","38.6788924","-75.5476956","14.3790602965584","","false","false","","","false","false","false","false"
"Lowe's","","20364 Plantations Road","Lewes","","DE","19958","3026450900","0","","https://newsroom.lowes.com/responsibility/operational-excellence/","38.7469625","-75.1713192","14.6382448444062","","false","false","","","false","false","false","false"
"Walgreens","Walgreens","1549 Savannah Rd","Lewes","Sussex","DE","19958","3026447840","0","","http://www.walgreens.com","38.75199","-75.16324","14.8443331231957","Cell Phones; Inkjet Printer Cartridges; Video Game Consoles; PlayStation Consoles","false","true","","","false","false","false","false"
"Jiffy Lube","Jiffy Lube","34680 Jiffy Way","Lewes","Sussex","DE","19958","3026449215","0","Monday: 8:00 AM - 6:00 PM Tuesday: 8:00 AM - 6:00 PM Wednesday: 8:00 AM - 6:00 PM Thursday: 8:00 AM - 6:00 PM Friday: 8:00 AM - 6:00 PM Saturday: 8:00 AM - 5:00 PM ","null","38.75081","-75.16187","14.9482732860593","Used Motor Oil; Oil Filters; Video Game Consoles; PlayStation Consoles","false","true","","","false","false","false","false"
"Home Depot","","17832 Coastal Hwy","Lewes","","DE","19958","3026448270","0","","https://ecooptions.homedepot.com/","38.7469748","-75.1627465","15.0368518222847","Batteries (Rechargeable); Cell Phone Batteries; Li-Ion Batteries; Ni-Cd Batteries; Ni-MH Batteries; Small Sealed Lead Acid Batteries","false","true","","Call2Recycle","false","false","false","false"
"USPS Post Office Box Lobby Recycling Program","US Post Office","116 Front St","Lewes","Sussex","DE","19958","8002758777","0","","https://www.usps.com/","38.77536","-75.13827","15.3875739945803","Catalogs; Greeting Cards; Magazines; Paper (Mixed)","false","true","","","false","false","false","false"
"US Post Office","USPS Discarded Lobby Mail Recycling Program","116 Front St","Lewes","Sussex","DE","19958","0","0","","","38.77536","-75.13827","15.3875739945803","Video Game Consoles; PlayStation Consoles","false","true","","","false","false","false","false"
"Lewes Cycle Sports","Lewes Cycle Sports","526 E. Savannah Road","Lewes","Sussex ","DE","19958","3026454544","0","","","38.7764299564055","-75.1370619951029","15.4220882724791","E-Bike Batteries","false","true","Call or Check Online for Hours","Call2Recycle","false","false","false","false"
"McIlvaine Early Childhood Center","McIlvaine Early Childhood Center","11 E Walnut St","Magnolia","Kent","DE","19962","8004047080","0","","http://www.dswa.com/programs_dropoff.asp","39.07197","-75.47531","15.4620529160197","Plastic #1 (PETE); Plastic #2 (HDPE); Plastic #2 (Color HDPE); Plastic #4 (LDPE); Plastic #5 (Polypropylene); Plastic #7; Aluminum Cans; Glass (Blue); Book Recycling; Glass (Brown); Brown Paper Bags; Cardboard; Catalogs; Glass (Clear); Glass (Green); Magazines; Milk Cartons; Paper (Mixed); Newspapers; Paperboard; Phone books; Tin or Steel Cans; Office Paper","false","true","","","false","false","false","false"
"Stockley Materials","","25136 Dupont Blvd","Georgetown","","DE","19947","3028567601","0","","","38.6349293","-75.3512282","15.4743981517646","","false","false","","","false","false","false","false"
"Town of Lewes","Town of Lewes","312 U.S. 9 ","Lewes","Sussex County","DE","19958","8004047080","0","","http://www.dswa.com/programs_dropoff.asp","38.7792068","-75.1340078","15.5101100078251","Plastic #1 (PETE); Plastic #2 (HDPE); Plastic #2 (Color HDPE); Plastic #4 (LDPE); Plastic #5 (Polypropylene); Plastic #7; Aluminum Cans; Glass (Blue); Book Recycling; Glass (Brown); Brown Paper Bags; Cardboard; Catalogs; Glass (Clear); Glass (Green); Magazines; Milk Cartons; Paper (Mixed); Newspapers; Paperboard; Phone books; Alkaline/Single-Use Batteries; Tin or Steel Cans; Office Paper; Textiles","false","true","","","false","false","false","false"
"Fitzgerald's Auto Salvage","Fitzgerald's Auto Salvage","113 Fitzgeralds Rd ","Lincoln","Sussex County","DE","19960","3024227584","0","Monday: 8:00 AM - 4:00 PM Tuesday: 8:00 AM - 4:00 PM Wednesday: 8:00 AM - 4:00 PM Thursday: 8:00 AM - 4:00 PM Friday: 8:00 AM - 4:00 PM Saturday: 8:00 AM - 12:00 PM ","","38.8683264","-75.4438473","2.27378020582447","Aluminum Cans; Aluminum; Car; Lead Acid (Pb) Batteries; Ferrous Metals (Steel or Iron); Large Household Appliances; Clothes Hangers (Metal); Non-ferrous (Copper/Brass/Tin); Propane Tanks; Tin or Steel Cans; Video Game Consoles; PlayStation Consoles","true","true","This site will pick-up scrap autos for a fee.  All other items need to be dropped off at the site.","","false","false","false","false"
"Milford Transfer Station","","1170 South Dupont Boulevard","Milford","","DE","19963","8004047080","0","","https://dswa.com","38.8830878","-75.4395879","2.68367297247925","","false","false","","","false","false","false","false"
"Milford Transfer Station","Milford Transfer Station","1170 S DuPont Blvd","Milford","Sussex","DE","19963","3024242781","0","","http://www.dswa.com/","38.88862","-75.43974","2.97770744483406","Cell Phones; Computer Monitors; Computer (Recycling); Video Game Systems; Telephones; Televisions; Stereo Equipment; Printers/Scanners/Fax Machines; Laptop Computers; Vacuum Cleaners; Portable Media Players; Cables & Connectors; Servers; Microwaves; GPS Units; Computer Peripherals; Video Game Consoles; PlayStation Consoles; Batteries (Rechargeable); Cell Phone Batteries; Li-Ion Batteries; Ni-Cd Batteries; Ni-MH Batteries; Small Sealed Lead Acid Batteries; Cell Phones","false","true","","Call2Recycle","false","false","false","false"
"Kent Scrap Metal","Kent Scrap Metal
","628 Marshall St","Milford","Sussex","DE","19963","3024224182","0","Monday: 8:00 AM - 4:00 PM Tuesday: 8:00 AM - 4:00 PM Wednesday: 8:00 AM - 4:00 PM Thursday: 8:00 AM - 4:00 PM Friday: 8:00 AM - 4:00 PM Saturday: 8:00 AM - 12:00 PM Sunday:  -  ","http://www.jssmetals.com/Locations","38.89915","-75.42247","3.194076888212","Alkaline/Single-Use Batteries; Aluminum; Aluminum Cans; Batteries (Rechargeable); Book Recycling; Books (Reuse); Brown Paper Bags; Car; Cardboard; CD/DVD/Blu-ray/UHD discs; Cell Phones; Computer (Recycling); Computer (Reuse); Hard Drives; Computer Monitors; Computer Paper; Electronics; Ferrous Metals (Steel or Iron); Glass (Brown); Glass (Clear); Glass (Green); Inkjet Cartridge Refilling; Inkjet Printer Cartridges; Large Household Appliances; Laser Toner Cartridges; Laser Toner Refilling; Lead Acid (Pb) Batteries; Magazines; MP3 Players; Newspapers; Ni-Cd Batteries; Non-ferrous (Copper/Brass/Tin); Office Equipment; Office Paper; Paper (Mixed); Phone books; Plastic #1 (PETE); Plastic #2 (Color HDPE); Plastic #2 (HDPE); Plastic #3 (PVC); Plastic #4 (LDPE); Plastic #5 (Polypropylene); Plastic #6 (Polystyrene); Plastic #7; Printers/Scanners/Fax Machines; Stereo Equipment; Telephones; Televisions; Tin or Steel Cans; Unused Paper; VHS & Cassette Tapes; Video Game Systems; Video Game Consoles; PlayStation Consoles","true","true","Please call for further information.","","false","false","false","false"
"Walgreens","Walgreens","701 N DuPont Blvd","Milford","Sussex","DE","19963","3024246300","0","","http://www.walgreens.com","38.8951","-75.43935","3.32795501851869","Cell Phones; Inkjet Printer Cartridges; Video Game Consoles; PlayStation Consoles","false","true","","","false","false","false","false"
"City of Milford - Marshall Street","City of Milford - Marshall Street","607 Marshall St ","Milford","Sussex County","DE","19963","8004047080","0","","http://www.dswa.com/programs_dropoff.asp","38.9017535","-75.4226514","3.36932585216001","Plastic #1 (PETE); Plastic #2 (HDPE); Plastic #2 (Color HDPE); Plastic #4 (LDPE); Plastic #5 (Polypropylene); Plastic #7; Aerosol Spray Cans; Aluminum Cans; Glass (Blue); Book Recycling; Glass (Brown); Brown Paper Bags; Cardboard; Catalogs; Glass (Clear); Computer Paper; Glass (Green); Magazines; Milk Cartons; Paper (Mixed); Newspapers; Paperboard; Phone books; Plastic Shopping Bags; Alkaline/Single-Use Batteries; Tin or Steel Cans; Used Motor Oil; Oil Filters; Office Paper; Food Storage Bags","false","true","","","false","false","false","false"
"Slaughter Neck Community Center","Slaughter Neck Community Center","22942 Slaughter Neck Rd","Lincoln","Sussex","DE","19960","8004047080","0","","http://www.dswa.com/programs_dropoff.asp","38.85622","-75.34239","3.38362054856388","Plastic #1 (PETE); Plastic #2 (HDPE); Plastic #2 (Color HDPE); Plastic #4 (LDPE); Plastic #5 (Polypropylene); Plastic #7; Aerosol Spray Cans; Aluminum Cans; Glass (Blue); Book Recycling; Glass (Brown); Brown Paper Bags; Cardboard; Catalogs; Glass (Clear); Glass (Green); Magazines; Milk Cartons; Paper (Mixed); Newspapers; Paperboard; Phone books; Plastic Shopping Bags; Alkaline/Single-Use Batteries; Tin or Steel Cans; Office Paper; Food Storage Bags","false","true","Located off Rt. 1 onto Road 215 south of Slaughter Beach.","","false","false","false","false"
"City of Milford Drop-off Site","","607 Marshall Street","Milford","","DE","19963","8004047080","0","","https://dswa.com","38.9021843","-75.4221069","3.38998221501512","","false","false","","","false","false","false","false"
"AutoZone","AutoZone","914 N DuPont Blvd","Milford","Sussex","DE","19963","3024247900","0","","http://www.autozone.com","38.89755","-75.43981","3.48358304541095","Lead Acid (Pb) Batteries; Used Motor Oil; Video Game Consoles; PlayStation Consoles","false","true","Most AutoZone stores accept used motor oil, transmission fluid, gear oil and automotive batteries. Call to see what your local store is currently accepting.","","false","false","false","false"
"Walmart Tire & Lube Express","Walmart Tire & Lube Express","939 N DuPont Blvd","Milford","Sussex","DE","19963","3024222854","0","","http://www.walmart.com/catalog/catalog.gsp?cat=495843","38.89795","-75.43937","3.49450178919116","Lead Acid (Pb) Batteries; Used Motor Oil; Oil Filters; Video Game Consoles; PlayStation Consoles","false","true","","","false","false","false","false"
"Food Lion","Food Lion","951 N DuPont Blvd","Milford","Sussex","DE","19963","3024240462","0","Sunday: 12:00 AM - 11:59 PM Monday: 12:00 AM - 11:59 PM Tuesday: 12:00 AM - 11:59 PM Wednesday: 12:00 AM - 11:59 PM Thursday: 12:00 AM - 11:59 PM Friday: 12:00 AM - 11:59 PM Saturday: 12:00 AM - 11:59 PM ","","38.89795","-75.43937","3.49450178919116","Plastic Shopping Bags; Food Storage Bags; Video Game Consoles; PlayStation Consoles","false","true","Please bring your bags to the customer service counter.","","false","false","false","false"
"Walmart","Walmart","939 N DuPont Blvd","Milford","Sussex","DE","19963","3024222854","0","","http://www.walmart.com","38.89795","-75.43937","3.49450178919116","Lead Acid (Pb) Batteries; Plastic Shopping Bags; Food Storage Bags; Video Game Consoles; PlayStation Consoles","false","true","","","false","false","false","false"
"Advance Auto Parts","Advance Auto Parts","642 N Dupont Blvd","Milford","Sussex","DE","19963","3024242442","0","Monday: 7:00 AM - 9:00 PM Tuesday: 7:00 AM - 9:00 PM Wednesday: 7:00 AM - 9:00 PM Thursday: 7:00 AM - 9:00 PM Friday: 7:00 AM - 9:00 PM Saturday: 7:00 AM - 9:00 PM Sunday: 10:00 AM - 8:00 PM ","http://www.advanceautoparts.com","38.89795","-75.43937","3.49450178919116","Lead Acid (Pb) Batteries; Used Motor Oil; Video Game Consoles; PlayStation Consoles","false","true","","","false","false","false","false"
"Milford Commons Shopping Center","Milford Commons Shopping Center","949 N DuPont Blvd","Milford","Sussex","DE","19963","8004047080","0","","http://www.dswa.com/programs_dropoff.asp","38.89795","-75.43937","3.49450178919116","Plastic #1 (PETE); Plastic #2 (HDPE); Plastic #2 (Color HDPE); Plastic #4 (LDPE); Plastic #5 (Polypropylene); Plastic #7; Aerosol Spray Cans; Aluminum Cans; Glass (Blue); Book Recycling; Glass (Brown); Brown Paper Bags; Cardboard; Catalogs; Glass (Clear); Glass (Green); Greeting Cards; Magazines; Milk Cartons; Paper (Mixed); Newspapers; Paperboard; Phone books; Plastic Shopping Bags; Alkaline/Single-Use Batteries; Tin or Steel Cans; Office Paper; Food Storage Bags","false","true","This site is located on Route 113.  The center is behind the shopping center where Food Lion is located.  For more information, use the Delaware Solid Waste Authority website.","","false","false","false","false"
"Lulu Ross Elementary School","Lulu Ross Elementary School","310 Lovers Ln","Milford","Sussex","DE","19963","8004047080","0","","http://www.dswa.com/programs_dropoff.asp","38.90539","-75.41665","3.54149125687057","Plastic #1 (PETE); Plastic #2 (HDPE); Plastic #2 (Color HDPE); Plastic #4 (LDPE); Plastic #5 (Polypropylene); Plastic #7; Aluminum Cans; Glass (Blue); Book Recycling; Glass (Brown); Brown Paper Bags; Cardboard; Catalogs; Glass (Clear); Glass (Green); Magazines; Milk Cartons; Paper (Mixed); Newspapers; Paperboard; Phone books; Tin or Steel Cans; Office Paper","false","true","","","false","false","false","false"
"Shawnee Country Store","Shawnee Country Store","6994 Shawnee Rd","Milford","Sussex","DE","19963","8004047080","0","Sunday: 12:00 AM - 11:59 PM Monday: 12:00 AM - 11:59 PM Tuesday: 12:00 AM - 11:59 PM Wednesday: 12:00 AM - 11:59 PM Thursday: 12:00 AM - 11:59 PM Friday: 12:00 AM - 11:59 PM Saturday: 12:00 AM - 11:59 PM ","http://www.dswa.com/programs_dropoff.asp","38.89168","-75.45356","3.63406583106723","Plastic #1 (PETE); Plastic #2 (HDPE); Plastic #2 (Color HDPE); Plastic #4 (LDPE); Plastic #5 (Polypropylene); Plastic #7; Aerosol Spray Cans; Aluminum Cans; Glass (Blue); Book Recycling; Glass (Brown); Brown Paper Bags; Cardboard; Catalogs; Glass (Clear); Glass (Green); Magazines; Milk Cartons; Paper (Mixed); Newspapers; Paperboard; Phone books; Plastic Shopping Bags; Tin or Steel Cans; Office Paper; Food Storage Bags","false","true","","","false","false","false","false"
"Milford Middle School","Milford Middle School","612 Lakeview Ave","Milford","Sussex","DE","19963","8004047080","0","","http://www.dswa.com/programs_dropoff.asp","38.9031","-75.43845","3.77825205623965","Plastic #1 (PETE); Plastic #2 (HDPE); Plastic #2 (Color HDPE); Plastic #4 (LDPE); Plastic #5 (Polypropylene); Plastic #7; Aluminum Cans; Glass (Blue); Book Recycling; Glass (Brown); Brown Paper Bags; Cardboard; Catalogs; Glass (Clear); Glass (Green); Magazines; Milk Cartons; Paper (Mixed); Newspapers; Paperboard; Phone books; Tin or Steel Cans; Office Paper","false","true","","","false","false","false","false"
"Goodwill Store & Donation Center","Goodwill Store & Donation Center","694 N DuPont Blvd","Milford","Sussex","DE","19963","3024222566","0","Monday: 9:00 AM - 8:00 PM Tuesday: 9:00 AM - 8:00 PM Wednesday: 9:00 AM - 8:00 PM Thursday: 9:00 AM - 8:00 PM Friday: 9:00 AM - 8:00 PM Saturday: 9:00 AM - 8:00 PM Sunday: 10:00 AM - 5:00 PM ","http://www.goodwillde.org/","38.90251","-75.44001","3.78312467446054","Books (Reuse); Clothing; CD/DVD/Blu-ray/UHD discs; Computer (Reuse); Eyeglasses; Furniture; Household Goods; Medical Equipment; Car Donation; Small Appliances; Textiles; Computer Peripherals","true","true","Goodwill offers pick up service for organizations, business, churches, neighborhood associations and schools. Donations of overstock, surplus and community sale items are also accepted.  To schedule a special pick up or to receive pick up details please contact our Community Donations Manager at 1-866-317-2299.","","false","false","false","false"
"The Salvation Army","null","117 S E Front St ","Milford","Sussex County","DE","19963","8007287825","0","Monday: 9:00 AM - 7:00 PM Tuesday: 9:00 AM - 7:00 PM Wednesday: 9:00 AM - 8:30 PM Thursday: 9:00 AM - 7:00 PM Friday: 9:00 AM - 7:00 PM Saturday: 9:00 AM - 7:00 PM Sunday:  -  ","http://www.salvationarmyusa.org","38.9126299","-75.4263699","4.14676986392806","Bikes; Books (Reuse); CD/DVD/Blu-ray/UHD discs; Cell Phones; Children's Toys; Clothing; Computer (Reuse); Hard Drives; Computer Monitors; Cameras; DVD Players/Blu-Ray Players/DVRs; Electronics; E-Readers; Furniture; Gift Bags; Headphones; Household Goods; Laptop Computers; Lawn Equipment; Miscellaneous Tools; MP3 Players; Musical Instruments; Network Equipment; Ornaments; Computer Peripherals; Portable Media Players; Printers/Scanners/Fax Machines; Reusable Appliance Donation; Small Appliances; Small Electronics; Small Televisions; Sporting Goods; Stereo Equipment; Tablets; Telephones; Televisions; VCRs; VHS & Cassette Tapes; Video Game Systems; Blu-Ray Players; Digital Converter Boxes; Video Game Consoles; PlayStation Consoles","false","true","Working TVs Only; ","Sony, Vizio, OEM, Salvation Army","false","false","false","false"
"ExpertTire Store","ExpertTire Store","103 Causey Ave","Milford","Sussex","DE","19963","3024224508","0","","http://www.firestone.com","38.91144","-75.43122","4.14814887409206","Lead Acid (Pb) Batteries; Used Motor Oil; Video Game Consoles; PlayStation Consoles","false","true","","","false","false","false","false"
"Expert Tire","","103 Causey Avenue","Milford","","DE","19963","3024224508","0","","https://www.firestonecompleteautocare.com/","38.9117138","-75.4313225","4.16781665830456","","false","false","","","false","false","false","false"
"Call2Recycle at RadioShack","Call2Recycle at RadioShack","120 Aerenson Dr","Milford","Sussex","DE","19963","3024225596","0","","http://www.radioshack.com/","38.91841","-75.42432","4.50580761125152","Cell Phones; Ni-Cd Batteries; Li-Ion Batteries; Ni-MH Batteries; Ni-Zn Batteries; Small Sealed Lead Acid Batteries; Video Game Consoles; PlayStation Consoles","false","true","As the first national retailer to partner with Call2Recycle, RadioShack is at the forefront of the rechargeable battery recycling cause and is pleased to offer battery recycling at thousands of convenient RadioShack locations for free.  Simply drop them off at your local RadioShack and theyll take care of the rest.  Ask a store associate for more details.","","false","false","false","false"
"RadioShack","RadioShack","120 Aerenson Dr","Milford","Sussex","DE","19963","3024225596","0","Monday: 9:00 AM - 9:00 PM Tuesday: 9:00 AM - 9:00 PM Wednesday: 9:00 AM - 9:00 PM Thursday: 9:00 AM - 9:00 PM Friday: 9:00 AM - 9:00 PM Saturday: 9:00 AM - 9:00 PM Sunday: 10:00 AM - 7:00 PM ","http://www.radioshack.com","38.91841","-75.42432","4.50580761125152","Cell Phones; Ni-Cd Batteries; Batteries (Rechargeable); Cell Phone Batteries; Video Game Consoles; PlayStation Consoles","false","true","","","false","false","false","false"
"Ellendale Collection Station","Ellendale Collection Station","13870 S Old State Rd ","Ellendale","Sussex County","DE","19941","8004047080","0","Monday: 8:30 AM - 3:30 PM Tuesday: 8:30 AM - 3:30 PM Wednesday: 8:30 AM - 3:30 PM Thursday: 8:30 AM - 3:30 PM Friday: 8:30 AM - 3:30 PM Saturday: 8:30 AM - 3:30 PM ","http://www.dswa.com/programs_dropoff.asp","38.791227","-75.434203","4.66719514423356","Plastic #1 (PETE); Plastic #2 (HDPE); Plastic #2 (Color HDPE); Plastic #4 (LDPE); Plastic #5 (Polypropylene); Plastic #7; Aerosol Spray Cans; Aluminum Cans; Glass (Blue); Book Recycling; Glass (Brown); Brown Paper Bags; Cardboard; Catalogs; Cell Phones; Glass (Clear); Computer Monitors; Computer Paper; Computer (Recycling); Video Game Systems; Glass (Green); Greeting Cards; Magazines; Milk Cartons; Paper (Mixed); Newspapers; Office Equipment; Paperboard; Phone books; Plastic Shopping Bags; Alkaline/Single-Use Batteries; Telephones; Televisions; Tin or Steel Cans; Used Motor Oil; Oil Filters; Office Paper; Food Storage Bags","false","true","This site is located on Road 213, South Old State Road, north of the Ellendale Forest.  Please check out the Delaware Solid Waste Authority's web site for more information.","","false","false","false","false"
"Ellendale Collection Station","","13870 South Old State Road","Ellendale","","DE","19941","8004047080","0","","https://dswa.com","38.7900896","-75.4308434","4.68503406652898","","false","false","","","false","false","false","false"
"Goodwill Delaware and Delaware County - Dell Reconnect Donation Site","","694 North Dupont Highway","Milford","","DE","19963","3024222566","0","","https://www.goodwillde.org","38.9181071","-75.4384262","4.71699655445422","","false","false","","","false","false","false","false"
"KSI Cartridge Service","KSI Cartridge Service","301 N Rehoboth Blvd","Milford","Sussex","DE","19963","3024224014","0","Monday: 7:00 AM - 3:00 PM Tuesday: 7:00 AM - 3:00 PM Wednesday: 7:00 AM - 3:00 PM Thursday: 7:00 AM - 3:00 PM Friday: 7:00 AM - 3:00 PM ","http://www.ksiinc.org","38.9239","-75.42511","4.88502746155859","Inkjet Printer Cartridges; Laser Toner Cartridges; Video Game Consoles; PlayStation Consoles","true","true","Please call for more information or to schedule an appointment for pick-up.","","false","false","false","false"
"Wharton & Barnard Drop-off Site","Wharton & Barnard Drop-off Site","601 N Rehoboth Blvd","Milford","Sussex","DE","19963","8004047080","0","Sunday: 12:00 AM - 11:59 PM Monday: 12:00 AM - 11:59 PM Tuesday: 12:00 AM - 11:59 PM Wednesday: 12:00 AM - 11:59 PM Thursday: 12:00 AM - 11:59 PM Friday: 12:00 AM - 11:59 PM Saturday: 12:00 AM - 11:59 PM ","http://www.dswa.com","38.92769","-75.42806","5.17613190247959","Used Motor Oil; Oil Filters; Video Game Consoles; PlayStation Consoles","false","true","This site accepts oil containers.  Please check out the Delaware Solid Waste Authority's web site for more information.","","false","false","false","false"
"Walmart Supercenter","","939 N Dupont Blvd","Milford","","DE","19963","3024222854","0","","https://www.walmart.com/","38.9304474","-75.4352011","5.46203698126722","","false","false","","","false","false","false","false"
"Walmart Tire and Lube Express","","939 N Dupont Blvd","Milford","","DE","19963","3024222854","0","","https://www.walmart.com/cp/ideas/8932632","38.9304474","-75.4352011","5.46203698126722","","false","false","","","false","false","false","false"
"Milford Commons Shopping Center","","949 North Dupont Boulevard","Milford","","DE","19963","8004047080","0","","https://dswa.com","38.931735","-75.4321128","5.50119070175861","","false","false","","","false","false","false","false"
"Coastal Wines and Spirits","Coastal Wines and Spirits","12141 Coastal Hwy","Milton","Sussex","DE","19968","8004047080","0","Sunday: 12:00 AM - 11:59 PM Monday: 12:00 AM - 11:59 PM Tuesday: 12:00 AM - 11:59 PM Wednesday: 12:00 AM - 11:59 PM Thursday: 12:00 AM - 11:59 PM Friday: 12:00 AM - 11:59 PM Saturday: 12:00 AM - 11:59 PM ","http://www.dswa.com/programs_dropoff.asp","38.81737","-75.29801","6.32753030502787","Plastic #1 (PETE); Plastic #2 (HDPE); Plastic #2 (Color HDPE); Plastic #4 (LDPE); Plastic #5 (Polypropylene); Plastic #7; Aerosol Spray Cans; Aluminum Cans; Glass (Blue); Book Recycling; Glass (Brown); Brown Paper Bags; Cardboard; Catalogs; Glass (Clear); Computer Paper; Glass (Green); Greeting Cards; Magazines; Milk Cartons; Paper (Mixed); Newspapers; Paperboard; Phone books; Alkaline/Single-Use Batteries; Tin or Steel Cans; Office Paper","false","true","This site is located at the Route 1 and Route 5 intersection.","","false","false","false","false"
"Ace Hardware","","610 Mulberry Street","Milton","","DE","19968","8004047080","0","","https://dswa.com","38.7866666","-75.3192163","6.60886994465719","","false","false","","","false","false","false","false"
"Ace Hardware","","610 Mulberry St","Milton","","DE","19968","8004047080","0","","https://dswa.com/","38.7866666","-75.3192163","6.60886994465719","","false","false","","","false","false","false","false"
"Town of Slaughter Beach","Town of Slaughter Beach","357 Bay Ave","Milford","Sussex","DE","19963","8004047080","0","","http://www.dswa.com/programs_dropoff.asp","38.91267","-75.30449","6.73037521496312","Plastic #1 (PETE); Plastic #2 (HDPE); Plastic #2 (Color HDPE); Plastic #4 (LDPE); Plastic #5 (Polypropylene); Plastic #7; Aerosol Spray Cans; Aluminum Cans; Glass (Blue); Book Recycling; Glass (Brown); Brown Paper Bags; Cardboard; Catalogs; Chipboard; Glass (Clear); Glass (Green); Magazines; Milk Cartons; Paper (Mixed); Newspapers; Paperboard; Phone books; Plastic Shopping Bags; Alkaline/Single-Use Batteries; Tin or Steel Cans; Office Paper; Textiles; Food Storage Bags","false","true","","","false","false","false","false"
"Town of Slaughter Beach Drop-off Site","","357 Bay Avenue","Slaughter Beach","","DE","19963","8004047080","0","","https://dswa.com","38.9136176","-75.3047861","6.75663264569125","","false","false","","","false","false","false","false"
"Town of Houston Drop-off Site","","156 Broad Street","Houston","","DE","19954","8004047080","0","","https://dswa.com","38.9177154","-75.5048083","6.89169816417209","","false","false","","","false","false","false","false"
"Town of Houston","Town of Houston","156 Broad St","Houston","Kent","DE","19954","8004047080","0","","http://www.dswa.com/programs_dropoff.asp","38.91794","-75.50492","6.90613445463836","Plastic #1 (PETE); Plastic #2 (HDPE); Plastic #2 (Color HDPE); Plastic #4 (LDPE); Plastic #5 (Polypropylene); Plastic #7; Aerosol Spray Cans; Aluminum Cans; Glass (Blue); Book Recycling; Glass (Brown); Brown Paper Bags; Cardboard; Catalogs; Glass (Clear); Computer Paper; Glass (Green); Greeting Cards; Magazines; Milk Cartons; Paper (Mixed); Newspapers; Paperboard; Phone books; Plastic Shopping Bags; Alkaline/Single-Use Batteries; Tin or Steel Cans; Used Motor Oil; Oil Filters; Office Paper; Food Storage Bags","false","true","","","false","false","false","false"
"Farmington Old School","","98 School Street","Farmington","","DE","19950","8004047080","0","","https://dswa.com","38.8677159","-75.5774983","9.30843679576928","","false","false","","","false","false","false","false"
"Farmington Old School","Farmington Old School","98 School St","Farmington","Kent","DE","19950","8004047080","0","","http://www.dswa.com/programs_dropoff.asp","38.8682","-75.57774","9.32458508712666","Plastic #1 (PETE); Plastic #2 (HDPE); Plastic #2 (Color HDPE); Plastic #4 (LDPE); Plastic #5 (Polypropylene); Plastic #7; Aerosol Spray Cans; Aluminum Cans; Glass (Blue); Book Recycling; Glass (Brown); Brown Paper Bags; Cardboard; Catalogs; Glass (Clear); Computer Paper; Glass (Green); Greeting Cards; Magazines; Milk Cartons; Paper (Mixed); Newspapers; Ni-Cd Batteries; Paperboard; Phone books; Plastic Shopping Bags; Alkaline/Single-Use Batteries; Tin or Steel Cans; Used Motor Oil; Oil Filters; Office Paper; Food Storage Bags","false","true","","","false","false","false","false"
"Donovan Salvage Works, Inc.","Donovan Salvage Works, Inc.","20262 Donovans Rd","Georgetown","Sussex","DE","19947","3028569501","0","Monday: 8:00 AM - 5:00 PM Tuesday: 8:00 AM - 5:00 PM Wednesday: 8:00 AM - 5:00 PM Thursday: 8:00 AM - 5:00 PM Friday: 8:00 AM - 5:00 PM Saturday: 8:00 AM - 1:00 PM ","null","38.71693","-75.38916","9.57196103080709","Aluminum Cans; Automobile Parts; Ferrous Metals (Steel or Iron); Large Household Appliances; Non-ferrous (Copper/Brass/Tin); Video Game Consoles; PlayStation Consoles","false","true","","","false","false","false","false"
"Sussex County Government West Complex","Sussex County Government West Complex","22215 DuPont Blvd","Georgetown","Sussex","DE","19947","8004047080","0","","http://www.dswa.com/programs_dropoff.asp","38.71335","-75.40487","9.77998806911264","Plastic #1 (PETE); Plastic #2 (HDPE); Plastic #2 (Color HDPE); Plastic #4 (LDPE); Plastic #5 (Polypropylene); Plastic #7; Aluminum Cans; Glass (Blue); Book Recycling; Glass (Brown); Brown Paper Bags; Cardboard; Catalogs; Glass (Clear); Glass (Green); Magazines; Milk Cartons; Paper (Mixed); Newspapers; Paperboard; Phone books; Alkaline/Single-Use Batteries; Tin or Steel Cans; Office Paper","false","true","The center is located on the north side parking lot.","","false","false","false","false"
"Food Lion","Food Lion","2004 Midway Dr ","Harrington","Kent County","DE","19952","3023987884","0","Sunday: 12:00 AM - 11:59 PM Monday: 12:00 AM - 11:59 PM Tuesday: 12:00 AM - 11:59 PM Wednesday: 12:00 AM - 11:59 PM Thursday: 12:00 AM - 11:59 PM Friday: 12:00 AM - 11:59 PM Saturday: 12:00 AM - 11:59 PM ","","38.9257894","-75.5645446","9.86708285124095","Plastic Shopping Bags; Food Storage Bags; Video Game Consoles; PlayStation Consoles","false","true","Please give plastic bags to the cashier and they will take them to the back of the store.","","false","false","false","false"
"Walgreens","Walgreens","2000 Midway Dr","Harrington","Kent","DE","19952","3023981200","0","","http://www.walgreens.com","38.92546","-75.5651","9.88179330135401","Cell Phones; Inkjet Printer Cartridges; Video Game Consoles; PlayStation Consoles","false","true","","","false","false","false","false"
