name,description,address,city,region,province,postal_code,phone,fax,hours,url,latitude,longitude,distance,materials,pickup,dropoff,notes,groups,curbside,municipal,national,event_only
"Walgreens","Walgreens","195 N Canal Blvd","Thibodaux","Lafourche","LA","70301","9854472456","0","","http://www.walgreens.com","29.80077","-90.81755","0.223011298428074","Cell Phones; Inkjet Cartridge Refilling; Inkjet Printer Cartridges; Video Game Consoles; PlayStation Consoles","false","true","","","false","false","false","false"
"911 Cell Phone Bank - Laguna Niguel Womans Club","911 Cell Phone Bank - Laguna Niguel Womans Club","200 Canal Blvd","Thibodaux","Lafourche","LA","70301","8662907864","0","","http://www.911cellphonebank.org/","29.79761","-90.81845","0.264062750883791","Cell Phones; Cameras; Laptop Computers; MP3 Players; Video Games; Video Game Consoles; Smart watches & Apple Watch®
","false","true","Please call to verify drop-off procedures and directions to the location.  For prepaid shipping labels, visit http://www.911cellphonebank.org/drop-off-locations.asp - click on "print shipping label."","","false","false","false","false"
"Super Quick Lube Center","Super Quick Lube Center","35 Rienzi Dr","Thibodaux","Lafourche","LA","70301","9854465506","0","Monday: 8:00 AM - 5:30 PM Tuesday: 8:00 AM - 5:30 PM Wednesday: 8:00 AM - 5:30 PM Thursday: 8:00 AM - 5:30 PM Friday: 8:00 AM - 5:30 PM Saturday: 8:00 AM - 5:30 PM ","","29.80536","-90.81779","0.479747628850483","Used Motor Oil; Video Game Consoles; PlayStation Consoles","false","true","","","false","false","false","false"
"Walmart","Walmart","410 N Canal Blvd","Thibodaux","Lafourche","LA","70301","9854462257","0","","http://www.walmart.com","29.80604","-90.81627","0.494196622429277","Lead Acid (Pb) Batteries; Plastic Shopping Bags; Food Storage Bags; Video Game Consoles; PlayStation Consoles","false","true","","","false","false","false","false"
"Walmart Tire & Lube Express","Walmart Tire & Lube Express","410 N Canal Blvd","Thibodaux","Lafourche","LA","70301","9854462257","0","","http://www.walmart.com/catalog/catalog.gsp?cat=495843","29.80604","-90.81627","0.494196622429277","Lead Acid (Pb) Batteries; Used Motor Oil; Oil Filters; Video Game Consoles; PlayStation Consoles","false","true","","","false","false","false","false"
"Connectivity Source","","402 North Cal Blvd","Thibodaux","","LA","70301","9854471110","0","","","29.805937","-90.816923","0.497819797749724","","false","false","","","false","false","false","false"
"Advance Auto Parts","Advance Auto Parts","514 Jackson St","Thibodaux","Lafourche","LA","70301","9854473863","0","Monday: 7:00 AM - 9:00 PM Tuesday: 7:00 AM - 9:00 PM Wednesday: 7:00 AM - 9:00 PM Thursday: 7:00 AM - 9:00 PM Friday: 7:00 AM - 9:00 PM Saturday: 7:00 AM - 9:00 PM Sunday: 10:00 AM - 8:00 PM ","http://www.advanceautoparts.com","29.79584","-90.82258","0.539948641104407","Lead Acid (Pb) Batteries; Used Motor Oil; Video Game Consoles; PlayStation Consoles","false","true","","","false","false","false","false"
"Ship-N-Geaux ","","213 St Mary St","Thibodaux","","LA","70301","9854465505","0","","","29.7955505","-90.8240062","0.626299276854","","false","false","","","false","false","false","false"
"Lafourche Parish Household Hazardous Waste Collection Program","","","Thibodaux","","LA","70302","9855377603","0","","","29.7918292","-90.8209825","0.638213733823054","","false","false","","","false","false","false","false"
"USPS Post Office Box Lobby Recycling Program","US Post Office","910 Canal Blvd","Thibodaux","Lafourche","LA","70301","8002758777","0","","https://www.usps.com/","29.7911","-90.82136","0.691907574030734","Catalogs; Greeting Cards; Magazines; Paper (Mixed)","false","true","","","false","false","false","false"
"US Post Office","USPS Discarded Lobby Mail Recycling Program","910 Canal Blvd","Thibodaux","Lafourche","LA","70301","0","0","","","29.7911","-90.82136","0.691907574030734","Video Game Consoles; PlayStation Consoles","false","true","","","false","false","false","false"
"Walmart Supercenter","","410 N Canal Blvd","Thibodaux","","LA","70301","9854462257","0","","https://www.walmart.com/","29.8094002","-90.8182313","0.749616157843064","","false","false","","","false","false","false","false"
"Walmart Tire and Lube Express","","410 N Canal Blvd","Thibodaux","","LA","70301","9854462257","0","","https://www.walmart.com/cp/ideas/8932632","29.8094002","-90.8182313","0.749616157843064","","false","false","","","false","false","false","false"
"AT&T Wireless","AT&T Wireless","606 N Canal Blvd","Thibodaux","Lafourche","LA","70301","9854463418","0","","http://www.att.com/","29.81069","-90.81516","0.803693244850225","Cell Phones; Ni-Cd Batteries; Batteries (Rechargeable); Cell Phone Batteries; Tablets; Li-Ion Batteries; Video Game Consoles; PlayStation Consoles","false","true","Receive an AT&T Promotion Card worth the trade-in value of your smartphone, tablet, or netbook. You can also donate the trade-in value to Cell Phones for Soldiers.","","false","false","false","false"
"RadioShack","RadioShack","610 N Canal Blvd Ste 5","Thibodaux","Lafourche","LA","70301","9854466831","0","Monday: 9:00 AM - 9:00 PM Tuesday: 9:00 AM - 9:00 PM Wednesday: 9:00 AM - 9:00 PM Thursday: 9:00 AM - 9:00 PM Friday: 9:00 AM - 9:00 PM Saturday: 9:00 AM - 9:00 PM Sunday: 10:00 AM - 7:00 PM ","http://www.radioshack.com","29.81076","-90.81514","0.808453267078932","Cell Phones; Ni-Cd Batteries; Batteries (Rechargeable); Video Game Consoles; PlayStation Consoles","false","true","","","false","false","false","false"
"Call2Recycle at RadioShack","Call2Recycle at RadioShack","610 N Canal Blvd Ste 5","Thibodaux","Lafourche","LA","70301","9854466831","0","","http://www.radioshack.com/","29.81076","-90.81514","0.808453267078932","Cell Phones; Ni-Cd Batteries; Li-Ion Batteries; Ni-MH Batteries; Ni-Zn Batteries; Small Sealed Lead Acid Batteries; Video Game Consoles; PlayStation Consoles","false","true","As the first national retailer to partner with Call2Recycle, RadioShack is at the forefront of the rechargeable battery recycling cause and is pleased to offer battery recycling at thousands of convenient RadioShack locations for free.  Simply drop them off at your local RadioShack and theyll take care of the rest.  Ask a store associate for more details.","","false","false","false","false"
"Call2Recycle at Lowe's","Call2Recycle at Lowe's","614 North Canal","Thibodaux","Lafourche","LA","70301","9854932874","0","Monday: 6:00 AM - 10:00 PM Tuesday: 6:00 AM - 10:00 PM Wednesday: 6:00 AM - 10:00 PM Thursday: 6:00 AM - 10:00 PM Friday: 6:00 AM - 10:00 PM Saturday: 6:00 AM - 10:00 PM Sunday: 8:00 AM - 8:00 PM ","http://www.lowes.com/","29.81082","-90.81511","0.812493701568308","Cell Phones; Compact Fluorescent Lights; Ni-Cd Batteries; Plastic Shopping Bags; Li-Ion Batteries; Ni-MH Batteries; Ni-Zn Batteries; Small Sealed Lead Acid Batteries; Video Game Consoles; PlayStation Consoles; Batteries (Rechargeable); Cell Phone Batteries; Li-Ion Batteries; Ni-Cd Batteries; Ni-MH Batteries; Small Sealed Lead Acid Batteries; Cell Phones","false","true","As an environmentally-committed retailer, Lowes offers a recycling center near store entrances to give consumers a free and easy way to properly dispose of rechargeable batteries, cell phones, CFLs and plastic shopping bags; materials that otherwise could be potentially harmful to the environment.  Look for the recycling center or ask a store associate for more details.","Call2Recycle","false","false","false","false"
"Lowe's","","614 North Canal Boulevard","Thibodaux","","LA","70301","9854932874","0","","https://newsroom.lowes.com/responsibility/operational-excellence/","29.8120978","-90.8171996","0.915317153888607","","false","false","","","false","false","false","false"
"O'Reilly Auto Parts","null","607 Saint Mary Street ","Thibodaux","","LA","70301","9854490100","0","","http://oreillyauto.custhelp.com/app/error/error_id/6","29.7962343","-90.8304047","0.980458848143789","","false","false","","","false","false","false","false"
"NAPA Auto Parts","NAPA Auto Parts","1315 Saint Patrick St","Thibodaux","Lafourche","LA","70301","5044668481","0","","http://www.napaonline.com/","29.82025","-90.81737","1.47376140389734","Used Motor Oil; Video Game Consoles; PlayStation Consoles","false","true","","","false","false","false","false"
"AutoZone","AutoZone","509 Saint Mary Ste G","Thibodaux","Lafourche Parish","LA","70301","9854461244","0","","http://www.autozone.com","29.7948553","-90.8396918","1.54518659661016","Lead Acid (Pb) Batteries; Used Motor Oil; Video Game Consoles; PlayStation Consoles","false","true","Most AutoZone stores accept used motor oil, transmission fluid, gear oil and automotive batteries. Call to see what your local store is currently accepting.","","false","false","false","false"
"SpeeDee Oil Change & Tune-up","SpeeDee Oil Change & Tune-up","109 Bayou Gardens Blvd","Houma","Terrebonne","LA","70364","9858723554","0","","http://www.speedeeoil.com","29.63593","-90.7587","11.7565906346394","Used Motor Oil; Video Game Consoles; PlayStation Consoles","false","true","","","false","false","false","false"
"Best Buy Mobile","","5953 W Park Ave","Houma","","LA","70364","9858761289","0","","https://www.bestbuy.com/site/services/recycling/pcmcat149900050025.c?id=pcmcat149900050025","29.6344493","-90.7566162","11.8905623526877","","false","false","","","false","false","false","false"
"Sprint Store","null","5953 W Park Ave Ste 1029","Houma","","LA","70364","9858739851","0","","https://newsroom.sprint.com/csr/device-donations/","29.6344493","-90.7566162","11.8905623526877","","false","false","","","false","false","false","false"
"Terrebonne Parish Recycling Drop-off Site - Southland Mall","","5953 West Park Ave","Houma","","LA","70364","9858736739","0","","http://www.tpcg.org/view.php?f=solid_waste","29.6344493","-90.7566162","11.8905623526877","","false","false","","","false","false","false","false"
"JCPenney","null","5953 W Park Ave","Houma","","LA","70364","9858513680","0","","https://www.jcpenney.com/","29.6344493","-90.7566162","11.8905623526877","","false","false","","","false","false","false","false"
"Sams Club","","2174 Martin Luther King Blvd","Houma","","LA","70360","9858513631","0","","https://www.samsclub.com/","29.6327912","-90.760583","11.9336223570866","","false","false","","","false","false","false","false"
"Terrebonne Parish Recycling Drop-off Site - Bayou Cane Fire Department","","6166 W Main St","Houma","","LA","70360","9858736739","0","","http://www.tpcg.org/view.php?f=solid_waste","29.6273602","-90.7548034","12.3908815600201","","false","false","","","false","false","false","false"
"Sam's Club","Sam's Club","2174 Martin Luther King Jr Blvd","Houma","Terrebonne","LA","70360","9858513631","0","","http://www.samsclub.com","29.62355","-90.75962","12.5645083245345","Lead Acid (Pb) Batteries; Video Game Consoles; PlayStation Consoles","false","true","","","false","false","false","false"
"Super Quick Lube Center","Super Quick Lube Center","6203 W Main St","Houma","Terrebonne","LA","70360","9858516165","0","Monday: 7:45 AM - 5:30 PM Tuesday: 7:45 AM - 5:30 PM Wednesday: 7:45 AM - 5:30 PM Thursday: 7:45 AM - 5:30 PM Friday: 7:45 AM - 5:30 PM Saturday: 7:45 AM - 5:30 PM ","","29.62149","-90.752","12.8278490688655","Antifreeze; Brake Fluid; Transmission Fluid; Used Motor Oil; Oil Filters; Video Game Consoles; PlayStation Consoles","false","true","","","false","false","false","false"
"St. James Parish West Bank Collection Site","","39305 State Highway 3127","Vacherie","","LA","70090","2255622260","0","","http://www.stjamesla.com/181/Solid-Waste","29.9680463","-90.7207796","12.9508672981763","","false","false","","","false","false","false","false"
"Goodwill Industries of Southeastern Louisiana","Goodwill Industries of Southeastern Louisiana","1750 Martin Luther King Jr Blvd","Houma","Terrebonne","LA","70360","9852230748","0","Monday: 9:00 AM - 8:00 PM Tuesday: 9:00 AM - 8:00 PM Wednesday: 9:00 AM - 8:00 PM Thursday: 9:00 AM - 8:00 PM Friday: 9:00 AM - 8:00 PM Saturday: 9:00 AM - 8:00 PM Sunday: 1:00 AM - 6:00 PM ","http://www.goodwillno.org/","29.61417","-90.75605","13.2461391527409","Bikes; Books (Reuse); Clothing; Computer (Reuse); Computer Monitors; Computer (Recycling); Electronics; Gift Bags; Eyeglasses; Furniture; Household Goods; Lawn Equipment; Musical Instruments; Office Furniture; Office Equipment; Ornaments; Reusable Appliance Donation; Sporting Goods; Televisions; Miscellaneous Tools; Children's Toys; Car Donation; MP3 Players; Video Game Consoles; PlayStation Consoles","false","true","This site will accept gently used items that are in good, clean, working condition. Please call to schedule an appointment for residential pick-up.","","false","false","false","false"
"911 Cell Phone Bank - St John Council On Aging, Inc.","911 Cell Phone Bank - St John Council On Aging, Inc.","5800 LA 44","Convent","Saint James","LA","70723","8662907864","0","","http://www.911cellphonebank.org/","29.99275","-90.82067","13.3861652608568","Cell Phones; Cameras; Laptop Computers; MP3 Players; Video Games; Video Game Consoles; Smart watches & Apple Watch®
","false","true","Please call to verify drop-off procedures and directions to the location.  For prepaid shipping labels, visit http://www.911cellphonebank.org/drop-off-locations.asp - click on "print shipping label."","","false","false","false","false"
"Call2Recycle at the Home Depot","Call2Recycle at the Home Depot","1717 Martin Luther King Blvd","Houma","Terrebonne","LA","70360","9852231485","0","","http://www.homedepot.com/","29.61198","-90.75508","13.4074701062749","Cell Phones; Compact Fluorescent Lights; Ni-Cd Batteries; Li-Ion Batteries; Ni-MH Batteries; Ni-Zn Batteries; Small Sealed Lead Acid Batteries; Video Game Consoles; PlayStation Consoles","false","true","The Home Depot accepts used rechargeable batteries and compact fluorescent bulbs. Look for the orange drop boxes, usually located near the front entrance near the customer service desk, or ask a store associate for more details.","","false","false","false","false"
"Verizon Wireless","Verizon Wireless","1781 Martin Luther King Jr Blvd","Houma","Terrebonne","LA","70360","8666444532","0","","http://www.verizonwireless.com/","29.61198","-90.75508","13.4074701062749","Cell Phones; Cell Phone Batteries; Video Game Consoles; PlayStation Consoles","false","true","<A Href="https://www.trade-in.vzw.com/home.aspx">
The Verizon Wireless Trade-In Program</A> allows you to trade in your used handset or tablet in a convenient and responsible way. 
<P>
<P>
Verizon Wireless works every day to protect our environment and give our customers opportunities to do the same. <A Href="http://aboutus.vzw.com/Green_Initiative/overview.html">Click here</A> for more examples of the earth-friendly initiatives and programs Verizon Wireless is proud to offer and support.","","false","false","false","false"
"Home Depot","Home Depot","1717 Martin Luther King Jr Blvd","Houma","Terrebonne","LA","70360","9852231485","0","","http://www.homedepot.com","29.61198","-90.75508","13.4074701062749","Compact Fluorescent Lights; Batteries (Rechargeable); Video Game Consoles; PlayStation Consoles; Batteries (Rechargeable); Cell Phone Batteries; Li-Ion Batteries; Ni-Cd Batteries; Ni-MH Batteries; Small Sealed Lead Acid Batteries","false","true","Home Depot accepts compact fluorescent bulbs and used power tool rechargeable batteries. Look for the orange drop boxes, usually located near the front entrance near the customer service desk.","Call2Recycle","false","false","false","false"
"Target","Target","1727 Martin Luther King Jr Blvd","Houma","Terrebonne","LA","70360","9852232575","0","","http://www.target.com/","29.61198","-90.75508","13.4074701062749","Aluminum Cans; Cell Phones; Inkjet Printer Cartridges; MP3 Players; Plastic #1 (PETE); Plastic #2 (HDPE); Plastic Shopping Bags; Video Game Consoles; PlayStation Consoles","false","true","","","false","false","false","false"
"Target Store","","1727 Martin Luther King Jr Blvd","Houma","","LA","70360","9852232575","0","","https://corporate.target.com/corporate-responsibility/planet","29.6106378","-90.7572915","13.4625201222697","","false","false","","","false","false","false","false"
"Best Buy","Best Buy","1640 Martin Luther King Blvd ","Houma","Terrebonne Parish","LA","70360","9858532455","0","","https://www.bestbuy.com/recycle","29.6116659","-90.751016","13.4950785643864","Large Household Appliances; Refrigerators; Televisions; AC Power Plugs; Batteries (Rechargeable); Cables & Connectors; Car Audio/Video Equipment; Cell Phone Batteries; Cell Phones; Computer (Recycling); Hard Drives; Computer Monitors; Cameras; DVD Players/Blu-Ray Players/DVRs; Electronics; E-Readers; GPS Units; Headphones; Inkjet Printer Cartridges; Laptop Computers; Laser Toner Cartridges; Li-Ion Batteries; MP3 Players; Network Equipment; Ni-Cd Batteries; Ni-MH Batteries; Ni-Zn Batteries; Computer Peripherals; Portable Media Players; Printers/Scanners/Fax Machines; Small Electronics; Small Sealed Lead Acid Batteries; Stereo Equipment; Tablets; Telephones; UPS Batteries/Backup Systems; VCRs; Video Game Systems; Blu-Ray Players; Digital Converter Boxes; Small Televisions; Video Game Consoles; PlayStation Consoles","true","true","2 TVs per visit, 3 e-waste items per day; $25 fee for TVs and Monitors; $19.99 pick-up fee with delivery; $99.99 standalone pickup fee; ","Sony, Vizio, OEM","false","false","false","false"
"Best Buy","null","1640 Martin Luther King Blvd","Houma","","LA","70360","9858532455","0","","https://www.bestbuy.com/site/services/recycling/pcmcat149900050025.c?id=pcmcat149900050025","29.611504","-90.7509931","13.5061991950685","","false","false","","","false","false","false","false"
"Home Depot","","1717 Martin Luther King Blvd","Houma","","LA","70360","9852231485","0","","https://ecooptions.homedepot.com/","29.6099726","-90.7557143","13.5312915848563","","false","false","","","false","false","false","false"
"Lowe's","","1592 Martin Luther King Blvd","Houma","","LA","70360","9852237575","0","","https://newsroom.lowes.com/responsibility/operational-excellence/","29.6108651","-90.7491223","13.580512221676","Batteries (Rechargeable); Cell Phone Batteries; Li-Ion Batteries; Ni-Cd Batteries; Ni-MH Batteries; Small Sealed Lead Acid Batteries; Cell Phones","false","true","","Call2Recycle","false","false","false","false"
"RadioShack","RadioShack","1539 Martin Luther King Jr Blvd Ste 4","Houma","Terrebonne","LA","70360","9858680287","0","Monday: 9:00 AM - 9:00 PM Tuesday: 9:00 AM - 9:00 PM Wednesday: 9:00 AM - 9:00 PM Thursday: 9:00 AM - 9:00 PM Friday: 9:00 AM - 9:00 PM Saturday: 9:00 AM - 9:00 PM Sunday: 10:00 AM - 7:00 PM ","http://www.radioshack.com","29.61014","-90.75127","13.5920161761191","Ni-Cd Batteries; Batteries (Rechargeable); Video Game Consoles; PlayStation Consoles","false","true","","","false","false","false","false"
"Call2Recycle at Interstate All Battery Center","Call2Recycle at Interstate All Battery Center","1539 Martin Luther King Jr Blvd Ste 115","Houma","Terrebonne","LA","70360","9852624166","0","","http://www.interstatebatteries.com","29.61014","-90.75127","13.5920161761191","Cell Phones; Ni-Cd Batteries; Li-Ion Batteries; Ni-MH Batteries; Ni-Zn Batteries; Small Sealed Lead Acid Batteries; Video Game Consoles; PlayStation Consoles","false","true","The U.S. EPA estimates that more than 350 million rechargeable batteries are purchased annually in the U.S. Thanks to the environmental commitment of this location, its easy and free to recycle your batteries. Bring your rechargeable batteries to this location and look for the recycling box or ask an associate how you can do your part for the environment.","","false","false","false","false"
"Walmart Supercenter","","1633 Martin Luther King Jr Blv","Houma","","LA","70360","9858516373","0","","https://www.walmart.com/","29.6081352","-90.7515064","13.7211981374278","","false","false","","","false","false","false","false"
"Walmart Tire and Lube Express","","1633 Martin Luther King Jr Blvd","Houma","","LA","70360","9858516373","0","","https://www.walmart.com/cp/ideas/8932632","29.6081352","-90.7515064","13.7211981374278","","false","false","","","false","false","false","false"
"OfficeMax","OfficeMax","1544 Martin Luther King Jr Blvd","Houma","Terrebonne","LA","70360","9855801224","0","Monday: 8:00 AM - 9:00 PM Tuesday: 8:00 AM - 9:00 PM Wednesday: 8:00 AM - 9:00 PM Thursday: 8:00 AM - 9:00 PM Friday: 8:00 AM - 9:00 PM Saturday: 9:00 AM - 9:00 PM Sunday: 10:00 AM - 6:00 PM ","http://www.officemax.com","29.6083","-90.74734","13.7811606006477","Inkjet Printer Cartridges; Laser Toner Cartridges; Video Game Consoles; PlayStation Consoles","false","true","This site has a two cartridge per day per customer limit.","","false","false","false","false"
"Call2Recycle at Lowe's","Call2Recycle at Lowe's","1592 Martin Luther King Jr Blvd","Houma","Terrebonne","LA","70360","9852237575","0","Monday: 6:00 AM - 10:00 PM Tuesday: 6:00 AM - 10:00 PM Wednesday: 6:00 AM - 10:00 PM Thursday: 6:00 AM - 10:00 PM Friday: 6:00 AM - 10:00 PM Saturday: 6:00 AM - 10:00 PM Sunday: 8:00 AM - 8:00 PM ","http://www.lowes.com/","29.6083","-90.74734","13.7811606006477","Cell Phones; Compact Fluorescent Lights; Ni-Cd Batteries; Plastic Shopping Bags; Li-Ion Batteries; Ni-MH Batteries; Ni-Zn Batteries; Small Sealed Lead Acid Batteries; Video Game Consoles; PlayStation Consoles","false","true","As an environmentally-committed retailer, Lowes offers a recycling center near store entrances to give consumers a free and easy way to properly dispose of rechargeable batteries, cell phones, CFLs and plastic shopping bags; materials that otherwise could be potentially harmful to the environment.  Look for the recycling center or ask a store associate for more details.","","false","false","false","false"
"Walmart Tire & Lube Express","Walmart Tire & Lube Express","1633 Martin Luther King Jr Blvd","Houma","Terrebonne","LA","70360","9858516373","0","","http://www.walmart.com/catalog/catalog.gsp?cat=495843","29.60688","-90.74693","13.8821868319587","Lead Acid (Pb) Batteries; Used Motor Oil; Oil Filters; Video Game Consoles; PlayStation Consoles","false","true","","","false","false","false","false"
"Walmart","Walmart","1633 Martin Luther King Jr Blvd","Houma","Terrebonne","LA","70360","9858516373","0","","http://www.walmart.com","29.60688","-90.74693","13.8821868319587","Lead Acid (Pb) Batteries; Plastic Shopping Bags; Food Storage Bags; Video Game Consoles; PlayStation Consoles","false","true","","","false","false","false","false"
"Office Depot","Office Depot","1633 Martin Luther King Jr Blvd","Houma","Terrebonne","LA","70360","9852230565","0","Monday: 8:00 AM - 9:00 PM Tuesday: 8:00 AM - 9:00 PM Wednesday: 8:00 AM - 9:00 PM Thursday: 8:00 AM - 9:00 PM Friday: 8:00 AM - 9:00 PM Saturday: 9:00 AM - 9:00 PM Sunday: 10:00 AM - 7:00 PM ","http://www.officedepot.com/","29.60688","-90.74693","13.8821868319587","Cell Phones; Computer Monitors; Electronics; Inkjet Printer Cartridges; Ni-Cd Batteries; Office Equipment; Batteries (Rechargeable); Laser Toner Cartridges; MP3 Players; Small Televisions; Video Game Consoles; PlayStation Consoles","false","true","Office Depot offers electronics recycling for a small fee. Visit their Web site for more details and store locations. Recycle cell phones, PDAs, rechargeable batteries and ink and toner cartridges for FREE!","","false","false","false","false"
"St. John the Baptist Parish Recycling Drop-off Bin - Pleasure Bend Fire Station","","1200 Hwy 643","Vacherie","","LA","70090","9856524815","0","","http://www.sjbparish.com/works_general.php?id=253","29.9187818","-90.627308","13.9300797993825","","false","false","","","false","false","false","false"
"Cartridge World","","265 Corporate Drive","Houma","","LA","70360","9855801010","0","","","29.6007279","-90.7519999","14.2061366620747","","false","false","","","false","false","false","false"
"Walgreens","Walgreens","1435 W Tunnel Blvd","Houma","Terrebonne","LA","70360","9852232945","0","","http://www.walgreens.com","29.60043","-90.74624","14.3208477837207","Cell Phones; Inkjet Cartridge Refilling; Inkjet Printer Cartridges; Video Game Consoles; PlayStation Consoles","false","true","","","false","false","false","false"
"Advance Auto Parts","Advance Auto Parts","1370 W Tunnel Blvd","Houma","Terrebonne","LA","70360","9858725657","0","Monday: 7:00 AM - 9:00 PM Tuesday: 7:00 AM - 9:00 PM Wednesday: 7:00 AM - 9:00 PM Thursday: 7:00 AM - 9:00 PM Friday: 7:00 AM - 9:00 PM Saturday: 7:00 AM - 9:00 PM Sunday: 10:00 AM - 8:00 PM ","http://www.advanceautoparts.com","29.59969","-90.74569","14.3792856776738","Lead Acid (Pb) Batteries; Used Motor Oil; Video Game Consoles; PlayStation Consoles","false","true","","","false","false","false","false"
"Batteries Plus Bulbs","","5094 Hwy 311","Houma","","LA","70360","9855800009","0","","https://www.batteriesplus.com/store-locator/la/116?utm_source=local&utm_medium=earth911","29.5969922","-90.755936","14.3959163833447","","false","false","","","false","false","false","false"
"O'Reilly Auto Parts","null","1373 West Tunnel Blvd","Houma","","LA","70360","9858516723","0","","http://oreillyauto.custhelp.com/app/error/error_id/6","29.5987001","-90.7461892","14.4363040626929","","false","false","","","false","false","false","false"
"Connectivity Source","","1301 W Tunnel Blvd","Houma","","LA","70360","9852233332","0","","","29.5973225","-90.7455395","14.5386432275082","","false","false","","","false","false","false","false"
"AT&T Wireless","AT&T Wireless","1344 W Tunnel Blvd","Houma","Terrebonne","LA","70360","9858680220","0","","http://www.att.com/","29.59731","-90.74431","14.5606112921703","Cell Phones; Ni-Cd Batteries; Batteries (Rechargeable); Cell Phone Batteries; Tablets; Li-Ion Batteries; Video Game Consoles; PlayStation Consoles","false","true","Receive an AT&T Promotion Card worth the trade-in value of your smartphone, tablet, or netbook. You can also donate the trade-in value to Cell Phones for Soldiers.","","false","false","false","false"
"Batteries Plus","Batteries Plus","5094 Highway 311","Houma","Terrebonne","LA","70360","9855800009","9855800174","","http://www.batteriesplus.com/store_details/116.aspx","29.5953","-90.75217","14.5656342354561","Ni-Cd Batteries; Batteries (Rechargeable); Alkaline/Single-Use Batteries; Video Game Consoles; PlayStation Consoles","false","true","Some fees for battery recycling may apply. Please contact your Local store for details.

Batteries Plus lead by example by recycling the majority of the batteries we sell. Not only do we recycle to protect our environment, we support retail and business customers alike by keeping them in full compliance with federal, state, municipal, EPA and DOT regulations governing the disposal and recycling of spent batteries and select electronics.","","false","false","false","false"
"Terrebonne Parish Recycling Drop-off Site - American Legion Fire Station","","600 Legion Ave","Houma","","LA","70364","9858736739","0","","http://www.tpcg.org/view.php?f=solid_waste","29.6029078","-90.7175674","14.7462275600701","","false","false","","","false","false","false","false"
"AutoZone","AutoZone","1151 W Tunnel Blvd","Houma","Terrebonne","LA","70360","9858791480","0","","http://www.autozone.com","29.59456","-90.74092","14.8019515085937","Lead Acid (Pb) Batteries; Used Motor Oil; Video Game Consoles; PlayStation Consoles","false","true","Most AutoZone stores accept used motor oil, transmission fluid, gear oil and automotive batteries. Call to see what your local store is currently accepting.","","false","false","false","false"
"Walgreens","Walgreens","5831 W Park Ave","Houma","Terrebonne","LA","70364","9858689118","0","","http://www.walgreens.com","29.59814","-90.7234","14.9179517335584","Cell Phones; Inkjet Printer Cartridges; Video Game Consoles; PlayStation Consoles","false","true","","","false","false","false","false"
"Sears","Sears","5953 W Park Ave","Houma","Terrebonne","LA","70364","9858733298","0","","http://www.sears.com/","29.59814","-90.72339","14.9181714104658","Cell Phones; Ni-Cd Batteries; Li-Ion Batteries; Ni-MH Batteries; Ni-Zn Batteries; Small Sealed Lead Acid Batteries; Video Game Consoles; PlayStation Consoles","false","true","The U.S. EPA estimates that more than 350 million rechargeable batteries are purchased annually in the U.S. Thanks to the environmental commitment of this location, its easy and free to recycle your batteries. Bring your rechargeable batteries to this location and look for the recycling box or ask an associate how you can do your part for the environment.","","false","false","false","false"
"RadioShack","RadioShack","5953 W Park Ave Ste 1015","Houma","Terrebonne","LA","70364","9858769205","0","Monday: 10:00 AM - 9:00 PM Tuesday: 10:00 AM - 9:00 PM Wednesday: 10:00 AM - 9:00 PM Thursday: 10:00 AM - 9:00 PM Friday: 10:00 AM - 9:00 PM Saturday: 10:00 AM - 9:00 PM Sunday: 12:00 PM - 6:00 PM ","http://www.radioshack.com","29.59814","-90.72339","14.9181714104658","Cell Phones; Ni-Cd Batteries; Batteries (Rechargeable); Video Game Consoles; PlayStation Consoles","false","true","This site is located in the South land Mall.","","false","false","false","false"
"AT&T Wireless","AT&T Wireless","5953 W Park Ave","Houma","Terrebonne","LA","70364","9858685163","0","","http://www.att.com/","29.59814","-90.72339","14.9181714104658","Cell Phones; Ni-Cd Batteries; Batteries (Rechargeable); Cell Phone Batteries; Tablets; Li-Ion Batteries; Video Game Consoles; PlayStation Consoles","false","true","Receive an AT&T Promotion Card worth the trade-in value of your smartphone, tablet, or netbook. You can also donate the trade-in value to Cell Phones for Soldiers.","","false","false","false","false"
"Shred Nations","Shred Nations (inside the Kwik Kopy)","7712 Main St","Houma","Terrebonne","LA","70360","8007473365","0","Monday: 8:00 AM - 5:00 PM Tuesday: 8:00 AM - 5:00 PM Wednesday: 8:00 AM - 5:00 PM Thursday: 8:00 AM - 5:00 PM Friday: 8:00 AM - 5:00 PM ","http://www.shrednations.com/dropoff/location/houma/c3d06d7f-5944-6424-1b58-52868b4c13f5","29.59681","-90.72484","14.9722800732511","Cell Phones; Computer (Recycling); Laptop Computers; Small Televisions; Documents to Shred; Video Game Consoles; PlayStation Consoles","true","true","Shred Nations offers document shredding, hard drive destruction, electronics recycling and more. Visit website for quotes and full list of services offered in your area. ","","false","false","false","false"
"Nobles Tire and Service","Nobles Tire and Service","8046 Park Ave","Houma","Terrebonne","LA","70364","9858767349","0","Monday: 7:00 AM - 6:00 PM Tuesday: 7:00 AM - 6:00 PM Wednesday: 7:00 AM - 6:00 PM Thursday: 7:00 AM - 6:00 PM Friday: 7:00 AM - 6:00 PM ","","29.59939","-90.71732","14.9757259666854","Used Motor Oil; Used Tires; Video Game Consoles; PlayStation Consoles","false","true","","","false","false","false","false"
"USPS Post Office Box Lobby Recycling Program","US Post Office","425 Lafayette St Ofc","Houma","Terrebonne","LA","70360","8002758777","0","","https://www.usps.com/","29.59538","-90.72434","15.0752814936685","Catalogs; Greeting Cards; Magazines; Paper (Mixed)","false","true","","","false","false","false","false"
"US Post Office","USPS Discarded Lobby Mail Recycling Program","425 Lafayette St Ofc","Houma","Terrebonne","LA","70360","0","0","","","29.59538","-90.72434","15.0752814936685","Video Game Consoles; PlayStation Consoles","false","true","","","false","false","false","false"
"Terrebonne Parish Recycling Drop-off Site - Concorde Shopping Center","","1238 Saint Charles St","Houma","","LA","70360","9858736739","0","","http://www.tpcg.org/view.php?f=solid_waste","29.5888807","-90.7447413","15.1119770724802","","false","false","","","false","false","false","false"
"Terrebonne Parish Recycling Drop-off Site - Civic Center","","346 Barrow St","Houma","","LA","70360","9858736739","0","","http://www.tpcg.org/view.php?f=solid_waste","29.5960222","-90.7195662","15.1392065815991","","false","false","","","false","false","false","false"
"Southern Recycling LLC","Southern Recycling LLC","838 Highway 182","Houma","Terrebonne","LA","70364","9858791700","0","","http://www.sorec-emr.com","29.59223","-90.72002","15.3722973779514","Aluminum Cans; Lead Acid (Pb) Batteries; Ferrous Metals (Steel or Iron); Non-ferrous (Copper/Brass/Tin); Tin or Steel Cans; Scrap Metal; High-Temp Alloys; Special Metals; Video Game Consoles; PlayStation Consoles","false","true","","","false","false","false","false"
"Walgreens","Walgreens","1415 Saint Charles St","Houma","Terrebonne","LA","70360","9858684033","0","","http://www.walgreens.com","29.58398","-90.74591","15.4188258576524","Cell Phones; Inkjet Printer Cartridges; Video Game Consoles; PlayStation Consoles","false","true","","","false","false","false","false"
"Terrebonne Parish Recycling Drop-off Site - South Houma Fire Department","","1426 St Charles St","Houma","","LA","70360","9858736739","0","","http://www.tpcg.org/view.php?f=solid_waste","29.5831169","-90.7465769","15.4657323113831","","false","false","","","false","false","false","false"
"Terrebonne Parish Recycling Drop-off Site - Plant Road Shopping Center","","437 Grand Caillou Rd","Houma","","LA","70363","9858736739","0","","http://www.tpcg.org/view.php?f=solid_waste","29.5925313","-90.7031676","15.7541032392401","","false","false","","","false","false","false","false"
"Terrebonne Parish Recycling Drop-off Site - East Houma Fire Department","","2199 E Tunnel Blvd","Houma","","LA","70363","9858736739","0","","http://www.tpcg.org/view.php?f=solid_waste","29.5918831","-90.6970805","15.9525107098451","","false","false","","","false","false","false","false"
"Keep America Beautiful Cars to Donate","","","Napoleonville","","LA","70390","8554262474","0","","https://www.kab.org/?pagename=car_donation","29.9382674","-91.0274993","15.9847265653541","","false","false","","","false","false","false","false"
"Walgreens","Walgreens","1511 E Tunnel Blvd","Houma","Terrebonne","LA","70363","9858732937","0","","http://www.walgreens.com","29.58783","-90.70295","16.0544132248072","Cell Phones; Inkjet Printer Cartridges; Video Game Consoles; PlayStation Consoles","false","true","","","false","false","false","false"
"Super Quick Lube Center","Super Quick Lube Center","805 Grand Caillou Rd","Houma","Terrebonne","LA","70363","9858737722","0","Monday: 7:45 AM - 5:30 PM Tuesday: 7:45 AM - 5:30 PM Wednesday: 7:45 AM - 5:30 PM Thursday: 7:45 AM - 5:30 PM Friday: 7:45 AM - 5:30 PM Saturday: 7:45 AM - 5:30 PM ","","29.58651","-90.70025","16.2052154148504","Transmission Fluid; Used Motor Oil; Oil Filters; Video Game Consoles; PlayStation Consoles","false","true","","","false","false","false","false"
"AutoZone","","4560 Hwy 1","Raceland","","LA","70394","9855373210","0","","https://www.autozone.com/landing/page.jsp?name=in-our-stores","29.7032038","-90.5676007","16.2172147456161","","false","false","","","false","false","false","false"
"Walmart Tire & Lube Express","Walmart Tire & Lube Express","933 Grand Caillou Rd","Houma","Terrebonne","LA","70363","9859170151","0","","http://www.walmart.com/catalog/catalog.gsp?cat=495843","29.58359","-90.6961","16.4939757796276","Lead Acid (Pb) Batteries; Used Motor Oil; Oil Filters; Video Game Consoles; PlayStation Consoles","false","true","","","false","false","false","false"
"Walmart","Walmart","933 Grand Caillou Rd","Houma","Terrebonne","LA","70363","9859170151","0","","http://www.walmart.com","29.58359","-90.6961","16.4939757796276","Lead Acid (Pb) Batteries; Plastic Shopping Bags; Food Storage Bags; Video Game Consoles; PlayStation Consoles","false","true","","","false","false","false","false"
"Walmart Supercenter","","933 Grand Caillou Rd","Houma","","LA","70363","9859170151","0","","https://www.walmart.com/","29.584542","-90.6925774","16.5270428362306","","false","false","","","false","false","false","false"
"Walmart Tire and Lube Express","","933 Grand Caillou Rd","Houma","","LA","70363","9859170151","0","","https://www.walmart.com/cp/ideas/8932632","29.584542","-90.6925774","16.5270428362306","","false","false","","","false","false","false","false"
"O'Reilly Auto Parts","null","966 Grand Caillou Road","Houma","","LA","70363","9858516421","0","","http://oreillyauto.custhelp.com/app/error/error_id/6","29.5814973","-90.6945426","16.664761610693","","false","false","","","false","false","false","false"
"RadioShack","RadioShack","1245 Grand Caillou Rd","Houma","Terrebonne","LA","70363","9858686039","0","Monday: 9:00 AM - 9:00 PM Tuesday: 9:00 AM - 9:00 PM Wednesday: 9:00 AM - 9:00 PM Thursday: 9:00 AM - 9:00 PM Friday: 9:00 AM - 9:00 PM Saturday: 9:00 AM - 9:00 PM Sunday: 9:00 AM - 7:00 PM ","http://www.radioshack.com","29.5774","-90.68862","17.0747665306131","Cell Phones; Ni-Cd Batteries; Batteries (Rechargeable); Video Game Consoles; PlayStation Consoles","false","true","","","false","false","false","false"
"AutoZone","AutoZone","1162 Grand Caillou Rd","Houma","Terrebonne","LA","70363","9858791605","0","","http://www.autozone.com","29.57653","-90.6881","17.1424943938201","Lead Acid (Pb) Batteries; Used Motor Oil; Video Game Consoles; PlayStation Consoles","false","true","Most AutoZone stores accept used motor oil, transmission fluid, gear oil and automotive batteries. Call to see what your local store is currently accepting.","","false","false","false","false"
"Walmart Tire and Lube Express","","4858 Hwy 1","Raceland","","LA","70394","9855326936","0","","https://www.walmart.com/cp/ideas/8932632","29.6909502","-90.5542968","17.2980464522039","","false","false","","","false","false","false","false"
"Walmart Supercenter","","4858 Hwy 1","Raceland","","LA","70394","9855326936","0","","https://www.walmart.com/","29.6909502","-90.5542968","17.2980464522039","","false","false","","","false","false","false","false"
"Walmart","Walmart","4858 Highway 1","Mathews","Lafourche","LA","70375","9855326936","0","","http://www.walmart.com","29.69251","-90.55128","17.4154989248919","Lead Acid (Pb) Batteries; Plastic Shopping Bags; Food Storage Bags; Video Game Consoles; PlayStation Consoles","false","true","","","false","false","false","false"
"Take 5 Oil Change","","2648 Highway 90","Ocean Springs","","MS","39564","0","0","","https://www.take5oilchange.com/","29.7865797","-90.5178447","17.8008545022747","","false","false","","","false","false","false","false"
"Keep America Beautiful Cars to Donate","","","Lutcher","","LA","70071","8554262474","0","","https://www.kab.org/?pagename=car_donation","30.0588361","-90.7105267","18.993585439596","","false","false","","","false","false","false","false"
"St. James Parish East Bank Collection Site","","12270 N. Golden Grove Rd","Gramercy","","LA","70052","2255622260","0","","http://www.stjamesla.com","30.0520866","-90.6863648","19.0873216056887","","false","false","","","false","false","false","false"
"AutoZone","AutoZone","1649 Highway 3125","Gramercy","Saint James","LA","70052","2258698380","0","","http://www.autozone.com","30.06183","-90.69801","19.4449180658253","Lead Acid (Pb) Batteries; Used Motor Oil; Video Game Consoles; PlayStation Consoles","false","true","Most AutoZone stores accept used motor oil, transmission fluid, gear oil and automotive batteries. Call to see what your local store is currently accepting.","","false","false","false","false"
"AutoZone","null","1649 LA Hwy 3125","Gramercy","","LA","70052","2258698380","0","","https://www.autozone.com/landing/page.jsp?name=in-our-stores","30.0625198","-90.6998868","19.4495174106061","","false","false","","","false","false","false","false"
"Terrebonne Parish Recycling Drop-Off Site - Ashland","","277 Ashland Landfill Rd","Houma","","LA","70363","9858736739","0","","http://www.tpcg.org/view.php?f=solid_waste","29.5245638","-90.6703835","20.8435446715862","","false","false","","","false","false","false","false"
"Terrebonne Parish Christmas Tree Drop-Off Location","","51 Isle of Cuba Rd","Schriever","","LA","70395","9858736401","0","","http://www.tpcg.org/view.php?f=main&p=news&i=281","29.7252538","-90.8065915","5.12180771618768","","false","false","","","false","false","false","false"
"Terrebonne Parish Recycling Drop-off Site - Schriever","","Isle of Cuba Rd","Schriever","","LA","70395","9854465465","0","","http://www.tpcg.org/view.php?f=solid_waste","29.7197092","-90.8243777","5.51619102274843","","false","false","","","false","false","false","false"
"911 Cell Phone Bank - Assumption Parish Sheriff Triad","911 Cell Phone Bank - Assumption Parish Sheriff Triad","2635 Highway 1","Labadieville","Assumption","LA","70372","8662907864","0","","http://www.911cellphonebank.org/","29.8375","-90.95216","8.67492053137588","Cell Phones; Cameras; Laptop Computers; MP3 Players; Video Games; Video Game Consoles; Smart watches & Apple Watch®
","false","true","Please call to verify drop-off procedures and directions to the location.  For prepaid shipping labels, visit http://www.911cellphonebank.org/drop-off-locations.asp - click on "print shipping label."","","false","false","false","false"
