name,description,address,city,region,province,postal_code,phone,fax,hours,url,latitude,longitude,distance,materials,pickup,dropoff,notes,groups,curbside,municipal,national,event_only
"USPS Post Office Box Lobby Recycling Program","US Post Office","26 Battle St","Somers","Tolland","CT","06071","8002758777","0","","https://www.usps.com/","41.98739","-72.44124","0.781201311426286","Catalogs; Greeting Cards; Magazines; Paper (Mixed)","false","true","","","false","false","false","false"
"US Post Office","USPS Discarded Lobby Mail Recycling Program","26 Battle St","Somers","Tolland","CT","06071","0","0","","","41.98739","-72.44124","0.781201311426286","Video Game Consoles; PlayStation Consoles","false","true","","","false","false","false","false"
"Blue Rhino Exchange - Xtra Mart #7068","Blue Rhino Exchange - Xtra Mart #7068","169 Main St ","Somers","Tolland County","CT","06071","8607631205","0","","http://www.bluerhino.com","41.9863572","-72.4845062","1.80428651965786","Propane Tank Exchange; Video Game Consoles; PlayStation Consoles","false","true","","","false","false","false","false"
"USPS Post Office Box Lobby Recycling Program","US Post Office","28 Maple St","Somersville","Tolland","CT","06072","8002758777","0","","https://www.usps.com/","41.98361","-72.48909","2.0938659155548","Catalogs; Greeting Cards; Magazines; Paper (Mixed)","false","true","","","false","false","false","false"
"US Post Office","USPS Discarded Lobby Mail Recycling Program","28 Maple St","Somersville","Tolland","CT","06072","0","0","","","41.98361","-72.48909","2.0938659155548","Video Game Consoles; PlayStation Consoles","false","true","","","false","false","false","false"
"Somers Recycling","","93 Egypt Road","Somers","","CT","6071","9782842500","0","","","41.959204","-72.4597474","2.55066264565823","","false","false","","","false","false","false","false"
"Somers Recycling Center","","127 Egypt Rd","Somers","","CT","6071","8607638238","0","","https://www.somersct.gov","41.9583989","-72.4586515","2.59718016521662","","false","false","","","false","false","false","false"
"Somers Recycling Center","Somers Recycling Center","127 Egypt Rd ","Somers","Tolland County","CT","06071","8607638236","0","","http://www.somersct.gov/transferstation.cfm","41.958056","-72.4602585","2.63322716294636","Aluminum Cans; Brown Paper Bags; Cardboard; Computer (Recycling); Computer Monitors; Computer Paper; Drink Boxes; Glass (Blue); Glass (Brown); Glass (Clear); Glass (Green); Laptop Computers; Magazines; Milk Cartons; Newspapers; Office Paper; Paper (Mixed); Paperboard; Plastic #1 (PETE); Plastic #2 (HDPE); Plastic #3 (PVC); Plastic #4 (LDPE); Plastic #5 (Polypropylene); Plastic #6 (Polystyrene); Plastic #7; Printers/Scanners/Fax Machines; Small Televisions; Televisions; Tin or Steel Cans; Unused Paper","false","true","For Somers residents only. Residents wishing to utilize the Recycling Center must purchase a Landfill Sticker.  The Stickers are valid for one year and are renewed annually during the month of August.  Stickers are purchased at the Recycling Center and placed on a single vehicle.  ","","false","false","false","false"
"Nathan Hale School","","5 Taylor Rd","Enfield","","MA","6082","9782842500","0","","","41.9882893","-72.5142338","3.25300673918711","","false","false","","","false","false","false","false"
"Camerota Scrap Recycling","Camerota Scrap Recycling","245 Shaker Rd","Enfield","Hartford","CT","06082","8002474313","0","","","42.01389","-72.52414","3.92923973431874","Automobile Parts; Video Game Consoles; PlayStation Consoles","false","true","","","false","false","false","false"
"Camerota Scrap Recycling","","245 Shaker Rd","Enfield","","CT","6082","8002474313","0","","","42.0143372","-72.5267817","4.06761609291912","","false","false","","","false","false","false","false"
"Hazardville Memorial School","","68 North Maple Street","Enfield","","CT","6082","9782842500","0","","","41.9930111","-72.539246","4.50109275488842","","false","false","","","false","false","false","false"
"USPS Post Office Box Lobby Recycling Program","US Post Office","534 Main St","Hampden","Hampden","MA","01036","8002758777","0","","https://www.usps.com/","42.0633","-72.41856","4.97440002643592","Catalogs; Greeting Cards; Magazines; Paper (Mixed)","false","true","","","false","false","false","false"
"US Post Office","USPS Discarded Lobby Mail Recycling Program","534 Main St","Hampden","Hampden","MA","01036","0","0","","","42.0633","-72.41856","4.97440002643592","Computer (Recycling); Computer Monitors; Electronics; Laptop Computers; Computer Peripherals; Small Electronics; Small Televisions; Televisions; Video Game Consoles; PlayStation Consoles","false","true","","","false","false","false","false"
"Enfield Transfer Station","","Town Farm Rd","Enfield","","CT","6082","8607637560","0","","http://www.enfield-ct.gov","41.9581278","-72.5406978","5.25621021427025","","false","false","","","false","false","false","false"
"USPS Post Office Box Lobby Recycling Program","US Post Office","119 Industrial Dr","E Longmeadow","Hampden","MA","01028","8002758777","0","","https://www.usps.com/","42.04815","-72.53045","5.43337564642931","Catalogs; Greeting Cards; Magazines; Paper (Mixed)","false","true","","","false","false","false","false"
"US Post Office","USPS Discarded Lobby Mail Recycling Program","119 Industrial Dr","East Longmeadow","Hampden","MA","01028","0","0","","","42.04815","-72.53045","5.43337564642931","Computer (Recycling); Computer Monitors; Electronics; Laptop Computers; Computer Peripherals; Small Electronics; Small Televisions; Televisions; Video Game Consoles; PlayStation Consoles","false","true","","","false","false","false","false"
"Hampden Transfer Station","","18 Cross Rd","Hampden","","MA","1036","4135662035","0","","","42.0638467","-72.3985894","5.44347976338153","","false","false","","","false","false","false","false"
"Family Wireless","Family Wireless","68 Center Sq","East Longmeadow","Hampden","MA","01028","4135250050","0","","http://www.call2recycle.org/","42.06472","-72.51306","5.71974761801059","Cell Phones; Ni-Cd Batteries; Li-Ion Batteries; Ni-MH Batteries; Ni-Zn Batteries; Small Sealed Lead Acid Batteries; Computer (Recycling); Computer Monitors; Electronics; Laptop Computers; Computer Peripherals; Small Electronics; Small Televisions; Televisions; Video Game Consoles; PlayStation Consoles","false","true","The U.S. EPA estimates that more than 350 million rechargeable batteries are purchased annually in the U.S. Thanks to the environmental commitment of this location, its easy and free to recycle your batteries. Bring your rechargeable batteries to this location and look for the recycling box or ask an associate how you can do your part for the environment.","","false","false","false","false"
"Walgreens","Walgreens","54 Center Sq","East Longmeadow","Hampden","MA","01028","4135269664","0","","http://www.walgreens.com","42.0648","-72.51302","5.72323041005781","Cell Phones; Inkjet Printer Cartridges; Computer (Recycling); Computer Monitors; Electronics; Laptop Computers; Computer Peripherals; Small Electronics; Small Televisions; Televisions; Video Game Consoles; PlayStation Consoles","false","true","","","false","false","false","false"
"Northstar Recycling","Northstar Recycling","94 Maple St","East Longmeadow","Hampden","MA","01028","4132636010","4137460444","","http://www.northstarrecycling.com/","42.06236","-72.5182","5.7374075417862","Plastic #1 (PETE); Plastic #2 (HDPE); Plastic #2 (Color HDPE); Plastic #3 (PVC); Plastic #4 (LDPE); Plastic #5 (Polypropylene); Plastic #6 (Polystyrene); Plastic #7; Aluminum Cans; Aluminum; Cardboard; Ferrous Metals (Steel or Iron); Paper (Mixed); Computer (Recycling); Computer Monitors; Electronics; Laptop Computers; Computer Peripherals; Small Electronics; Small Televisions; Televisions; Video Game Consoles; PlayStation Consoles","true","true","Transportation services and compensation contingent upon quantity and market value.","","false","false","false","false"
"Enfield Transfer Station","Enfield Transfer Station","77 Town Farm Rd ","Enfield","Hartford County","CT","06082","8607637527","0","Tuesday: 8:00 AM - 2:45 PM Wednesday: 8:00 AM - 2:45 PM Thursday: 8:00 AM - 2:45 PM Friday: 8:00 AM - 2:45 PM Saturday: 8:00 AM - 3:45 PM ","http://www.enfield-ct.gov/406/Transfer-Station","41.9563618","-72.5506321","5.7622027820965","Aluminum Cans; Brown Paper Bags; Computer (Recycling); Hard Drives; Computer Monitors; Computer Paper; Glass (Brown); Glass (Clear); Glass (Green); Laptop Computers; Magazines; Newspapers; Office Paper; Paper (Mixed); Paper Egg Cartons; Paperboard; Phone books; Plastic #1 (PETE); Plastic #2 (HDPE); Plastic #3 (PVC); Plastic #4 (LDPE); Plastic #5 (Polypropylene); Plastic #6 (Polystyrene); Plastic #7; Printers/Scanners/Fax Machines; Refrigerators; Scrap Metal; Small Televisions; Televisions; Tin or Steel Cans; Yard Waste","false","true","","","false","false","false","false"
"Walgreens","Walgreens","2 Shaker Rd","Enfield","Hartford","CT","06082","8602530463","0","","http://www.walgreens.com","42.0009","-72.56684","5.92520177495106","Cell Phones; Inkjet Cartridge Refilling; Inkjet Printer Cartridges; Video Game Consoles; PlayStation Consoles","false","true","","","false","false","false","false"
"Tractor Supply","","67 Palomba Drive","Enfield","","CT","6082","8607492853","0","","https://www.tractorsupply.com/","41.9902334","-72.56956","6.06563231885923","","false","false","","","false","false","false","false"
"Firestone Complete Auto Care","","33 Palomba Drive","Enfield","","CT","6082","8607416550","0","","https://www.firestonecompleteautocare.com/","41.9951827","-72.5711773","6.13705275929969","","false","false","","","false","false","false","false"
"Tractor Supply","Tractor Supply","67 Palomba Dr","Enfield","Hartford","CT","06082","8607492853","0","","http://www.tractorsupply.com","41.99404","-72.5722","6.19051756349483","Transmission Fluid; Used Motor Oil; Video Game Consoles; PlayStation Consoles","false","true","","","false","false","false","false"
"Firestone Complete Auto Care Store","Firestone Complete Auto Care Store","33 Palomba Dr","Enfield","Hartford","CT","06082","8602654292","0","","http://www.firestonecompleteautocare.com/","41.99627","-72.57313","6.23734564180027","Lead Acid (Pb) Batteries; Used Motor Oil; Video Game Consoles; PlayStation Consoles","false","true","","","false","false","false","false"
"USPS Post Office Box Lobby Recycling Program","US Post Office","31 Palomba Dr","Enfield","Hartford","CT","06082","8002758777","0","","https://www.usps.com/","41.99642","-72.57321","6.24152809243721","Catalogs; Greeting Cards; Magazines; Paper (Mixed)","false","true","","","false","false","false","false"
"US Post Office","USPS Discarded Lobby Mail Recycling Program","31 Palomba Dr","Enfield","Hartford","CT","06082","0","0","","","41.99642","-72.57321","6.24152809243721","Video Game Consoles; PlayStation Consoles","false","true","","","false","false","false","false"
"Home Depot","Home Depot","136 Elm St","Enfield","Hartford","CT","06082","8607451900","0","","http://www.homedepot.com","41.99871","-72.57427","6.29920113428787","Compact Fluorescent Lights; Batteries (Rechargeable); Video Game Consoles; PlayStation Consoles","false","true","Home Depot accepts compact fluorescent bulbs and used power tool rechargeable batteries. Look for the orange drop boxes, usually located near the front entrance near the customer service desk.","","false","false","false","false"
"Call2Recycle at Verizon Wireless","Call2Recycle at Verizon Wireless","136 Elm St","Enfield","Hartford","CT","06082","8607453300","0","","http://www.verizon.com/","41.99871","-72.57427","6.29920113428787","Cell Phones; Ni-Cd Batteries; Li-Ion Batteries; Ni-MH Batteries; Ni-Zn Batteries; Small Sealed Lead Acid Batteries; Video Game Consoles; PlayStation Consoles","false","true","The U.S. EPA estimates that more than 350 million rechargeable batteries are purchased annually in the U.S. Thanks to the environmental commitment of this location, its easy and free to recycle your batteries. Bring your rechargeable batteries to this location and look for the recycling box or ask an associate how you can do your part for the environment.","","false","false","false","false"
"AutoZone","AutoZone","136 Elm St","Enfield","Hartford","CT","06082","8602536294","0","","http://www.autozone.com","41.99871","-72.57427","6.29920113428787","Lead Acid (Pb) Batteries; Used Motor Oil; Video Game Consoles; PlayStation Consoles","false","true","Most AutoZone stores accept used motor oil, transmission fluid, gear oil and automotive batteries. Call to see what your local store is currently accepting.","","false","false","false","false"
"Call2Recycle at the Home Depot","Call2Recycle at the Home Depot","136 Elm Street","Enfield","Hartford","CT","06082","8607451900","0","","http://www.homedepot.com/","41.99871","-72.57427","6.29920113428787","Cell Phones; Compact Fluorescent Lights; Ni-Cd Batteries; Li-Ion Batteries; Ni-MH Batteries; Ni-Zn Batteries; Small Sealed Lead Acid Batteries; Video Game Consoles; PlayStation Consoles","false","true","The Home Depot accepts used rechargeable batteries and compact fluorescent bulbs. Look for the orange drop boxes, usually located near the front entrance near the customer service desk, or ask a store associate for more details.","","false","false","false","false"
"Verizon Wireless","Verizon Wireless","136 Elm St","Enfield","Hartford","CT","06082","8607453300","8607459226","","http://www.verizonwireless.com/","41.99871","-72.57427","6.29920113428787","Cell Phones; Cell Phone Batteries; Video Game Consoles; PlayStation Consoles","false","true","<A Href="https://www.trade-in.vzw.com/home.aspx">
The Verizon Wireless Trade-In Program</A> allows you to trade in your used handset or tablet in a convenient and responsible way. 
<P>
<P>
Verizon Wireless works every day to protect our environment and give our customers opportunities to do the same. <A Href="http://aboutus.vzw.com/Green_Initiative/overview.html">Click here</A> for more examples of the earth-friendly initiatives and programs Verizon Wireless is proud to offer and support.","","false","false","false","false"
"St Luke Knights of Columbus","","141 Maple St","Ellington","","CT","6029","9782842500","0","","","41.9044961","-72.4725543","6.38726111409838","","false","false","","","false","false","false","false"
"USPS Post Office Box Lobby Recycling Program","US Post Office","2 Church St","Ellington","Tolland","CT","06029","8002758777","0","","https://www.usps.com/","41.90376","-72.46913","6.41040177785491","Catalogs; Greeting Cards; Magazines; Paper (Mixed)","false","true","","","false","false","false","false"
"US Post Office","USPS Discarded Lobby Mail Recycling Program","2 Church St","Ellington","Tolland","CT","06029","0","0","","","41.90376","-72.46913","6.41040177785491","Video Game Consoles; PlayStation Consoles","false","true","","","false","false","false","false"
"Home Depot","","136 Elm St","Enfield","","CT","6082","8607451900","0","","https://ecooptions.homedepot.com/","41.9976261","-72.5768532","6.42977622063426","Batteries (Rechargeable); Cell Phone Batteries; Li-Ion Batteries; Ni-Cd Batteries; Ni-MH Batteries; Small Sealed Lead Acid Batteries","false","true","","Call2Recycle","false","false","false","false"
"Monro","Monro","60 Freshwater Blvd","Enfield","Hartford","CT","06082","8607415158","0","Monday: 7:30 AM - 7:00 PM Tuesday: 7:30 AM - 7:00 PM Wednesday: 7:30 AM - 7:00 PM Thursday: 7:30 AM - 7:00 PM Friday: 7:30 AM - 7:00 PM Saturday: 7:30 AM - 4:00 PM ","http://monro.com","41.99173","-72.57687","6.4350968134951","Used Motor Oil; Video Game Consoles; PlayStation Consoles","false","true","","","false","false","false","false"
"Town of Ellington Recycling - Town Garage","","21 Main Street","Ellington","","CT","6029","8608703100","0","","http://ellington-ct.gov","41.9028001","-72.4623823","6.4371751743239","","false","false","","","false","false","false","false"
"The UPS Store","The UPS Store","54 Hazard Ave","Enfield","Hartford","CT","06082","8607459511","0","Monday: 9:00 AM - 6:00 PM Tuesday: 9:00 AM - 6:00 PM Wednesday: 9:00 AM - 6:00 PM Thursday: 9:00 AM - 6:00 PM Friday: 9:00 AM - 6:00 PM Saturday: 9:00 AM - 2:00 PM ","","41.98964","-72.57699","6.4490116457825","Packing Materials; Packing Peanut (Reuse); Video Game Consoles; PlayStation Consoles","false","true","This site is located in the Stop and Shop Plaza.","","false","false","false","false"
"Advance Auto Parts","Advance Auto Parts","54 Hazard Ave","Enfield","Hartford","CT","06082","8607453546","0","Monday: 7:00 AM - 9:00 PM Tuesday: 7:00 AM - 9:00 PM Wednesday: 7:00 AM - 9:00 PM Thursday: 7:00 AM - 9:00 PM Friday: 7:00 AM - 9:00 PM Saturday: 7:00 AM - 9:00 PM Sunday: 10:00 AM - 8:00 PM ","http://www.advanceautoparts.com","41.98964","-72.57699","6.4490116457825","Lead Acid (Pb) Batteries; Used Motor Oil; Video Game Consoles; PlayStation Consoles","false","true","","","false","false","false","false"
"Shred Nations","Shred Nations (inside The UPS Store)","54 Hazard Ave Ste 14","Enfield","Hartford","CT","06082","8602651322","0","Monday: 8:30 AM - 6:00 PM Tuesday: 8:30 AM - 6:00 PM Wednesday: 8:30 AM - 6:00 PM Thursday: 8:30 AM - 6:00 PM Friday: 8:30 AM - 6:00 PM Saturday: 9:00 AM - 5:00 PM ","http://www.shrednations.com/dropoff/location/enfield/81ca4211-e67b-7ffd-2271-526169af8d05","41.98964","-72.57699","6.4490116457825","Cell Phones; Computer (Recycling); Laptop Computers; Small Televisions; Documents to Shred; Video Game Consoles; PlayStation Consoles","true","true","Shred Nations offers document shredding, hard drive destruction, electronics recycling and more. Visit website for quotes and full list of services offered in your area. ","","false","false","false","false"
"Blue Rhino Exchange - DB Mart #751 Citgo","Blue Rhino Exchange - DB Mart #751 Citgo","1 Main St","Ellington","Tolland","CT","06029","8608717947","0","","http://www.bluerhino.com","41.90221","-72.46337","6.48231112702843","Propane Tank Exchange; Video Game Consoles; PlayStation Consoles","false","true","","","false","false","false","false"
"Ellington Public Works Shed","Ellington Public Works Shed","21 Main St","Ellington","Tolland","CT","06029","8608703140","0","Monday: 6:30 AM - 3:30 PM Tuesday: 6:30 AM - 3:30 PM Wednesday: 6:30 AM - 3:30 PM Thursday: 6:30 AM - 3:30 PM Friday: 6:30 AM - 3:30 PM Saturday: 9:00 AM - 12:00 PM ","http://ellington-ct.gov/Plugs/public_works.aspx","41.90221","-72.46337","6.48231112702843","Antifreeze; Compact Fluorescent Lights; Computer (Recycling); Hard Drives; Computer Monitors; Laptop Computers; Lead Acid (Pb) Batteries; Computer Peripherals; Propane Tanks; Small Televisions; Televisions; Used Motor Oil; Used Oil Filters","false","true","Open the first and third Saturdays of each month.","","false","false","false","false"
"Ellington Curbside Recycling","Ellington Curbside Recycling","21 Main St","Ellington","Tolland","CT","06029","8608703140","0","","http://ellington-ct.gov/Plugs/public_works.aspx","41.90221","-72.46337","6.48231112702843","Aluminum; Aluminum Cans; Brown Paper Bags; Cardboard; Computer Paper; Glass (Brown); Glass (Clear); Glass (Green); Greeting Cards; Magazines; Milk Cartons; Newspapers; Office Paper; Paper (Mixed); Paper Egg Cartons; Paperboard; Plastic #1 (PETE); Plastic #2 (HDPE); Plastic #3 (PVC); Plastic #4 (LDPE); Plastic #5 (Polypropylene); Plastic #6 (Polystyrene); Plastic #7; Shredded Paper; Tin or Steel Cans; Unused Paper","false","false","Place items curbside by 6:00 am on pickup day. Recycling is picked up every other week.","","true","false","false","false"
"Call2Recycle at RadioShack","Call2Recycle at RadioShack","90 Elm St","Enfield","Hartford","CT","06082","8607451325","0","","http://www.radioshack.com/","41.99821","-72.57898","6.53990105147033","Cell Phones; Ni-Cd Batteries; Li-Ion Batteries; Ni-MH Batteries; Ni-Zn Batteries; Small Sealed Lead Acid Batteries; Video Game Consoles; PlayStation Consoles","false","true","As the first national retailer to partner with Call2Recycle, RadioShack is at the forefront of the rechargeable battery recycling cause and is pleased to offer battery recycling at thousands of convenient RadioShack locations for free.  Simply drop them off at your local RadioShack and theyll take care of the rest.  Ask a store associate for more details.","","false","false","false","false"
"Target","Target","90 Elm St","Enfield","Hartford","CT","06082","8607412676","0","","http://www.target.com/","41.99821","-72.57898","6.53990105147033","Aluminum Cans; Cell Phones; Inkjet Printer Cartridges; MP3 Players; Plastic #1 (PETE); Plastic #2 (HDPE); Plastic Shopping Bags; Video Game Consoles; PlayStation Consoles","false","true","","","false","false","false","false"
"Staples","null","14 Hazard Avenue","Enfield","","CT","06082","8607451699","0","","https://www.staples.com/sbd/cre/marketing/sustainability-center/recycling-services/","41.9880208","-72.5803031","6.62681523529576","Alkaline/Single-Use Batteries","false","true","","","false","false","false","false"
"Town of Longmeadow Household Hazardous Waste Collection Program","","","Longmeadow","","MA","1106","4135654153","0","","http://www.longmeadow.org","42.0526282","-72.5559746","6.64628093163132","","false","false","","","false","false","false","false"
"AT&T Wireless","AT&T Wireless","7 Hazzard Ave","Enfield","Hartford","CT","06082","8607457778","0","","http://www.att.com/","41.98991","-72.58198","6.70359980118748","Cell Phones; Ni-Cd Batteries; Batteries (Rechargeable); Cell Phone Batteries; Tablets; Li-Ion Batteries; Video Game Consoles; PlayStation Consoles","false","true","Receive an AT&T Promotion Card worth the trade-in value of your smartphone, tablet, or netbook. You can also donate the trade-in value to Cell Phones for Soldiers.","","false","false","false","false"
"IMobile LLC","","90 Elm St","Enfield","","CT","6082","8607459998","0","","","41.9951401","-72.5822206","6.70410924331908","","false","false","","","false","false","false","false"
"Target Store","null","90 Elm St","Enfield","","CT","06082","8607412676","0","","https://corporate.target.com/corporate-responsibility/planet","41.9951401","-72.5822206","6.70410924331908","","false","false","","","false","false","false","false"
"Staples","Staples","14 Hazard Ave. Suite 23","Enfield","Hartford County","CT","06082","8607451699","0","Monday: 8:00 AM - 9:00 PM Tuesday: 8:00 AM - 9:00 PM Wednesday: 8:00 AM - 9:00 PM Thursday: 8:00 AM - 9:00 PM Friday: 8:00 AM - 9:00 PM Saturday: 9:00 AM - 9:00 PM Sunday: 10:00 AM - 6:00 PM ","https://www.staples.com/recycle","41.9881364","-72.5821282","6.71961769409242","AC Power Plugs; Batteries (Rechargeable); Cables & Connectors; Cell Phone Batteries; Cell Phones; Computer (Recycling); Hard Drives; Computer Monitors; Cameras; DVD Players/Blu-Ray Players/DVRs; Electronics; E-Readers; GPS Units; Headphones; Inkjet Printer Cartridges; Laptop Computers; Laser Toner Cartridges; Li-Ion Batteries; MP3 Players; Network Equipment; Ni-Cd Batteries; Ni-MH Batteries; Ni-Zn Batteries; Computer Peripherals; Portable Media Players; Printers/Scanners/Fax Machines; Small Electronics; Small Sealed Lead Acid Batteries; Stereo Equipment; Tablets; Telephones; UPS Batteries/Backup Systems; VCRs; Video Game Systems; Blu-Ray Players; Digital Converter Boxes; Video Game Consoles; PlayStation Consoles; Alkaline/Single-Use Batteries; Batteries (Rechargeable); Cell Phone Batteries; Li-Ion Batteries; Ni-Cd Batteries; Ni-MH Batteries; Small Sealed Lead Acid Batteries; Alkaline/Single-Use Batteries; Button Batteries; Non-rechargeable lithium batteries; Cell Phones","false","true","NO TVs; Limit 6 CEDs per day; ","Sony, Vizio, OEM, Call2Recycle","false","false","false","false"
"USPS Post Office Box Lobby Recycling Program","US Post Office","817 Williams St","Longmeadow","Hampden","MA","01106","8002758777","0","","https://www.usps.com/","42.05539","-72.55522","6.7303708934954","Catalogs; Greeting Cards; Magazines; Paper (Mixed)","false","true","","","false","false","false","false"
"US Post Office","USPS Discarded Lobby Mail Recycling Program","817 Williams St","Longmeadow","Hampden","MA","01106","0","0","","","42.05539","-72.55522","6.7303708934954","Computer (Recycling); Computer Monitors; Electronics; Laptop Computers; Computer Peripherals; Small Electronics; Small Televisions; Televisions; Video Game Consoles; PlayStation Consoles","false","true","","","false","false","false","false"
"Advance Auto Parts","Advance Auto Parts","67 W Stafford Rd","Stafford Springs","Tolland","CT","06076","8606841654","0","Monday: 7:00 AM - 9:00 PM Tuesday: 7:00 AM - 9:00 PM Wednesday: 7:00 AM - 9:00 PM Thursday: 7:00 AM - 9:00 PM Friday: 7:00 AM - 9:00 PM Saturday: 7:00 AM - 9:00 PM Sunday: 10:00 AM - 8:00 PM ","http://www.advanceautoparts.com","41.9655","-72.32697","6.73379181131555","Lead Acid (Pb) Batteries; Used Motor Oil; Video Game Consoles; PlayStation Consoles","false","true","","","false","false","false","false"
"LensCrafters","LensCrafters","90 Elm St Ste 27","Enfield","Hartford","CT","06082","8607410230","0","Monday: 10:00 AM - 9:30 PM Tuesday: 10:00 AM - 9:30 PM Wednesday: 10:00 AM - 9:30 PM Thursday: 10:00 AM - 9:30 PM Friday: 10:00 AM - 9:30 PM Saturday: 10:00 AM - 9:30 PM Sunday: 11:00 AM - 6:00 PM ","http://www.lenscrafters.com","41.99792","-72.58277","6.73394802728342","Eyeglasses; Video Game Consoles; PlayStation Consoles","false","true","","","false","false","false","false"
"Kohl's","","95 Elm St","Enfield","","CT","6082","8607416100","0","","https://corporate.kohls.com/","42.0001861","-72.5827751","6.73958784339488","","false","false","","","false","false","false","false"
"Best Buy","","95 Elm St","Enfield","","CT","6082","8607412002","0","","https://www.bestbuy.com/site/services/recycling/pcmcat149900050025.c?id=pcmcat149900050025","42.0001861","-72.5827751","6.73958784339488","","false","false","","","false","false","false","false"
"Walgreens","Walgreens","30 Hazard Ave","Enfield","Hartford","CT","06082","8607413503","0","","http://www.walgreens.com","41.98994","-72.58269","6.7398722646982","Cell Phones; Inkjet Printer Cartridges; Video Game Consoles; PlayStation Consoles","false","true","","","false","false","false","false"
"Shaw's","Shaw's","40 Hazard Ave","Enfield","Hartford","CT","06082","8607451621","0","","","41.98994","-72.58269","6.7398722646982","Plastic Shopping Bags; Food Storage Bags; Video Game Consoles; PlayStation Consoles","false","true","","","false","false","false","false"
"The UPS Store","The UPS Store","785 Williams St","Longmeadow","Hampden","MA","01106","4135659800","0","Monday: 8:00 AM - 6:30 PM Tuesday: 8:00 AM - 6:30 PM Wednesday: 8:00 AM - 6:30 PM Thursday: 8:00 AM - 6:30 PM Friday: 8:00 AM - 6:30 PM Saturday: 9:00 AM - 3:00 PM ","","42.05518","-72.55583","6.74627062661506","Packing Peanut (Reuse); Computer (Recycling); Computer Monitors; Electronics; Laptop Computers; Computer Peripherals; Small Electronics; Small Televisions; Televisions; Video Game Consoles; PlayStation Consoles","false","true","","","false","false","false","false"
"Shred Nations","Shred Nations (inside The UPS Store)","785 Williams St","Longmeadow","Hampden","MA","01106","4133042643","0","Monday: 8:00 AM - 6:30 PM Tuesday: 8:00 AM - 6:30 PM Wednesday: 8:00 AM - 6:30 PM Thursday: 8:00 AM - 6:30 PM Friday: 8:00 AM - 6:30 PM Saturday: 9:00 AM - 3:00 PM ","http://www.shrednations.com/dropoff/location/longmeadow/7199ea0e-5c85-7aa3-fc5c-525db0f2b450","42.05518","-72.55583","6.74627062661506","Cell Phones; Computer (Recycling); Laptop Computers; Small Televisions; Documents to Shred; Computer Monitors; Electronics; Computer Peripherals; Small Electronics; Televisions; Video Game Consoles; PlayStation Consoles","true","true","Shred Nations offers document shredding, hard drive destruction, electronics recycling and more. Visit website for quotes and full list of services offered in your area. ","","false","false","false","false"
"911 Cell Phone Bank - Episcopal Church Of The Resurrection","911 Cell Phone Bank - Episcopal Church Of The Resurrection","199 Weymouth Rd","Enfield","Hartford","CT","06082","8662907864","0","","http://www.911cellphonebank.org/","41.94872","-72.57214","6.98593449613159","Cell Phones; Cameras; Laptop Computers; MP3 Players; Video Games; Video Game Consoles; Smart watches & Apple Watch®
","false","true","Please call to verify drop-off procedures and directions to the location.  For prepaid shipping labels, visit http://www.911cellphonebank.org/drop-off-locations.asp - click on "print shipping label."","","false","false","false","false"
"Staples","","433 North Main Street","East Longmeadow","","MA","1028","4135254925","0","","https://www.staples.com/sbd/cre/marketing/sustainability-center/recycling-services/","42.0801735","-72.5272303","7.01119033639473","","false","false","","","false","false","false","false"
"Staples, Inc.","Staples","433 N Main St ","East Longmeadow","Hampden County","MA","01028","4135254925","0","Monday: 8:00 AM - 9:00 PM Tuesday: 8:00 AM - 9:00 PM Wednesday: 8:00 AM - 9:00 PM Thursday: 8:00 AM - 9:00 PM Friday: 8:00 AM - 9:00 PM Saturday: 9:00 AM - 9:00 PM Sunday: 10:00 AM - 6:00 PM ","https://www.staples.com/recycle","42.0802241","-72.5272907","7.01581626790182","AC Power Plugs; Batteries (Rechargeable); Cables & Connectors; Cell Phone Batteries; Cell Phones; Computer (Recycling); Hard Drives; Computer Monitors; Cameras; DVD Players/Blu-Ray Players/DVRs; Electronics; E-Readers; GPS Units; Headphones; Inkjet Printer Cartridges; Laptop Computers; Laser Toner Cartridges; Li-Ion Batteries; MP3 Players; Network Equipment; Ni-Cd Batteries; Ni-MH Batteries; Ni-Zn Batteries; Computer Peripherals; Portable Media Players; Printers/Scanners/Fax Machines; Small Electronics; Small Sealed Lead Acid Batteries; Stereo Equipment; Tablets; Telephones; UPS Batteries/Backup Systems; VCRs; Video Game Systems; Blu-Ray Players; Digital Converter Boxes; Small Televisions; Televisions; Video Game Consoles; PlayStation Consoles","false","true","NO TVs; Limit 6 CEDs per day; ","Sony, Vizio, OEM","false","false","false","false"
"Jiffy Lube","Jiffy Lube","475 N Main St","East Longmeadow","Hampden","MA","01028","4135254823","0","Monday: 8:00 AM - 6:00 PM Tuesday: 8:00 AM - 6:00 PM Wednesday: 8:00 AM - 6:00 PM Friday: 8:00 AM - 6:00 PM Thursday: 8:00 AM - 7:00 PM Saturday: 8:00 AM - 5:00 PM Sunday: 8:00 AM - 4:00 PM ","null","42.07918","-72.52941","7.01710905796131","Antifreeze; Transmission Fluid; Used Motor Oil; Computer (Recycling); Computer Monitors; Electronics; Laptop Computers; Computer Peripherals; Small Electronics; Small Televisions; Televisions; Video Game Consoles; PlayStation Consoles","false","true","","","false","false","false","false"
"Shred Nations","Shred Nations (inside The UPS Store)","444A N Main St","E Longmeadow","Hampden","MA","01028","4133042811","0","Monday: 9:00 AM - 7:00 PM Tuesday: 9:00 AM - 7:00 PM Wednesday: 9:00 AM - 7:00 PM Thursday: 9:00 AM - 7:00 PM Friday: 9:00 AM - 7:00 PM Saturday: 9:00 AM - 5:00 PM ","http://www.shrednations.com/dropoff/location/e-longmeadow/c4a429ee-cb9c-f03a-669a-527d65fdff7f","42.07913","-72.53114","7.06513928365828","Cell Phones; Computer (Recycling); Laptop Computers; Small Televisions; Documents to Shred; Computer Monitors; Electronics; Computer Peripherals; Small Electronics; Televisions; Video Game Consoles; PlayStation Consoles","true","true","Shred Nations offers document shredding, hard drive destruction, electronics recycling and more. Visit website for quotes and full list of services offered in your area. ","","false","false","false","false"
"Auth Fuels, Inc.","Auth Fuels, Inc.","507 N Main St","East Longmeadow","Hampden","MA","01028","4137370293","0","","","42.08006","-72.53423","7.20971054184068","Propane Tank Exchange; Computer (Recycling); Computer Monitors; Electronics; Laptop Computers; Computer Peripherals; Small Electronics; Small Televisions; Televisions; Video Game Consoles; PlayStation Consoles","false","true","","","false","false","false","false"
"USPS Post Office Box Lobby Recycling Program","US Post Office","113 Main St","Broad Brook","Hartford","CT","06016","8002758777","0","","https://www.usps.com/","41.91691","-72.54582","7.27906492545075","Catalogs; Greeting Cards; Magazines; Paper (Mixed)","false","true","","","false","false","false","false"
"US Post Office","USPS Discarded Lobby Mail Recycling Program","113 Main St","Broad Brook","Hartford","CT","06016","0","0","","","41.91691","-72.54582","7.27906492545075","Video Game Consoles; PlayStation Consoles","false","true","","","false","false","false","false"
"Enfield Curbside Single Stream Recycling","Enfield Curbside Single Stream Recycling","820 Enfield St","Enfield","Hartford","CT","06082","8602536300","0","","http://www.enfield-ct.gov/402/Recycling-Information","41.99929","-72.59437","7.33199178916583","Aluminum Cans; Brown Paper Bags; Cardboard; Computer Paper; Glass (Brown); Glass (Clear); Glass (Green); Greeting Cards; Magazines; Milk Cartons; Newspapers; Office Paper; Paper (Mixed); Paper Egg Cartons; Paperboard; Phone books; Plastic #1 (PETE); Plastic #2 (HDPE); Plastic #3 (PVC); Plastic #4 (LDPE); Plastic #5 (Polypropylene); Plastic #6 (Polystyrene); Plastic #7; Unused Paper","false","false","Recyclables placed in blue tipper barrels provided by the town are collected biweekly on the same day as trash collection. Place recycling tipper at the curb by 7 a.m.","","true","false","false","false"
"Enfield Street School","","1318 Enfield Street","Enfield","","MA","6082","9782842500","0","","","41.9760923","-72.5935869","7.4126756655528","","false","false","","","false","false","false","false"
"Blue Rhino Exchange - Southland #32521","Blue Rhino Exchange - Southland #32521","110 W Main St","Stafford Springs","Tolland","CT","06076","8606849444","0","","http://www.bluerhino.com","41.96071","-72.31457","7.44294404959959","Propane Tank Exchange; Video Game Consoles; PlayStation Consoles","false","true","","","false","false","false","false"
"USPS Post Office Box Lobby Recycling Program","US Post Office","1430 Enfield St","Enfield","Hartford","CT","06082","8002758777","0","","https://www.usps.com/","41.96791","-72.59294","7.50446759532107","Catalogs; Greeting Cards; Magazines; Paper (Mixed)","false","true","","","false","false","false","false"
"US Post Office","USPS Discarded Lobby Mail Recycling Program","1430 Enfield St","Enfield","Hartford","CT","06082","0","0","","","41.96791","-72.59294","7.50446759532107","Video Game Consoles; PlayStation Consoles","false","true","","","false","false","false","false"
"Enfield High School","","1264 Enfield St","Enfield","","CT","6082","8884022665","0","","https://www.discoverbooks.com/Default.asp","41.9794387","-72.5967288","7.53341265883793","","false","false","","","false","false","false","false"
"East Windsor Single Stream Recycling","East Windsor Single Stream Recycling","11 Rye St","Broad Brook","Hartford","CT","06016","8008267952","0","","http://www.eastwindsor-ct.gov/","41.91027","-72.54591","7.63102452074867","Aluminum Cans; Brown Paper Bags; Cardboard; Computer Paper; Glass (Brown); Glass (Clear); Glass (Green); Magazines; Newspapers; Office Paper; Paper (Mixed); Paperboard; Phone books; Plastic #1 (PETE); Plastic #2 (HDPE); Plastic #3 (PVC); Plastic #4 (LDPE); Plastic #5 (Polypropylene); Plastic #6 (Polystyrene); Plastic #7; Tin or Steel Cans; Unused Paper","false","false","","","true","false","false","false"
"Golden Gavel Plaza","","149 N Rd","East Windsor","","CT","6088","9782842500","0","","","41.9363891","-72.5789118","7.71270998878044","","false","false","","","false","false","false","false"
"Blue Rhino Exchange - Stafford Food Center","Blue Rhino Exchange - Stafford Food Center","37 W Main St","Stafford Springs","Tolland","CT","06076","8606842778","0","","http://www.bluerhino.com","41.95471","-72.3097","7.82044844076466","Propane Tank Exchange; Video Game Consoles; PlayStation Consoles","false","true","","","false","false","false","false"
"First Springfield Seventh-Day Adventist Church","","1118 Sumner Avenue","Springfield","","MA","1118","9782842500","0","","","42.0906662","-72.5365194","7.87858861127101","","false","false","","","false","false","false","false"
"Town of Longmeadow Recycling and Yard Waste Center","","Pondside Rd","Longmeadow","","MA","1106","4135673400","0","","http://www.longmeadow.org","42.044464","-72.5925049","7.97788441547191","","false","false","","","false","false","false","false"
"USPS Post Office Box Lobby Recycling Program","US Post Office","20 E Main St","Stafford Springs","Tolland","CT","06076","8002758777","0","","https://www.usps.com/","41.9534","-72.30405","8.12384563117632","Catalogs; Greeting Cards; Magazines; Paper (Mixed)","false","true","","","false","false","false","false"
"US Post Office","USPS Discarded Lobby Mail Recycling Program","20 E Main St","Stafford Springs","Tolland","CT","06076","0","0","","","41.9534","-72.30405","8.12384563117632","Video Game Consoles; PlayStation Consoles","false","true","","","false","false","false","false"
"Walgreens","Walgreens","501 Sumner Ave","Springfield","Hampden","MA","01108","4137461563","0","","http://www.walgreens.com","42.08597","-72.55817","8.2961726988547","Cell Phones; Inkjet Printer Cartridges; Computer (Recycling); Computer Monitors; Electronics; Laptop Computers; Computer Peripherals; Small Electronics; Small Televisions; Televisions; Video Game Consoles; PlayStation Consoles","false","true","","","false","false","false","false"
"Goodwill of the Pioneer Valley  - Dell Reconnect Donation Site","","473 Summer Avenue","Springfield","","MA","","4137851579","0","","http://ourgoodwill.org/","42.085568","-72.5588396","8.29803914867985","","false","false","","","false","false","false","false"
"USPS Post Office Box Lobby Recycling Program","US Post Office","216 East St","Stafford","Tolland","CT","06075","8002758777","0","","https://www.usps.com/","41.98441","-72.29003","8.33607462685179","Catalogs; Greeting Cards; Magazines; Paper (Mixed)","false","true","","","false","false","false","false"
"US Post Office","USPS Discarded Lobby Mail Recycling Program","216 East St","Stafford","Tolland","CT","06075","0","0","","","41.98441","-72.29003","8.33607462685179","Video Game Consoles; PlayStation Consoles","false","true","","","false","false","false","false"
"Hartford Toner & Cartridge, Inc.","Hartford Toner & Cartridge, Inc.","6 Wapping Rd","Broad Brook","Hartford","CT","06016","8008663762","8602921281","","http://www.hartfordtoner.com","41.89026","-72.53626","8.47935759125134","Video Game Consoles; PlayStation Consoles","false","true","","","false","false","false","false"
"Hartford Toner & Cartridge, Inc.","","6 Wapping Rd","Broad Brook","","CT","6016","1800866376","0","","http://www.hartfordtoner.com","41.8901176","-72.5365986","8.49673445444442","","false","false","","","false","false","false","false"
"Blue Rhino Exchange - DB Mart #810","Blue Rhino Exchange - DB Mart #810","1280 Parker St ","Springfield","Hampden County","MA","01129","4137834919","0","","http://www.bluerhino.com","42.1138391","-72.4985319","8.51375557297373","Propane Tank Exchange; Computer (Recycling); Computer Monitors; Electronics; Laptop Computers; Computer Peripherals; Small Electronics; Small Televisions; Televisions; Video Game Consoles; PlayStation Consoles","false","true","","","false","false","false","false"
"Stafford Transfer Station","Stafford Transfer Station","80 Upper Rd","Stafford Springs","Tolland","CT","06076","0","0","","http://www.staffordct.org/","41.99332","-72.28466","8.57660287112091","Aluminum Cans; Antifreeze; Brush; Cardboard; Computer (Recycling); Hard Drives; Computer Monitors; Computer Paper; Drink Boxes; Glass (Blue); Glass (Brown); Glass (Clear); Laptop Computers; Lead Acid (Pb) Batteries; Leaves; Magazines; Newspapers; Office Paper; Paper (Mixed); Phone books; Plastic #1 (PETE); Plastic #2 (HDPE); Printers/Scanners/Fax Machines; Scrap Metal; Small Televisions; Televisions; Tin or Steel Cans; Unused Paper; Used Motor Oil","false","true","","","false","false","false","false"
"USPS Post Office Box Lobby Recycling Program","US Post Office","393 Belmont Ave","Springfield","Hampden","MA","01108","8002758777","0","","https://www.usps.com/","42.08744","-72.56428","8.58072946778417","Catalogs; Greeting Cards; Magazines; Paper (Mixed)","false","true","","","false","false","false","false"
"US Post Office","USPS Discarded Lobby Mail Recycling Program","393 Belmont Ave","Springfield","Hampden","MA","01108","0","0","","","42.08744","-72.56428","8.58072946778417","Computer (Recycling); Computer Monitors; Electronics; Laptop Computers; Computer Peripherals; Small Electronics; Small Televisions; Televisions; Video Game Consoles; PlayStation Consoles","false","true","","","false","false","false","false"
"Town of Stafford Transfer Station","","80 Upper Road","Stafford Springs","","CT","6076","8606843448","0","","http://www.staffordct.org/transfer.php","41.9954589","-72.2841734","8.5999686965161","","false","false","","","false","false","false","false"
"Rockville Elks Lodge","","9 North Park Street","Vernon","","CT","6066","9782842500","0","","","41.8709121","-72.4487682","8.617971534432","","false","false","","","false","false","false","false"
"Goodwill of the Pioneer Valley  - Dell Reconnect Donation Site","","1201  Parker  Street","Springfield","","MA","","4137967150","0","","http://ourgoodwill.org/","42.1163307","-72.4976508","8.6666011976502","","false","false","","","false","false","false","false"
"Blue Rhino Exchange - 7-Eleven","Blue Rhino Exchange - 7-Eleven","180 Union St","Vernon Rockville","Tolland","CT","06066","8608756392","0","","http://www.bluerhino.com","41.86853","-72.46381","8.80345142739228","Propane Tank Exchange; Video Game Consoles; PlayStation Consoles","false","true","","","false","false","false","false"
"USPS Post Office Box Lobby Recycling Program","US Post Office","141 Union St","Vernon Rockville","Tolland","CT","06066","8002758777","0","","https://www.usps.com/","41.86802","-72.45939","8.82545596658251","Catalogs; Greeting Cards; Magazines; Paper (Mixed)","false","true","","","false","false","false","false"
