name,description,address,city,region,province,postal_code,phone,fax,hours,url,latitude,longitude,distance,materials,pickup,dropoff,notes,groups,curbside,municipal,national,event_only
"USPS Post Office Box Lobby Recycling Program","US Post Office","372 Hopmeadow St","Weatogue","Hartford","CT","06089","8002758777","0","","https://www.usps.com/","41.84976","-72.81286","1.12112325288224","Catalogs; Greeting Cards; Magazines; Paper (Mixed)","false","true","","","false","false","false","false"
"US Post Office","USPS Discarded Lobby Mail Recycling Program","372 Hopmeadow St","Weatogue","Hartford","CT","06089","0","0","","","41.84976","-72.81286","1.12112325288224","Video Game Consoles; PlayStation Consoles","false","true","","","false","false","false","false"
"USPS Post Office Box Lobby Recycling Program","US Post Office","15 Enford St","Avon","Hartford","CT","06001","8002758777","0","","https://www.usps.com/","41.80948","-72.82985","1.85975412500548","Catalogs; Greeting Cards; Magazines; Paper (Mixed)","false","true","","","false","false","false","false"
"US Post Office","USPS Discarded Lobby Mail Recycling Program","15 Enford St","Avon","Hartford","CT","06001","0","0","","","41.80948","-72.82985","1.85975412500548","Video Game Consoles; PlayStation Consoles","false","true","","","false","false","false","false"
"The UPS Store","The UPS Store","35 E Main St","Avon","Hartford","CT","06001","8606769455","0","Monday: 9:00 AM - 6:00 PM Tuesday: 9:00 AM - 6:00 PM Wednesday: 9:00 AM - 6:00 PM Thursday: 9:00 AM - 6:00 PM Friday: 9:00 AM - 6:00 PM Saturday: 9:00 AM - 4:00 PM ","null","41.80872","-72.82913","1.90689845132158","Packing Materials; Packing Peanut (Reuse); Video Game Consoles; PlayStation Consoles","false","true","This site is located in the Old Avon Village.","","false","false","false","false"
"Mail Boxes Etc.","Mail Boxes Etc.","542 Hopmeadow St","Simsbury","Hartford","CT","06070","8606515800","0","Monday: 8:00 AM - 6:30 PM Tuesday: 8:00 AM - 6:30 PM Wednesday: 8:00 AM - 6:30 PM Thursday: 8:00 AM - 6:30 PM Friday: 8:00 AM - 6:30 PM Saturday: 9:00 AM - 5:00 PM ","","41.86217","-72.80983","1.95496501718903","Packing Materials; Packing Peanut (Reuse); Video Game Consoles; PlayStation Consoles","false","true","","","false","false","false","false"
"Shred Nations","Shred Nations (inside The UPS Store)","35 E Main St","Avon","Hartford","CT","06001","8602138387","0","Monday: 8:30 AM - 6:30 PM Tuesday: 8:30 AM - 6:30 PM Wednesday: 8:30 AM - 6:30 PM Thursday: 8:30 AM - 6:30 PM Friday: 8:30 AM - 6:30 PM Saturday: 9:00 AM - 3:00 PM ","http://www.shrednations.com/dropoff/location/avon/ae0c9893-c686-8aac-f072-5255b5ff2ce8","41.80739","-72.82504","1.98491650364206","Cell Phones; Computer (Recycling); Laptop Computers; Small Televisions; Documents to Shred; Video Game Consoles; PlayStation Consoles","true","true","Shred Nations offers document shredding, hard drive destruction, electronics recycling and more. Visit website for quotes and full list of services offered in your area. ","","false","false","false","false"
"Walmart","","255 W Main St","Avon","","CT","6001","8604090404","0","","https://www.walmart.com/","41.8112783","-72.8522864","2.22915318345281","","false","false","","","false","false","false","false"
"Pak Mail Center US799","","304 W Main St","Avon","","CT","6001","8606748698","0","","https://www.pakmail.com/","41.8141721","-72.8571327","2.25719442216752","","false","false","","","false","false","false","false"
"Walmart","Walmart","255 W Main St","Avon","Hartford","CT","06001","8604090404","0","","http://www.walmart.com","41.81321","-72.85594","2.25817946852501","Lead Acid (Pb) Batteries; Plastic Shopping Bags; Food Storage Bags; Video Game Consoles; PlayStation Consoles","false","true","","","false","false","false","false"
"Avon ZOOTS","Avon ZOOTS","255 W Main St","Avon","Hartford","CT","06001","8602849688","0","","http://www.zoots.com","41.81321","-72.85594","2.25817946852501","Perc-Free Dry Cleaning; Video Game Consoles; PlayStation Consoles","false","true","","","false","false","false","false"
"Shred Nations","Shred Nations (inside Pak Mail)","304 W Main St","Avon","Hartford","CT","06001","8603576022","0","","http://www.shrednations.com/dropoff/location/avon/d4e3880e-c042-8094-9a4f-51ae036ff203","41.81424","-72.85792","2.28427592359298","Cell Phones; Computer (Recycling); Laptop Computers; Small Televisions; Documents to Shred; Video Game Consoles; PlayStation Consoles","true","true","Shred Nations offers document shredding, hard drive destruction, electronics recycling and more. Visit website for quotes and full list of services offered in your area. ","","false","false","false","false"
"Walgreens","Walgreens","540 Bushy Hill Rd","Simsbury","Hartford","CT","06070","8606580479","0","","http://www.walgreens.com","41.81951","-72.86585","2.41133390469064","Cell Phones; Inkjet Cartridge Refilling; Inkjet Printer Cartridges; Video Game Consoles; PlayStation Consoles","false","true","","","false","false","false","false"
"Call2Recycle at RadioShack","Call2Recycle at RadioShack","395 W Main St","Avon","Hartford","CT","06001","8606761447","0","","http://www.radioshack.com/","41.81578","-72.8639","2.46106546019303","Cell Phones; Ni-Cd Batteries; Li-Ion Batteries; Ni-MH Batteries; Ni-Zn Batteries; Small Sealed Lead Acid Batteries; Video Game Consoles; PlayStation Consoles","false","true","As the first national retailer to partner with Call2Recycle, RadioShack is at the forefront of the rechargeable battery recycling cause and is pleased to offer battery recycling at thousands of convenient RadioShack locations for free.  Simply drop them off at your local RadioShack and theyll take care of the rest.  Ask a store associate for more details.","","false","false","false","false"
"RadioShack","RadioShack","395 W Main St","Avon","Hartford","CT","06001","8606761447","0","Monday: 9:00 AM - 9:00 PM Tuesday: 9:00 AM - 9:00 PM Wednesday: 9:00 AM - 9:00 PM Thursday: 9:00 AM - 9:00 PM Friday: 9:00 AM - 9:00 PM Saturday: 9:00 AM - 9:00 PM Sunday: 10:00 AM - 6:00 PM ","http://www.radioshack.com","41.81578","-72.8639","2.46106546019303","Cell Phones; Ni-Cd Batteries; Batteries (Rechargeable); Video Game Consoles; PlayStation Consoles","false","true","","","false","false","false","false"
"Verizon Wireless","Verizon Wireless","380 W Main St","Avon","Hartford","CT","06001","8666444532","0","","http://www.verizonwireless.com/","41.81604","-72.86423","2.46487532211966","Cell Phones; Cell Phone Batteries; Video Game Consoles; PlayStation Consoles","false","true","<A Href="https://www.trade-in.vzw.com/home.aspx">
The Verizon Wireless Trade-In Program</A> allows you to trade in your used handset or tablet in a convenient and responsible way. 
<P>
<P>
Verizon Wireless works every day to protect our environment and give our customers opportunities to do the same. <A Href="http://aboutus.vzw.com/Green_Initiative/overview.html">Click here</A> for more examples of the earth-friendly initiatives and programs Verizon Wireless is proud to offer and support.","","false","false","false","false"
"Best Buy","Best Buy","44A Albany Turnpike ","Simsbury","Hartford County","CT","06092","8606512359","0","","https://www.bestbuy.com/recycle","41.8194327","-72.869548","2.58275124010787","Large Household Appliances; Refrigerators; Televisions; AC Power Plugs; Batteries (Rechargeable); Cables & Connectors; Car Audio/Video Equipment; Cell Phone Batteries; Cell Phones; Computer (Recycling); Hard Drives; Computer Monitors; Cameras; DVD Players/Blu-Ray Players/DVRs; Electronics; E-Readers; GPS Units; Headphones; Inkjet Printer Cartridges; Laptop Computers; Laser Toner Cartridges; Li-Ion Batteries; MP3 Players; Network Equipment; Ni-Cd Batteries; Ni-MH Batteries; Ni-Zn Batteries; Computer Peripherals; Portable Media Players; Printers/Scanners/Fax Machines; Small Electronics; Small Sealed Lead Acid Batteries; Stereo Equipment; Tablets; Telephones; UPS Batteries/Backup Systems; VCRs; Video Game Systems; Blu-Ray Players; Digital Converter Boxes; Small Televisions; Video Game Consoles; PlayStation Consoles","true","true","3 e-waste items per day; $19.99 pick-up fee with delivery; $99.99 standalone pickup fee; TVs and Monitors not accepted at Best Buy Stores","Sony, Vizio, OEM","false","false","false","false"
"Best Buy","null","44 Albany Turnpike","West Simsbury","","CT","06092","8606512359","0","","https://www.bestbuy.com/site/services/recycling/pcmcat149900050025.c?id=pcmcat149900050025","41.819251","-72.869562","2.58902535164897","","false","false","","","false","false","false","false"
"Staples","Staples","15 Albany Tpke","Simsbury","Hartford County","CT","06092","8608437633","0","Monday: 8:00 AM - 9:00 PM Tuesday: 8:00 AM - 9:00 PM Wednesday: 8:00 AM - 9:00 PM Thursday: 8:00 AM - 9:00 PM Friday: 8:00 AM - 9:00 PM Saturday: 9:00 AM - 9:00 PM Sunday: 10:00 AM - 6:00 PM ","https://www.staples.com/recycle","41.8166561","-72.8687148","2.6369449136488","AC Power Plugs; Batteries (Rechargeable); Cables & Connectors; Cell Phone Batteries; Cell Phones; Computer (Recycling); Hard Drives; Computer Monitors; Cameras; DVD Players/Blu-Ray Players/DVRs; Electronics; E-Readers; GPS Units; Headphones; Inkjet Printer Cartridges; Laptop Computers; Laser Toner Cartridges; Li-Ion Batteries; MP3 Players; Network Equipment; Ni-Cd Batteries; Ni-MH Batteries; Ni-Zn Batteries; Computer Peripherals; Portable Media Players; Printers/Scanners/Fax Machines; Small Electronics; Small Sealed Lead Acid Batteries; Stereo Equipment; Tablets; Telephones; UPS Batteries/Backup Systems; VCRs; Video Game Systems; Blu-Ray Players; Digital Converter Boxes; Video Game Consoles; PlayStation Consoles; Alkaline/Single-Use Batteries","false","true","NO TVs; Limit 6 CEDs per day; ","Sony, Vizio, OEM","false","false","false","false"
"Staples","null","15 Albany Tpke","West Simsbury","","CT","06092","8608437633","0","","https://www.staples.com/sbd/cre/marketing/sustainability-center/recycling-services/","41.8166028","-72.8688096","2.64302203760985","Alkaline/Single-Use Batteries; Batteries (Rechargeable); Cell Phone Batteries; Li-Ion Batteries; Ni-Cd Batteries; Ni-MH Batteries; Small Sealed Lead Acid Batteries; Alkaline/Single-Use Batteries; Button Batteries; Non-rechargeable lithium batteries; Cell Phones","false","true","","Call2Recycle","false","false","false","false"
"USPS Post Office Box Lobby Recycling Program","US Post Office","239 Farms Village Rd","West Simsbury","Hartford","CT","06092","8002758777","0","","https://www.usps.com/","41.87125","-72.85329","2.83957011139792","Catalogs; Greeting Cards; Magazines; Paper (Mixed)","false","true","","","false","false","false","false"
"US Post Office","USPS Discarded Lobby Mail Recycling Program","239 Farms Village Rd","West Simsbury","Hartford","CT","06092","0","0","","","41.87125","-72.85329","2.83957011139792","Video Game Consoles; PlayStation Consoles","false","true","","","false","false","false","false"
"Blue Rhino Exchange - Welden Hardware Company","Blue Rhino Exchange - Welden Hardware Company","10 Station St","Simsbury","Hartford","CT","06070","8606584078","0","","http://www.bluerhino.com","41.87484","-72.80173","2.92386793999746","Propane Tank Exchange; Video Game Consoles; PlayStation Consoles","false","true","","","false","false","false","false"
"Sprint Store","null","110 Albany Turnpike Ste 403,","Canton","","CT","6019","8603528381","0","","https://newsroom.sprint.com/csr/device-donations/","41.8235661","-72.8842241","3.18693279286703","","false","false","","","false","false","false","false"
"AT&T Wireless","AT&T Wireless","55 Climax Road","Avon","Hartford","CT","06019","8606939756","0","","http://www.att.com/","41.8242","-72.88581","3.25419943479757","Cell Phones; Ni-Cd Batteries; Batteries (Rechargeable); Cell Phone Batteries; Tablets; Li-Ion Batteries; Video Game Consoles; PlayStation Consoles","false","true","Receive an AT&T Promotion Card worth the trade-in value of your smartphone, tablet, or netbook. You can also donate the trade-in value to Cell Phones for Soldiers.","","false","false","false","false"
"Kohl's","","104 Albany Turnpike","Canton","","CT","6019","8606932549","0","","https://corporate.kohls.com/","41.823278","-72.8857932","3.27008777297713","","false","false","","","false","false","false","false"
"USPS Post Office Box Lobby Recycling Program","US Post Office","932 Hopmeadow St","Simsbury","Hartford","CT","06070","8002758777","0","","https://www.usps.com/","41.88083","-72.79984","3.34266445133896","Catalogs; Greeting Cards; Magazines; Paper (Mixed)","false","true","","","false","false","false","false"
"US Post Office","USPS Discarded Lobby Mail Recycling Program","932 Hopmeadow St","Simsbury","Hartford","CT","06070","0","0","","","41.88083","-72.79984","3.34266445133896","Video Game Consoles; PlayStation Consoles","false","true","","","false","false","false","false"
"Connecticut Department of Environmental Protection","","","Avon","","CT","6001","8604243000","0","","https://www.ct.gov/deep/site/default.asp","41.7918396","-72.8633635","3.6512590158385","","false","false","","","false","false","false","false"
"Monro","","211 Albany Turnpike","Canton","","CT","6019","8606938405","0","","https://www.monro.com/","41.8263811","-72.8970764","3.78844675882386","","false","false","","","false","false","false","false"
"Monro","Monro","211 Albany Tpke","Canton","Hartford","CT","06019","8606938405","0","Monday: 7:30 AM - 7:00 PM Tuesday: 7:30 AM - 7:00 PM Wednesday: 7:30 AM - 7:00 PM Thursday: 7:30 AM - 7:00 PM Friday: 7:30 AM - 7:00 PM Saturday: 7:30 AM - 4:00 PM ","http://monro.com","41.82634","-72.89749","3.80990597544468","Used Motor Oil; Video Game Consoles; PlayStation Consoles","false","true","","","false","false","false","false"
"Larsen Ace Hardware","Larsen Ace Hardware","220 Albany Tpke","Canton","Hartford","CT","06019","8606934618","0","Monday: 7:00 AM - 6:00 PM Tuesday: 7:00 AM - 6:00 PM Wednesday: 7:00 AM - 6:00 PM Thursday: 7:00 AM - 6:00 PM Friday: 7:00 AM - 6:00 PM Saturday: 7:00 AM - 5:00 PM Sunday: 8:00 AM - 3:00 PM ","http://www.acehardware.com","41.82654","-72.89832","3.84955938247275","Batteries (Rechargeable); Video Game Consoles; PlayStation Consoles; Batteries (Rechargeable); Cell Phone Batteries; Li-Ion Batteries; Ni-Cd Batteries; Ni-MH Batteries; Small Sealed Lead Acid Batteries; Cell Phones","false","true","","Call2Recycle","false","false","false","false"
"The UPS Store","The UPS Store","220 Albany Turnpike","Canton","Hartford","CT","06019","8606939633","0","Monday: 8:00 AM - 5:30 PM Tuesday: 8:00 AM - 5:30 PM Wednesday: 8:00 AM - 5:30 PM Thursday: 8:00 AM - 5:30 PM Friday: 8:00 AM - 5:30 PM Saturday: 9:00 AM - 3:00 PM ","null","41.82654","-72.89832","3.84955938247275","Packing Peanut (Reuse); Video Game Consoles; PlayStation Consoles","false","true","This site is located in the Canton Village.","","false","false","false","false"
"USPS Post Office Box Lobby Recycling Program","US Post Office","220 Albany Tpke","Canton","Hartford","CT","06019","8002758777","0","","https://www.usps.com/","41.82654","-72.89832","3.84955938247275","Catalogs; Greeting Cards; Magazines; Paper (Mixed)","false","true","","","false","false","false","false"
"Walgreens","Walgreens","220 Albany Tpke","Canton","Hartford","CT","06019","8606938329","0","","http://www.walgreens.com","41.82654","-72.89832","3.84955938247275","Cell Phones; Inkjet Printer Cartridges; Video Game Consoles; PlayStation Consoles","false","true","","","false","false","false","false"
"Shred Nations","Shred Nations (inside The UPS Store)","220 Albany Tpke","Canton","Hartford","CT","06019","8602138376","0","Monday: 8:30 AM - 6:00 PM Tuesday: 8:30 AM - 6:00 PM Wednesday: 8:30 AM - 6:00 PM Thursday: 8:30 AM - 6:00 PM Friday: 8:30 AM - 6:00 PM Saturday: 9:00 AM - 3:00 PM ","http://www.shrednations.com/dropoff/location/canton/e68cb36f-10d3-88f9-dd43-5255bf2562ff","41.82654","-72.89832","3.84955938247275","Cell Phones; Computer (Recycling); Laptop Computers; Small Televisions; Documents to Shred; Video Game Consoles; PlayStation Consoles","true","true","Shred Nations offers document shredding, hard drive destruction, electronics recycling and more. Visit website for quotes and full list of services offered in your area. ","","false","false","false","false"
"US Post Office","USPS Discarded Lobby Mail Recycling Program","220 Albany Tpke","Canton","Hartford","CT","06019","0","0","","","41.82654","-72.89832","3.84955938247275","Video Game Consoles; PlayStation Consoles","false","true","","","false","false","false","false"
"USPS Post Office Box Lobby Recycling Program","US Post Office","34 Bridge St","Collinsville","Hartford","CT","06019","8002758777","0","","https://www.usps.com/","41.82707","-72.89904","3.87999493668334","Catalogs; Greeting Cards; Magazines; Paper (Mixed)","false","true","","","false","false","false","false"
"Blue Rhino Exchange - Canton Mobil","Blue Rhino Exchange - Canton Mobil","306 Albany Tpke","Canton","Hartford","CT","06019","8606939129","0","","http://www.bluerhino.com","41.82996","-72.90352","4.08207402053411","Propane Tank Exchange; Video Game Consoles; PlayStation Consoles","false","true","","","false","false","false","false"
"USPS Post Office Box Lobby Recycling Program","US Post Office","40 Jerome Ave","Bloomfield","Hartford","CT","06002","8002758777","0","","https://www.usps.com/","41.82907","-72.73504","4.63889455596614","Catalogs; Greeting Cards; Magazines; Paper (Mixed)","false","true","","","false","false","false","false"
"US Post Office","USPS Discarded Lobby Mail Recycling Program","40 Jerome Ave","Bloomfield","Hartford","CT","06002","0","0","","","41.82907","-72.73504","4.63889455596614","Video Game Consoles; PlayStation Consoles","false","true","","","false","false","false","false"
"Berkshire Bike and Board - Bloomfield","Berkshire Bike and Board - Bloomfield","38 Tunxis Ave","Bloomfield","Hartford ","CT","06002","8602429884","0","","","41.8672144","-72.7436303","4.6907478740387","E-Bike Batteries","false","true","Call or Check Online for Hours","Call2Recycle","false","false","false","false"
"911 Cell Phone Bank - Boehm Travel Companies","911 Cell Phone Bank - Boehm Travel Companies","785 Park Ave","Bloomfield","Hartford","CT","06002","8662907864","0","","http://www.911cellphonebank.org/","41.82885","-72.73323","4.73316285646531","Cell Phones; Cameras; Laptop Computers; MP3 Players; Video Games; Video Game Consoles; Smart watches & Apple Watch®
","false","true","Please call to verify drop-off procedures and directions to the location.  For prepaid shipping labels, visit http://www.911cellphonebank.org/drop-off-locations.asp - click on "print shipping label."","","false","false","false","false"
"USPS Post Office Box Lobby Recycling Program","US Post Office","178 Cherry Brook Rd ","Canton","Hartford County","CT","06019","8002758777","0","","https://www.usps.com/","41.8543622","-72.9166756","4.90103270525664","Catalogs; Greeting Cards; Magazines; Paper (Mixed)","false","true","","","false","false","false","false"
"US Post Office","USPS Discarded Lobby Mail Recycling Program","178 Cherry Brook Rd","Canton Center","Hartford","CT","06020","0","0","","","41.8537","-72.91719","4.91513947723452","Video Game Consoles; PlayStation Consoles","false","true","","","false","false","false","false"
"Staples","Staples","2550 Albany Avenue","West Hartford","Hartford County","CT","06117","8602331930","0","Monday: 8:00 AM - 9:00 PM Tuesday: 8:00 AM - 9:00 PM Wednesday: 8:00 AM - 9:00 PM Thursday: 8:00 AM - 9:00 PM Friday: 8:00 AM - 9:00 PM Saturday: 9:00 AM - 9:00 PM Sunday: 10:00 AM - 7:00 PM ","https://www.staples.com/recycle","41.7861893","-72.7495222","5.18353154724835","AC Power Plugs; Batteries (Rechargeable); Cables & Connectors; Cell Phone Batteries; Cell Phones; Computer (Recycling); Hard Drives; Computer Monitors; Cameras; DVD Players/Blu-Ray Players/DVRs; Electronics; E-Readers; GPS Units; Headphones; Inkjet Printer Cartridges; Laptop Computers; Laser Toner Cartridges; Li-Ion Batteries; MP3 Players; Network Equipment; Ni-Cd Batteries; Ni-MH Batteries; Ni-Zn Batteries; Computer Peripherals; Portable Media Players; Printers/Scanners/Fax Machines; Small Electronics; Small Sealed Lead Acid Batteries; Stereo Equipment; Tablets; Telephones; UPS Batteries/Backup Systems; VCRs; Video Game Systems; Blu-Ray Players; Digital Converter Boxes; Video Game Consoles; PlayStation Consoles; Alkaline/Single-Use Batteries","false","true","NO TVs; Limit 6 CEDs per day; ","Sony, Vizio, OEM","false","false","false","false"
"Staples","null","2550 Albany Avenue","West Hartford","","CT","06117","8602331930","0","","https://www.staples.com/sbd/cre/marketing/sustainability-center/recycling-services/","41.7861893","-72.7495222","5.18353154724835","Alkaline/Single-Use Batteries; Batteries (Rechargeable); Cell Phone Batteries; Li-Ion Batteries; Ni-Cd Batteries; Ni-MH Batteries; Small Sealed Lead Acid Batteries; Alkaline/Single-Use Batteries; Button Batteries; Non-rechargeable lithium batteries; Cell Phones","false","true","","Call2Recycle","false","false","false","false"
"SpaceFitters","SpaceFitters","360 Woodland Ave","Bloomfield","Hartford","CT","06002","8606839053","0","","http://www.spacefitters.com/","41.86001","-72.72823","5.22996798474661","Electronics; Computer (Recycling); Computer Monitors; Office Equipment; Printers/Scanners/Fax Machines; Servers; Video Game Consoles; PlayStation Consoles","true","true","","","false","false","false","false"
"Incorporated Industries Recycling Center","Incorporated Industries Recycling Center","180 W Newberry Rd","Bloomfield","Hartford","CT","06002","8602433360","0","Monday: 7:00 AM - 5:00 PM Tuesday: 7:00 AM - 5:00 PM Wednesday: 7:00 AM - 5:00 PM Thursday: 7:00 AM - 5:00 PM Friday: 7:00 AM - 5:00 PM Saturday: 7:00 AM - 11:59 PM ","http://www.incorpind.com","41.86995","-72.73321","5.2545053435392","Broken Asphalt/Aggregate; Brush; Concrete (Set); Soil; Wood Pallets; Tree Trimmings; Wood; Video Game Consoles; PlayStation Consoles","false","true","","","false","false","false","false"
"USPS Post Office Box Lobby Recycling Program","US Post Office","531 Cherry Brook Rd ","Canton","Hartford County","CT","06019","8002758777","0","","https://www.usps.com/","41.8929876","-72.8927431","5.26415854437404","Catalogs; Greeting Cards; Magazines; Paper (Mixed)","false","true","","","false","false","false","false"
"The UPS Store","The UPS Store","41 Crossroads Plz","West Hartford","Hartford","CT","06117","8602310037","0","Monday: 8:30 AM - 6:00 PM Tuesday: 8:30 AM - 6:00 PM Wednesday: 8:30 AM - 6:00 PM Thursday: 8:30 AM - 6:00 PM Friday: 8:30 AM - 6:00 PM Saturday: 9:00 AM - 3:00 PM ","","41.78661","-72.74578","5.31013468119558","Packing Materials; Packing Peanut (Reuse); Video Game Consoles; PlayStation Consoles","false","true","","","false","false","false","false"
"Shred Nations","Shred Nations (inside The UPS Store)","41 Crossroads Plz","Hartford","Hartford","CT","06117","8603414440","0","Monday: 8:00 AM - 6:00 PM Tuesday: 8:00 AM - 6:00 PM Wednesday: 8:00 AM - 6:00 PM Thursday: 8:00 AM - 6:00 PM Friday: 8:00 AM - 6:00 PM Saturday: 9:00 AM - 5:00 PM ","http://www.shrednations.com/dropoff/location/glastonbury/97b775a1-29de-68b5-5539-54494884b08a","41.78661","-72.74578","5.31013468119558","Cell Phones; Computer (Recycling); Laptop Computers; Small Televisions; Documents to Shred; Video Game Consoles; PlayStation Consoles","true","true","Shred Nations offers document shredding, hard drive destruction, electronics recycling and more. Visit website for quotes and full list of services offered in your area. ","","false","false","false","false"
"Incorporated Industries Recycling Center","","180 W Newberry Rd","Bloomfield","","CT","6002","8602420150","0","","http://www.incorpind.com/","41.869937","-72.7317086","5.32342189479112","","false","false","","","false","false","false","false"
"USPS Post Office Box Lobby Recycling Program","US Post Office","12 Crossroads Plz","West Hartford","Hartford","CT","06117","8002758777","0","","https://www.usps.com/","41.78614","-72.74587","5.32759057216379","Catalogs; Greeting Cards; Magazines; Paper (Mixed)","false","true","","","false","false","false","false"
"US Post Office","USPS Discarded Lobby Mail Recycling Program","12 Crossroads Plz","West Hartford","Hartford","CT","06117","0","0","","","41.78614","-72.74587","5.32759057216379","Video Game Consoles; PlayStation Consoles","false","true","","","false","false","false","false"
"AT&T Wireless","AT&T Wireless","345 North Main Street","West Hartford","Hartford","CT","06110","8602328362","0","","http://www.att.com/","41.78483","-72.74674","5.35306116119783","Cell Phones; Ni-Cd Batteries; Batteries (Rechargeable); Cell Phone Batteries; Tablets; Li-Ion Batteries; Video Game Consoles; PlayStation Consoles","false","true","Receive an AT&T Promotion Card worth the trade-in value of your smartphone, tablet, or netbook. You can also donate the trade-in value to Cell Phones for Soldiers.","","false","false","false","false"
"Whole Foods Market","","340 N Main St","West Hartford","","CT","6117","8605237174","0","","https://www.preserve.eco/","41.7846872","-72.7454126","5.41096400792357","","false","false","","","false","false","false","false"
"Walgreens","Walgreens","324 N Main St","West Hartford","Hartford","CT","06117","8602361988","0","","http://www.walgreens.com","41.78305","-72.74653","5.44327964862015","Cell Phones; Inkjet Cartridge Refilling; Inkjet Printer Cartridges; Video Game Consoles; PlayStation Consoles","false","true","","","false","false","false","false"
"Whole Foods Market","Whole Foods Market","340 N Main St","West Hartford","Hartford","CT","06117","8605237174","0","","http://www.wholefoodsmarket.com/","41.78305","-72.74653","5.44327964862015","Plastic #5 (Polypropylene); Plastic Shopping Bags; Alkaline/Single-Use Batteries; Gift Cards; Cork; Water Filters; Bubble Wrap (Reuse); Food Storage Bags; Video Game Consoles; PlayStation Consoles","false","true","Most Whole Foods stores participate in a variety of recycling programs. Items accepted may vary slightly by location - check with your local store to see what they are currently accepting.","","false","false","false","false"
"Avon Transfer Station ","Avon Transfer Station ","281 Huckleberry Hill Rd ","Avon","Hartford County","CT","06001","8606733677","0","Tuesday: 7:30 AM - 2:30 PM Friday: 7:30 AM - 2:30 PM Saturday: 7:30 AM - 1:00 PM ","http://www.town.avon.ct.us/","41.789186","-72.911308","5.51588817242907","Plastic #1 (PETE); Plastic #2 (HDPE); Plastic #2 (Color HDPE); Plastic #3 (PVC); Plastic #4 (LDPE); Plastic #5 (Polypropylene); Plastic #6 (Polystyrene); Plastic #7; Aluminum Cans; Antifreeze; Glass (Brown); Brush; Lead Acid (Pb) Batteries; Cardboard; Catalogs; Glass (Clear); Computer Paper; Ferrous Metals (Steel or Iron); Glass (Green); Greeting Cards; Leaves; Magazines; Paper (Mixed); Newspapers; Ni-Cd Batteries; Phone books; Batteries (Rechargeable); Alkaline/Single-Use Batteries; Tin or Steel Cans; Used Motor Oil; Office Paper; Video Game Consoles; PlayStation Consoles","false","true","","","false","false","false","false"
"Avon Recycling Center","","281 Huckleberry Hill Rd","Avon","","CT","6001","8884022665","0","","https://www.discoverbooks.com/Default.asp","41.789186","-72.911308","5.51588817242907","","false","false","","","false","false","false","false"
"Avon Transfer Station and Recycling Drop-off Program","","281 Huckleberry Hill Road","Avon","","CT","6001","8606733677","0","","","41.789186","-72.911308","5.51588817242907","","false","false","","","false","false","false","false"
"US Post Office","USPS Discarded Lobby Mail Recycling Program","531 Cherry Brook Rd","North Canton","Hartford","CT","06059","0","0","","","41.89821","-72.89262","5.53458133085078","Video Game Consoles; PlayStation Consoles","false","true","","","false","false","false","false"
"Blue Rhino Exchange - Stop & Shop #651","Blue Rhino Exchange - Stop & Shop #651","313 Cottage Grove Rd","Bloomfield","Hartford","CT","06002","8602425954","0","","http://www.bluerhino.com","41.81748","-72.71963","5.55826247566447","Propane Tank Exchange; Video Game Consoles; PlayStation Consoles","false","true","","","false","false","false","false"
"Call2Recycle at Lowe's","Call2Recycle at Lowe's","325 Cottage Grove Rd","Bloomfield","Hartford","CT","06002","8605021068","0","Monday: 6:00 AM - 10:00 PM Tuesday: 6:00 AM - 10:00 PM Wednesday: 6:00 AM - 10:00 PM Thursday: 6:00 AM - 10:00 PM Friday: 6:00 AM - 10:00 PM Saturday: 6:00 AM - 10:00 PM Sunday: 8:00 AM - 8:00 PM ","http://www.lowes.com/","41.81748","-72.71963","5.55826247566447","Cell Phones; Compact Fluorescent Lights; Ni-Cd Batteries; Plastic Shopping Bags; Li-Ion Batteries; Ni-MH Batteries; Ni-Zn Batteries; Small Sealed Lead Acid Batteries; Video Game Consoles; PlayStation Consoles; Batteries (Rechargeable); Cell Phone Batteries; Li-Ion Batteries; Ni-Cd Batteries; Ni-MH Batteries; Small Sealed Lead Acid Batteries; Cell Phones","false","true","As an environmentally-committed retailer, Lowes offers a recycling center near store entrances to give consumers a free and easy way to properly dispose of rechargeable batteries, cell phones, CFLs and plastic shopping bags; materials that otherwise could be potentially harmful to the environment.  Look for the recycling center or ask a store associate for more details.","Call2Recycle","false","false","false","false"
"Call2Recycle at RadioShack","Call2Recycle at RadioShack","279 Cottage Grove Rd","Bloomfield","Hartford","CT","06002","8602430029","0","","http://www.radioshack.com/","41.81752","-72.71942","5.56814036822331","Cell Phones; Ni-Cd Batteries; Li-Ion Batteries; Ni-MH Batteries; Ni-Zn Batteries; Small Sealed Lead Acid Batteries; Video Game Consoles; PlayStation Consoles","false","true","As the first national retailer to partner with Call2Recycle, RadioShack is at the forefront of the rechargeable battery recycling cause and is pleased to offer battery recycling at thousands of convenient RadioShack locations for free.  Simply drop them off at your local RadioShack and theyll take care of the rest.  Ask a store associate for more details.","","false","false","false","false"
"RadioShack","RadioShack","279 Cottage Grove Rd","Bloomfield","Hartford","CT","06002","8602430029","0","Monday: 10:00 AM - 9:00 PM Tuesday: 10:00 AM - 9:00 PM Wednesday: 10:00 AM - 9:00 PM Thursday: 10:00 AM - 9:00 PM Friday: 10:00 AM - 9:00 PM Saturday: 10:00 AM - 9:00 PM Sunday: 10:00 AM - 7:00 PM ","http://www.radioshack.com","41.81752","-72.71942","5.56814036822331","Cell Phones; Ni-Cd Batteries; Video Game Consoles; PlayStation Consoles","false","true","","","false","false","false","false"
"Canton Transfer Station","","Ramp Rd","Canton","","CT","6057","8606937870","0","","http://www.townofcantonct.org/transferstation","41.8350775","-72.9342122","5.64005878862887","","false","false","","","false","false","false","false"
"US Post Office","USPS Discarded Lobby Mail Recycling Program","6 Griffin Rd N","Windsor","Hartford","CT","06006","0","0","","","41.88193","-72.73203","5.72147675915122","Video Game Consoles; PlayStation Consoles","false","true","","","false","false","false","false"
"Firestone Complete Auto Care","","371 Cottage Grove Road","Bloomfield","","CT","6002","8602438213","0","","https://www.firestonecompleteautocare.com/","41.8166242","-72.7162277","5.74241830361643","","false","false","","","false","false","false","false"
"Firestone Complete Auto Care","","371 Cottage Grove Road","Bloomfield","","CT","6002","8602438213","0","","https://www.firestonecompleteautocare.com/","41.8166242","-72.7162277","5.74241830361643","","false","false","","","false","false","false","false"
"Firestone Complete Auto Care","","371 Cottage Grove Road","Bloomfield","","CT","6002","8602438213","0","","https://www.firestonecompleteautocare.com/","41.8166242","-72.7162277","5.74241830361643","","false","false","","","false","false","false","false"
"Call2Recycle at Midstate Battery","Call2Recycle at Midstate Battery","139 W Dudley Town Rd Ste C","Bloomfield","Hartford","CT","06002","8602430646","0","","http://midstatebattery.com/","41.85995","-72.71773","5.74408650262485","Cell Phones; Ni-Cd Batteries; Li-Ion Batteries; Ni-MH Batteries; Ni-Zn Batteries; Small Sealed Lead Acid Batteries; Video Game Consoles; PlayStation Consoles","false","true","The U.S. EPA estimates that more than 350 million rechargeable batteries are purchased annually in the U.S. Thanks to the environmental commitment of this location, its easy and free to recycle your batteries. Bring your rechargeable batteries to this location and look for the recycling box or ask an associate how you can do your part for the environment.","","false","false","false","false"
"Simsbury Recycling Center","Simsbury Recycling Center","66 Wolcott Rd ","Simsbury","Hartford County","CT","06070","8606589481","0","","http://www.simsbury-ct.gov/public-works-grounds/pages/bulky-waste-recycling","41.9138337","-72.7823365","5.79394539054092","Aluminum; Aluminum Cans; Brown Paper Bags; Cardboard; Catalogs; Clothing; Computer (Recycling); Hard Drives; Computer Monitors; Computer Paper; Drink Boxes; Electronics; Glass (Blue); Glass (Brown); Glass (Clear); Glass (Green); Laptop Computers; Large Household Appliances; Lead Acid (Pb) Batteries; Leaves; Magazines; Milk Cartons; Newspapers; Office Paper; Paper (Mixed); Paperboard; Plastic #1 (PETE); Plastic #2 (HDPE); Plastic #3 (PVC); Plastic #4 (LDPE); Plastic #5 (Polypropylene); Plastic #6 (Polystyrene); Plastic #7; Scrap Metal; Small Televisions; Televisions; Tin or Steel Cans; Unused Paper; Used Motor Oil; Used Tires","false","true","","","false","false","false","false"
"Midstate Battery","","139C West Dudley Town Road","Bloomfield","","CT","6002","8602430646","0","","http://midstatebattery.com/","41.8629568","-72.7172152","5.83203767448366","","false","false","","","false","false","false","false"
"Blue Fox Enterprises","","1603 Hopmeadow Street","Simsbury","","MA","6070","9782842500","0","","","41.9169401","-72.791631","5.83671041044632","","false","false","","","false","false","false","false"
"Blue Fox Enterprises","","1603 Hopmeadow Street","Simsbury","","CT","6070","9782842500","0","","","41.9169401","-72.791631","5.83671041044632","","false","false","","","false","false","false","false"
"Lowe's","","325 Cottage Grove Road","Bloomfield","","CT","6002","8605021068","0","","https://newsroom.lowes.com/responsibility/operational-excellence/","41.814145","-72.7150732","5.8424701181151","","false","false","","","false","false","false","false"
"USPS Post Office Box Lobby Recycling Program","US Post Office","39 Main St","Tariffville","Hartford","CT","06081","8002758777","0","","https://www.usps.com/","41.90968","-72.7623","6.0101258094744","Catalogs; Greeting Cards; Magazines; Paper (Mixed)","false","true","","","false","false","false","false"
"US Post Office","USPS Discarded Lobby Mail Recycling Program","39 Main St","Tariffville","Hartford","CT","06081","0","0","","","41.90968","-72.7623","6.0101258094744","Video Game Consoles; PlayStation Consoles","false","true","","","false","false","false","false"
"Home Depot","","55 Granby St","Bloomfield","","CT","6002","8602860300","0","","https://ecooptions.homedepot.com/","41.8138262","-72.7100856","6.09634198231499","Batteries (Rechargeable); Cell Phone Batteries; Li-Ion Batteries; Ni-Cd Batteries; Ni-MH Batteries; Small Sealed Lead Acid Batteries","false","true","","Call2Recycle","false","false","false","false"
"US Post Office","USPS Discarded Lobby Mail Recycling Program","34 Bridge St","Collinsville","Hartford","CT","06022","0","0","","","41.88233","-72.92769","6.18902777564594","Video Game Consoles; PlayStation Consoles","false","true","","","false","false","false","false"
"Home Depot","Home Depot","55 Granby St","Bloomfield","Hartford","CT","06002","8602860300","0","","http://www.homedepot.com","41.81264","-72.70848","6.1973578203035","Compact Fluorescent Lights; Batteries (Rechargeable); Video Game Consoles; PlayStation Consoles","false","true","Home Depot accepts compact fluorescent bulbs and used power tool rechargeable batteries. Look for the orange drop boxes, usually located near the front entrance near the customer service desk.","","false","false","false","false"
"Call2Recycle at the Home Depot","Call2Recycle at the Home Depot","55 Granby St","Bloomfield","Hartford","CT","06002","8602860300","0","","http://www.homedepot.com/","41.81264","-72.70848","6.1973578203035","Cell Phones; Compact Fluorescent Lights; Ni-Cd Batteries; Li-Ion Batteries; Ni-MH Batteries; Ni-Zn Batteries; Small Sealed Lead Acid Batteries; Video Game Consoles; PlayStation Consoles","false","true","The Home Depot accepts used rechargeable batteries and compact fluorescent bulbs. Look for the orange drop boxes, usually located near the front entrance near the customer service desk, or ask a store associate for more details.","","false","false","false","false"
"Blue Rhino Exchange - Stop & Shop #617","Blue Rhino Exchange - Stop & Shop #617","1823 Farmington Ave","Unionville","Hartford","CT","06085","8606735575","0","","http://www.bluerhino.com","41.7571","-72.88426","6.26339666060237","Propane Tank Exchange; Video Game Consoles; PlayStation Consoles","false","true","","","false","false","false","false"
"USPS Post Office Box Lobby Recycling Program","US Post Office","24 Mill St","Unionville","Hartford","CT","06085","8002758777","0","","https://www.usps.com/","41.75691","-72.88759","6.36052402643594","Catalogs; Greeting Cards; Magazines; Paper (Mixed)","false","true","","","false","false","false","false"
"US Post Office","USPS Discarded Lobby Mail Recycling Program","24 Mill St","Unionville","Hartford","CT","06085","0","0","","","41.75691","-72.88759","6.36052402643594","Video Game Consoles; PlayStation Consoles","false","true","","","false","false","false","false"
"Shred Nations","Shred Nations (inside Pak Mail)","1245 Farmington Ave","West Hartford","Hartford","CT","06107","8007473365","0","Monday: 9:00 AM - 6:00 PM Tuesday: 9:00 AM - 6:00 PM Wednesday: 9:00 AM - 6:00 PM Thursday: 9:00 AM - 6:00 PM Friday: 9:00 AM - 6:00 PM Saturday: 9:00 AM - 3:00 PM ","http://www.shrednations.com/","41.75451","-72.76651","6.38437552720937","Cell Phones; Computer (Recycling); Laptop Computers; Small Televisions; Documents to Shred; Video Game Consoles; PlayStation Consoles","true","true","Shred Nations offers document shredding, hard drive destruction, electronics recycling and more. Visit website for quotes and full list of services offered in your area. ","","false","false","false","false"
"Pak Mail Center US113","","1245 Farmington Ave","West Hartford","","CT","6107","8605611369","0","","https://www.pakmail.com/","41.754281","-72.766566","6.39700534818228","","false","false","","","false","false","false","false"
"Shred Nations","Shred Nations (inside Sir Speedy)","21 Old Windsor Rd Ste B","Bloomfield","Hartford","CT","06002","8602138342","0","Monday: 8:00 AM - 5:00 PM Tuesday: 8:00 AM - 5:00 PM Wednesday: 8:00 AM - 5:00 PM Thursday: 8:00 AM - 5:00 PM Friday: 8:00 AM - 5:00 PM ","http://www.shrednations.com/dropoff/location/bloomfield/4f75dbe2-6ec1-bca2-14b3-526829166bed","41.8581","-72.70187","6.49931894972399","Cell Phones; Computer (Recycling); Laptop Computers; Small Televisions; Documents to Shred; Video Game Consoles; PlayStation Consoles","true","true","Shred Nations offers document shredding, hard drive destruction, electronics recycling and more. Visit website for quotes and full list of services offered in your area. ","","false","false","false","false"
"Simsbury Landfill Recycling Center","","74 Wolcott Road","Simsbury","","CT","6070","8606589481","0","","","41.921019","-72.769445","6.51719893795746","","false","false","","","false","false","false","false"
"United Retek of Connectcuit","United Retek of Connectcuit","28 N Main St","West Hartford","Hartford","CT","06107","2037557946","0","","","41.7638","-72.74187","6.56847254292455","Soil; Video Game Consoles; PlayStation Consoles","true","true","The mobile treatment unit comes to your site.","","false","false","false","false"
"Whole Foods Market","Whole Foods Market","50 Raymond Rd","West Hartford","Hartford","CT","06107","8605238500","0","","http://www.wholefoodsmarket.com/","41.76221","-72.73977","6.72228977202226","Plastic #5 (Polypropylene); Plastic Shopping Bags; Alkaline/Single-Use Batteries; Gift Cards; Cork; Water Filters; Bubble Wrap (Reuse); Food Storage Bags; Video Game Consoles; PlayStation Consoles","false","true","Most Whole Foods stores participate in a variety of recycling programs. Items accepted may vary slightly by location - check with your local store to see what they are currently accepting.","","false","false","false","false"
"AutoZone","null","997 Blue Hills Ave","Bloomfield","","CT","06002","8602426886","0","","https://www.autozone.com/landing/page.jsp?name=in-our-stores","41.8187123","-72.6961717","6.72311658271061","","false","false","","","false","false","false","false"
"Advance Auto Parts","","1024 Blue Hills Ave","Bloomfield","","CT","6002","8602420420","0","","http://shop.advanceautoparts.com/webapp/wcs/stores/servlet/home___","41.8201787","-72.695264","6.75176123552089","","false","false","","","false","false","false","false"
"USPS Post Office Box Lobby Recycling Program","US Post Office","102 Lasalle Rd","West Hartford","Hartford","CT","06107","8002758777","0","","https://www.usps.com/","41.75873","-72.74436","6.75958994391362","Catalogs; Greeting Cards; Magazines; Paper (Mixed)","false","true","","","false","false","false","false"
"US Post Office","USPS Discarded Lobby Mail Recycling Program","102 Lasalle Rd","West Hartford","Hartford","CT","06107","0","0","","","41.75873","-72.74436","6.75958994391362","Video Game Consoles; PlayStation Consoles","false","true","","","false","false","false","false"
"AutoZone","AutoZone","997 Blue Hills Ave","Bloomfield","Hartford","CT","06002","8602426886","0","","http://www.autozone.com","41.81752","-72.69537","6.77892043340837","Lead Acid (Pb) Batteries; Used Motor Oil; Video Game Consoles; PlayStation Consoles","false","true","Most AutoZone stores accept used motor oil, transmission fluid, gear oil and automotive batteries. Call to see what your local store is currently accepting.","","false","false","false","false"
"McDonnell Marine Service, LLC","","63 Old Windsor Rd","Bloomfield","","CT","6002","0","0","","http://www.mcdonnellmarine.com","41.8602319","-72.6966514","6.79525760222088","","false","false","","","false","false","false","false"
"Whole Foods Market","","50 Raymond Rd","West Hartford","","CT","6107","8605238500","0","","https://www.preserve.eco/","41.7608586","-72.738994","6.8193053467086","","false","false","","","false","false","false","false"
