name,description,address,city,region,province,postal_code,phone,fax,hours,url,latitude,longitude,distance,materials,pickup,dropoff,notes,groups,curbside,municipal,national,event_only
"Cash Can Redemption","Cash Can Redemption","120 Tolland St","East Hartford","Hartford","CT","06108","8605280065","0","Monday: 9:00 AM - 5:00 PM Tuesday: 9:00 AM - 5:00 PM Wednesday: 9:00 AM - 5:00 PM Thursday: 9:00 AM - 5:00 PM Friday: 9:00 AM - 5:00 PM Saturday: 9:00 AM - 5:00 PM ","","41.77722","-72.62829","0.432654906337614","Plastic #1 (PETE); Plastic #2 (HDPE); Plastic #2 (Color HDPE); Aluminum Cans; Glass (Blue); Glass (Brown); Glass (Clear); Glass (Green); Video Game Consoles; PlayStation Consoles","false","true","","","false","false","false","false"
"East Hartford Transfer Station","East Hartford Transfer Station","61 Ecology Dr","East Hartford","Hartford","CT","06108","8602917363","0","Monday: 7:15 AM - 12:00 PM Tuesday: 7:15 AM - 12:00 PM Thursday: 7:15 AM - 12:00 PM ","http://www.easthartfordct.gov/waste-services","41.7746","-72.63147","0.650828806575949","Automobile Parts; Brush; Cardboard; Construction Materials; Large Household Appliances; Leaves; Propane Tanks; Tree Trimmings; Used Motor Oil; Used Tires; Computer (Recycling); Hard Drives; Computer Monitors; Electronics; Laptop Computers; Printers/Scanners/Fax Machines; Small Televisions; Televisions; Video Game Consoles; PlayStation Consoles","false","true","Residents bringing electronics, leaves, or waste oil only to the transfer station will be admitted without a permit. ","","false","false","false","false"
"East Hartford Single Stream Recycling Program","East Hartford Single Stream Recycling Program","61 Ecology Dr","East Hartford","Hartford","CT","06108","8602917363","0","","http://www.easthartfordct.gov/waste-services/pages/recycling-program","41.7746","-72.63147","0.650828806575949","Aluminum; Aluminum Cans; Brown Paper Bags; Catalogs; Drink Boxes; Glass (Brown); Glass (Clear); Glass (Green); Magazines; Milk Cartons; Newspapers; Office Paper; Paper (Mixed); Paper Egg Cartons; Paperboard; Plastic #1 (PETE); Plastic #2 (HDPE); Plastic #3 (PVC); Plastic #4 (LDPE); Plastic #5 (Polypropylene); Plastic #6 (Polystyrene); Plastic #7; Tin or Steel Cans; Unused Paper; Video Game Consoles; PlayStation Consoles","false","true","","","true","false","false","false"
"Town of East Hartford Christmas Tree Recycling Drop-off Event","","Ecology Dr","East Hartford","","CT","6108","8602917363","0","","https://www.easthartfordct.gov/","41.7735899","-72.6298797","0.694410604578899","","false","false","","","false","false","false","false"
"East Hartford Transfer Station","","141 Ecology Drive","East Hartford","","CT","6108","8602917363","0","","https://www.easthartfordct.gov/public-works","41.771509","-72.6287693","0.827094581931823","","false","false","","","false","false","false","false"
"East Hartford Recycling","","61 Ecology Drive","East Hartford","","CT","6108","9782842500","0","","","41.7710532","-72.6279193","0.854814365600222","","false","false","","","false","false","false","false"
"NTR Metals","","210 Roberts Street","East Hartford","","CT","6118","8602901701","0","","https://elemetal.com/","41.7713105","-72.6150785","1.03664267058015","","false","false","","","false","false","false","false"
"Walgreens","Walgreens","20 Connecticut Blvd","East Hartford","Hartford","CT","06108","8602894944","0","","http://www.walgreens.com","41.76941","-72.64446","1.32130025620495","Cell Phones; Inkjet Printer Cartridges; Video Game Consoles; PlayStation Consoles","false","true","","","false","false","false","false"
"Hartford Bulky Waste & Recycling Center","Hartford Bulky Waste & Recycling Center","180 Leibert Rd","Hartford","Hartford","CT","06120","8607579311","0","","http://www.hartford.gov/bulky-waste","41.78978","-72.65464","1.49122669023015","Plastic #1 (PETE); Plastic #2 (HDPE); Plastic #2 (Color HDPE); Plastic #3 (PVC); Plastic #4 (LDPE); Plastic #5 (Polypropylene); Plastic #6 (Polystyrene); Plastic #7; Aluminum Cans; Antifreeze; Glass (Blue); Glass (Brown); Glass (Clear); Clothing; Electronics; Ferrous Metals (Steel or Iron); Glass (Green); Furniture; Leaves; Bed Mattresses; Mercury Containing Items; Paper (Mixed); Non-ferrous (Copper/Brass/Tin); Alkaline/Single-Use Batteries; Tin or Steel Cans; Wood; Shoes; Computer (Recycling); Hard Drives; Computer Monitors; Laptop Computers; Printers/Scanners/Fax Machines; Small Televisions; Televisions","false","true","The Hartford Bulky Waste & Recycling Center provides permits for residents and small business to drop off accepted materials. A permit is required to process material drop off.","","false","false","false","false"
"East Hartford Bulky Waste Curbside Collection","East Hartford Bulky Waste Curbside Collection","740 Main St","East Hartford","Hartford","CT","06108","0","0","","http://www.easthartfordct.gov/waste-services/pages/recycling-program","41.76662","-72.6453","1.49520508575005","Bed Mattresses; Bikes; Brush; Furniture; Large Household Appliances; Refrigerators; Video Game Consoles; PlayStation Consoles","true","true","Permits are required and can be purchased at 61 Ecology Drive.","","false","false","false","false"
"City of Hartford","null","180 Leibert Rd ","Hartford","Hartford County","CT","06120","0","0","Monday:  -  Tuesday: 9:00 AM - 2:00 PM Wednesday: 9:00 AM - 2:00 PM Thursday: 9:00 AM - 2:00 PM Friday: 9:00 AM - 2:00 PM Saturday: 9:00 AM - 2:00 PM Sunday:  -  ","http://www.hartford.gov/dpw/sanitation","41.7897803","-72.6552118","1.51940052287203","Computer (Recycling); Computer Monitors; Laptop Computers; Printers/Scanners/Fax Machines; Small Televisions; Tablets; Televisions; Video Game Consoles; PlayStation Consoles","false","true","Municipal Residents Only","Sony, Vizio, OEM, OEM Indiv, OEM Municipal sites","false","false","false","false"
"Advance Auto Parts","Advance Auto Parts","701 Main St","East Hartford","Hartford","CT","06108","8606103278","0","Monday: 7:00 AM - 9:00 PM Tuesday: 7:00 AM - 9:00 PM Wednesday: 7:00 AM - 9:00 PM Thursday: 7:00 AM - 9:00 PM Friday: 7:00 AM - 9:00 PM Saturday: 7:00 AM - 9:00 PM Sunday: 10:00 AM - 8:00 PM ","http://www.advanceautoparts.com","41.76588","-72.64593","1.55536909059094","Lead Acid (Pb) Batteries; Used Motor Oil; Video Game Consoles; PlayStation Consoles","false","true","","","false","false","false","false"
"Advance Auto Parts","null","701 Main St","East Hartford","","CT","6108","8606103278","0","","http://shop.advanceautoparts.com/webapp/wcs/stores/servlet/home___","41.7655068","-72.6469798","1.6096026446584","","false","false","","","false","false","false","false"
"USPS Post Office Box Lobby Recycling Program","US Post Office","888 Silver Ln","East Hartford","Hartford","CT","06118","8002758777","0","","https://www.usps.com/","41.76529","-72.6041","1.719561189932","Catalogs; Greeting Cards; Magazines; Paper (Mixed)","false","true","","","false","false","false","false"
"US Post Office","USPS Discarded Lobby Mail Recycling Program","888 Silver Ln","East Hartford","Hartford","CT","06118","0","0","","","41.76529","-72.6041","1.719561189932","Video Game Consoles; PlayStation Consoles","false","true","","","false","false","false","false"
"Walgreens","Walgreens","922 Silver Ln","East Hartford","Hartford","CT","06118","8605694120","0","","http://www.walgreens.com","41.7655","-72.60269","1.75993799396906","Cell Phones; Inkjet Cartridge Refilling; Inkjet Printer Cartridges; Video Game Consoles; PlayStation Consoles","false","true","","","false","false","false","false"
"Blue Rhino Exchange - Stop & Shop #693","Blue Rhino Exchange - Stop & Shop #693","940 Silver Ln","East Hartford","Hartford","CT","06118","2035697050","0","","http://www.bluerhino.com","41.7656","-72.60198","1.78136381928714","Propane Tank Exchange; Video Game Consoles; PlayStation Consoles","false","true","","","false","false","false","false"
"Staples","","521 Connecticut Boulevard","East Hartford","","CT","6108","8602892664","0","","https://www.staples.com/sbd/cre/marketing/sustainability-center/recycling-services/","41.7689806","-72.6558617","1.79085148610512","","false","false","","","false","false","false","false"
"Blue Rhino Exchange - Exxon","Blue Rhino Exchange - Exxon","125 Weston St","Hartford","Hartford","CT","06120","8602930007","0","","http://www.bluerhino.com","41.78924","-72.66216","1.85641068897439","Propane Tank Exchange; Video Game Consoles; PlayStation Consoles","false","true","","","false","false","false","false"
"City of Hartford Christmas Tree Curbside Collection Program","","","Hartford","","CT","6101","8607579311","0","","","41.7899681","-72.6622361","1.87177188255059","","false","false","","","false","false","false","false"
"USPS Post Office Box Lobby Recycling Program","US Post Office","141 Weston St","Hartford","Hartford","CT","06101","8002758777","0","","https://www.usps.com/","41.78811","-72.66279","1.87300757277811","Catalogs; Greeting Cards; Magazines; Paper (Mixed)","false","true","","","false","false","false","false"
"US Post Office","USPS Discarded Lobby Mail Recycling Program","141 Weston St","Hartford","Hartford","CT","06101","0","0","","","41.78811","-72.66279","1.87300757277811","Video Game Consoles; PlayStation Consoles","false","true","","","false","false","false","false"
"AutoZone","AutoZone","12 Governor St","East Hartford","Hartford","CT","06108","8605280012","0","","http://www.autozone.com","41.78664","-72.66361","1.90004398161896","Lead Acid (Pb) Batteries; Used Motor Oil; Video Game Consoles; PlayStation Consoles","false","true","Most AutoZone stores accept used motor oil, transmission fluid, gear oil and automotive batteries. Call to see what your local store is currently accepting.","","false","false","false","false"
"City Auto Parts","","30 Fishfry St","Hartford","","CT","6120","8605229273","0","","http://www.connecticutscrap.com/","41.7952497","-72.6605777","1.91424045611308","","false","false","","","false","false","false","false"
"Call2Recycle at Utility Electric Service","Call2Recycle at Utility Electric Service","255 Chapel Rd","South Windsor","Hartford","CT","06074","8602467271","0","","http://www.call2recycle.org/","41.81131","-72.6102","2.11284177221223","Cell Phones; Ni-Cd Batteries; Li-Ion Batteries; Ni-MH Batteries; Ni-Zn Batteries; Small Sealed Lead Acid Batteries; Video Game Consoles; PlayStation Consoles","false","true","The U.S. EPA estimates that more than 350 million rechargeable batteries are purchased annually in the U.S. Thanks to the environmental commitment of this location, its easy and free to recycle your batteries. Bring your rechargeable batteries to this location and look for the recycling box or ask an associate how you can do your part for the environment.","","false","false","false","false"
"Prime Materials Recovery Inc","","Riverview Square II 99 East River Drive","East Hartford","","CT","6108","8606227626","0","","http://www.pmrinc.com/","41.767911","-72.6631169","2.1475830246447","","false","false","","","false","false","false","false"
"Monro","Monro","431 Main St","East Hartford","Hartford","CT","06118","8605697037","0","Monday: 7:30 AM - 7:00 PM Tuesday: 7:30 AM - 7:00 PM Wednesday: 7:30 AM - 7:00 PM Thursday: 7:30 AM - 7:00 PM Friday: 7:30 AM - 7:00 PM Saturday: 7:30 AM - 4:00 PM ","http://monro.com","41.75324","-72.64068","2.20042214116997","Used Motor Oil; Video Game Consoles; PlayStation Consoles","false","true","","","false","false","false","false"
"USPS Post Office Box Lobby Recycling Program","US Post Office","850 Main St","East Hartford","Hartford","CT","06108","8002758777","0","","https://www.usps.com/","41.76359","-72.66223","2.27433421460875","Catalogs; Greeting Cards; Magazines; Paper (Mixed)","false","true","","","false","false","false","false"
"Prime Materials Recovery Inc","Prime Materials Recovery Inc","99 E River Dr","East Hartford","Hartford","CT","06108","8606227626","8606227636","","http://www.pmrinc.com","41.76359","-72.66223","2.27433421460875","Plastic #1 (PETE); Plastic #3 (PVC); Aluminum Cans; Aluminum; Electronics; Non-ferrous (Copper/Brass/Tin); ABS Plastic; Wire; Scrap Metal; High-Temp Alloys; Special Metals; Motors; Video Game Consoles; PlayStation Consoles","false","true","","","false","false","false","false"
"US Post Office","USPS Discarded Lobby Mail Recycling Program","850 Main St","East Hartford","Hartford","CT","06108","0","0","","","41.76359","-72.66223","2.27433421460875","Video Game Consoles; PlayStation Consoles","false","true","","","false","false","false","false"
"Monro","","431 Main Street","East Hartford","","CT","6118","8605697037","0","","https://www.monro.com/","41.7517208","-72.6403639","2.29514145577713","","false","false","","","false","false","false","false"
"Metropolitan District Household Hazardous Waste Collection Program","","","Hartford","","CT","6120","8602787850","0","","https://themdc.org/hazwaste_collection.shtml","41.7888066","-72.6712894","2.31273933468212","","false","false","","","false","false","false","false"
"G & S Scrap Metal","G & S Scrap Metal","459 John Fitch Blvd","South Windsor","Hartford","CT","06074","8605287033","0","Monday: 6:00 AM - 4:15 PM Tuesday: 6:00 AM - 4:15 PM Wednesday: 6:00 AM - 4:15 PM Thursday: 6:00 AM - 4:15 PM Friday: 6:00 AM - 4:15 PM Saturday: 6:00 AM - 11:45 AM ","","41.8152","-72.61114","2.3433315293873","Aluminum Cans; Aluminum; Ferrous Metals (Steel or Iron); Non-ferrous (Copper/Brass/Tin); Video Game Consoles; PlayStation Consoles","false","true","","","false","false","false","false"
"Christ Temple","","183 Tower Ave","Hartford","","CT","6147","9782842500","0","","","41.7973153","-72.6715435","2.48842823386838","","false","false","","","false","false","false","false"
"USPS Post Office Box Lobby Recycling Program","US Post Office","271 Barbour St","Hartford","Hartford","CT","06120","8002758777","0","","https://www.usps.com/","41.79283","-72.67749","2.68202363607779","Catalogs; Greeting Cards; Magazines; Paper (Mixed)","false","true","","","false","false","false","false"
"US Post Office","USPS Discarded Lobby Mail Recycling Program","271 Barbour St","Hartford","Hartford","CT","06120","0","0","","","41.79283","-72.67749","2.68202363607779","Video Game Consoles; PlayStation Consoles","false","true","","","false","false","false","false"
"USPS Post Office Box Lobby Recycling Program","US Post Office","781 Main St","South Windsor","Hartford","CT","06074","8002758777","0","","https://www.usps.com/","41.82366","-72.62097","2.79834306002252","Catalogs; Greeting Cards; Magazines; Paper (Mixed)","false","true","","","false","false","false","false"
"USPS Post Office Box Lobby Recycling Program","US Post Office","185 Ann St","Hartford","Hartford","CT","06103","8002758777","0","","https://www.usps.com/","41.76796","-72.67796","2.83503135469791","Catalogs; Greeting Cards; Magazines; Paper (Mixed)","false","true","","","false","false","false","false"
"USPS Post Office Box Lobby Recycling Program","US Post Office","80 State House Sq","Hartford","Hartford","CT","06103","8002758777","0","","https://www.usps.com/","41.76796","-72.67796","2.83503135469791","Catalogs; Greeting Cards; Magazines; Paper (Mixed)","false","true","","","false","false","false","false"
"US Post Office","USPS Discarded Lobby Mail Recycling Program","185 Ann St","Hartford","Hartford","CT","06103","0","0","","","41.76796","-72.67796","2.83503135469791","Video Game Consoles; PlayStation Consoles","false","true","","","false","false","false","false"
"US Post Office","USPS Discarded Lobby Mail Recycling Program","80 State House Sq","Hartford","Hartford","CT","06103","0","0","","","41.76796","-72.67796","2.83503135469791","Video Game Consoles; PlayStation Consoles","false","true","","","false","false","false","false"
"City of Hartford Curbside Recycling","City of Hartford Curbside Recycling","525 Main St","Hartford","Hartford","CT","06103","8607579311","0","","http://www.hartford.gov/","41.76241","-72.6745","2.84581496014494","Aluminum Cans; Cardboard; Catalogs; Computer Paper; Dairy Tubs; Drink Boxes; Glass (Brown); Glass (Clear); Glass (Green); Magazines; Milk Cartons; Newspapers; Office Paper; Paper (Mixed); Paperboard; Plastic #1 (PETE); Plastic #2 (HDPE); Plastic #3 (PVC); Plastic #4 (LDPE); Plastic #5 (Polypropylene); Plastic #7; Tin or Steel Cans","false","false","","","true","false","false","false"
"US Post Office","USPS Discarded Lobby Mail Recycling Program","831 Main St","South Windsor","Hartford","CT","06074","0","0","","","41.82524","-72.62014","2.9117241181229","Video Game Consoles; PlayStation Consoles","false","true","","","false","false","false","false"
"Blue Rhino Exchange - Lowe's #763","Blue Rhino Exchange - Lowe's #763","31 Buckland Hills Dr","Manchester","Hartford","CT","06042","8606447220","0","","http://www.bluerhino.com","41.80171","-72.57476","2.97253141675228","Propane Tank Exchange; Plant Trays, Pots & Tags; Video Game Consoles; PlayStation Consoles","false","true","","","false","false","false","false"
"Call2Recycle at Office Depot","Call2Recycle at Office Depot","49 Pavilion Dr","Manchester","Hartford","CT","06042","8606482888","0","Monday: 8:00 AM - 9:00 PM Tuesday: 8:00 AM - 9:00 PM Wednesday: 8:00 AM - 9:00 PM Thursday: 8:00 AM - 9:00 PM Friday: 8:00 AM - 9:00 PM Saturday: 9:00 AM - 9:00 PM Sunday: 10:00 AM - 6:00 PM ","http://www.officedepot.com/","41.80171","-72.57476","2.97253141675228","Cell Phones; Ni-Cd Batteries; Li-Ion Batteries; Ni-MH Batteries; Ni-Zn Batteries; Small Sealed Lead Acid Batteries; Video Game Consoles; PlayStation Consoles","false","true","The U.S. EPA estimates that more than 350 million rechargeable batteries are purchased annually in the U.S. Thanks to the environmental commitment of this location, its easy and free to recycle your batteries. Bring your rechargeable batteries to this location and look for the recycling box or ask an associate how you can do your part for the environment.","","false","false","false","false"
"Call2Recycle at Sears","Call2Recycle at Sears","190 Buckland Hills Dr","Manchester","Hartford","CT","06042","8606485362","0","Monday: 9:30 AM - 9:30 PM Tuesday: 9:30 AM - 9:30 PM Wednesday: 9:30 AM - 9:30 PM Thursday: 9:30 AM - 9:30 PM Friday: 9:30 AM - 9:30 PM Saturday: 9:00 AM - 9:00 PM Sunday: 10:30 AM - 6:00 PM ","http://www.sears.com/","41.80171","-72.57476","2.97253141675228","Cell Phones; Ni-Cd Batteries; Li-Ion Batteries; Ni-MH Batteries; Ni-Zn Batteries; Small Sealed Lead Acid Batteries; Video Game Consoles; PlayStation Consoles","false","true","The U.S. EPA estimates that more than 350 million rechargeable batteries are purchased annually in the U.S. Thanks to the environmental commitment of this location, its easy and free to recycle your batteries. Bring your rechargeable batteries to this location and look for the recycling box or ask an associate how you can do your part for the environment.","","false","false","false","false"
"Sam's Club","Sam's Club","69 Pavilion Dr","Manchester","Hartford","CT","06042","8606445593","0","Monday: 10:00 AM - 8:30 PM Tuesday: 10:00 AM - 8:30 PM Wednesday: 10:00 AM - 8:30 PM Thursday: 10:00 AM - 8:30 PM Friday: 10:00 AM - 8:30 PM Saturday: 9:00 AM - 8:30 PM Sunday: 10:00 AM - 6:00 PM ","http://www.samsclub.com","41.80171","-72.57476","2.97253141675228","Lead Acid (Pb) Batteries; Video Game Consoles; PlayStation Consoles","false","true","","","false","false","false","false"
"Call2Recycle at the Home Depot","Call2Recycle at the Home Depot","80 Buckland Hills Dr","Manchester","Hartford","CT","06042","8606445588","0","Monday: 6:00 AM - 10:00 PM Tuesday: 6:00 AM - 10:00 PM Wednesday: 6:00 AM - 10:00 PM Thursday: 6:00 AM - 10:00 PM Friday: 6:00 AM - 10:00 PM Saturday: 6:00 AM - 10:00 PM Sunday: 8:00 AM - 8:00 PM ","http://www.homedepot.com/","41.80171","-72.57476","2.97253141675228","Cell Phones; Compact Fluorescent Lights; Ni-Cd Batteries; Li-Ion Batteries; Ni-MH Batteries; Ni-Zn Batteries; Small Sealed Lead Acid Batteries; Video Game Consoles; PlayStation Consoles","false","true","The Home Depot accepts used rechargeable batteries and compact fluorescent bulbs. Look for the orange drop boxes, usually located near the front entrance near the customer service desk, or ask a store associate for more details.","","false","false","false","false"
"AT&T Wireless","AT&T Wireless","194 Buckland Hills Drive","Manchester","Hartford","CT","06042","8606441307","0","Monday: 10:00 AM - 9:00 PM Tuesday: 10:00 AM - 9:00 PM Wednesday: 10:00 AM - 9:00 PM Thursday: 10:00 AM - 9:00 PM Friday: 10:00 AM - 9:00 PM Saturday: 10:00 AM - 9:00 PM Sunday: 12:00 PM - 6:00 PM ","http://www.att.com/","41.80171","-72.57476","2.97253141675228","Cell Phones; Ni-Cd Batteries; Batteries (Rechargeable); Cell Phone Batteries; Tablets; Li-Ion Batteries; Video Game Consoles; PlayStation Consoles","false","true","Receive an AT&T Promotion Card worth the trade-in value of your smartphone, tablet, or netbook. You can also donate the trade-in value to Cell Phones for Soldiers.","","false","false","false","false"
"Call2Recycle at Lowe's","Call2Recycle at Lowe's","31 Buckland Hills Dr","Manchester","Hartford","CT","06042","8606447220","0","Monday: 6:00 AM - 10:00 PM Tuesday: 6:00 AM - 10:00 PM Wednesday: 6:00 AM - 10:00 PM Thursday: 6:00 AM - 10:00 PM Friday: 6:00 AM - 10:00 PM Saturday: 6:00 AM - 10:00 PM Sunday: 7:00 AM - 8:00 PM ","http://www.lowes.com/","41.80171","-72.57476","2.97253141675228","Cell Phones; Compact Fluorescent Lights; Ni-Cd Batteries; Plastic Shopping Bags; Li-Ion Batteries; Ni-MH Batteries; Ni-Zn Batteries; Small Sealed Lead Acid Batteries; Video Game Consoles; PlayStation Consoles","false","true","As an environmentally-committed retailer, Lowes offers a recycling center near store entrances to give consumers a free and easy way to properly dispose of rechargeable batteries, cell phones, CFLs and plastic shopping bags; materials that otherwise could be potentially harmful to the environment.  Look for the recycling center or ask a store associate for more details.","","false","false","false","false"
"Verizon Wireless","Verizon Wireless","194 Buckland Hills Dr","Manchester","Hartford","CT","06042","8606441045","8606442523","","http://www.verizonwireless.com/","41.80171","-72.57476","2.97253141675228","Cell Phones; Cell Phone Batteries; Video Game Consoles; PlayStation Consoles","false","true","<A Href="https://www.trade-in.vzw.com/home.aspx">
The Verizon Wireless Trade-In Program</A> allows you to trade in your used handset or tablet in a convenient and responsible way. 
<P>
<P>
Verizon Wireless works every day to protect our environment and give our customers opportunities to do the same. <A Href="http://aboutus.vzw.com/Green_Initiative/overview.html">Click here</A> for more examples of the earth-friendly initiatives and programs Verizon Wireless is proud to offer and support.","","false","false","false","false"
"Target","Target","125 Buckland Hills Dr","Manchester","Hartford","CT","06042","8603270082","0","","http://www.target.com/","41.80171","-72.57476","2.97253141675228","Aluminum Cans; Cell Phones; Inkjet Printer Cartridges; MP3 Players; Plastic #1 (PETE); Plastic #2 (HDPE); Plastic Shopping Bags; Video Game Consoles; PlayStation Consoles","false","true","","","false","false","false","false"
"Bottle & Can Redemption Center","","65 Mascolo Rd","South Windsor","","CT","6074","8607291893","0","","https://connecticutredemption.com/","41.8250653","-72.6111899","2.99097376057104","","false","false","","","false","false","false","false"
"Call2Recycle at Woodcraft 534","Call2Recycle at Woodcraft 534","249 Spencer St","Manchester","Hartford","CT","06040","8606470303","0","Monday: 9:00 AM - 7:00 PM Tuesday: 9:00 AM - 7:00 PM Wednesday: 9:00 AM - 7:00 PM Thursday: 9:00 AM - 7:00 PM Friday: 9:00 AM - 7:00 PM Saturday: 9:00 AM - 6:00 PM Sunday: 10:00 AM - 4:00 PM ","http://www.woodcraft.com/","41.76659","-72.5729","3.01917244808962","Cell Phones; Ni-Cd Batteries; Li-Ion Batteries; Ni-MH Batteries; Ni-Zn Batteries; Small Sealed Lead Acid Batteries; Video Game Consoles; PlayStation Consoles","false","true","The U.S. EPA estimates that more than 350 million rechargeable batteries are purchased annually in the U.S. Thanks to the environmental commitment of this location, its easy and free to recycle your batteries. Bring your rechargeable batteries to this location and look for the recycling box or ask an associate how you can do your part for the environment.","","false","false","false","false"
"Pep Boys Auto","Pep Boys Auto","205 Spencer St","Manchester","Hartford","CT","06040","8606465900","0","Monday: 8:00 AM - 9:00 PM Tuesday: 8:00 AM - 9:00 PM Wednesday: 8:00 AM - 9:00 PM Thursday: 8:00 AM - 9:00 PM Friday: 8:00 AM - 9:00 PM Saturday: 8:00 AM - 8:00 PM Sunday: 9:00 AM - 6:00 PM ","http://www.pepboys.com","41.76659","-72.5729","3.01917244808962","Used Motor Oil; Video Game Consoles; PlayStation Consoles","false","true","","","false","false","false","false"
"Pep Boys Auto","","205 Spencer Street","Manchester","","CT","6040","8007372697","0","","https://www.pepboys.com/","41.7684095","-72.5702069","3.10346346973693","","false","false","","","false","false","false","false"
"Call2Recycle at Hilti","Call2Recycle at Hilti","284 Murphy Rd","Hartford","Hartford","CT","06114","8602560034","0","","https://www.us.hilti.com/","41.74086","-72.65344","3.24030726032697","Cell Phones; Ni-Cd Batteries; Li-Ion Batteries; Ni-MH Batteries; Ni-Zn Batteries; Small Sealed Lead Acid Batteries; Video Game Consoles; PlayStation Consoles","false","true","The U.S. EPA estimates that more than 350 million rechargeable batteries are purchased annually in the U.S. Thanks to the environmental commitment of this location, its easy and free to recycle your batteries. Bring your rechargeable batteries to this location and look for the recycling box or ask an associate how you can do your part for the environment.","","false","false","false","false"
"Call2Recycle at Grainger","Call2Recycle at Grainger","75 Maxim Rd","Hartford","Hartford","CT","06114","8605251967","0","","http://www.grainger.com/","41.74175","-72.65946","3.32927401865308","Cell Phones; Ni-Cd Batteries; Li-Ion Batteries; Ni-MH Batteries; Ni-Zn Batteries; Small Sealed Lead Acid Batteries; Video Game Consoles; PlayStation Consoles","false","true","The U.S. EPA estimates that more than 350 million rechargeable batteries are purchased annually in the U.S. Thanks to the environmental commitment of this location, its easy and free to recycle your batteries. Bring your rechargeable batteries to this location and look for the recycling box or ask an associate how you can do your part for the environment.","","false","false","false","false"
"USPS Post Office Box Lobby Recycling Program","US Post Office","189 Washington St","Hartford","Hartford","CT","06106","8002758777","0","","https://www.usps.com/","41.75681","-72.68256","3.40259713808866","Catalogs; Greeting Cards; Magazines; Paper (Mixed)","false","true","","","false","false","false","false"
"US Post Office","USPS Discarded Lobby Mail Recycling Program","189 Washington St","Hartford","Hartford","CT","06106","0","0","","","41.75681","-72.68256","3.40259713808866","Video Game Consoles; PlayStation Consoles","false","true","","","false","false","false","false"
"The UPS Store","The UPS Store","1131 Tolland Tpke Ste O","Manchester","Hartford","CT","06042","8606436264","0","Monday: 8:00 AM - 6:00 PM Tuesday: 8:00 AM - 6:00 PM Wednesday: 8:00 AM - 6:00 PM Thursday: 8:00 AM - 6:00 PM Friday: 8:00 AM - 6:00 PM Saturday: 9:00 AM - 5:00 PM ","http://www.theupsstore.com/","41.79984","-72.56435","3.42034054453396","Packing Materials; Packing Peanut (Reuse); Video Game Consoles; PlayStation Consoles","false","true","","","false","false","false","false"
"Shred Nations","Shred Nations (inside The UPS Store)","1131 Tolland Tpke Ste O","Manchester","Hartford","CT","06042","8007473365","0","Monday: 8:30 AM - 6:00 PM Tuesday: 8:30 AM - 6:00 PM Wednesday: 8:30 AM - 6:00 PM Thursday: 8:30 AM - 6:00 PM Friday: 8:30 AM - 6:00 PM Saturday: 9:00 AM - 3:00 PM ","http://www.shrednations.com/dropoff/location/manchester/95de0d55-e524-cdce-0d67-5256dfb460f7","41.79984","-72.56435","3.42034054453396","Cell Phones; Computer (Recycling); Laptop Computers; Small Televisions; Documents to Shred; Video Game Consoles; PlayStation Consoles","true","true","Shred Nations offers document shredding, hard drive destruction, electronics recycling and more. Visit website for quotes and full list of services offered in your area. ","","false","false","false","false"
"Manchester HHW Facility Program Information","Manchester HHW Facility Program Information","322 Olcott St ","Manchester","Hartford County","CT","06040","8606473286","0","","http://dep.state.ct.us/wst/recycle/hhwsched.htm","41.7710836","-72.5608993","3.50971868679591","Glue & Adhesives; Aerosol Spray Cans; Asbestos; Brake Fluid; Compact Fluorescent Lights; Degreasers; Fertilizer; Fluorescent Lamps/Tubes; Fungicides; Gasoline and Unwanted Fuels; Herbicides; Household Cleaners; Insecticides; Mercury Containing Items; Ni-Cd Batteries; Other Batteries; Unused Paint; Paint Thinner; Pesticides; Photography Chemicals; Pool Chemicals; Batteries (Rechargeable); Solvents; Transmission Fluid","false","true","HHW events usually occur from May to October at the Manchester HHW Facility at 322 Olcott Street and usually accept muriatic acid, chemical paint strippers, no pest strips, chemistry kits, poisons, flea powder, spray and dip, polishes, fungicides, pool chemicals,  hair dye and spray, rodent killers, hearing aid batteries, slug baits, oil based stains, kerosene, lead paint, wood preservatives, and lead paint chips (double bag if wet). Please leave all materials in original containers.  This program is open to the residents of Glastonbury, Hebron, Manchester, Marlborough, Somers, Stafford, and Vernon.

2013 Schedule

April 13, 27
May 11
September 7, 21
October 19
	
8:00 am to 1:00 pm","","false","false","false","false"
"Manchester Transfer Station - Electronics Recycling Program","","1 Landfill Way","Manchester","","CT","6040","8606475279","0","","http://publicworks.townofmanchester.org","41.7722485","-72.5605135","3.51042854294566","","false","false","","","false","false","false","false"
"Manchester Department of Public Works","","263 Olcott St","Manchester","","CT","6040","9782842500","0","","","41.7722145","-72.5595327","3.56025622137419","","false","false","","","false","false","false","false"
"Town of Manchester Christmas Tree Recycling Drop-off Site","","321 Olcott Street","Manchester","","CT","6040","8606473248","0","","http://publicworks.townofmanchester.org","41.7702719","-72.5601396","3.56159953161961","","false","false","","","false","false","false","false"
"Manchester Transfer Station","","311 Olcott Street","Manchester","","CT","6040","8606473257","0","","http://sanitation.townofmanchester.org/","41.7701264","-72.5601546","3.56343098957122","","false","false","","","false","false","false","false"
"Manchester Transfer Station","Manchester Transfer Station","311 Olcott St ","Manchester","Hartford County","CT","06040","8606475279","0","Monday: 7:15 AM - 3:00 PM Tuesday: 7:15 AM - 3:00 PM Wednesday: 7:15 AM - 3:00 PM Thursday: 7:15 AM - 3:00 PM Friday: 7:15 AM - 3:00 PM Saturday: 7:15 AM - 3:00 PM ","http://www.manchesterrecycles.org/","41.7701286","-72.5599758","3.57229451228277","Cell Phones; CD/DVD/Blu-ray/UHD discs; Computer Monitors; Computer (Recycling); Video Game Systems; Office Equipment; Telephones; Televisions; Printers/Scanners/Fax Machines; Memory (RAM), Flash Card/Drive; Laptop Computers; CD/DVD/Blu-ray/UHD Cases; Cables & Connectors; Cameras; Servers; Microwaves; Power Supplies; UPS Batteries/Backup Systems; Computer Peripherals; VCRs; DVD Players/Blu-Ray Players/DVRs; Network Equipment; Projectors; Small Electronics","false","true","The Town of Manchester hosts a permanent electronics recycling program available at no charge to all Manchester residents. Residents must check in with Town staff for instructions and to be directed to the appropriate electronics recycling container. The program is not available to Manchester businesses or other organizations, it is only for residential electronics.","","false","false","false","false"
"USPS Post Office Box Lobby Recycling Program","US Post Office","433 Woodland St","Hartford","Hartford","CT","06112","8002758777","0","","https://www.usps.com/","41.7817","-72.69648","3.5823009616842","Catalogs; Greeting Cards; Magazines; Paper (Mixed)","false","true","","","false","false","false","false"
"US Post Office","USPS Discarded Lobby Mail Recycling Program","433 Woodland St","Hartford","Hartford","CT","06112","0","0","","","41.7817","-72.69648","3.5823009616842","Video Game Consoles; PlayStation Consoles","false","true","","","false","false","false","false"
"Capital Redemption Center","Capital Redemption Center","25 Meadow St","Hartford","Hartford","CT","06114","8602962472","0","Monday: 9:30 AM - 1:00 PM Tuesday: 9:30 AM - 1:00 PM Wednesday: 9:30 AM - 1:00 PM Thursday: 9:30 AM - 1:00 PM Friday: 9:30 AM - 1:00 PM Saturday: 9:30 AM - 11:59 PM ","","41.74366","-72.67188","3.59080995265675","Aluminum Cans; Video Game Consoles; PlayStation Consoles","false","true","Please call the center to confirm it is open before visiting.","","false","false","false","false"
"McCauley Enterprises Inc.","McCauley Enterprises Inc.","143 Murphy Rd Rear","Hartford","Hartford","CT","06114","8607244575","0","Monday: 7:00 AM - 5:00 PM Tuesday: 7:00 AM - 5:00 PM Wednesday: 7:00 AM - 5:00 PM Thursday: 7:00 AM - 5:00 PM Friday: 7:00 AM - 5:00 PM ","","41.73596","-72.65595","3.60195989622542","Plastic #1 (PETE); Plastic #2 (HDPE); Plastic #2 (Color HDPE); Aluminum Cans; Glass (Blue); Glass (Brown); Brown Paper Bags; Glass (Clear); Computer Paper; Glass (Green); Greeting Cards; Magazines; Paper (Mixed); Newspapers; Tin or Steel Cans; Office Paper; Yard Waste; Video Game Consoles; PlayStation Consoles","false","true","","","false","false","false","false"
"911 Cell Phone Bank - Winn Dixie","911 Cell Phone Bank - Winn Dixie","599 Matianuck Ave","Windsor","Hartford","CT","06095","8662907864","0","","http://www.911cellphonebank.org/","41.82276","-72.67303","3.60786824228889","Cell Phones; Cameras; Laptop Computers; MP3 Players; Video Games; Video Game Consoles; Smart watches & Apple Watch®
","false","true","Please call to verify drop-off procedures and directions to the location.  For prepaid shipping labels, visit http://www.911cellphonebank.org/drop-off-locations.asp - click on "print shipping label."","","false","false","false","false"
"Call2Recycle at Mid NE Recycling Operating Committee","Call2Recycle at Mid NE Recycling Operating Committee","630 Governors Hwy","South Windsor","Hartford","CT","06074","8602892296","0","","http://www.call2recycle.org/","41.82764","-72.58963","3.61119431644751","Cell Phones; Ni-Cd Batteries; Li-Ion Batteries; Ni-MH Batteries; Ni-Zn Batteries; Small Sealed Lead Acid Batteries; Video Game Consoles; PlayStation Consoles","false","true","The U.S. EPA estimates that more than 350 million rechargeable batteries are purchased annually in the U.S. Thanks to the environmental commitment of this location, its easy and free to recycle your batteries. Bring your rechargeable batteries to this location and look for the recycling box or ask an associate how you can do your part for the environment.","","false","false","false","false"
"G & S Scrap Metal","","444 Nutmeg Rd N","South Windsor","","CT","6074","8605287033","0","","","41.8322496","-72.5989332","3.67079828291524","","false","false","","","false","false","false","false"
"Call2Recycle at Town of Manchester","null","209 Olcott St ","Manchester","Hartford County","CT","06040","8606475279","0","","http://www.call2recycle.org/","41.7728932","-72.5568576","3.68536997403071","Cell Phones; Ni-Cd Batteries; Li-Ion Batteries; Ni-MH Batteries; Ni-Zn Batteries; Small Sealed Lead Acid Batteries; Video Game Consoles; PlayStation Consoles","false","true","The U.S. EPA estimates that more than 350 million rechargeable batteries are purchased annually in the U.S. Thanks to the environmental commitment of this location, its easy and free to recycle your rechargeable batteries. Look for the recycling box or ask a staff member how you can do your part for the environment.","","false","false","false","false"
"All American Redemption Center","All American Redemption Center","172 Blue Hills Ave","Hartford","Hartford","CT","06112","8605273000","0","","","41.78871","-72.69836","3.69523131993574","Aluminum Cans; Video Game Consoles; PlayStation Consoles","false","true","","","false","false","false","false"
"Advance Auto Parts","","560 Wethersfield Ave","Hartford","","CT","6114","8609473020","0","","http://shop.advanceautoparts.com/webapp/wcs/stores/servlet/home___","41.7406135","-72.6713356","3.73703422554244","","false","false","","","false","false","false","false"
"Solutions Center","","85 Airport Rd","Hartford","","CT","6114","8609205124","0","","","41.7377788","-72.6671785","3.77207912796018","","false","false","","","false","false","false","false"
"Advance Auto Parts","Advance Auto Parts","560 Wethersfield Ave","Hartford","Hartford","CT","06114","8609473020","0","Monday: 7:00 AM - 9:00 PM Tuesday: 7:00 AM - 9:00 PM Wednesday: 7:00 AM - 9:00 PM Thursday: 7:00 AM - 9:00 PM Friday: 7:00 AM - 9:00 PM Saturday: 7:00 AM - 9:00 PM Sunday: 10:00 AM - 8:00 PM ","http://www.advanceautoparts.com","41.74023","-72.67186","3.7745335821848","Lead Acid (Pb) Batteries; Used Motor Oil; Video Game Consoles; PlayStation Consoles","false","true","","","false","false","false","false"
"Shaw's","Shaw's","31 Main St","East Hartford","Hartford","CT","06118","8608958390","0","","","41.72906","-72.6184","3.78074025194119","Plastic Shopping Bags; Food Storage Bags; Video Game Consoles; PlayStation Consoles","false","true","","","false","false","false","false"
"AT&T Wireless","AT&T Wireless","140 Glastonbury Blvd","Glastonbury","Hartford","CT","06118","8608951177","0","","http://www.att.com/","41.72906","-72.6184","3.78074025194119","Cell Phones; Ni-Cd Batteries; Batteries (Rechargeable); Cell Phone Batteries; Tablets; Li-Ion Batteries; Video Game Consoles; PlayStation Consoles","false","true","Receive an AT&T Promotion Card worth the trade-in value of your smartphone, tablet, or netbook. You can also donate the trade-in value to Cell Phones for Soldiers.","","false","false","false","false"
"The Customer Center LLC","","1187 Tolland Turnpike","Manchester","","CT","6040","8606450533","0","","","41.7981318","-72.5554663","3.82195001433804","","false","false","","","false","false","false","false"
"AutoZone","AutoZone","1487 Albany Ave","Hartford","Hartford","CT","06112","8605201339","0","","http://www.autozone.com","41.78367","-72.70134","3.83072804142265","Lead Acid (Pb) Batteries; Used Motor Oil; Video Game Consoles; PlayStation Consoles","false","true","Most AutoZone stores accept used motor oil, transmission fluid, gear oil and automotive batteries. Call to see what your local store is currently accepting.","","false","false","false","false"
"Firestone Complete Auto Care","","1145 Tolland Turnpike","Manchester","","CT","6040","8606461761","0","","https://www.firestonecompleteautocare.com/","41.7967234","-72.5543782","3.85164967633207","","false","false","","","false","false","false","false"
"The UPS Store","The UPS Store","35 Main St ","Glastonbury","Hartford County","CT","06033","8606330051","0","Monday: 9:00 AM - 6:00 PM Tuesday: 9:00 AM - 6:00 PM Wednesday: 9:00 AM - 6:00 PM Thursday: 9:00 AM - 6:00 PM Friday: 9:00 AM - 6:00 PM Saturday: 9:00 AM - 1:00 PM ","","41.7279827","-72.6168978","3.86432173039348","Packing Materials; Packing Peanut (Reuse); Video Game Consoles; PlayStation Consoles","false","true","","","false","false","false","false"
"Firestone Complete Auto Care Store","Firestone Complete Auto Care Store","1195 Tolland Tpke","Manchester","Hartford","CT","06042","8602888922","0","Monday: 7:00 AM - 8:00 PM Tuesday: 7:00 AM - 8:00 PM Wednesday: 7:00 AM - 8:00 PM Thursday: 7:00 AM - 8:00 PM Friday: 7:00 AM - 7:00 PM Saturday: 7:00 AM - 6:00 PM Sunday: 9:00 AM - 5:00 PM ","http://www.firestonecompleteautocare.com/","41.79669","-72.55398","3.87102453088484","Lead Acid (Pb) Batteries; Used Motor Oil; Video Game Consoles; PlayStation Consoles","false","true","","","false","false","false","false"
"AutoZone","null","1487 Albany","Hartford","","CT","06112","8605201339","0","","https://www.autozone.com/landing/page.jsp?name=in-our-stores","41.783333","-72.7023171","3.88103648844793","","false","false","","","false","false","false","false"
"Sprint Store","","1131 Tolland Turnpike","Manchester","","CT","6042","8605336000","0","","https://newsroom.sprint.com/csr/device-donations/","41.7969831","-72.5536641","3.89165842047024","","false","false","","","false","false","false","false"
"Handle With Care Packaging Store","","199 Adams St","Central Manchester","","CT","6042","8606458200","0","","https://www.gopackagingstore.com/","41.7894969","-72.551327","3.92018498270373","","false","false","","","false","false","false","false"
"Movealldotcom LLC","","149 Adams St","Manchester","","CT","6040","8606458200","0","","","41.791187","-72.5515379","3.92361971667699","","false","false","","","false","false","false","false"
"Firestone Complete Auto Care","","139 Putnam Boulevard","Glastonbury","","CT","6033","8606334045","0","","https://www.firestonecompleteautocare.com/","41.7256656","-72.6217374","3.99843898118835","","false","false","","","false","false","false","false"
"Charities of Hope","","770 Wethersfield Ave","Hartford","","CT","6114","9782842500","0","","","41.7350133","-72.6697742","4.00525341815999","","false","false","","","false","false","false","false"
"USPS Post Office Box Lobby Recycling Program","US Post Office","645 Maple Ave","Hartford","Hartford","CT","06114","8002758777","0","","https://www.usps.com/","41.74289","-72.68292","4.01813312384873","Catalogs; Greeting Cards; Magazines; Paper (Mixed)","false","true","","","false","false","false","false"
"US Post Office","USPS Discarded Lobby Mail Recycling Program","645 Maple Ave","Hartford","Hartford","CT","06114","0","0","","","41.74289","-72.68292","4.01813312384873","Video Game Consoles; PlayStation Consoles","false","true","","","false","false","false","false"
"Staples","Staples","49 Putnam Blvd","Glastonbury","Hartford County","CT","06033","8606570658","0","Monday: 9:00 AM - 8:00 PM Tuesday: 9:00 AM - 8:00 PM Wednesday: 9:00 AM - 8:00 PM Thursday: 9:00 AM - 8:00 PM Friday: 9:00 AM - 8:00 PM Saturday: 10:00 AM - 7:00 PM Sunday: 11:00 AM - 6:00 PM ","https://www.staples.com/recycle","41.7256886","-72.6171067","4.02006040871432","AC Power Plugs; Batteries (Rechargeable); Cables & Connectors; Cell Phone Batteries; Cell Phones; Computer (Recycling); Hard Drives; Computer Monitors; Cameras; DVD Players/Blu-Ray Players/DVRs; Electronics; E-Readers; GPS Units; Headphones; Inkjet Printer Cartridges; Laptop Computers; Laser Toner Cartridges; Li-Ion Batteries; MP3 Players; Network Equipment; Ni-Cd Batteries; Ni-MH Batteries; Ni-Zn Batteries; Computer Peripherals; Portable Media Players; Printers/Scanners/Fax Machines; Small Electronics; Small Sealed Lead Acid Batteries; Stereo Equipment; Tablets; Telephones; UPS Batteries/Backup Systems; VCRs; Video Game Systems; Blu-Ray Players; Digital Converter Boxes; Video Game Consoles; PlayStation Consoles; Alkaline/Single-Use Batteries; Batteries (Rechargeable); Cell Phone Batteries; Li-Ion Batteries; Ni-Cd Batteries; Ni-MH Batteries; Small Sealed Lead Acid Batteries; Alkaline/Single-Use Batteries; Button Batteries; Non-rechargeable lithium batteries; Cell Phones","false","true","NO TVs; Limit 6 CEDs per day; ","Sony, Vizio, OEM, Call2Recycle","false","false","false","false"
"Staples","null","49 Putnam Boulevard","Glastonbury","","CT","06033","8606570658","0","","https://www.staples.com/sbd/cre/marketing/sustainability-center/recycling-services/","41.7256536","-72.6170572","4.02278281388385","Alkaline/Single-Use Batteries","false","true","","","false","false","false","false"
"Home Depot","","Putnam Blvd","Glastonbury","","CT","6033","8606571184","0","","https://ecooptions.homedepot.com/","41.7253536","-72.6209343","4.02294247988278","","false","false","","","false","false","false","false"
"Monro","","3000 Main Street","Glastonbury","","CT","6033","8606330570","0","","https://www.monro.com/","41.7258271","-72.6148841","4.02671354595209","","false","false","","","false","false","false","false"
"Monro","Monro","3000 Main St","Glastonbury","Hartford","CT","06033","8606330570","0","Monday: 7:30 AM - 7:00 PM Tuesday: 7:30 AM - 7:00 PM Wednesday: 7:30 AM - 7:00 PM Thursday: 7:30 AM - 7:00 PM Friday: 7:30 AM - 7:00 PM Saturday: 7:30 AM - 4:00 PM ","http://monro.com","41.72575","-72.61546","4.0274918446789","Used Motor Oil; Video Game Consoles; PlayStation Consoles","false","true","","","false","false","false","false"
