name,description,address,city,region,province,postal_code,phone,fax,hours,url,latitude,longitude,distance,materials,pickup,dropoff,notes,groups,curbside,municipal,national,event_only
"Blue Rhino Exchange - Coventry Getty Mart","Blue Rhino Exchange - Coventry Getty Mart","111 Boston Turnpike ","Coventry","Tolland County","CT","06238","8607427295","0","","http://www.bluerhino.com","41.7988155","-72.3190579","0.583397792446507","Propane Tank Exchange; Video Game Consoles; PlayStation Consoles","false","true","","","false","false","false","false"
"Town of Coventry Christmas Tree Recycling Drop-Off Site -  Laidlaw Park","","Merrow Rd","Coventry","","CT","6238","8607426588","0","","https://www.coventryct.org","41.8200516","-72.3293187","1.77139686327718","","false","false","","","false","false","false","false"
"USPS Post Office Box Lobby Recycling Program","US Post Office","1376 Main St","Coventry","Tolland","CT","06238","8002758777","0","","https://www.usps.com/","41.7699","-72.30476","2.08712763713566","Catalogs; Greeting Cards; Magazines; Paper (Mixed)","false","true","","","false","false","false","false"
"US Post Office","USPS Discarded Lobby Mail Recycling Program","1376 Main St","Coventry","Tolland","CT","06238","0","0","","","41.7699","-72.30476","2.08712763713566","Video Game Consoles; PlayStation Consoles","false","true","","","false","false","false","false"
"Blue Rhino Exchange - Coventry Expess Mart","Blue Rhino Exchange - Coventry Expess Mart","1218 Main St","Coventry","Tolland","CT","06238","8607428147","0","","http://www.bluerhino.com","41.76856","-72.30195","2.19476806100661","Propane Tank Exchange; Video Game Consoles; PlayStation Consoles","false","true","","","false","false","false","false"
"Blue Rhino Exchange - Xtra Mart #1035","Blue Rhino Exchange - Xtra Mart #1035","607 Middle Tpke","Storrs Mansfield","Tolland","CT","06268","8604871375","0","","http://www.bluerhino.com","41.82711","-72.2677","2.78866720001491","Propane Tank Exchange; Video Game Consoles; PlayStation Consoles","false","true","","","false","false","false","false"
"Blue Rhino Exchange - Xpress Mart Amoco","Blue Rhino Exchange - Xpress Mart Amoco","2 River Rd","Wallingford","New Haven","CT","06492","2032691277","0","","http://www.bluerhino.com","41.84149","-72.30744","2.86516984593761","Propane Tank Exchange; Video Game Consoles; PlayStation Consoles","false","true","","","false","false","false","false"
"USPS Post Office Box Lobby Recycling Program","US Post Office","9 Charles Smith Way","Storrs Mansfield","Tolland","CT","06268","8002758777","0","","https://www.usps.com/","41.79854","-72.24539","3.2185068037648","Catalogs; Greeting Cards; Magazines; Paper (Mixed)","false","true","","","false","false","false","false"
"US Post Office","USPS Discarded Lobby Mail Recycling Program","9 Charles Smith Way","Storrs Mansfield","Tolland","CT","06268","0","0","","","41.79854","-72.24539","3.2185068037648","Video Game Consoles; PlayStation Consoles","false","true","","","false","false","false","false"
"AT&T Wireless","AT&T Wireless","1244 Storrs Rd","Storrs Mansfield","Tolland","CT","06268","8604874301","0","","http://www.att.com/","41.80529","-72.24438","3.28893694551936","Cell Phones; Ni-Cd Batteries; Batteries (Rechargeable); Cell Phone Batteries; Tablets; Li-Ion Batteries; Video Game Consoles; PlayStation Consoles","false","true","Receive an AT&T Promotion Card worth the trade-in value of your smartphone, tablet, or netbook. You can also donate the trade-in value to Cell Phones for Soldiers.","","false","false","false","false"
"Town of Coventry Christmas Tree Recycling Drop-Off Site - Miller Richardson Athletic Field","","Rte 31 & Plains Rd","Coventry","","CT","6238","8607426588","0","","https://www.coventryct.org","41.7565277","-72.2736135","3.48435050358536","","false","false","","","false","false","false","false"
"Second Congregational Church","","1746 Boston Turnpike","Coventry","","CT","6238","9782842500","0","","","41.7984493","-72.3760019","3.5120347550438","","false","false","","","false","false","false","false"
"Blue Rhino Exchange - Southland #32520","Blue Rhino Exchange - Southland #32520","2711 Boston Tpke","Coventry","Tolland","CT","06238","8607427547","0","","http://www.bluerhino.com","41.79628","-72.40602","5.06314126156442","Propane Tank Exchange; Video Game Consoles; PlayStation Consoles","false","true","","","false","false","false","false"
"GreenSpot DropOff","GreenSpot DropOff at Coventry Self Storage","2709 Boston Tpke","Coventry","Tolland","CT","06238","8607425540","0","Monday: 10:00 AM - 5:00 PM Tuesday: 10:00 AM - 5:00 PM Wednesday: 10:00 AM - 5:00 PM Thursday: 10:00 AM - 5:00 PM Friday: 10:00 AM - 5:00 PM Saturday: 9:00 AM - 5:00 PM ","http://www.greenspotdropoff.org","41.79628","-72.40602","5.06314126156442","Cables & Connectors; Computer (Recycling); Hard Drives; Computer Monitors; DVD Players/Blu-Ray Players/DVRs; Laptop Computers; Memory (RAM), Flash Card/Drive; Computer Peripherals; Printers/Scanners/Fax Machines; Small Televisions; Stereo Equipment; Telephones; Televisions; VCRs; Inkjet Printer Cartridges; Laser Toner Cartridges; Video Game Consoles; PlayStation Consoles","false","true","Greenspot Dropoff provides free and convenient e-waste recycling at a dropoff location near you. We collect anything you plug in and want to throw away (excluding appliances).","","false","false","false","false"
"911 Cell Phone Bank - Milam County Triad","911 Cell Phone Bank - Milam County Triad","29 Marlboro Glade","Tolland","Tolland","CT","06084","8662907864","0","","http://www.911cellphonebank.org/","41.87544","-72.3177","5.23532345702887","Cell Phones; Cameras; Laptop Computers; MP3 Players; Video Games; Video Game Consoles; Smart watches & Apple Watch®
","false","true","Please call to verify drop-off procedures and directions to the location.  For prepaid shipping labels, visit http://www.911cellphonebank.org/drop-off-locations.asp - click on "print shipping label."","","false","false","false","false"
"Blue Rhino Exchange - Southland #32523","Blue Rhino Exchange - Southland #32523","380 Route 6","Andover","Tolland","CT","06232","8607420787","0","","http://www.bluerhino.com","41.73193","-72.35791","5.36536327844618","Propane Tank Exchange; Video Game Consoles; PlayStation Consoles","false","true","","","false","false","false","false"
"USPS Post Office Box Lobby Recycling Program","US Post Office","11 Phelps Way","Willington","Tolland","CT","06279","8002758777","0","","https://www.usps.com/","41.87942","-72.30152","5.49533546162039","Catalogs; Greeting Cards; Magazines; Paper (Mixed)","false","true","","","false","false","false","false"
"US Post Office","USPS Discarded Lobby Mail Recycling Program","11 Phelps Way","Willington","Tolland","CT","06279","0","0","","","41.87942","-72.30152","5.49533546162039","Video Game Consoles; PlayStation Consoles","false","true","","","false","false","false","false"
"USPS Post Office Box Lobby Recycling Program","US Post Office","335 Route 6","Andover","Tolland","CT","06232","8002758777","0","","https://www.usps.com/","41.73282","-72.37487","5.78667191482413","Catalogs; Greeting Cards; Magazines; Paper (Mixed)","false","true","","","false","false","false","false"
"US Post Office","USPS Discarded Lobby Mail Recycling Program","335 Route 6","Andover","Tolland","CT","06232","0","0","","","41.73282","-72.37487","5.78667191482413","Video Game Consoles; PlayStation Consoles","false","true","","","false","false","false","false"
"Andover Transfer Station","Andover Transfer Station","155 Shoddy Mill Rd ","Andover","Tolland County","CT","06232","8607424049","0","Wednesday: 8:00 AM - 3:45 PM Saturday: 8:00 AM - 3:45 PM ","http://andoverconnecticut.org/","41.743452","-72.397128","6.03649368945832","Brush; Cardboard; Children's Toys; Computer (Recycling); Electronics; Furniture; Glass (Brown); Glass (Clear); Glass (Green); Grass Clippings; Office Furniture; Plastic #1 (PETE); Plastic #2 (HDPE); Plastic #3 (PVC); Plastic #4 (LDPE); Plastic #5 (Polypropylene); Plastic #6 (Polystyrene); Plastic #7; Scrap Metal; Small Electronics","false","true","","","false","false","false","false"
"USPS Post Office Box Lobby Recycling Program","US Post Office","658 Tolland Stage Rd","Tolland","Tolland","CT","06084","8002758777","0","","https://www.usps.com/","41.87465","-72.3745","6.19330391134619","Catalogs; Greeting Cards; Magazines; Paper (Mixed)","false","true","","","false","false","false","false"
"US Post Office","USPS Discarded Lobby Mail Recycling Program","658 Tolland Stage Rd","Tolland","Tolland","CT","06084","0","0","","","41.87465","-72.3745","6.19330391134619","Video Game Consoles; PlayStation Consoles","false","true","","","false","false","false","false"
"USPS Post Office Box Lobby Recycling Program","US Post Office","522 Storrs Rd","Mansfield Center","Tolland","CT","06250","8002758777","0","","https://www.usps.com/","41.7641","-72.19738","6.20877268440291","Catalogs; Greeting Cards; Magazines; Paper (Mixed)","false","true","","","false","false","false","false"
"US Post Office","USPS Discarded Lobby Mail Recycling Program","522 Storrs Rd","Mansfield Center","Tolland","CT","06250","0","0","","","41.7641","-72.19738","6.20877268440291","Video Game Consoles; PlayStation Consoles","false","true","","","false","false","false","false"
"Shaw's","Shaw's","60 Cantor Dr","Willimantic","Windham","CT","06226","8604236348","0","","","41.72498","-72.23899","6.28268239212136","Plastic Shopping Bags; Food Storage Bags; Video Game Consoles; PlayStation Consoles","false","true","","","false","false","false","false"
"Andover Transfer Site","","Shoddy Mill Road","Andover","","CT","6232","8607424049","0","","http://www.andoverconnecticut.org/town-departments/transfer-station/","41.7394932","-72.4017826","6.39669849264332","","false","false","","","false","false","false","false"
"Blue Rhino Exchange - Chucky's #55","Blue Rhino Exchange - Chucky's #55","1563 Main St","Willimantic","Windham","CT","06226","8604231099","0","","http://www.bluerhino.com","41.7218","-72.23823","6.48680812311553","Propane Tank Exchange; Video Game Consoles; PlayStation Consoles","false","true","","","false","false","false","false"
"Verizon Wireless","Verizon Wireless","1589 Main St","Willimantic","Windham","CT","06226","8604655624","8604655646","","http://www.verizonwireless.com/","41.7218","-72.23823","6.48680812311553","Cell Phones; Cell Phone Batteries; Video Game Consoles; PlayStation Consoles","false","true","<A Href="https://www.trade-in.vzw.com/home.aspx">
The Verizon Wireless Trade-In Program</A> allows you to trade in your used handset or tablet in a convenient and responsible way. 
<P>
<P>
Verizon Wireless works every day to protect our environment and give our customers opportunities to do the same. <A Href="http://aboutus.vzw.com/Green_Initiative/overview.html">Click here</A> for more examples of the earth-friendly initiatives and programs Verizon Wireless is proud to offer and support.","","false","false","false","false"
"Blue Rhino Exchange - Xtra Mart #7475","Blue Rhino Exchange - Xtra Mart #7475","467 River Rd","Willington","Tolland","CT","06279","8604296173","0","","http://www.bluerhino.com","41.89467","-72.28957","6.6066085964395","Propane Tank Exchange; Video Game Consoles; PlayStation Consoles","false","true","","","false","false","false","false"
"Call2Recycle at Town of Columbia","Call2Recycle at Town of Columbia","323 Route 87","Columbia","Tolland","CT","06237","8602284270","0","","http://www.call2recycle.org/","41.70242","-72.3022","6.74953211101307","Cell Phones; Ni-Cd Batteries; Li-Ion Batteries; Ni-MH Batteries; Ni-Zn Batteries; Small Sealed Lead Acid Batteries; Video Game Consoles; PlayStation Consoles","false","true","The U.S. EPA estimates that more than 350 million rechargeable batteries are purchased annually in the U.S. Thanks to the environmental commitment of this location, its easy and free to recycle your rechargeable batteries. Look for the recycling box or ask a staff member how you can do your part for the environment.","","false","false","false","false"
"USPS Post Office Box Lobby Recycling Program","US Post Office","172 Route 66","Columbia","Tolland","CT","06237","8002758777","0","","https://www.usps.com/","41.70218","-72.30177","6.76708804682218","Catalogs; Greeting Cards; Magazines; Paper (Mixed)","false","true","","","false","false","false","false"
"US Post Office","USPS Discarded Lobby Mail Recycling Program","172 Route 66","Columbia","Tolland","CT","06237","0","0","","","41.70218","-72.30177","6.76708804682218","Video Game Consoles; PlayStation Consoles","false","true","","","false","false","false","false"
"Blue Rhino Exchange - DB Mart #773 Citgo","Blue Rhino Exchange - DB Mart #773 Citgo","1440 Main St","Willimantic","Windham","CT","06226","8604560944","0","","http://www.bluerhino.com","41.71797","-72.23469","6.80823388353741","Propane Tank Exchange; Video Game Consoles; PlayStation Consoles","false","true","","","false","false","false","false"
"Walgreens","Walgreens","1475 Main St","Willimantic","Windham","CT","06226","8604236304","0","","http://www.walgreens.com","41.71726","-72.23328","6.8894146185289","Cell Phones; Inkjet Cartridge Refilling; Inkjet Printer Cartridges; Video Game Consoles; PlayStation Consoles","false","true","","","false","false","false","false"
"Mansfield Transfer Station Drop-off Site","","Route 89","Mansfield ","","CT","6250","8604297189","0","","http://www.mansfieldct.gov","41.8021699","-72.1722141","6.98722132807798","","false","false","","","false","false","false","false"
"Bolton Center School","","108 Notch Rd","Bolton","","CT","6043","9782842500","0","","","41.7767295","-72.4423805","7.11476887587939","","false","false","","","false","false","false","false"
"The Salvation Army","null","1311 Main St ","Windham","Windham County","CT","06226","8007287825","0","Monday: 9:00 AM - 9:00 PM Tuesday: 9:00 AM - 9:00 PM Wednesday: 9:00 AM - 9:00 PM Thursday: 9:00 AM - 9:00 PM Friday: 9:00 AM - 9:00 PM Saturday: 9:00 AM - 9:00 PM Sunday:  -  ","http://www.salvationarmyusa.org","41.7160282","-72.2277736","7.12085857722933","Bikes; Books (Reuse); CD/DVD/Blu-ray/UHD discs; Cell Phones; Children's Toys; Clothing; Computer (Reuse); Hard Drives; Computer Monitors; Cameras; DVD Players/Blu-Ray Players/DVRs; Electronics; E-Readers; Furniture; Gift Bags; Headphones; Household Goods; Laptop Computers; Lawn Equipment; Miscellaneous Tools; MP3 Players; Musical Instruments; Network Equipment; Ornaments; Computer Peripherals; Portable Media Players; Printers/Scanners/Fax Machines; Reusable Appliance Donation; Small Appliances; Small Electronics; Small Televisions; Sporting Goods; Stereo Equipment; Tablets; Telephones; Televisions; VCRs; VHS & Cassette Tapes; Video Game Systems; Blu-Ray Players; Digital Converter Boxes; Video Game Consoles; PlayStation Consoles","false","true","Working TVs Only; ","Sony, Vizio, OEM, Salvation Army","false","false","false","false"
"Blue Rhino Exchange - Stop & Shop #674","Blue Rhino Exchange - Stop & Shop #674","1391 Main St","Willimantic","Windham","CT","06226","8604568768","0","","http://www.bluerhino.com","41.71536","-72.22896","7.12346807594824","Propane Tank Exchange; Video Game Consoles; PlayStation Consoles","false","true","","","false","false","false","false"
"Kohl's","","95 Storrs Rd","Willimantic","","CT","6226","8604564700","0","","https://corporate.kohls.com/","41.7346461","-72.2009223","7.12465094901587","","false","false","","","false","false","false","false"
"JCPenney","","95 Storrs Rd","Willimantic","","CT","6226","8604239155","0","","https://www.jcpenney.com/","41.7346461","-72.2009223","7.12465094901587","","false","false","","","false","false","false","false"
"USPS Post Office Box Lobby Recycling Program","US Post Office","681 Boston Tpke","Bolton","Tolland","CT","06043","8002758777","0","","https://www.usps.com/","41.77043","-72.44041","7.12867562451786","Catalogs; Greeting Cards; Magazines; Paper (Mixed)","false","true","","","false","false","false","false"
"US Post Office","USPS Discarded Lobby Mail Recycling Program","681 Boston Tpke","Bolton","Tolland","CT","06043","0","0","","","41.77043","-72.44041","7.12867562451786","Video Game Consoles; PlayStation Consoles","false","true","","","false","false","false","false"
"AutoZone","AutoZone","1326 Main St","Willimantic","Windham","CT","06226","8604565629","0","","http://www.autozone.com","41.71518","-72.229","7.1325117184971","Lead Acid (Pb) Batteries; Used Motor Oil; Video Game Consoles; PlayStation Consoles","false","true","Most AutoZone stores accept used motor oil, transmission fluid, gear oil and automotive batteries. Call to see what your local store is currently accepting.","","false","false","false","false"
"Ashford Transfer Station","Ashford Transfer Station","232 Upton Rd","Ashford","Windham","CT","06278","8606843136","0","Saturday: 8:00 AM - 4:00 PM Sunday: 10:00 AM - 4:00 PM Wednesday: 2:00 PM - 8:00 PM ","http://www.ashfordtownhall.org/transfer-station/","41.86272","-72.19521","7.23795259589788","Aluminum; Aluminum Cans; Brown Paper Bags; Catalogs; Computer Paper; Glass (Brown); Glass (Clear); Glass (Green); Magazines; Newspapers; Office Paper; Paper (Mixed); Paperboard; Phone books; Plastic #1 (PETE); Plastic #2 (HDPE); Scrap Metal; Tin or Steel Cans; Unused Paper","false","true","Stickers are required for use of the Transfer Station and are available at the Selectmen’s Office.  Proof of residency is required.","","false","false","false","false"
"Staples","Staples","82-86 Storrs Road (Route 195)","Mansfield","Tolland County","CT","06226","8604233143","0","Monday: 8:00 AM - 9:00 PM Tuesday: 8:00 AM - 9:00 PM Wednesday: 8:00 AM - 9:00 PM Thursday: 8:00 AM - 9:00 PM Friday: 8:00 AM - 9:00 PM Saturday: 9:00 AM - 9:00 PM Sunday: 10:00 AM - 6:00 PM ","https://www.staples.com/recycle","41.7336938","-72.198532","7.26170459144274","AC Power Plugs; Batteries (Rechargeable); Cables & Connectors; Cell Phone Batteries; Cell Phones; Computer (Recycling); Hard Drives; Computer Monitors; Cameras; DVD Players/Blu-Ray Players/DVRs; Electronics; E-Readers; GPS Units; Headphones; Inkjet Printer Cartridges; Laptop Computers; Laser Toner Cartridges; Li-Ion Batteries; MP3 Players; Network Equipment; Ni-Cd Batteries; Ni-MH Batteries; Ni-Zn Batteries; Computer Peripherals; Portable Media Players; Printers/Scanners/Fax Machines; Small Electronics; Small Sealed Lead Acid Batteries; Stereo Equipment; Tablets; Telephones; UPS Batteries/Backup Systems; VCRs; Video Game Systems; Blu-Ray Players; Digital Converter Boxes; Video Game Consoles; PlayStation Consoles; Alkaline/Single-Use Batteries; Batteries (Rechargeable); Cell Phone Batteries; Li-Ion Batteries; Ni-Cd Batteries; Ni-MH Batteries; Small Sealed Lead Acid Batteries; Alkaline/Single-Use Batteries; Button Batteries; Non-rechargeable lithium batteries; Cell Phones","false","true","NO TVs; Limit 6 CEDs per day; ","Sony, Vizio, OEM, Call2Recycle","false","false","false","false"
"Staples","null","82 Storrs Rd Suite 86","Mansfield","Tolland County","CT","06226","8604233143","0","","https://www.staples.com/sbd/cre/marketing/sustainability-center/recycling-services/","41.7336369","-72.1985326","7.26416401343097","Alkaline/Single-Use Batteries","false","true","","","false","false","false","false"
"Blue Rhino Exchange - Xtra Mart #7180","Blue Rhino Exchange - Xtra Mart #7180","153 Hartford Tpke","Tolland","Tolland","CT","06084","8608717020","0","","http://www.bluerhino.com","41.86584","-72.41822","7.27752448406829","Propane Tank Exchange; Video Game Consoles; PlayStation Consoles","false","true","","","false","false","false","false"
"Call2Recycle at RadioShack","Call2Recycle at RadioShack","95 Storrs Rd","Willimantic","Tolland","CT","06226","8604235511","0","","http://www.radioshack.com/","41.73021","-72.20105","7.31798376369313","Cell Phones; Ni-Cd Batteries; Li-Ion Batteries; Ni-MH Batteries; Ni-Zn Batteries; Small Sealed Lead Acid Batteries; Video Game Consoles; PlayStation Consoles","false","true","As the first national retailer to partner with Call2Recycle, RadioShack is at the forefront of the rechargeable battery recycling cause and is pleased to offer battery recycling at thousands of convenient RadioShack locations for free.  Simply drop them off at your local RadioShack and theyll take care of the rest.  Ask a store associate for more details.","","false","false","false","false"
"Ashford Transfer Station","","232 Upton Rd","Ashford","","CT","6278","8604292750","0","","http://ashfordtownhall.org/transfer-station/","41.8628905","-72.1933117","7.32344996304105","","false","false","","","false","false","false","false"
"Pedal Power Willimantic","Pedal Power Willimantic","1171 Main St ","Windham","Windham County","CT","06226","8603473776","0","","null","41.7139898","-72.2242111","7.34239258628429","E-Bike Batteries","false","true","Call or Check Online for Hours","Call2Recycle","false","false","false","false"
"Ashford Transfer Station","Ashford Transfer Station","232 Upton Rd ","Ashford","Windham County","CT","06278","8606843163","0","Saturday: 8:00 AM - 4:00 PM Wednesday: 2:00 PM - 8:00 PM Sunday: 10:00 AM - 4:00 PM ","http://www.ashfordtownhall.org/","41.8641027","-72.1936739","7.35848591092388","Video Game Consoles; PlayStation Consoles","false","true","","","false","false","false","false"
"J&S Radio Sales","J&S Radio Sales","1147 Main St","Willimantic","Windham","CT","06226","8604562667","0","","http://www.jsradiosales.com/","41.71375","-72.22349","7.37765637001742","Cell Phones; Ni-Cd Batteries; Li-Ion Batteries; Ni-MH Batteries; Ni-Zn Batteries; Small Sealed Lead Acid Batteries; Video Game Consoles; PlayStation Consoles","false","true","The U.S. EPA estimates that more than 350 million rechargeable batteries are purchased annually in the U.S. Thanks to the environmental commitment of this location, its easy and free to recycle your batteries. Bring your rechargeable batteries to this location and look for the recycling box or ask an associate how you can do your part for the environment.","","false","false","false","false"
"USPS Post Office Box Lobby Recycling Program","US Post Office","141 Nott Hwy Ste 5","Ashford","Windham","CT","06278","8002758777","0","","https://www.usps.com/","41.86299","-72.18872","7.5190422319306","Catalogs; Greeting Cards; Magazines; Paper (Mixed)","false","true","","","false","false","false","false"
"US Post Office","USPS Discarded Lobby Mail Recycling Program","141 Nott Hwy Ste 5","Ashford","Windham","CT","06278","0","0","","","41.86299","-72.18872","7.5190422319306","Video Game Consoles; PlayStation Consoles","false","true","","","false","false","false","false"
"Willington Transfer Station","Willington Transfer Station","60 Hancock Rd ","Willington","Tolland County","CT","06279","8606843626","0","Sunday: 8:30 AM - 4:00 PM Wednesday: 8:30 AM - 4:00 PM Saturday: 8:30 AM - 4:00 PM ","http://www.willingtonct.org/","41.9058455","-72.2732832","7.52467144557052","Aluminum; Aluminum Cans; Book Recycling; Brown Paper Bags; Cardboard; Catalogs; Computer Paper; Dairy Tubs; Glass (Brown); Glass (Clear); Glass (Green); Greeting Cards; Magazines; Milk Cartons; Newspapers; Office Paper; Paper (Mixed); Paper Egg Cartons; Paperboard; Phone books; Plastic #1 (PETE); Plastic #2 (HDPE); Plastic #3 (PVC); Plastic #4 (LDPE); Plastic #5 (Polypropylene); Plastic #6 (Polystyrene); Plastic #7; Tin or Steel Cans; Unused Paper; Construction Materials; Furniture; Household Goods; Large Household Appliances; Clothes Hangers (Metal); Plant Trays, Pots & Tags; Rigid Plastics; Scrap Metal; Shredded Paper","false","true","Open for only Willington homeowners or those with a vehicle registered in Willington.  Transfer Station stickers must be displayed on vehicles.  Stickers are available at the Transfer Station or the Selectman's Office at the Town Office Building during regular business hours.  Temporary paper permits are available through the Selectman's Office at the Town Office Building.. Bulky waste permit punch card required for some items.","","false","false","false","false"
"MidNEROC Household Chemical Waste Drop-Off","MidNEROC Household Chemical Waste Drop-Off","57 Hancock Rd ","Willington","Tolland County","CT","06279","8606843163","0","Saturday: 9:00 AM - 2:00 PM ","null","41.9057768","-72.2720524","7.53529302641949","Antifreeze; Brake Fluid; Compact Fluorescent Lights; Degreasers; Fluorescent Lamps/Tubes; Fungicides; Gasoline and Unwanted Fuels; Glue & Adhesives; Herbicides; Household Cleaners; Insecticides; Latex Paint; Mercury Containing Items; Oil-Based Paint; Paint Thinner; Pesticides; Pool Chemicals; Solvents; Transmission Fluid","false","true","Open the 1st and 3rd Sat of each month, April-November.  Member Towns include: Andover, Ashford, Bolton, Chaplin, Columbia, Coventry, Eastford,
Ellington, Mansfield, Tolland, Union, Willington and Windham. If you live in one of the MidNEROC towns, you may bring residential quantities to the facility, for no charge at the facility but bring proof of residency. Small businesses should call to verify eligibility. 
","","false","false","false","false"
"Blue Rhino Exchange - Sears Hardware #5954","Blue Rhino Exchange - Sears Hardware #5954","29 N Ridge Dr","North Windham","Windham","CT","06256","8604239041","0","","http://www.bluerhino.com","41.73919","-72.18615","7.54908398292436","Propane Tank Exchange; Video Game Consoles; PlayStation Consoles","false","true","","","false","false","false","false"
"Blue Rhino Exchange - Convenient Mobil","Blue Rhino Exchange - Convenient Mobil","1292 Hartford Tpke","Vernon Rockville","Tolland","CT","06066","8608726416","0","","http://www.bluerhino.com","41.85936","-72.43238","7.60985381235255","Propane Tank Exchange; Video Game Consoles; PlayStation Consoles","false","true","","","false","false","false","false"
"USPS Post Office Box Lobby Recycling Program","US Post Office","919 Main St","Willimantic","Windham","CT","06226","8002758777","0","","https://www.usps.com/","41.71277","-72.21638","7.65261896608002","Catalogs; Greeting Cards; Magazines; Paper (Mixed)","false","true","","","false","false","false","false"
"US Post Office","USPS Discarded Lobby Mail Recycling Program","919 Main St","Willimantic","Windham","CT","06226","0","0","","","41.71277","-72.21638","7.65261896608002","Video Game Consoles; PlayStation Consoles","false","true","","","false","false","false","false"
"Blue Rhino Exchange - Xtra Mart #7145","Blue Rhino Exchange - Xtra Mart #7145","9 Nott Hwy ","Ashford","Windham County","CT","06278","8604871787","0","","http://www.bluerhino.com","41.8568061","-72.1793616","7.69066622741618","Propane Tank Exchange; Video Game Consoles; PlayStation Consoles","false","true","","","false","false","false","false"
"Winham County Recycling Center","","8 Industrial Park Rd","North Windham","","CT","6256","8604653090","0","","http://www.windhamct.com/department.htm?id=56lba5n4&m=boards","41.7414672","-72.1795664","7.74979499223864","","false","false","","","false","false","false","false"
"Advance Auto Parts","Advance Auto Parts","320 Boston Post Rd","North Windham","Windham","CT","06256","8604239304","0","Monday: 7:00 AM - 9:00 PM Tuesday: 7:00 AM - 9:00 PM Wednesday: 7:00 AM - 9:00 PM Thursday: 7:00 AM - 9:00 PM Friday: 7:00 AM - 9:00 PM Saturday: 7:00 AM - 9:00 PM Sunday: 10:00 AM - 8:00 PM ","http://www.advanceautoparts.com","41.73748","-72.18086","7.84155308022413","Lead Acid (Pb) Batteries; Used Motor Oil; Video Game Consoles; PlayStation Consoles","false","true","","","false","false","false","false"
"PMR South","PMR South","131 Ash St","Willimantic","Windham","CT","06226","8604500929","8604501321","","http://www.pmrinc.com","41.71947","-72.20047","7.84834028939491","Plastic #1 (PETE); Plastic #2 (HDPE); Plastic #3 (PVC); Plastic #4 (LDPE); Aluminum Cans; Aluminum; Non-ferrous (Copper/Brass/Tin); ABS Plastic; Wire; Scrap Metal; Special Metals; Motors; Video Game Consoles; PlayStation Consoles","false","true","","","false","false","false","false"
"Home Depot","Home Depot","418 Boston Post Rd","North Windham","Windham","CT","06256","8604655631","0","","http://www.homedepot.com","41.74338","-72.17277","7.98489451586302","Compact Fluorescent Lights; Batteries (Rechargeable); Video Game Consoles; PlayStation Consoles","false","true","Home Depot accepts compact fluorescent bulbs and used power tool rechargeable batteries. Look for the orange drop boxes, usually located near the front entrance near the customer service desk.","","false","false","false","false"
"Call2Recycle at the Home Depot","Call2Recycle at the Home Depot","418 Boston Post Rd","North Windham","Windham","CT","06256","8604655631","0","","http://www.homedepot.com/","41.74338","-72.17277","7.98489451586302","Cell Phones; Compact Fluorescent Lights; Ni-Cd Batteries; Li-Ion Batteries; Ni-MH Batteries; Ni-Zn Batteries; Small Sealed Lead Acid Batteries; Video Game Consoles; PlayStation Consoles","false","true","The Home Depot accepts used rechargeable batteries and compact fluorescent bulbs. Look for the orange drop boxes, usually located near the front entrance near the customer service desk, or ask a store associate for more details.","","false","false","false","false"
"Walmart Supercenter","","474 Boston Post Rd","North Windham","","CT","6256","8604564399","0","","https://www.walmart.com/","41.7402568","-72.1749329","7.99732693670082","","false","false","","","false","false","false","false"
"Walmart Tire and Lube Express","","474 Boston Post Rd","North Windham","","CT","6256","8604564399","0","","https://www.walmart.com/cp/ideas/8932632","41.7402568","-72.1749329","7.99732693670082","","false","false","","","false","false","false","false"
"PMR CT","","47 Milk Street","Willimantic","","CT","6226","8604232562","0","","http://www.pmrinc.com/","41.7130137","-72.2049508","8.01627420296288","","false","false","","","false","false","false","false"
"Home Depot","","418 Boston Post Rd","North Windham","","CT","6256","8604655631","0","","https://ecooptions.homedepot.com/","41.7412324","-72.1716011","8.1108303638099","Batteries (Rechargeable); Cell Phone Batteries; Li-Ion Batteries; Ni-Cd Batteries; Ni-MH Batteries; Small Sealed Lead Acid Batteries","false","true","","Call2Recycle","false","false","false","false"
"Walmart","Walmart","474 Boston Post Rd","North Windham","Windham","CT","06256","8604564399","0","","http://www.walmart.com","41.7456","-72.16808","8.12417954822365","Lead Acid (Pb) Batteries; Plastic Shopping Bags; Food Storage Bags; Video Game Consoles; PlayStation Consoles","false","true","","","false","false","false","false"
"Walmart Tire & Lube Express","Walmart Tire & Lube Express","474 Boston Post Rd","North Windham","Windham","CT","06256","8604564399","0","","http://www.walmart.com/catalog/catalog.gsp?cat=495843","41.7456","-72.16808","8.12417954822365","Lead Acid (Pb) Batteries; Used Motor Oil; Oil Filters; Video Game Consoles; PlayStation Consoles","false","true","","","false","false","false","false"
"Blue Rhino Exchange - Walmart #2022","Blue Rhino Exchange - Walmart #2022","474 Boston Post Rd","North Windham","Windham","CT","06256","8604564399","0","","http://www.bluerhino.com","41.7456","-72.16808","8.12417954822365","Propane Tank Exchange; Video Game Consoles; PlayStation Consoles","false","true","","","false","false","false","false"
"Blue Rhino Exchange - Bolton Mobil","Blue Rhino Exchange - Bolton Mobil","129 Boston Tpke","Bolton","Tolland","CT","06043","8606470689","0","","http://www.bluerhino.com","41.78381","-72.46556","8.2008637894646","Propane Tank Exchange; Video Game Consoles; PlayStation Consoles","false","true","","","false","false","false","false"
"Ron A Roll","","85 S Frontage Rd","Vernon","","CT","6066","8884022665","0","","https://www.discoverbooks.com/Default.asp","41.8343684","-72.4612111","8.24574111934191","","false","false","","","false","false","false","false"
"Court House Plaza","","20 East Main Street","Vernon","","CT","6066","9782842500","0","","","41.866408","-72.4477743","8.53954434803603","","false","false","","","false","false","false","false"
"USPS Post Office Box Lobby Recycling Program","US Post Office","690 Boston Post Rd","North Windham","Windham","CT","06256","8002758777","0","","https://www.usps.com/","41.75053","-72.15228","8.71441320177583","Catalogs; Greeting Cards; Magazines; Paper (Mixed)","false","true","","","false","false","false","false"
"US Post Office","USPS Discarded Lobby Mail Recycling Program","690 Boston Post Rd","North Windham","Windham","CT","06256","0","0","","","41.75053","-72.15228","8.71441320177583","Video Game Consoles; PlayStation Consoles","false","true","","","false","false","false","false"
"Rockville Elks Lodge","","9 North Park Street","Vernon","","CT","6066","9782842500","0","","","41.8709121","-72.4487682","8.75278817146383","","false","false","","","false","false","false","false"
"Blue Rhino Exchange - Zlotnick's Citgo","Blue Rhino Exchange - Zlotnick's Citgo","187 Willimantic Rd","North Windham","Windham","CT","06235","8604559160","0","","http://www.bluerhino.com","41.75556","-72.14865","8.75861086881859","Propane Tank Exchange; Video Game Consoles; PlayStation Consoles","false","true","","","false","false","false","false"
"Pedal Power Vernon","Pedal Power Vernon","520 Hartford Turnpike ","Vernon","Tolland County","CT","06066","8603473776","0","","null","41.8305166","-72.4757043","8.89650880542403","E-Bike Batteries","false","true","Call or Check Online for Hours","Call2Recycle","false","false","false","false"
"Vernon Curbside Refuse & Recycling Collection","","","Vernon","","CT","6066","8608703500","0","","http://www.vernon-ct.gov/","41.8186103","-72.4790262","8.90835912611008","","false","false","","","false","false","false","false"
"Mid-NEROC Household Chemical Waste Collection Event","","","Vernon","","CT","6066","8608703500","0","","http://www.vernon-ct.gov/public-works","41.8186103","-72.4790262","8.90835912611008","","false","false","","","false","false","false","false"
"Vernon Weekly Scheduled Paid Pickup","","","Vernon","","CT","6066","8608703500","0","","http://www.vernon-ct.gov/","41.8186103","-72.4790262","8.90835912611008","","false","false","","","false","false","false","false"
"USPS Post Office Box Lobby Recycling Program","US Post Office","181 Willimantic Rd","Chaplin","Windham","CT","06235","8002758777","0","","https://www.usps.com/","41.75999","-72.14325","8.91981689897099","Catalogs; Greeting Cards; Magazines; Paper (Mixed)","false","true","","","false","false","false","false"
"US Post Office","USPS Discarded Lobby Mail Recycling Program","181 Willimantic Rd","Chaplin","Windham","CT","06235","0","0","","","41.75999","-72.14325","8.91981689897099","Video Game Consoles; PlayStation Consoles","false","true","","","false","false","false","false"
"USPS Post Office Box Lobby Recycling Program","US Post Office","141 Union St","Vernon Rockville","Tolland","CT","06066","8002758777","0","","https://www.usps.com/","41.86802","-72.45939","9.10649752027371","Catalogs; Greeting Cards; Magazines; Paper (Mixed)","false","true","","","false","false","false","false"
"US Post Office","USPS Discarded Lobby Mail Recycling Program","141 Union St","Vernon Rockville","Tolland","CT","06066","0","0","","","41.86802","-72.45939","9.10649752027371","Video Game Consoles; PlayStation Consoles","false","true","","","false","false","false","false"
"Blue Rhino Exchange - 7-Eleven","Blue Rhino Exchange - 7-Eleven","180 Union St","Vernon Rockville","Tolland","CT","06066","8608756392","0","","http://www.bluerhino.com","41.86853","-72.46381","9.31996995183832","Propane Tank Exchange; Video Game Consoles; PlayStation Consoles","false","true","","","false","false","false","false"
"DPW Garages Phone Book Recycling Container","","383 Hartford Turnpike","Vernon Rockville","","CT","6066","8608703500","0","","http://www.vernon-ct.gov/","41.8294255","-72.4851362","9.3524834473583","","false","false","","","false","false","false","false"
"Walgreens","Walgreens","188 Union St","Vernon Rockville","Tolland","CT","06066","8608961485","0","","http://www.walgreens.com","41.86809","-72.46621","9.41140227044296","Cell Phones; Inkjet Printer Cartridges; Video Game Consoles; PlayStation Consoles","false","true","","","false","false","false","false"
"Chaplin Curbside Pickup","Chaplin Curbside Pickup","495 Phoenixville Rd # R","Chaplin","Windham","CT","06235","8604234527","0","","http://www.chaplinct.org/","41.8013","-72.12473","9.43174448021778","Aluminum; Aluminum Cans; Book Recycling; Brown Paper Bags; Cardboard; Computer Paper; Dairy Tubs; Drink Boxes; Milk Cartons; Newspapers; Office Paper; Paper (Mixed); Paper Egg Cartons; Paperboard; Phone books; Plastic #1 (PETE); Plastic #2 (HDPE); Plastic #3 (PVC); Plastic #4 (LDPE); Plastic #5 (Polypropylene); Plastic #7; Tin or Steel Cans; Unused Paper","false","false","Rolling trash & recyclable carts (you must use the carts that are provided) are picked up every Thursday.","","true","false","false","false"
"Chaplin Transfer Station","Chaplin's Trash & Recycling Center","456 Phoenixville Rd ","Chaplin","Windham County","CT","06235","0","0","Saturday: 9:00 AM - 4:00 PM ","http://www.chaplinct.org/","41.799688","-72.124124","9.46268915979261","Air Conditioners; Bed Mattresses; Box Springs; Brush; Computer (Recycling); Hard Drives; Computer Monitors; Dehumidifiers; Electronics; Laptop Computers; Large Household Appliances; Lead Acid (Pb) Batteries; Computer Peripherals; Printers/Scanners/Fax Machines; Refrigerators; Scrap Metal; Small Electronics; Small Televisions; Televisions; Used Motor Oil; Used Tires; Aerosol Spray Cans; Aluminum Cans; Brown Paper Bags; Cardboard; Catalogs; Computer Paper; Dairy Tubs; Magazines; Milk Cartons; Newspapers; Office Paper; Paper (Mixed); Paper Egg Cartons; Paperboard; Plastic #1 (PETE); Plastic #2 (HDPE); Plastic #3 (PVC); Plastic #4 (LDPE); Plastic #5 (Polypropylene); Plastic #7; Tin or Steel Cans; Unused Paper","false","true","","","false","false","false","false"
"Firestone Complete Auto Care","","327 Hartford Turnpike","Vernon","","CT","6066","8608712456","0","","https://www.firestonecompleteautocare.com/","41.8275664","-72.4897709","9.55931503408222","","false","false","","","false","false","false","false"
"Firestone Complete Auto Care Store","Firestone Complete Auto Care Store","327 Hartford Tpke","Vernon Rockville","Tolland","CT","06066","8608712456","0","","http://www.firestonecompleteautocare.com/","41.82666","-72.49209","9.66431754139263","Lead Acid (Pb) Batteries; Used Motor Oil; Video Game Consoles; PlayStation Consoles","false","true","","","false","false","false","false"
"The Salvation Army","null","295 Hartford Turnpike ","Vernon","Tolland County","CT","06066","8007287825","0","Monday: 9:00 AM - 9:00 PM Tuesday: 9:00 AM - 9:00 PM Wednesday: 9:00 AM - 9:00 PM Thursday: 9:00 AM - 9:00 PM Friday: 9:00 AM - 9:00 PM Saturday: 9:00 AM - 9:00 PM Sunday:  -  ","http://www.salvationarmyusa.org","41.8279883","-72.4918595","9.67048730871736","Bikes; Books (Reuse); CD/DVD/Blu-ray/UHD discs; Cell Phones; Children's Toys; Clothing; Computer (Reuse); Hard Drives; Computer Monitors; Cameras; DVD Players/Blu-Ray Players/DVRs; Electronics; E-Readers; Furniture; Gift Bags; Headphones; Household Goods; Laptop Computers; Lawn Equipment; Miscellaneous Tools; MP3 Players; Musical Instruments; Network Equipment; Ornaments; Computer Peripherals; Portable Media Players; Printers/Scanners/Fax Machines; Reusable Appliance Donation; Small Appliances; Small Electronics; Small Televisions; Sporting Goods; Stereo Equipment; Tablets; Telephones; Televisions; VCRs; VHS & Cassette Tapes; Video Game Systems; Blu-Ray Players; Digital Converter Boxes; Video Game Consoles; PlayStation Consoles","false","true","","Sony, Vizio, OEM, Salvation Army","false","false","false","false"
"Monro","","548 Talcottville Road","Vernon Rockville","","CT","6066","8608716955","0","","https://www.monro.com/","41.8518471","-72.4831065","9.70757469380239","","false","false","","","false","false","false","false"
"Monro","Monro","548 Talcottville Rd","Vernon Rockville","Tolland","CT","06066","8608716955","0","Monday: 7:30 AM - 7:00 PM Tuesday: 7:30 AM - 7:00 PM Wednesday: 7:30 AM - 7:00 PM Thursday: 7:30 AM - 7:00 PM Friday: 7:30 AM - 7:00 PM Saturday: 7:30 AM - 4:00 PM ","http://monro.com","41.85194","-72.48342","9.72493822879197","Used Motor Oil; Video Game Consoles; PlayStation Consoles","false","true","","","false","false","false","false"
"Blue Rhino Exchange - Sears Hardware #5044","Blue Rhino Exchange - Sears Hardware #5044","295 Hartford Tpke","Vernon Rockville","Tolland","CT","06066","8608704000","0","","http://www.bluerhino.com","41.8264","-72.49339","9.72668036037136","Propane Tank Exchange; Video Game Consoles; PlayStation Consoles","false","true","","","false","false","false","false"
