name,description,address,city,region,province,postal_code,phone,fax,hours,url,latitude,longitude,distance,materials,pickup,dropoff,notes,groups,curbside,municipal,national,event_only
"Southeastern Connecticut Household Hazardous Waste Collection Program",""," ","Salem","","CT","6420","8603815558","0","","http://scrrra.org","41.4903761","-72.275359","0.508155687735943","","false","false","","","false","false","false","false"
"Salem Transfer Station","Salem Transfer Station","189 Rattlesnake Ledge Rd ","Salem","New London County","CT","06420","8608592964","0","Sunday: 8:00 AM - 4:00 PM Wednesday: 8:00 AM - 4:00 PM Saturday: 8:00 AM - 4:00 PM ","http://www.salemct.gov/","41.502578","-72.2672","1.00193711648931","Aluminum Cans; Antifreeze; Bikes; Brown Paper Bags; Brush; Cardboard; Catalogs; Clothing; Drink Boxes; Glass (Brown); Glass (Clear); Glass (Green); Magazines; Milk Cartons; Newspapers; Ni-Cd Batteries; Office Paper; Paper (Mixed); Paperboard; Phone books; Plastic #1 (PETE); Plastic #2 (HDPE); Plastic #3 (PVC); Plastic #4 (LDPE); Plastic #5 (Polypropylene); Plastic #6 (Polystyrene); Plastic #7; Printers/Scanners/Fax Machines; Scrap Metal; Small Sealed Lead Acid Batteries; Small Televisions; Televisions; Tin or Steel Cans; Unused Paper; Used Oil Filters; Used Tires","false","true","","","false","false","false","false"
"Habitat for Humanity ReStore of Southeastern CT","","400 New London Rd","Salem","","CT","6420","8608929553","0","","http://www.habitatect.org/","41.4565741","-72.2419524","2.5094959698452","","false","false","","","false","false","false","false"
"Blue Rhino Exchange - Country Marketplace","Blue Rhino Exchange - Country Marketplace","1226 Old Colchester Rd","Oakdale","New London","CT","06370","8608484700","0","","http://www.bluerhino.com","41.47602","-72.19198","3.9222102250005","Propane Tank Exchange; Video Game Consoles; PlayStation Consoles","false","true","","","false","false","false","false"
"Town of Bozrah","null","257 Bozrah Rd ","Bozrah","New London County","CT","06334","0","0","Monday: 12:30 PM - 4:30 PM Tuesday:  -  Wednesday: 2:30 PM - 7:00 PM Thursday:  -  Friday:  -  Saturday: 8:00 AM - 3:00 PM Sunday:  -  ","https://www.townofbozrah.org/transfer-station","41.5373478","-72.1986697","4.8700169200809","Computer (Recycling); Computer Monitors; Laptop Computers; Printers/Scanners/Fax Machines; Small Televisions; Tablets; Televisions; Video Game Consoles; PlayStation Consoles","false","true","Municipal Residents Only","Sony, Vizio, OEM, OEM Indiv, OEM Municipal sites","false","false","false","false"
"Bozrah Transfer Station","","Route 163","Bozrah","","CT","6334","8602040752","0","","","41.5402503","-72.1900317","5.33246279870417","","false","false","","","false","false","false","false"
"USPS Post Office Box Lobby Recycling Program","US Post Office","711 Route 163","Oakdale","New London","CT","06370","8002758777","0","","https://www.usps.com/","41.46683","-72.15887","5.73792383276841","Catalogs; Greeting Cards; Magazines; Paper (Mixed)","false","true","","","false","false","false","false"
"US Post Office","USPS Discarded Lobby Mail Recycling Program","711 Route 163","Oakdale","New London","CT","06370","0","0","","","41.46683","-72.15887","5.73792383276841","Video Game Consoles; PlayStation Consoles","false","true","","","false","false","false","false"
"Montville Transfer Station","Montville Transfer Station","669 Rte 163","Oakdale","","CT","06370","8608480401","0","Wednesday: 8:00 AM - 4:00 PM Thursday: 8:00 AM - 4:00 PM ","http://www.townofmontville.org/","41.4631874","-72.1562031","5.93962261385862","Aluminum Cans; Antifreeze; Brown Paper Bags; Lead Acid (Pb) Batteries; Cardboard; Clothing; Computer Monitors; Computer (Recycling); Drink Boxes; Electronics; Ferrous Metals (Steel or Iron); Fluorescent Lamps/Tubes; Video Game Systems; Furniture; Household Goods; Large Household Appliances; Leaves; Bed Mattresses; Milk Cartons; Paper (Mixed); Newspapers; Ni-Cd Batteries; Glass (Other); Plastics (Other); Propane Tanks; Alkaline/Single-Use Batteries; Televisions; Used Motor Oil; Used Tires; Small Appliances; MP3 Players; VCRs; DVD Players/Blu-Ray Players/DVRs; Video Game Consoles; PlayStation Consoles","false","true","Please see website for fee details.","","false","false","false","false"
"Montville Transfer Station","Montville Transfer Station","669 CT-163 ","Montville","New London County","CT","06353","8608487473","0","Wednesday: 8:00 AM - 4:00 PM Thursday: 8:00 AM - 4:00 PM Sunday: 8:00 AM - 3:00 PM Friday: 8:00 AM - 3:00 PM Saturday: 8:00 AM - 3:00 PM ","http://www.townofmontville.org/Content/Public_Works/","41.464056","-72.155797","5.94265242447269","Alkaline/Single-Use Batteries; Aluminum Cans; Antifreeze; Cardboard; Clothing; Compact Fluorescent Lights; Computer (Recycling); Hard Drives; Computer Monitors; Computer Paper; Dehumidifiers; Drink Boxes; Electronics; Fluorescent Lamps/Tubes; Furniture; Laptop Computers; Large Household Appliances; Lead Acid (Pb) Batteries; Leaves; Milk Cartons; Newspapers; Ni-Cd Batteries; Office Paper; Oil Filters; Paper (Mixed); Paper Egg Cartons; Plastic #1 (PETE); Plastic #2 (HDPE); Plastic #3 (PVC); Plastic #4 (LDPE); Plastic #5 (Polypropylene); Plastic #6 (Polystyrene); Plastic #7; Printers/Scanners/Fax Machines; Propane Tanks; Refrigerators; Scrap Metal; Small Electronics; Small Televisions; Televisions; Tin or Steel Cans; Unused Paper; Used Motor Oil; Used Tires","false","true","","","false","false","false","false"
"USPS Post Office Box Lobby Recycling Program","US Post Office","103 S Main St","Colchester","New London","CT","06415","8002758777","0","","https://www.usps.com/","41.57147","-72.33096","6.66759018633756","Catalogs; Greeting Cards; Magazines; Paper (Mixed)","false","true","","","false","false","false","false"
"US Post Office","USPS Discarded Lobby Mail Recycling Program","103 S Main St","Colchester","New London","CT","06415","0","0","","","41.57147","-72.33096","6.66759018633756","Video Game Consoles; PlayStation Consoles","false","true","","","false","false","false","false"
"911 Cell Phone Bank - Coldwell Bankerhonigbell","911 Cell Phone Bank - Coldwell Bankerhonigbell","95 Norwich Ave","Colchester","New London","CT","06415","8662907864","0","","http://www.911cellphonebank.org/","41.57498","-72.32701","6.7807054681923","Cell Phones; Cameras; Laptop Computers; MP3 Players; Video Games; Video Game Consoles; Smart watches & Apple Watch®
","false","true","Please call to verify drop-off procedures and directions to the location.  For prepaid shipping labels, visit http://www.911cellphonebank.org/drop-off-locations.asp - click on "print shipping label."","","false","false","false","false"
"Bozrah Home & Hardware Inc.","Bozrah Home & Hardware Inc.","366 Salem Tpke","Bozrah","New London","CT","06334","8608861914","0","","http://www.doitbest.com/","41.50626","-72.13666","6.81064920834316","Cell Phones; Ni-Cd Batteries; Li-Ion Batteries; Ni-MH Batteries; Ni-Zn Batteries; Small Sealed Lead Acid Batteries; Video Game Consoles; PlayStation Consoles","false","true","The U.S. EPA estimates that more than 350 million rechargeable batteries are purchased annually in the U.S. Thanks to the environmental commitment of this location, its easy and free to recycle your batteries. Bring your rechargeable batteries to this location and look for the recycling box or ask an associate how you can do your part for the environment.","","false","false","false","false"
"AT&T Wireless","AT&T Wireless","95 Linwood Avenue","Colchester","New London","CT","06415","8609866663","0","","http://www.att.com/","41.57248","-72.33516","6.83898471394536","Cell Phones; Ni-Cd Batteries; Batteries (Rechargeable); Cell Phone Batteries; Tablets; Li-Ion Batteries; Video Game Consoles; PlayStation Consoles","false","true","Receive an AT&T Promotion Card worth the trade-in value of your smartphone, tablet, or netbook. You can also donate the trade-in value to Cell Phones for Soldiers.","","false","false","false","false"
"USPS Post Office Box Lobby Recycling Program","US Post Office","26 Gilman Rd","Gilman","New London","CT","06336","8002758777","0","","https://www.usps.com/","41.57877","-72.19678","7.21553143078011","Catalogs; Greeting Cards; Magazines; Paper (Mixed)","false","true","","","false","false","false","false"
"US Post Office","USPS Discarded Lobby Mail Recycling Program","26 Gilman Rd","Gilman","New London","CT","06336","0","0","","","41.57877","-72.19678","7.21553143078011","Video Game Consoles; PlayStation Consoles","false","true","","","false","false","false","false"
"US Post Office","USPS Discarded Lobby Mail Recycling Program","292 Salem Tpke","Norwich","New London","CT","06360","0","0","","","41.5069","-72.12656","7.33265700396582","Video Game Consoles; PlayStation Consoles","false","true","","","false","false","false","false"
"Blue Rhino Exchange - Main's Country Store","Blue Rhino Exchange - Main's Country Store","318 Fitchville Rd","Bozrah","New London","CT","06334","8608875509","0","","http://www.bluerhino.com","41.56542","-72.16744","7.38477813929582","Propane Tank Exchange; Video Game Consoles; PlayStation Consoles","false","true","","","false","false","false","false"
"Montville Curbside Recycling","Montville Curbside Recycling","225 Maple Ave","Uncasville","New London","CT","06382","8608487473","0","","http://www.townofmontville.org/Content/Curbside_Recycling_Pickup/","41.448","-72.13167","7.48701475188708","Aluminum Cans; Book Recycling; Brown Paper Bags; Cardboard; Catalogs; Drink Boxes; Glass (Blue); Glass (Brown); Glass (Clear); Glass (Green); Magazines; Milk Cartons; Newspapers; Office Paper; Paper (Mixed); Paper Egg Cartons; Paperboard; Phone books; Plastic #1 (PETE); Plastic #2 (HDPE); Plastic #3 (PVC); Plastic #4 (LDPE); Plastic #5 (Polypropylene); Plastic #6 (Polystyrene); Plastic #7; Tin or Steel Cans; Unused Paper","false","false","","","true","false","false","false"
"Walmart","","220 Salem Turnpike","Norwich","","CT","6360","8608897745","0","","https://www.walmart.com/","41.5047984","-72.1225789","7.51195658730509","","false","false","","","false","false","false","false"
"Walmart Tire and Lube Express","","220 Salem Turnpike","Norwich","","CT","6360","8608897745","0","","https://www.walmart.com/cp/ideas/8932632","41.5047984","-72.1225789","7.51195658730509","","false","false","","","false","false","false","false"
"USPS Post Office Box Lobby Recycling Program","US Post Office","293 Route 163","Montville","New London","CT","06353","8002758777","0","","https://www.usps.com/","41.44908","-72.12992","7.54421430720202","Catalogs; Greeting Cards; Magazines; Paper (Mixed)","false","true","","","false","false","false","false"
"US Post Office","USPS Discarded Lobby Mail Recycling Program","293 Route 163","Montville","New London","CT","06353","0","0","","","41.44908","-72.12992","7.54421430720202","Video Game Consoles; PlayStation Consoles","false","true","","","false","false","false","false"
"Easter Seals Goodwill Industries Rehabilitation Center Inc. - Dell Reconnect Donation Site","","201 Salem Turnpike","Norwich","","CT","6360","8602040018","0","","","41.508517","-72.1207865","7.64660403542212","","false","false","","","false","false","false","false"
"Norwich Goodwill Store & Donation Center","","201 Salem Turnpike","Norwich","","CT","6360","8602040018","0","","","41.508517","-72.1207865","7.64660403542212","","false","false","","","false","false","false","false"
"Walmart","Walmart","220 Salem Tpke","Norwich","New London","CT","06360","8608897745","0","","http://www.walmart.com","41.50834","-72.11932","7.71898694127867","Lead Acid (Pb) Batteries; Plastic Shopping Bags; Food Storage Bags; Video Game Consoles; PlayStation Consoles","false","true","","","false","false","false","false"
"Blue Rhino Exchange - Walmart #2170","Blue Rhino Exchange - Walmart #2170","220 Salem Tpke","Norwich","New London","CT","06360","8608897745","0","","http://www.bluerhino.com","41.50834","-72.11932","7.71898694127867","Propane Tank Exchange; Video Game Consoles; PlayStation Consoles","false","true","","","false","false","false","false"
"Walmart Tire & Lube Express","Walmart Tire & Lube Express","220 Salem Tpke","Norwich","New London","CT","06360","8608897745","0","","http://www.walmart.com/catalog/catalog.gsp?cat=495843","41.50834","-72.11932","7.71898694127867","Lead Acid (Pb) Batteries; Used Motor Oil; Oil Filters; Video Game Consoles; PlayStation Consoles","false","true","","","false","false","false","false"
"USPS Post Office Box Lobby Recycling Program","US Post Office","181 Fitchville Rd","Bozrah","New London","CT","06334","8002758777","0","","https://www.usps.com/","41.56658","-72.15177","8.01994600535128","Catalogs; Greeting Cards; Magazines; Paper (Mixed)","false","true","","","false","false","false","false"
"US Post Office","USPS Discarded Lobby Mail Recycling Program","181 Fitchville Rd","Bozrah","New London","CT","06334","0","0","","","41.56658","-72.15177","8.01994600535128","Video Game Consoles; PlayStation Consoles","false","true","","","false","false","false","false"
"Connecticut Scrap LLC","","33 Pequot Road ","Uncasville","","CT","6382","8608483366","0","","http://www.connecticutscrap.com/","41.4433504","-72.1210642","8.11679313091766","","false","false","","","false","false","false","false"
"Connecticut Scrap LLC","Connecticut Scrap LLC","33 Pequot Rd","Uncasville","New London","CT","06382","8608483366","8603834473","Monday: 8:00 AM - 5:00 PM Tuesday: 8:00 AM - 5:00 PM Wednesday: 8:00 AM - 5:00 PM Thursday: 8:00 AM - 5:00 PM Friday: 8:00 AM - 5:00 PM Saturday: 8:00 AM - 11:59 PM ","http://www.connecticutscrap.com","41.44284","-72.12098","8.13434290037399","Aerosol Spray Cans; Aluminum Cans; Aluminum; Car; Bikes; Lead Acid (Pb) Batteries; Computer (Recycling); Electronics; Ferrous Metals (Steel or Iron); Large Household Appliances; Lawn Equipment; Clothes Hangers (Metal); Non-ferrous (Copper/Brass/Tin); Propane Tanks; Alkaline/Single-Use Batteries; Holiday Lights; Small Appliances; Vacuum Cleaners; Cables & Connectors; Wire; Air Conditioners; Refrigerators; VCRs; DVD Players/Blu-Ray Players/DVRs; Exercise Equipment; Catalytic Converters; Non PCB Ballasts; Radiators; Motors; Industrial Equipment; Video Game Consoles; PlayStation Consoles","false","true","","","false","false","false","false"
"Rogers Road Transfer Station","","73 Rogers Rd","Norwich","","CT","6360","8608233796","0","","http://www.norwichct.org","41.5387541","-72.121223","8.26816110243914","","false","false","","","false","false","false","false"
"Norwich Transfer Station","Norwich Transfer Station","73 Rogers Rd ","Norwich","New London County","CT","06360","8608233798","0","","http://www.norwichct.org/content/43/131/default.aspx","41.5387538","-72.1212228","8.26816171979754","Electronics; MP3 Players; Video Game Consoles; PlayStation Consoles","false","true","","","false","false","false","false"
"Rogers Road Transfer Station","Rogers Road Transfer Station","73 Rogers Rd ","Norwich","New London County","CT","06360","0","0","Monday: 8:00 AM - 11:00 AM Tuesday: 8:00 AM - 11:00 AM Wednesday: 8:00 AM - 11:00 AM Thursday: 8:00 AM - 11:00 AM Friday: 8:00 AM - 11:00 AM ","http://ct-norwich.civicplus.com/Facilities/Facility/Details/Transfer-Station-47","41.5387538","-72.1212228","8.26816171979754","Air Conditioners; Antifreeze; Brush; Cardboard; Cell Phone Batteries; Computer (Recycling); Hard Drives; Computer Monitors; Computer Paper; Dehumidifiers; Drink Boxes; Laptop Computers; Lead Acid (Pb) Batteries; Leaves; Li-Ion Batteries; Newspapers; Ni-Cd Batteries; Office Paper; Plastic #1 (PETE); Plastic #2 (HDPE); Refrigerators; Scrap Metal; Small Sealed Lead Acid Batteries; Small Televisions; Televisions; Used Motor Oil; Used Tires","false","true","","","false","false","false","false"
"Colchester Transfer Station","Colchester Transfer Station","89 Old Amston Rd","Colchester","","CT","06415","8605373169","0","Tuesday: 8:00 AM - 3:00 PM Saturday: 8:00 AM - 3:00 PM ","http://www.colchesterct.gov/","41.598004","-72.331047","8.30429572506576","Plastic #1 (PETE); Plastic #2 (HDPE); Plastic #2 (Color HDPE); Plastic #3 (PVC); Plastic #4 (LDPE); Plastic #5 (Polypropylene); Plastic #6 (Polystyrene); Plastic #7; Aerosol Spray Cans; Aluminum Cans; Book Recycling; Cardboard; Drink Boxes; Magazines; Milk Cartons; Paper (Mixed); Newspapers; Glass (Other); Phone books; Tin or Steel Cans; Office Paper; Video Game Consoles; PlayStation Consoles","false","true","Please see website for details.","","false","false","false","false"
"Colchester Transfer Station","Colchester Transfer Station","89 Old Amston Rd ","Colchester","New London County","CT","06415","8605373169","0","Tuesday: 8:00 AM - 3:00 PM Saturday: 8:00 AM - 3:00 PM ","http://www.colchesterct.gov/","41.598004","-72.331047","8.30429572506576","Aluminum Cans; Brown Paper Bags; Cardboard; Catalogs; Computer (Recycling); Hard Drives; Computer Monitors; Computer Paper; Drink Boxes; Glass (Brown); Glass (Clear); Glass (Green); Laptop Computers; Magazines; Milk Cartons; Newspapers; Office Paper; Paper (Mixed); Paper Egg Cartons; Paperboard; Plastic #1 (PETE); Plastic #2 (HDPE); Plastic #3 (PVC); Plastic #4 (LDPE); Plastic #5 (Polypropylene); Plastic #6 (Polystyrene); Plastic #7; Printers/Scanners/Fax Machines; Scrap Metal; Small Televisions; Televisions; Tin or Steel Cans; Unused Paper","false","true","","","false","false","false","false"
"Colchester Curbside Recycling","Colchester Curbside Recycling","89 Old Amston Rd ","Colchester","New London County","CT","06415","8605373169","0","","http://www.colchesterct.gov/","41.598004","-72.331047","8.30429572506576","Aluminum Cans; Brown Paper Bags; Cardboard; Catalogs; Aerosol Spray Cans; Book Recycling; Computer Paper; Glass (Brown); Glass (Clear); Glass (Green); Magazines; Milk Cartons; Newspapers; Office Paper; Paper (Mixed); Paper Egg Cartons; Paperboard; Phone books; Plastic #1 (PETE); Plastic #2 (HDPE); Plastic #3 (PVC); Plastic #4 (LDPE); Plastic #5 (Polypropylene); Plastic #6 (Polystyrene); Plastic #7; Rigid Plastics; Tin or Steel Cans","false","false","","","true","false","false","false"
"Town of Colchester Transfer Station","","89 Old Amston Rd","Colchester","","CT","6415","8605373169","0","","","41.598004","-72.331047","8.30429572506576","","false","false","","","false","false","false","false"
"USPS Post Office Box Lobby Recycling Program","US Post Office","225 Boston Post Rd","East Lyme","New London","CT","06333","8002758777","0","","https://www.usps.com/","41.37083","-72.22807","8.33748200975482","Catalogs; Greeting Cards; Magazines; Paper (Mixed)","false","true","","","false","false","false","false"
"US Post Office","USPS Discarded Lobby Mail Recycling Program","225 Boston Post Rd","East Lyme","New London","CT","06333","0","0","","","41.37083","-72.22807","8.33748200975482","Video Game Consoles; PlayStation Consoles","false","true","","","false","false","false","false"
"Staples","null","45 Salem Turnpike","Norwich","","CT","06360","8608868870","0","","https://www.staples.com/sbd/cre/marketing/sustainability-center/recycling-services/","41.5147063","-72.1079194","8.38477978237674","Alkaline/Single-Use Batteries; Batteries (Rechargeable); Cell Phone Batteries; Li-Ion Batteries; Ni-Cd Batteries; Ni-MH Batteries; Small Sealed Lead Acid Batteries; Alkaline/Single-Use Batteries; Button Batteries; Non-rechargeable lithium batteries; Cell Phones","false","true","","Call2Recycle","false","false","false","false"
"Staples","Staples","45 Salem Turnpike","Norwich","New London County","CT","06360","8608868870","0","Monday: 8:00 AM - 9:00 PM Tuesday: 8:00 AM - 9:00 PM Wednesday: 8:00 AM - 9:00 PM Thursday: 8:00 AM - 9:00 PM Friday: 8:00 AM - 9:00 PM Saturday: 9:00 AM - 9:00 PM Sunday: 10:00 AM - 6:00 PM ","https://www.staples.com/recycle","41.514893","-72.1078605","8.39057794581662","AC Power Plugs; Batteries (Rechargeable); Cables & Connectors; Cell Phone Batteries; Cell Phones; Computer (Recycling); Hard Drives; Computer Monitors; Cameras; DVD Players/Blu-Ray Players/DVRs; Electronics; E-Readers; GPS Units; Headphones; Inkjet Printer Cartridges; Laptop Computers; Laser Toner Cartridges; Li-Ion Batteries; MP3 Players; Network Equipment; Ni-Cd Batteries; Ni-MH Batteries; Ni-Zn Batteries; Computer Peripherals; Portable Media Players; Printers/Scanners/Fax Machines; Small Electronics; Small Sealed Lead Acid Batteries; Stereo Equipment; Tablets; Telephones; UPS Batteries/Backup Systems; VCRs; Video Game Systems; Blu-Ray Players; Digital Converter Boxes; Video Game Consoles; PlayStation Consoles; Alkaline/Single-Use Batteries","false","true","NO TVs; Limit 6 CEDs per day; ","Sony, Vizio, OEM","false","false","false","false"
"Town and Country Store","Town and Country Store
","39 Town St ","East Haddam","New London County","CT","06423","5404791343","0","Sunday: 10:00 AM - 8:00 PM Monday: 9:00 AM - 8:00 PM Tuesday: 9:00 AM - 8:00 PM Wednesday: 9:00 AM - 8:00 PM Thursday: 9:00 AM - 8:00 PM Friday: 9:00 AM - 9:00 PM Saturday: 9:00 AM - 9:00 PM ","http://www.fredgoodwill.org/","41.424207","-72.4039841","8.39773992676667","Car Donation; Clothing; Computer (Reuse); Household Goods; Video Game Consoles; PlayStation Consoles","false","true","","","false","false","false","false"
"Home Depot","","1932 Norwich-New London ","Uncasville","","CT","6382","8608489217","0","","https://ecooptions.homedepot.com/","41.4812884","-72.1038467","8.40694185618855","Batteries (Rechargeable); Cell Phone Batteries; Li-Ion Batteries; Ni-Cd Batteries; Ni-MH Batteries; Small Sealed Lead Acid Batteries","false","true","","Call2Recycle","false","false","false","false"
"Metro Sport","Metro Sport","37 Town St ","East Haddam","New London County","CT","06423","6503216453","0","Monday: 10:00 AM - 8:00 PM Tuesday: 10:00 AM - 8:00 PM Wednesday: 10:00 AM - 8:00 PM Thursday: 10:00 AM - 8:00 PM Friday: 10:00 AM - 8:00 PM Saturday: 10:00 AM - 6:00 PM Sunday: 11:00 AM - 6:00 PM ","","41.4243911","-72.4044585","8.41197487374112","Clothing; Video Game Consoles; PlayStation Consoles","false","true","This service is provided in partnership with the Nike Reuse-A-Shoe program. Athletic shoes are collected across the nation at participating locations and sent to Nike where they are recycled into reusable material.","","false","false","false","false"
"USPS Post Office Box Lobby Recycling Program","US Post Office","1 Ferry Rd","Hadlyme","New London","CT","06439","8002758777","0","","https://www.usps.com/","41.42121","-72.40222","8.43200048952006","Catalogs; Greeting Cards; Magazines; Paper (Mixed)","false","true","","","false","false","false","false"
"US Post Office","USPS Discarded Lobby Mail Recycling Program","1 Ferry Rd","Hadlyme","New London","CT","06439","0","0","","","41.42121","-72.40222","8.43200048952006","Video Game Consoles; PlayStation Consoles","false","true","","","false","false","false","false"
"Waterford Transfer Station","Waterford Transfer Station","1000 Hartford Tpke","Waterford","New London","CT","06385","8604445864","0","","http://www.waterfordct.org/","41.3931","-72.16327","8.45008977113146","Air Conditioners; Brush; Cardboard; Computer Monitors; Construction Materials; Dehumidifiers; Furniture; Large Household Appliances; Leaves; Printers/Scanners/Fax Machines; Refrigerators; Small Televisions; Televisions; Used Motor Oil; Used Tires","false","true","","","false","false","false","false"
"Blue Rhino Exchange - Chucky's #01","Blue Rhino Exchange - Chucky's #01","489 New London Tpke","Norwich","New London","CT","06360","8608891723","0","","http://www.bluerhino.com","41.51478","-72.10498","8.53433610634074","Propane Tank Exchange; Video Game Consoles; PlayStation Consoles","false","true","","","false","false","false","false"
"USPS Post Office Box Lobby Recycling Program","US Post Office","1587 Norwich New London Tpke","Uncasville","New London","CT","06382","8002758777","0","","https://www.usps.com/","41.46851","-72.10284","8.55446848411203","Catalogs; Greeting Cards; Magazines; Paper (Mixed)","false","true","","","false","false","false","false"
"US Post Office","USPS Discarded Lobby Mail Recycling Program","1587 Norwich New London Tpke","Uncasville","New London","CT","06382","0","0","","","41.46851","-72.10284","8.55446848411203","Video Game Consoles; PlayStation Consoles","false","true","","","false","false","false","false"
"Home Depot","Home Depot","1932 Norwich-New London Turnpike ","Montville","New London County","CT","06382","8608489217","0","","http://www.homedepot.com","41.4773159","-72.0997","8.64083513179692","Compact Fluorescent Lights; Batteries (Rechargeable); Video Game Consoles; PlayStation Consoles","false","true","Home Depot accepts compact fluorescent bulbs and used power tool rechargeable batteries. Look for the orange drop boxes, usually located near the front entrance near the customer service desk.","","false","false","false","false"
"Call2Recycle at the Home Depot","Call2Recycle at the Home Depot","1932 Norwich-new London Tpke","Uncasville","New London County","CT","06382","8608489217","0","","http://www.homedepot.com/","41.4773159","-72.0997","8.64083513179692","Cell Phones; Compact Fluorescent Lights; Ni-Cd Batteries; Li-Ion Batteries; Ni-MH Batteries; Ni-Zn Batteries; Small Sealed Lead Acid Batteries; Video Game Consoles; PlayStation Consoles","false","true","The Home Depot accepts used rechargeable batteries and compact fluorescent bulbs. Look for the orange drop boxes, usually located near the front entrance near the customer service desk, or ask a store associate for more details.","","false","false","false","false"
"AT&T Wireless","AT&T Wireless","2020 Norwich-New London Tnpk","Uncasville","New London","CT","06382","8608382661","0","","http://www.att.com/","41.47992","-72.09938","8.64353385962987","Cell Phones; Ni-Cd Batteries; Batteries (Rechargeable); Cell Phone Batteries; Tablets; Li-Ion Batteries; Video Game Consoles; PlayStation Consoles","false","true","Receive an AT&T Promotion Card worth the trade-in value of your smartphone, tablet, or netbook. You can also donate the trade-in value to Cell Phones for Soldiers.","","false","false","false","false"
"RadioShack","RadioShack","624 W Main St","Norwich","New London","CT","06360","8608876336","0","Monday: 9:00 AM - 9:00 PM Tuesday: 9:00 AM - 9:00 PM Wednesday: 9:00 AM - 9:00 PM Thursday: 9:00 AM - 9:00 PM Friday: 9:00 AM - 9:00 PM Saturday: 9:00 AM - 9:00 PM Sunday: 10:00 AM - 7:00 PM ","http://www.radioshack.com","41.51556","-72.10173","8.71013973862549","Cell Phones; Ni-Cd Batteries; Batteries (Rechargeable); Video Game Consoles; PlayStation Consoles","false","true","","","false","false","false","false"
"Call2Recycle at RadioShack","Call2Recycle at RadioShack","624 W Main St","Norwich","New London","CT","06360","2038876336","0","","http://www.radioshack.com/","41.51556","-72.10173","8.71013973862549","Cell Phones; Ni-Cd Batteries; Li-Ion Batteries; Ni-MH Batteries; Ni-Zn Batteries; Small Sealed Lead Acid Batteries; Video Game Consoles; PlayStation Consoles","false","true","As the first national retailer to partner with Call2Recycle, RadioShack is at the forefront of the rechargeable battery recycling cause and is pleased to offer battery recycling at thousands of convenient RadioShack locations for free.  Simply drop them off at your local RadioShack and theyll take care of the rest.  Ask a store associate for more details.","","false","false","false","false"
"Monro","Monro","557 W Main St","Norwich","New London","CT","06360","8608868266","0","Monday: 7:30 AM - 7:00 PM Tuesday: 7:30 AM - 7:00 PM Wednesday: 7:30 AM - 7:00 PM Thursday: 7:30 AM - 7:00 PM Friday: 7:30 AM - 7:00 PM Saturday: 7:30 AM - 4:00 PM ","http://monro.com","41.51599","-72.10113","8.74691174468281","Used Motor Oil; Video Game Consoles; PlayStation Consoles","false","true","","","false","false","false","false"
"The Parcel Centre LLC","","153 Boston Post Rd","East Lyme","","CT","6333","8607392492","0","","","41.3662356","-72.2141248","8.83860045386169","","false","false","","","false","false","false","false"
"Shred Nations","Shred Nations (inside The Parcel Center)","153 Boston Post Rd","East Lyme","New London","CT","06333","8602952001","0","","http://www.shrednations.com/dropoff/location/east-lyme/3e48808a-30b8-6de4-1fd5-51a775a9aa69","41.36605","-72.21469","8.841968506432","Cell Phones; Computer (Recycling); Laptop Computers; Small Televisions; Documents to Shred; Video Game Consoles; PlayStation Consoles","true","true","Shred Nations offers document shredding, hard drive destruction, electronics recycling and more. Visit website for quotes and full list of services offered in your area. ","","false","false","false","false"
"USPS Post Office Box Lobby Recycling Program","US Post Office","131 Yantic Rd","Yantic","New London","CT","06389","8002758777","0","","https://www.usps.com/","41.56012","-72.12415","8.86620936522615","Catalogs; Greeting Cards; Magazines; Paper (Mixed)","false","true","","","false","false","false","false"
"US Post Office","USPS Discarded Lobby Mail Recycling Program","131 Yantic Rd","Yantic","New London","CT","06389","0","0","","","41.56012","-72.12415","8.86620936522615","Video Game Consoles; PlayStation Consoles","false","true","","","false","false","false","false"
"Blue Rhino Exchange - Chucky's #21","Blue Rhino Exchange - Chucky's #21","689 W Thames St","Norwich","New London","CT","06360","8608896299","0","","http://www.bluerhino.com","41.50133","-72.09538","8.87775736036616","Propane Tank Exchange; Video Game Consoles; PlayStation Consoles","false","true","","","false","false","false","false"
"Blue Rhino Exchange - Chucky's #09","Blue Rhino Exchange - Chucky's #09","568 Norwich New London Tpke","Uncasville","New London","CT","06382","8608487966","0","","http://www.bluerhino.com","41.44106","-72.10608","8.89574212104785","Propane Tank Exchange; Video Game Consoles; PlayStation Consoles","false","true","","","false","false","false","false"
"Blue Rhino Exchange - Southland #32517","Blue Rhino Exchange - Southland #32517","15 Route 32","North Franklin","New London","CT","06254","8608892641","0","","http://www.bluerhino.com","41.56392","-72.1256","8.9550518150207","Propane Tank Exchange; Video Game Consoles; PlayStation Consoles","false","true","","","false","false","false","false"
"Walgreens","Walgreens","399 W Main St","Norwich","New London","CT","06360","8608850389","0","","http://www.walgreens.com","41.51875","-72.09552","9.07270583323135","Cell Phones; Inkjet Printer Cartridges; Video Game Consoles; PlayStation Consoles","false","true","","","false","false","false","false"
"AutoZone","AutoZone","361 W Main St","Norwich","New London","CT","06360","8608866633","0","","http://www.autozone.com","41.51881","-72.09543","9.07819802762112","Lead Acid (Pb) Batteries; Used Motor Oil; Video Game Consoles; PlayStation Consoles","false","true","Most AutoZone stores accept used motor oil, transmission fluid, gear oil and automotive batteries. Call to see what your local store is currently accepting.","","false","false","false","false"
"Goodwill Industries","Goodwill Industries","315 W Main St","Norwich","New London","CT","06360","8602040018","0","Monday: 9:00 AM - 7:00 PM Tuesday: 9:00 AM - 7:00 PM Wednesday: 9:00 AM - 7:00 PM Thursday: 9:00 AM - 7:00 PM Friday: 9:00 AM - 7:00 PM Saturday: 9:00 AM - 7:00 PM Sunday: 10:00 AM - 4:00 PM ","","41.51881","-72.09543","9.07819802762112","Bikes; Books (Reuse); Clothing; CD/DVD/Blu-ray/UHD discs; Computer (Reuse); Gift Bags; Household Goods; Musical Instruments; Ornaments; Sporting Goods; Miscellaneous Tools; Children's Toys; Video Game Consoles; PlayStation Consoles","false","true","","","false","false","false","false"
"The PUMA Store","","1 Mohegan Sun Boulevard","Montville","","CT","6382","8608625213","0","","https://us.puma.com/en/us/home?locale=en_US&mktID=PL:Brand%252520Marketing:Puma.com-CatchAllPage:United%252520States-en&plinkID=Brand","41.4917982","-72.0903973","9.09270328120136","","false","false","","","false","false","false","false"
"Walgreens","Walgreens","1 Mohegan Sun Blvd","Uncasville","New London","CT","06382","8608599764","0","","http://www.walgreens.com","41.48959","-72.08913","9.15543794084591","Cell Phones; Inkjet Printer Cartridges; Video Game Consoles; PlayStation Consoles","false","true","","","false","false","false","false"
"Blue Rhino Exchange - Norwich Exxon","Blue Rhino Exchange - Norwich Exxon","406 W Main St","Norwich","New London","CT","06360","8608871104","0","","http://www.bluerhino.com","41.52039","-72.09278","9.23722083496114","Propane Tank Exchange; Video Game Consoles; PlayStation Consoles","false","true","","","false","false","false","false"
"Town of Norwich Battery Recycling Drop-off Site","","50 Clinton Avenue","Norwich","","CT","6360","8608233798","0","","http://www.norwichct.org","41.555262","-72.1103092","9.29555287037054","","false","false","","","false","false","false","false"
"Hebron Transfer Station","Hebron Transfer Station","550 Old Colchester Rd ","Hebron","Tolland County","CT","06231","8602282871","0","Tuesday: 7:30 AM - 4:00 PM Thursday: 7:30 AM - 4:00 PM Saturday: 7:30 AM - 4:00 PM Sunday: 7:30 AM - 2:00 PM ","http://www.hebronct.com/","41.6050608","-72.3550013","9.29868461693966","Plastic #1 (PETE); Plastic #2 (HDPE); Plastic #2 (Color HDPE); Plastic #3 (PVC); Plastic #4 (LDPE); Plastic #5 (Polypropylene); Plastic #6 (Polystyrene); Plastic #7; Aluminum Cans; Antifreeze; Glass (Brown); Lead Acid (Pb) Batteries; Cardboard; Glass (Clear); Clothing; Computer Paper; Construction Materials; Glass (Green); Furniture; Large Household Appliances; Leaves; Magazines; Paper (Mixed); Newspapers; Phone books; Batteries (Rechargeable); Tin or Steel Cans; Used Motor Oil; Used Tires; Office Paper; Yard Waste; Refrigerators; Computer (Recycling); Hard Drives; Computer Monitors; Laptop Computers; Printers/Scanners/Fax Machines; Small Televisions; Televisions","false","true","","","false","false","false","false"
"Hebron Transfer Station","","550 Old Colchester Road","Hebron","","CT","6248","8602282871","0","","https://hebronct.com","41.6050608","-72.3550013","9.29868461693966","","false","false","","","false","false","false","false"
"Connecticut Scrap LLC","","140 Connecticut 32","North Franklin","","CT","6254","8608483366","0","","http://www.connecticutscrap.com/","41.578689","-72.131869","9.34387223054426","","false","false","","","false","false","false","false"
"USPS Post Office Box Lobby Recycling Program","US Post Office","34 Falls Rd","Moodus","Middlesex","CT","06469","8002758777","0","","https://www.usps.com/","41.50556","-72.44582","9.38206358141855","Catalogs; Greeting Cards; Magazines; Paper (Mixed)","false","true","","","false","false","false","false"
"US Post Office","USPS Discarded Lobby Mail Recycling Program","34 Falls Rd","Moodus","Middlesex","CT","06469","0","0","","","41.50556","-72.44582","9.38206358141855","Video Game Consoles; PlayStation Consoles","false","true","","","false","false","false","false"
"Blue Rhino Exchange - Chucky's #58","Blue Rhino Exchange - Chucky's #58","162 W Town St","Norwich","New London","CT","06360","8608896127","0","","http://www.bluerhino.com","41.55463","-72.10717","9.41524993284129","Propane Tank Exchange; Video Game Consoles; PlayStation Consoles","false","true","","","false","false","false","false"
"Best Buy","Best Buy","913 Hartford Turnpike ","Waterford","New London County","CT","06385","8607010300","0","","https://www.bestbuy.com/recycle","41.3815389","-72.1520929","9.43559655188084","Large Household Appliances; Refrigerators; Televisions; AC Power Plugs; Batteries (Rechargeable); Cables & Connectors; Car Audio/Video Equipment; Cell Phone Batteries; Cell Phones; Computer (Recycling); Hard Drives; Computer Monitors; Cameras; DVD Players/Blu-Ray Players/DVRs; Electronics; E-Readers; GPS Units; Headphones; Inkjet Printer Cartridges; Laptop Computers; Laser Toner Cartridges; Li-Ion Batteries; MP3 Players; Network Equipment; Ni-Cd Batteries; Ni-MH Batteries; Ni-Zn Batteries; Computer Peripherals; Portable Media Players; Printers/Scanners/Fax Machines; Small Electronics; Small Sealed Lead Acid Batteries; Stereo Equipment; Tablets; Telephones; UPS Batteries/Backup Systems; VCRs; Video Game Systems; Blu-Ray Players; Digital Converter Boxes; Small Televisions; Video Game Consoles; PlayStation Consoles","true","true","3 e-waste items per day; $19.99 pick-up fee with delivery; $99.99 standalone pickup fee; TVs and Monitors not accepted at Best Buy Stores","Sony, Vizio, OEM","false","false","false","false"
"Best Buy","null","913 Hartford Tpke","Waterford","","CT","06385","8607010300","0","","https://www.bestbuy.com/site/services/recycling/pcmcat149900050025.c?id=pcmcat149900050025","41.3815389","-72.1520929","9.43559655188084","","false","false","","","false","false","false","false"
"Advance Auto Parts","Advance Auto Parts","270 W Main St","Norwich","New London","CT","06360","8608866333","0","Monday: 7:00 AM - 9:00 PM Tuesday: 7:00 AM - 9:00 PM Wednesday: 7:00 AM - 9:00 PM Thursday: 7:00 AM - 9:00 PM Friday: 7:00 AM - 9:00 PM Saturday: 7:00 AM - 9:00 PM Sunday: 10:00 AM - 8:00 PM ","http://www.advanceautoparts.com","41.523","-72.08861","9.49076214380575","Lead Acid (Pb) Batteries; Used Motor Oil; Video Game Consoles; PlayStation Consoles","false","true","","","false","false","false","false"
"Verizon Wireless","Verizon Wireless","819 Hartford Tpke","Waterford","New London","CT","06385","8666444532","0","","http://www.verizonwireless.com/","41.38043","-72.15166","9.5094816024782","Cell Phones; Cell Phone Batteries; Video Game Consoles; PlayStation Consoles","false","true","<A Href="https://www.trade-in.vzw.com/home.aspx">
The Verizon Wireless Trade-In Program</A> allows you to trade in your used handset or tablet in a convenient and responsible way. 
<P>
<P>
Verizon Wireless works every day to protect our environment and give our customers opportunities to do the same. <A Href="http://aboutus.vzw.com/Green_Initiative/overview.html">Click here</A> for more examples of the earth-friendly initiatives and programs Verizon Wireless is proud to offer and support.","","false","false","false","false"
"Firestone Complete Auto Care Store","Firestone Complete Auto Care Store","251 W Main St","Norwich","New London","CT","06360","8602374786","0","","http://www.firestonecompleteautocare.com/","41.5233","-72.08819","9.51703635435536","Lead Acid (Pb) Batteries; Used Motor Oil; Video Game Consoles; PlayStation Consoles","false","true","","","false","false","false","false"
"Blue Rhino Exchange - 7-11","Blue Rhino Exchange - 7-11","4 Falls Rd ","East Haddam","Middlesex County","CT","06469","8608732122","0","","http://www.bluerhino.com","41.5029697","-72.4496075","9.55576426582622","Propane Tank Exchange; Video Game Consoles; PlayStation Consoles","false","true","","","false","false","false","false"
"Firestone Complete Auto Care","","251 West Main Street","Norwich","","CT","6360","8608899897","0","","https://www.firestonecompleteautocare.com/","41.5237009","-72.0873217","9.56753341415786","","false","false","","","false","false","false","false"
"Target","Target","900 Hartford Tpke","Waterford","New London","CT","06385","8604423300","0","","http://www.target.com/","41.37967","-72.15083","9.57736063094154","Aluminum Cans; Cell Phones; Inkjet Printer Cartridges; MP3 Players; Plastic #1 (PETE); Plastic #2 (HDPE); Plastic Shopping Bags; Video Game Consoles; PlayStation Consoles","false","true","","","false","false","false","false"
"Blue Rhino Exchange - Stop & Shop","Blue Rhino Exchange - Stop & Shop","248 Flanders Rd","Niantic","New London","CT","06357","8007621142","0","","http://www.bluerhino.com","41.35421","-72.21352","9.64225945616051","Propane Tank Exchange; Video Game Consoles; PlayStation Consoles","false","true","","","false","false","false","false"
"Easter Seals Goodwill Industries Rehabilitation Center Inc. - Dell Reconnect Donation Site","","214 Flanders Road SuiteB","East Lyme","","CT","6357","8606913355","0","","","41.3537542","-72.2110711","9.70892007941782","","false","false","","","false","false","false","false"
"East Lyme Goodwill Attended Donation Center","","214 Flanders Rd","East Lyme","","CT","6357","8606913355","0","","","41.3537542","-72.2110711","9.70892007941782","","false","false","","","false","false","false","false"
"Target Store","null","900 Hartford Tpke","Waterford","","CT","06385","8604423300","0","","https://corporate.target.com/corporate-responsibility/planet","41.3765636","-72.1501286","9.76853221632349","","false","false","","","false","false","false","false"
"Verizon Wireless","Verizon Wireless","125 Cross Rd","Waterford","New London","CT","06385","8604370429","8604370588","","http://www.verizonwireless.com/","41.36787","-72.16528","9.81015002814986","Cell Phones; Cell Phone Batteries; Video Game Consoles; PlayStation Consoles","false","true","<A Href="https://www.trade-in.vzw.com/home.aspx">
The Verizon Wireless Trade-In Program</A> allows you to trade in your used handset or tablet in a convenient and responsible way. 
<P>
<P>
Verizon Wireless works every day to protect our environment and give our customers opportunities to do the same. <A Href="http://aboutus.vzw.com/Green_Initiative/overview.html">Click here</A> for more examples of the earth-friendly initiatives and programs Verizon Wireless is proud to offer and support.","","false","false","false","false"
"911 Cell Phone Bank - RSVP of New London United Family Services","911 Cell Phone Bank - RSVP of New London United Family Services","47 Town St","Norwich","New London","CT","06360","8662907864","0","","http://www.911cellphonebank.org/","41.54754","-72.09291","9.85187018240752","Cell Phones; Cameras; Laptop Computers; MP3 Players; Video Games; Video Game Consoles; Smart watches & Apple Watch®
","false","true","Please call to verify drop-off procedures and directions to the location.  For prepaid shipping labels, visit http://www.911cellphonebank.org/drop-off-locations.asp - click on "print shipping label."","","false","false","false","false"
"911 Cell Phone Bank - RSVP Of Northeast Kansas","United Family Services","47 Town St","Norwich","New London","CT","06360","8662907864","0","","http://www.911cellphonebank.org/","41.54754","-72.09291","9.85187018240752","Cell Phones; Cameras; Laptop Computers; MP3 Players; Video Games; Video Game Consoles; Smart watches & Apple Watch®
","false","true","Please call to verify drop-off procedures and directions to the location.  For prepaid shipping labels, visit http://www.911cellphonebank.org/drop-off-locations.asp - click on "print shipping label."","","false","false","false","false"
"Laysville Center Hardware","Laysville Center Hardware","171 Boston Post Rd","Old Lyme","New London","CT","06371","8604347727","0","","http://www.call2recycle.org/","41.34784","-72.3003","9.85217191130386","Cell Phones; Ni-Cd Batteries; Li-Ion Batteries; Ni-MH Batteries; Ni-Zn Batteries; Small Sealed Lead Acid Batteries; Video Game Consoles; PlayStation Consoles","false","true","The U.S. EPA estimates that more than 350 million rechargeable batteries are purchased annually in the U.S. Thanks to the environmental commitment of this location, its easy and free to recycle your batteries. Bring your rechargeable batteries to this location and look for the recycling box or ask an associate how you can do your part for the environment.","","false","false","false","false"
"USPS Post Office Box Lobby Recycling Program","US Post Office","132 Old Norwich Rd","Quaker Hill","New London","CT","06375","8002758777","0","","https://www.usps.com/","41.40351","-72.11279","9.8555872521315","Catalogs; Greeting Cards; Magazines; Paper (Mixed)","false","true","","","false","false","false","false"
"US Post Office","USPS Discarded Lobby Mail Recycling Program","132 Old Norwich Rd","Quaker Hill","New London","CT","06375","0","0","","","41.40351","-72.11279","9.8555872521315","Video Game Consoles; PlayStation Consoles","false","true","","","false","false","false","false"
"Walmart Tire & Lube Express","Walmart Tire & Lube Express","155 Parkway N","Waterford","New London","CT","06385","8604473646","0","","http://www.walmart.com/catalog/catalog.gsp?cat=495843","41.36863","-72.16206","9.85585723557499","Lead Acid (Pb) Batteries; Used Motor Oil; Oil Filters; Video Game Consoles; PlayStation Consoles","false","true","","","false","false","false","false"
"Lowe's","","167 Waterford Parkway North","Waterford","","CT","6385","8607012000","0","","https://newsroom.lowes.com/responsibility/operational-excellence/","41.3696613","-72.1598333","9.86011858852613","Batteries (Rechargeable); Cell Phone Batteries; Li-Ion Batteries; Ni-Cd Batteries; Ni-MH Batteries; Small Sealed Lead Acid Batteries; Cell Phones","false","true","","Call2Recycle","false","false","false","false"
"Call2Recycle at Lowe's","Call2Recycle at Lowe's","167 Waterford Parkway North ","Waterford","New London County","CT","06385","8607012000","0","Monday: 6:00 AM - 10:00 PM Tuesday: 6:00 AM - 10:00 PM Wednesday: 6:00 AM - 10:00 PM Thursday: 6:00 AM - 10:00 PM Friday: 6:00 AM - 10:00 PM Saturday: 6:00 AM - 10:00 PM Sunday: 8:00 AM - 8:00 PM ","http://www.lowes.com/","41.3694973","-72.1590881","9.89109531905644","Cell Phones; Compact Fluorescent Lights; Ni-Cd Batteries; Plastic Shopping Bags; Li-Ion Batteries; Ni-MH Batteries; Ni-Zn Batteries; Small Sealed Lead Acid Batteries; Video Game Consoles; PlayStation Consoles","false","true","As an environmentally-committed retailer, Lowes offers a recycling center near store entrances to give consumers a free and easy way to properly dispose of rechargeable batteries, cell phones, CFLs and plastic shopping bags; materials that otherwise could be potentially harmful to the environment.  Look for the recycling center or ask a store associate for more details.","","false","false","false","false"
