name,description,address,city,region,province,postal_code,phone,fax,hours,url,latitude,longitude,distance,materials,pickup,dropoff,notes,groups,curbside,municipal,national,event_only
"USPS Post Office Box Lobby Recycling Program","US Post Office","223 Clark St","Milldale","Hartford","CT","06467","8002758777","0","","https://www.usps.com/","41.56676","-72.90392","0.705683022975694","Catalogs; Greeting Cards; Magazines; Paper (Mixed)","false","true","","","false","false","false","false"
"US Post Office","USPS Discarded Lobby Mail Recycling Program","223 Clark St","Milldale","Hartford","CT","06467","0","0","","","41.56676","-72.90392","0.705683022975694","Video Game Consoles; PlayStation Consoles","false","true","","","false","false","false","false"
"Home Depot","Home Depot","1816 Meriden-Waterbury Turnpike ","Southington","Hartford County","CT","06489","8602766837","0","","http://www.homedepot.com","41.563013","-72.90792","0.945205761137171","Compact Fluorescent Lights; Batteries (Rechargeable); Video Game Consoles; PlayStation Consoles","false","true","Home Depot accepts compact fluorescent bulbs and used power tool rechargeable batteries. Look for the orange drop boxes, usually located near the front entrance near the customer service desk.","","false","false","false","false"
"Call2Recycle at the Home Depot","Call2Recycle at the Home Depot","1816 Meriden-Waterbury Turnpike ","Southington","Hartford County","CT","06489","8602766837","0","","http://www.homedepot.com/","41.563013","-72.90792","0.945205761137171","Cell Phones; Compact Fluorescent Lights; Ni-Cd Batteries; Li-Ion Batteries; Ni-MH Batteries; Ni-Zn Batteries; Small Sealed Lead Acid Batteries; Video Game Consoles; PlayStation Consoles","false","true","The Home Depot accepts used rechargeable batteries and compact fluorescent bulbs. Look for the orange drop boxes, usually located near the front entrance near the customer service desk, or ask a store associate for more details.","","false","false","false","false"
"USPS Post Office Box Lobby Recycling Program","US Post Office","847 S Main St","Plantsville","Hartford","CT","06479","8002758777","0","","https://www.usps.com/","41.58516","-72.8917","0.990733664488422","Catalogs; Greeting Cards; Magazines; Paper (Mixed)","false","true","","","false","false","false","false"
"US Post Office","USPS Discarded Lobby Mail Recycling Program","847 S Main St","Plantsville","Hartford","CT","06479","0","0","","","41.58516","-72.8917","0.990733664488422","Video Game Consoles; PlayStation Consoles","false","true","","","false","false","false","false"
"Home Depot","","1816 Meriden Wtrby Tpke","Southington","","CT","6489","8602766837","0","","https://ecooptions.homedepot.com/","41.5615904","-72.9078055","1.04321071375539","Batteries (Rechargeable); Cell Phone Batteries; Li-Ion Batteries; Ni-Cd Batteries; Ni-MH Batteries; Small Sealed Lead Acid Batteries","false","true","","Call2Recycle","false","false","false","false"
"Southington Recycling Center","Southington Recycling Center","617 Old Turnpike Rd ","Southington","Hartford County","CT","06479","8602766211","0","","null","41.5784244","-72.8842951","1.18790155180517","Bikes; Compact Fluorescent Lights; Computer (Recycling); Hard Drives; Computer Monitors; Construction Materials; Electronics; Laptop Computers; Large Household Appliances; Lead Acid (Pb) Batteries; Mercury Containing Items; Printers/Scanners/Fax Machines; Refrigerators; Scrap Metal; Small Televisions; Televisions","false","true","Users required to obtain an annual sticker or one day pass from the Town Clerk's Office in Town Hall, 75 Main St,  prior to use of the transfer station.","","false","false","false","false"
"Southington Recycling Center - Bulk Waste Transfer Station","","Old Turnpike Road","Southington","","CT","6489","8602769430","0","","http://www.brrfoc.org/towns/southington/","41.5784973","-72.8842616","1.19014360453315","","false","false","","","false","false","false","false"
"Chuck & Eddie's Scrap Dealers","Chuck & Eddie's Scrap Dealers","384 Old Turnpike Rd","Plantsville","Hartford","CT","06479","8606289684","0","","http://www.chuckandeddies.com","41.58269","-72.8826","1.33549906901506","Car; Video Game Consoles; PlayStation Consoles","true","true","","","false","false","false","false"
"Wheels For Wishes","Wheels For Wishes","615 W Johnson Ave Ste 202","Cheshire","New Haven","CT","06410","8553729474","0","Monday: 7:00 AM - 10:00 PM Tuesday: 7:00 AM - 10:00 PM Wednesday: 7:00 AM - 10:00 PM Thursday: 7:00 AM - 10:00 PM Friday: 7:00 AM - 10:00 PM ","http://www.wheelsforwishes.org/","41.55559","-72.90906","1.46054883226667","Car Donation; Video Game Consoles; PlayStation Consoles","true","true","Cars, trucks, SUVs, RVs, motorcycles and boats are accepted. Wheels for Wishes will pick-up or tow away all vehicles, at no charge, whether the vehicles are running or not. Services are completely free of charge.","","false","false","false","false"
"USPS Post Office Box Lobby Recycling Program","US Post Office","2321 Meriden Waterbury Tpke","Marion","Hartford","CT","06444","8002758777","0","","https://www.usps.com/","41.56385","-72.93088","1.51297964710631","Catalogs; Greeting Cards; Magazines; Paper (Mixed)","false","true","","","false","false","false","false"
"US Post Office","USPS Discarded Lobby Mail Recycling Program","2321 Meriden Waterbury Tpke","Marion","Hartford","CT","06444","0","0","","","41.56385","-72.93088","1.51297964710631","Video Game Consoles; PlayStation Consoles","false","true","","","false","false","false","false"
"Make-A-Wish Car Donation","","615 West Johnson Avenue #202","Cheshire","","CT","6410","8553729474","0","","https://www.wheelsforwishes.org/connecticut/","41.5541424","-72.9103708","1.56607554193071","","false","false","","","false","false","false","false"
"Southington Twin Drive-In","","935 Meriden-Waterbury Turnpike","Plantsville","","CT","6479","9782842500","0","","","41.5636087","-72.8762831","1.83391022156771","","false","false","","","false","false","false","false"
"Southington Elks Lodge","","114 Main St","Southington","","CT","6489","9782842500","0","","","41.5999971","-72.8787322","2.18011780276449","","false","false","","","false","false","false","false"
"USPS Post Office Box Lobby Recycling Program","US Post Office","125 Main St","Southington","Hartford","CT","06489","8002758777","0","","https://www.usps.com/","41.59977","-72.878","2.19436020411017","Catalogs; Greeting Cards; Magazines; Paper (Mixed)","false","true","","","false","false","false","false"
"US Post Office","USPS Discarded Lobby Mail Recycling Program","125 Main St","Southington","Hartford","CT","06489","0","0","","","41.59977","-72.878","2.19436020411017","Video Game Consoles; PlayStation Consoles","false","true","","","false","false","false","false"
"Central Connecticut Recycling & Transfer, LLC","Central Connecticut Recycling & Transfer, LLC","22 Burton Dr","Cheshire","New Haven","CT","06410","2032721992","0","Saturday: 8:00 AM - 1:00 PM ","http://www.ajwastesystems.com/ccrt/","41.55015","-72.88376","2.19627642828292","Aluminum Cans; Antifreeze; Bed Mattresses; Box Springs; Brown Paper Bags; Cardboard; Computer (Recycling); Hard Drives; Computer Monitors; Computer Paper; Electronics; Glass (Brown); Glass (Clear); Glass (Green); Laptop Computers; Large Household Appliances; Grass Clippings; Leaves; Milk Cartons; Newspapers; Office Paper; Paper (Mixed); Paper Egg Cartons; Paperboard; Phone books; Plastic #1 (PETE); Plastic #2 (HDPE); Plastic #3 (PVC); Plastic #4 (LDPE); Plastic #5 (Polypropylene); Plastic #6 (Polystyrene); Plastic #7; Printers/Scanners/Fax Machines; Scrap Metal; Small Electronics; Small Televisions; Televisions; Tin or Steel Cans; Unused Paper; Used Motor Oil; Used Tires; Yard Waste; Video Game Consoles; PlayStation Consoles","false","true","Some items may have fees. Only cash is accepted from residents.","","false","false","false","false"
"Southington YMCA","","29 High St","Southington","","CT","6489","9782842500","0","","","41.6033682","-72.8796722","2.32745738899658","","false","false","","","false","false","false","false"
"Mary Our Queen Church","","248 Savage St","Plantsville","","CT","6479","9782842500","0","","","41.5655197","-72.8642406","2.34871393024536","","false","false","","","false","false","false","false"
"Lowe's","","500 Executive Boulevard South","Southington","","CT","6489","8603859193","0","","https://newsroom.lowes.com/responsibility/operational-excellence/","41.6114498","-72.9043445","2.4065116140253","","false","false","","","false","false","false","false"
"Target Store","null","600 Executive Blvd","Southington","","CT","06489","8604066754","0","","https://corporate.target.com/corporate-responsibility/planet","41.6112499","-72.9012749","2.40758332500062","","false","false","","","false","false","false","false"
"Blue Rhino Exchange - Stop & Shop #684","Blue Rhino Exchange - Stop & Shop #684","505 N Main St","Southington","Hartford","CT","06489","2036209161","0","","http://www.bluerhino.com","41.61327","-72.87428","3.04573507763913","Propane Tank Exchange; Video Game Consoles; PlayStation Consoles","false","true","","","false","false","false","false"
"Advance Auto Parts","","151 Queen St","Southington","","CT","6489","8606212331","0","","http://shop.advanceautoparts.com/webapp/wcs/stores/servlet/home___","41.6207194","-72.8723172","3.53524934174006","","false","false","","","false","false","false","false"
"Advance Auto Parts","Advance Auto Parts","151 Queen St","Southington","Hartford","CT","06489","8606212331","0","Monday: 7:00 AM - 9:00 PM Tuesday: 7:00 AM - 9:00 PM Wednesday: 7:00 AM - 9:00 PM Thursday: 7:00 AM - 9:00 PM Friday: 7:00 AM - 9:00 PM Saturday: 7:00 AM - 9:00 PM Sunday: 10:00 AM - 8:00 PM ","http://www.advanceautoparts.com","41.62129","-72.87319","3.5466993627114","Lead Acid (Pb) Batteries; Used Motor Oil; Video Game Consoles; PlayStation Consoles","false","true","","","false","false","false","false"
"Wolcott Recycling Center","Wolcott Recycling Center","48 Todd Rd","Wolcott","New Haven","CT","06716","2038798140","0","","http://www.wolcottct.org/","41.57554","-72.97843","3.68434681417811","Computer (Recycling); Computer Monitors; Laptop Computers; Printers/Scanners/Fax Machines; Small Televisions; Televisions","false","true","","","false","false","false","false"
"Firestone Complete Auto Care","","288 Queen Street","Southington","","CT","6489","8606289621","0","","https://www.firestonecompleteautocare.com/","41.6243765","-72.8737538","3.71987086090903","","false","false","","","false","false","false","false"
"Walmart","Walmart","235 Queen St","Southington","Hartford","CT","06489","8606219540","0","","http://www.walmart.com","41.62413","-72.87305","3.72187363444838","Lead Acid (Pb) Batteries; Plastic Shopping Bags; Food Storage Bags; Video Game Consoles; PlayStation Consoles","false","true","","","false","false","false","false"
"Blue Rhino Exchange - Walmart #2897","Blue Rhino Exchange - Walmart #2897","235 Queen St","Southington","Hartford","CT","06489","8606219540","0","","http://www.bluerhino.com","41.62413","-72.87305","3.72187363444838","Propane Tank Exchange; Video Game Consoles; PlayStation Consoles","false","true","","","false","false","false","false"
"Walmart","","235 Queen St","Southington","","CT","6489","8606219540","0","","https://www.walmart.com/","41.6231526","-72.870483","3.72817173396901","","false","false","","","false","false","false","false"
"Firestone Complete Auto Care Store","Firestone Complete Auto Care Store","288 Queen St","Southington","Hartford","CT","06489","8608630381","0","","http://www.firestonecompleteautocare.com/","41.62435","-72.87325","3.73040285190665","Lead Acid (Pb) Batteries; Used Motor Oil; Video Game Consoles; PlayStation Consoles","false","true","","","false","false","false","false"
"911 Cell Phone Bank - Charleston County Sheriffs Office","911 Cell Phone Bank - Charleston County Sheriffs Office","211 Nichols Rd","Wolcott","New Haven","CT","06716","8662907864","0","","http://www.911cellphonebank.org/","41.57859","-72.98091","3.81386828715341","Cell Phones; Cameras; Laptop Computers; MP3 Players; Video Games; Video Game Consoles; Smart watches & Apple Watch®
","false","true","Please call to verify drop-off procedures and directions to the location.  For prepaid shipping labels, visit http://www.911cellphonebank.org/drop-off-locations.asp - click on "print shipping label."","","false","false","false","false"
"Easter Seals Goodwill Industries Rehabilitation Center Inc. - Dell Reconnect Donation Site","","350 Queen Street","Southington","","CT","6489","8606210775","0","","","41.6262084","-72.8745324","3.8144802453233","","false","false","","","false","false","false","false"
"Southington Goodwill Store & Donation Center","","350 Queen St","Southington","","CT","6489","8606210775","0","","","41.6262084","-72.8745324","3.8144802453233","","false","false","","","false","false","false","false"
"Wolcott Electronics Recycling Center","","10 Kenea Ave","Wolcott","","CT","6716","2038798100","0","","https://wolcottct.org","41.6011258","-72.9744276","3.86449948801319","","false","false","","","false","false","false","false"
"AT&T Wireless","AT&T Wireless","405 Queen St","Southington","Hartford","CT","06489","8606280070","0","","http://www.att.com/","41.62751","-72.87349","3.91895131421496","Cell Phones; Ni-Cd Batteries; Batteries (Rechargeable); Cell Phone Batteries; Tablets; Li-Ion Batteries; Video Game Consoles; PlayStation Consoles","false","true","Receive an AT&T Promotion Card worth the trade-in value of your smartphone, tablet, or netbook. You can also donate the trade-in value to Cell Phones for Soldiers.","","false","false","false","false"
"Kohl's","","3776 East Main Street","Waterbury","","CT","6705","2035759238","0","","https://corporate.kohls.com/","41.5402546","-72.9654478","3.92611529628419","","false","false","","","false","false","false","false"
"Verizon Wireless","Verizon Wireless","75 Spring St","Southington","Hartford","CT","06489","8602762167","8602762169","","http://www.verizonwireless.com/","41.63087","-72.88237","3.95686159409555","Cell Phones; Cell Phone Batteries; Video Game Consoles; PlayStation Consoles","false","true","<A Href="https://www.trade-in.vzw.com/home.aspx">
The Verizon Wireless Trade-In Program</A> allows you to trade in your used handset or tablet in a convenient and responsible way. 
<P>
<P>
Verizon Wireless works every day to protect our environment and give our customers opportunities to do the same. <A Href="http://aboutus.vzw.com/Green_Initiative/overview.html">Click here</A> for more examples of the earth-friendly initiatives and programs Verizon Wireless is proud to offer and support.","","false","false","false","false"
"Call2Recycle at Lowe's","Call2Recycle at Lowe's","500 Executive Blvd","Southington","Hartford","CT","06489","8603859193","0","Monday: 6:00 AM - 10:00 PM Tuesday: 6:00 AM - 10:00 PM Wednesday: 6:00 AM - 10:00 PM Thursday: 6:00 AM - 10:00 PM Friday: 6:00 AM - 10:00 PM Saturday: 6:00 AM - 10:00 PM Sunday: 8:00 AM - 8:00 PM ","http://www.lowes.com/","41.63423","-72.90198","3.98499015055731","Cell Phones; Compact Fluorescent Lights; Ni-Cd Batteries; Plastic Shopping Bags; Li-Ion Batteries; Ni-MH Batteries; Ni-Zn Batteries; Small Sealed Lead Acid Batteries; Video Game Consoles; PlayStation Consoles; Batteries (Rechargeable); Cell Phone Batteries; Li-Ion Batteries; Ni-Cd Batteries; Ni-MH Batteries; Small Sealed Lead Acid Batteries; Cell Phones","false","true","As an environmentally-committed retailer, Lowes offers a recycling center near store entrances to give consumers a free and easy way to properly dispose of rechargeable batteries, cell phones, CFLs and plastic shopping bags; materials that otherwise could be potentially harmful to the environment.  Look for the recycling center or ask a store associate for more details.","Call2Recycle","false","false","false","false"
"Monro","Monro","445 Queen St","Southington","Hartford","CT","06489","8606289488","0","Monday: 7:30 AM - 7:00 PM Tuesday: 7:30 AM - 7:00 PM Wednesday: 7:30 AM - 7:00 PM Thursday: 7:30 AM - 7:00 PM Friday: 7:30 AM - 7:00 PM Saturday: 7:30 AM - 4:00 PM ","http://monro.com","41.62888","-72.87366","4.00017308723642","Used Motor Oil; Video Game Consoles; PlayStation Consoles","false","true","","","false","false","false","false"
"Monro","","445 Queen Street","Southington","","CT","6489","8606289488","0","","https://www.monro.com/","41.6288439","-72.8731954","4.00837440031236","","false","false","","","false","false","false","false"
"Target","Target","600 Executive Blvd","Southington","Hartford","CT","06489","8604066754","0","","http://www.target.com/","41.63805","-72.90094","4.25207727696157","Aluminum Cans; Cell Phones; Inkjet Printer Cartridges; MP3 Players; Plastic #1 (PETE); Plastic #2 (HDPE); Plastic Shopping Bags; Video Game Consoles; PlayStation Consoles","false","true","","","false","false","false","false"
"Staples","Staples","672 Queen Street","Southington","Hartford County","CT","06489","8606280801","0","Monday: 8:00 AM - 9:00 PM Tuesday: 8:00 AM - 9:00 PM Wednesday: 8:00 AM - 9:00 PM Thursday: 8:00 AM - 9:00 PM Friday: 8:00 AM - 9:00 PM Saturday: 9:00 AM - 9:00 PM Sunday: 10:00 AM - 6:00 PM ","https://www.staples.com/recycle","41.6346279","-72.8754151","4.32637661053002","AC Power Plugs; Batteries (Rechargeable); Cables & Connectors; Cell Phone Batteries; Cell Phones; Computer (Recycling); Hard Drives; Computer Monitors; Cameras; DVD Players/Blu-Ray Players/DVRs; Electronics; E-Readers; GPS Units; Headphones; Inkjet Printer Cartridges; Laptop Computers; Laser Toner Cartridges; Li-Ion Batteries; MP3 Players; Network Equipment; Ni-Cd Batteries; Ni-MH Batteries; Ni-Zn Batteries; Computer Peripherals; Portable Media Players; Printers/Scanners/Fax Machines; Small Electronics; Small Sealed Lead Acid Batteries; Stereo Equipment; Tablets; Telephones; UPS Batteries/Backup Systems; VCRs; Video Game Systems; Blu-Ray Players; Digital Converter Boxes; Video Game Consoles; PlayStation Consoles; Alkaline/Single-Use Batteries","false","true","NO TVs; Limit 6 CEDs per day; ","Sony, Vizio, OEM","false","false","false","false"
"Staples","null","672 Queen Street","Southington","","CT","06489","8606280801","0","","https://www.staples.com/sbd/cre/marketing/sustainability-center/recycling-services/","41.6346926","-72.8754765","4.32931286043531","Alkaline/Single-Use Batteries; Batteries (Rechargeable); Cell Phone Batteries; Li-Ion Batteries; Ni-Cd Batteries; Ni-MH Batteries; Small Sealed Lead Acid Batteries; Alkaline/Single-Use Batteries; Button Batteries; Non-rechargeable lithium batteries; Cell Phones","false","true","","Call2Recycle","false","false","false","false"
"Waterbury Curbside Recycling","Waterbury Curbside Recycling","500 Captain Neville Dr","Waterbury","New Haven","CT","06705","2035746857","0","","http://www.waterburyct.org/","41.53894","-72.97494","4.36787978082664","Brush; Cardboard; Catalogs; Computer Paper; Drink Boxes; Glass (Brown); Glass (Clear); Glass (Green); Grass Clippings; Leaves; Magazines; Milk Cartons; Newspapers; Office Paper; Paper (Mixed); Plastic #1 (PETE); Plastic #2 (HDPE); Plastic #3 (PVC); Plastic #4 (LDPE); Plastic #5 (Polypropylene); Plastic #6 (Polystyrene); Plastic #7; Unused Paper; Yard Waste","false","false","Place recyclables in orange bin and place bin at curb on eve before collection. Yard waste must be in biodegradable paper bags, brush cut & tied , no more than 4" in diameter or 4' long.","","true","false","false","false"
"Blue Rhino Exchange - Cheshire Mini Mart","Blue Rhino Exchange - Cheshire Mini Mart","901 W Main St","Cheshire","New Haven","CT","06410","2032722340","0","","http://www.bluerhino.com","41.51464","-72.92467","4.38105250902012","Propane Tank Exchange; Video Game Consoles; PlayStation Consoles","false","true","","","false","false","false","false"
"CVS Pharmacy","","582 Highland Avenue","Cheshire","","CT","6410","9782842500","0","","","41.5133872","-72.8995931","4.39051239163468","","false","false","","","false","false","false","false"
"Holy Angels Catholic Church","","915 Main Street","Meriden","","CT","6451","9782842500","0","","","41.545905","-72.8323698","4.41257260565997","","false","false","","","false","false","false","false"
"Continental Scrap Metal LLC","Continental Scrap Metal LLC","1275 Wolcott Rd","Wolcott","New Haven","CT","06716","2038794673","2038797125","Monday: 8:00 AM - 4:00 PM Tuesday: 8:00 AM - 4:00 PM Wednesday: 8:00 AM - 4:00 PM Thursday: 8:00 AM - 4:00 PM Friday: 8:00 AM - 4:00 PM Saturday: 8:00 AM - 1:00 PM ","http://www.continentalscrap.com","41.62086","-72.97042","4.47196446629246","Aluminum Cans; Aluminum; Lead Acid (Pb) Batteries; Non-ferrous (Copper/Brass/Tin); Wire; Scrap Metal; High-Temp Alloys; Special Metals; Video Game Consoles; PlayStation Consoles","false","true","","","false","false","false","false"
"AutoZone","AutoZone","60 Interstate Park Dr","Southington","Hartford","CT","06489","8606218908","0","","http://www.autozone.com","41.6362","-72.87268","4.48133560640011","Lead Acid (Pb) Batteries; Used Motor Oil; Video Game Consoles; PlayStation Consoles","false","true","Most AutoZone stores accept used motor oil, transmission fluid, gear oil and automotive batteries. Call to see what your local store is currently accepting.","","false","false","false","false"
"Continental Scrap Metal LLC","","1275 Wolcott Rd","Wolcott","","CT","6716","2038794673","0","","http://www.continentalscrap.com/","41.6220743","-72.9695857","4.49861583005839","","false","false","","","false","false","false","false"
"Home Depot","Home Depot","89 Interstate Park Dr","Southington","Hartford","CT","06489","8606216770","0","","http://www.homedepot.com","41.63636","-72.87187","4.50823946810081","Compact Fluorescent Lights; Batteries (Rechargeable); Video Game Consoles; PlayStation Consoles","false","true","Home Depot accepts compact fluorescent bulbs and used power tool rechargeable batteries. Look for the orange drop boxes, usually located near the front entrance near the customer service desk.","","false","false","false","false"
"Call2Recycle at the Home Depot","Call2Recycle at the Home Depot","89 Interstate Park Drive","Southington","Hartford","CT","06489","8606216770","0","","http://www.homedepot.com/","41.63636","-72.87187","4.50823946810081","Cell Phones; Compact Fluorescent Lights; Ni-Cd Batteries; Li-Ion Batteries; Ni-MH Batteries; Ni-Zn Batteries; Small Sealed Lead Acid Batteries; Video Game Consoles; PlayStation Consoles","false","true","The Home Depot accepts used rechargeable batteries and compact fluorescent bulbs. Look for the orange drop boxes, usually located near the front entrance near the customer service desk, or ask a store associate for more details.","","false","false","false","false"
"Staples","","910 Wolcott Road","Waterbury","","CT","6705","2035730925","0","","https://www.staples.com/sbd/cre/marketing/sustainability-center/recycling-services/","41.6098445","-72.9823114","4.50864510261077","Alkaline/Single-Use Batteries; Batteries (Rechargeable); Cell Phone Batteries; Li-Ion Batteries; Ni-Cd Batteries; Ni-MH Batteries; Small Sealed Lead Acid Batteries; Alkaline/Single-Use Batteries; Button Batteries; Non-rechargeable lithium batteries; Cell Phones","false","true","","Call2Recycle","false","false","false","false"
"AutoZone","null","60 Interstate Park Dr","Southington","","CT","06489","8606218908","0","","https://www.autozone.com/landing/page.jsp?name=in-our-stores","41.6358921","-72.8704686","4.5086509188109","","false","false","","","false","false","false","false"
"Emtees Incorporated","","Potuccos Ring Road","Wolcott","","CT","6716","2038794663","0","","","41.5969011","-72.9905266","4.528825711407","","false","false","","","false","false","false","false"
"Monro","","1040 Wolcott Road","Wolcott","","CT","6716","2037555501","0","","https://www.monro.com/","41.6150711","-72.9785575","4.54347344988745","","false","false","","","false","false","false","false"
"USPS Post Office Box Lobby Recycling Program","US Post Office","803 Wolcott Rd","Wolcott","New Haven","CT","06716","8002758777","0","","https://www.usps.com/","41.60571","-72.98621","4.55045011779639","Catalogs; Greeting Cards; Magazines; Paper (Mixed)","false","true","","","false","false","false","false"
"US Post Office","USPS Discarded Lobby Mail Recycling Program","803 Wolcott Rd","Wolcott","New Haven","CT","06716","0","0","","","41.60571","-72.98621","4.55045011779639","Video Game Consoles; PlayStation Consoles","false","true","","","false","false","false","false"
"Monro","Monro","1040 Wolcott Rd ","Wolcott","New Haven County","CT","06716","2037555501","0","Monday: 7:30 AM - 7:00 PM Tuesday: 7:30 AM - 7:00 PM Wednesday: 7:30 AM - 7:00 PM Thursday: 7:30 AM - 7:00 PM Friday: 7:30 AM - 7:00 PM Saturday: 7:30 AM - 4:00 PM ","http://monro.com","41.615251","-72.9788801","4.56425843212871","Used Motor Oil; Video Game Consoles; PlayStation Consoles","false","true","","","false","false","false","false"
"Mattatuck Industrial Scrap Metal Inc","","28 Town Line Road","Wolcott","","CT","6716","2038794681","0","","http://mattatuckscrap.com/","41.5724576","-72.995415","4.57079955794037","","false","false","","","false","false","false","false"
"RadioShack","RadioShack","861 Queen St","Southington","Hartford","CT","06489","8606280402","0","Monday: 9:00 AM - 9:00 PM Tuesday: 9:00 AM - 9:00 PM Wednesday: 9:00 AM - 9:00 PM Thursday: 9:00 AM - 9:00 PM Friday: 9:00 AM - 9:00 PM Saturday: 9:00 AM - 9:00 PM Sunday: 10:00 AM - 9:00 PM ","http://www.radioshack.com","41.63909","-72.87381","4.6432389592006","Cell Phones; Ni-Cd Batteries; Batteries (Rechargeable); Video Game Consoles; PlayStation Consoles","false","true","","","false","false","false","false"
"Call2Recycle at RadioShack","Call2Recycle at RadioShack","861 Queen St","Southington","Hartford","CT","06489","8606280402","0","","http://www.radioshack.com/","41.63909","-72.87381","4.6432389592006","Cell Phones; Ni-Cd Batteries; Li-Ion Batteries; Ni-MH Batteries; Ni-Zn Batteries; Small Sealed Lead Acid Batteries; Video Game Consoles; PlayStation Consoles","false","true","As the first national retailer to partner with Call2Recycle, RadioShack is at the forefront of the rechargeable battery recycling cause and is pleased to offer battery recycling at thousands of convenient RadioShack locations for free.  Simply drop them off at your local RadioShack and theyll take care of the rest.  Ask a store associate for more details.","","false","false","false","false"
"Home Depot","","89 Interstate Park Dr","Southington","","CT","6489","8606216770","0","","https://ecooptions.homedepot.com/","41.637718","-72.8690865","4.65313281945326","Batteries (Rechargeable); Cell Phone Batteries; Li-Ion Batteries; Ni-Cd Batteries; Ni-MH Batteries; Small Sealed Lead Acid Batteries","false","true","","Call2Recycle","false","false","false","false"
"Call2Recycle at Wireless Zone","Call2Recycle at Wireless Zone","842 Queen St","Southington","Hartford","CT","06489","8602761044","0","","http://www.wirelesszone.com/","41.63961","-72.87401","4.67282109737185","Cell Phones; Ni-Cd Batteries; Li-Ion Batteries; Ni-MH Batteries; Ni-Zn Batteries; Small Sealed Lead Acid Batteries; Video Game Consoles; PlayStation Consoles","false","true","The U.S. EPA estimates that more than 350 million rechargeable batteries are purchased annually in the U.S. Thanks to the environmental commitment of this location, its easy and free to recycle your batteries. Bring your rechargeable batteries to this location and look for the recycling box or ask an associate how you can do your part for the environment.","","false","false","false","false"
"Southington ZOOTS","Southington ZOOTS","888 Queen St","Southington","Hartford","CT","06489","8606213815","0","","http://www.zoots.com","41.64027","-72.87403","4.71489907495467","Perc-Free Dry Cleaning; Video Game Consoles; PlayStation Consoles","false","true","","","false","false","false","false"
"Mattatuck Industrial Scrap Metal Inc","Mattatuck Industrial Scrap Metal Inc","28 Town Line Rd","Wolcott","New Haven","CT","06716","2038794681","2038793015","","http://www.mattatuckscrap.com","41.57322","-72.99833","4.71817456516878","Aluminum; Ferrous Metals (Steel or Iron); Non-ferrous (Copper/Brass/Tin); High-Temp Alloys; Special Metals; Video Game Consoles; PlayStation Consoles","true","true","","","false","false","false","false"
"The Breast Cancer Research Foundation Car Donation Program","","","Cheshire","","CT","6140","8554502873","0","","https://cardonationfoundation.org/","41.5083668","-72.9106202","4.72328564604413","","false","false","","","false","false","false","false"
"Blue Rhino Exchange - Stop & Shop #695","Blue Rhino Exchange - Stop & Shop #695","275 Highland Ave","Cheshire","New Haven","CT","06410","2032721011","0","","http://www.bluerhino.com","41.50616","-72.90037","4.88500422844919","Propane Tank Exchange; Video Game Consoles; PlayStation Consoles","false","true","","","false","false","false","false"
"Call2Recycle at R.W. Hine Hardware","Call2Recycle at R.W. Hine Hardware","231 Maple Ave","Cheshire","New Haven","CT","06410","2032724063","0","","http://www.rwhinehardware.com/","41.50592","-72.90396","4.89174807448375","Cell Phones; Ni-Cd Batteries; Li-Ion Batteries; Ni-MH Batteries; Ni-Zn Batteries; Small Sealed Lead Acid Batteries; Video Game Consoles; PlayStation Consoles","false","true","The U.S. EPA estimates that more than 350 million rechargeable batteries are purchased annually in the U.S. Thanks to the environmental commitment of this location, its easy and free to recycle your batteries. Bring your rechargeable batteries to this location and look for the recycling box or ask an associate how you can do your part for the environment.","","false","false","false","false"
"Call2Recycle at RW Hines","Call2Recycle at RW Hines","231 Maple Ave","Cheshire","New Haven","CT","06410","2032724463","0","","http://www.rwhinehardware.com/","41.50569","-72.90366","4.90817747232197","Cell Phones; Ni-Cd Batteries; Li-Ion Batteries; Ni-MH Batteries; Ni-Zn Batteries; Small Sealed Lead Acid Batteries; Video Game Consoles; PlayStation Consoles","false","true","The U.S. EPA estimates that more than 350 million rechargeable batteries are purchased annually in the U.S. Thanks to the environmental commitment of this location, its easy and free to recycle your batteries. Bring your rechargeable batteries to this location and look for the recycling box or ask an associate how you can do your part for the environment.","","false","false","false","false"
"USPS Post Office Box Lobby Recycling Program","US Post Office","210 Maple Ave","Cheshire","New Haven","CT","06410","8002758777","0","","https://www.usps.com/","41.50557","-72.9035","4.91677428217389","Catalogs; Greeting Cards; Magazines; Paper (Mixed)","false","true","","","false","false","false","false"
"US Post Office","USPS Discarded Lobby Mail Recycling Program","210 Maple Ave","Cheshire","New Haven","CT","06410","0","0","","","41.50557","-72.9035","4.91677428217389","Video Game Consoles; PlayStation Consoles","false","true","","","false","false","false","false"
"Blue Rhino Exchange - Stop & Shop #680","Blue Rhino Exchange - Stop & Shop #680","77 Centennial Ave ","Meriden","New Haven County","CT","06451","2032381778","0","","http://www.bluerhino.com","41.5398597","-72.824918","4.95484881953395","Propane Tank Exchange; Video Game Consoles; PlayStation Consoles","false","true","","","false","false","false","false"
"Bristol Recycling","","685 Lake Ave","Bristol","","CT","6010","9782842500","0","","","41.6477069","-72.9235587","4.97967837427426","","false","false","","","false","false","false","false"
"Better World Books - City of Bristol Solid Waste","","685 Lake Ave","Bristol","","CT","6010","8885107107","0","","https://www.betterworldbooks.com/","41.6477069","-72.9235587","4.97967837427426","","false","false","","","false","false","false","false"
"City of Bristol Transfer Station","","685 Lake Avenue ","Bristol","","CT","6010","8608606125","0","","https://www.town.berlin.ct.us","41.6477069","-72.9235587","4.97967837427426","","false","false","","","false","false","false","false"
"The Customer Center LLC","","920 L Wolcott Stugatuck Vally Center","Waterbury","","CT","6705","2037577973","0","","","41.5671297","-73.0027839","4.98640989976768","","false","false","","","false","false","false","false"
"City of Bristol Transfer Station","City of Bristol Transfer Station","685 Lake Ave ","Bristol","Hartford County","CT","06010","8605847791","0","Monday: 7:15 AM - 2:45 PM Tuesday: 7:15 AM - 2:45 PM Wednesday: 7:15 AM - 2:45 PM Thursday: 7:15 AM - 2:45 PM Friday: 7:15 AM - 2:45 PM Saturday: 7:30 AM - 1:00 PM ","http://www.ci.bristol.ct.us/","41.6479066","-72.9236016","4.99365130232257","Plastic #1 (PETE); Plastic #2 (HDPE); Plastic #3 (PVC); Plastic #4 (LDPE); Plastic #5 (Polypropylene); Plastic #6 (Polystyrene); Plastic #7; Aluminum Cans; Antifreeze; Book Recycling; Glass (Brown); Brown Paper Bags; Brush; Lead Acid (Pb) Batteries; Cardboard; Catalogs; Christmas Trees; Glass (Clear); Clothing; Compact Fluorescent Lights; Computer Paper; Electronics; Fluorescent Lamps/Tubes; Grass Clippings; Glass (Green); Greeting Cards; Drywall; Leaves; Magazines; Milk Cartons; Paper (Mixed); Newspapers; Paperboard; Phone books; Shingles; Tin or Steel Cans; Used Motor Oil; Used Tires; Office Paper; Yard Waste; Refrigerators; Shredded Paper; Paper Egg Cartons","false","true","This site is open to residents of Bristol only.  Permits can be purchased at this location for $20 only on Saturdays.  They can also be purchased at the City Hall Department of Public Works Monday to Friday 8am to 5pm.  Proof of residency and vehicle registration are required.","","false","false","false","false"
"Target Store","null","474 Chamberlain Hwy","Meriden","","CT","06451","2036346049","0","","https://corporate.target.com/corporate-responsibility/planet","41.552864","-72.8156738","5.0074165925935","","false","false","","","false","false","false","false"
"Advance Auto Parts","","566 W Main St","Meriden","","CT","6451","2036396503","0","","http://shop.advanceautoparts.com/webapp/wcs/stores/servlet/home___","41.5390647","-72.8239622","5.02552337108996","","false","false","","","false","false","false","false"
"Target","Target","474 Chamberlain Hwy","Meriden","New Haven","CT","06451","2036346049","0","","http://www.target.com/","41.55265","-72.81528","5.03151442418268","Aluminum Cans; Cell Phones; Inkjet Printer Cartridges; MP3 Players; Plastic #1 (PETE); Plastic #2 (HDPE); Plastic Shopping Bags; Video Game Consoles; PlayStation Consoles","false","true","","","false","false","false","false"
"Advance Auto Parts","Advance Auto Parts","566 W Main St","Meriden","New Haven","CT","06451","2036396503","0","Monday: 7:00 AM - 9:00 PM Tuesday: 7:00 AM - 9:00 PM Wednesday: 7:00 AM - 9:00 PM Thursday: 7:00 AM - 9:00 PM Friday: 7:00 AM - 9:00 PM Saturday: 7:00 AM - 9:00 PM Sunday: 10:00 AM - 8:00 PM ","http://www.advanceautoparts.com","41.54037","-72.82275","5.03367803332233","Lead Acid (Pb) Batteries; Used Motor Oil; Video Game Consoles; PlayStation Consoles","false","true","","","false","false","false","false"
"A Public Bottle and Can Return","A Public Bottle and Can Return","127 Mad River Rd","Wolcott","New Haven","CT","06716","2038795387","0","Tuesday: 8:00 AM - 6:00 PM Wednesday: 8:00 AM - 6:00 PM Thursday: 8:00 AM - 6:00 PM Friday: 8:00 AM - 6:00 PM Saturday: 8:00 AM - 3:00 PM ","","41.61347","-72.99243","5.08636793337809","Plastic #1 (PETE); Plastic #2 (HDPE); Plastic #2 (Color HDPE); Plastic #3 (PVC); Aluminum Cans; Glass (Brown); Glass (Clear); Glass (Green); Video Game Consoles; PlayStation Consoles","false","true","This site will only accept items labeled with Connecticut redemption value.  This site will accept VERY small quantities of recyclables from businesses.","","false","false","false","false"
"Walmart","","910 Wolcott St","Waterbury","","CT","6704","2037591000","0","","https://www.walmart.com/","41.5633903","-73.0043198","5.10534587020704","","false","false","","","false","false","false","false"
"Walmart Tire and Lube Express","null","910 Wolcott St","Waterbury","","CT","06704","2037591000","0","","https://www.walmart.com/cp/ideas/8932632","41.5633903","-73.0043198","5.10534587020704","","false","false","","","false","false","false","false"
"Staples","","910 Wolcott Street","Waterbury","","CT","6705","2035730925","0","","https://www.staples.com/sbd/cre/marketing/sustainability-center/recycling-services/","41.5633903","-73.0043198","5.10534587020704","","false","false","","","false","false","false","false"
"Mark Lane Transfer Facility","Mark Lane Transfer Facility","220 Mark Ln ","Waterbury","New Haven County","CT","06704","2037567365","0","Tuesday: 7:00 AM - 2:30 PM Wednesday: 7:00 AM - 2:30 PM Thursday: 7:00 AM - 2:30 PM Friday: 7:00 AM - 2:30 PM ","http://www.waterburyct.org/transferfacility","41.577996","-73.007909","5.20780114954458","Antifreeze; Bed Mattresses; Cell Phones; Computer (Recycling); Computer Monitors; Construction Materials; Furniture; Laptop Computers; Large Household Appliances; Computer Peripherals; Refrigerators; Small Televisions; Telephones; Used Motor Oil; Yard Waste","false","true","Residents are allowed 2 free dumps annually. Proof of residency is required by driver's license only.","","false","false","false","false"
"AutoZone","null","850 Lakewood Rd","Waterbury","","CT","06704","2035731333","0","","https://www.autozone.com/landing/page.jsp?name=in-our-stores","41.569759","-73.0080036","5.23413188228111","","false","false","","","false","false","false","false"
"Savers","","495 Chamberlain Hwy","Meriden","","CT","6451","2036307014","0","","https://www.savers.com/donate/what-we-take","41.5519698","-72.811389","5.2369660836464","","false","false","","","false","false","false","false"
"Blue Rhino Exchange - Walmart #3548","Blue Rhino Exchange - Walmart #3548","910 Wolcott St","Waterbury","New Haven","CT","06705","2037591000","0","","http://www.bluerhino.com","41.56601","-73.00799","5.26357846186437","Propane Tank Exchange; Video Game Consoles; PlayStation Consoles","false","true","","","false","false","false","false"
"Walmart Tire & Lube Express","Walmart Tire & Lube Express","910 Wolcott St","Waterbury","New Haven","CT","06705","2037591000","0","","http://www.walmart.com/catalog/catalog.gsp?cat=495843","41.56601","-73.00799","5.26357846186437","Lead Acid (Pb) Batteries; Used Motor Oil; Oil Filters; Video Game Consoles; PlayStation Consoles","false","true","","","false","false","false","false"
"Walmart","Walmart","910 Wolcott St","Waterbury","New Haven","CT","06705","2037591000","0","","http://www.walmart.com","41.56601","-73.00799","5.26357846186437","Lead Acid (Pb) Batteries; Plastic Shopping Bags; Food Storage Bags; Video Game Consoles; PlayStation Consoles","false","true","","","false","false","false","false"
"Staples","Staples","910 Wolcott Road","Waterbury","New Haven County","CT","06705","2035730925","0","Monday: 8:00 AM - 9:00 PM Tuesday: 8:00 AM - 9:00 PM Wednesday: 8:00 AM - 9:00 PM Thursday: 8:00 AM - 9:00 PM Friday: 8:00 AM - 9:00 PM Saturday: 9:00 AM - 9:00 PM Sunday: 10:00 AM - 6:00 PM ","https://www.staples.com/recycle","41.5654859","-73.0078961","5.26399280184723","AC Power Plugs; Batteries (Rechargeable); Cables & Connectors; Cell Phone Batteries; Cell Phones; Computer (Recycling); Hard Drives; Computer Monitors; Cameras; DVD Players/Blu-Ray Players/DVRs; Electronics; E-Readers; GPS Units; Headphones; Inkjet Printer Cartridges; Laptop Computers; Laser Toner Cartridges; Li-Ion Batteries; MP3 Players; Network Equipment; Ni-Cd Batteries; Ni-MH Batteries; Ni-Zn Batteries; Computer Peripherals; Portable Media Players; Printers/Scanners/Fax Machines; Small Electronics; Small Sealed Lead Acid Batteries; Stereo Equipment; Tablets; Telephones; UPS Batteries/Backup Systems; VCRs; Video Game Systems; Blu-Ray Players; Digital Converter Boxes; Video Game Consoles; PlayStation Consoles; Alkaline/Single-Use Batteries","false","true","NO TVs; Limit 6 CEDs per day; ","Sony, Vizio, OEM","false","false","false","false"
"Walgreens","Walgreens","425 W Main St","Meriden","New Haven","CT","06451","2036398166","0","","http://www.walgreens.com","41.54042","-72.81744","5.27180250949425","Cell Phones; Inkjet Printer Cartridges; Video Game Consoles; PlayStation Consoles","false","true","","","false","false","false","false"
"Mark Lane Landfill and Transfer Facility","","Mark Lane","Waterbury","","CT","6704","2037567365","0","","http://www.waterburyct.org","41.5763235","-73.0092209","5.27493983050908","","false","false","","","false","false","false","false"
"AutoZone","AutoZone","850 Lakewood Rd","Waterbury","New Haven","CT","06704","2035731333","0","","http://www.autozone.com","41.5715","-73.009","5.27582320205162","Lead Acid (Pb) Batteries; Used Motor Oil; Video Game Consoles; PlayStation Consoles","false","true","Most AutoZone stores accept used motor oil, transmission fluid, gear oil and automotive batteries. Call to see what your local store is currently accepting.","","false","false","false","false"
"Call2Recycle at Sears","Call2Recycle at Sears","470 Lewis Ave","Meriden","New Haven","CT","06451","2036396654","0","","http://www.sears.com/","41.55193","-72.81005","5.30333784428625","Cell Phones; Ni-Cd Batteries; Li-Ion Batteries; Ni-MH Batteries; Ni-Zn Batteries; Small Sealed Lead Acid Batteries; Video Game Consoles; PlayStation Consoles","false","true","The U.S. EPA estimates that more than 350 million rechargeable batteries are purchased annually in the U.S. Thanks to the environmental commitment of this location, its easy and free to recycle your batteries. Bring your rechargeable batteries to this location and look for the recycling box or ask an associate how you can do your part for the environment.","","false","false","false","false"
"Call2Recycle at Verizon Wireless","Call2Recycle at Verizon Wireless","470 Lewis Ave","Meriden","New Haven","CT","06451","2036399097","0","","http://www.verizon.com/","41.55193","-72.81005","5.30333784428625","Cell Phones; Ni-Cd Batteries; Li-Ion Batteries; Ni-MH Batteries; Ni-Zn Batteries; Small Sealed Lead Acid Batteries; Video Game Consoles; PlayStation Consoles","false","true","The U.S. EPA estimates that more than 350 million rechargeable batteries are purchased annually in the U.S. Thanks to the environmental commitment of this location, its easy and free to recycle your batteries. Bring your rechargeable batteries to this location and look for the recycling box or ask an associate how you can do your part for the environment.","","false","false","false","false"
