name,description,address,city,region,province,postal_code,phone,fax,hours,url,latitude,longitude,distance,materials,pickup,dropoff,notes,groups,curbside,municipal,national,event_only
"Douglas Co Animal Shelter Recycling Drop-off Program","","921 Pinenut Rd","Gardnerville","","NV","89460","7757825713","0","","http://douglasdisposal.com/","38.9064557","-119.6749192","0.960216458095402","","false","false","","","false","false","false","false"
"Douglas Disposal Recycling Center","","Pinenut Rd","Gardnerville","","NV","89410","7757825713","0","","http://douglasdisposal.com/","38.9158857","-119.7079255","1.41782766348588","","false","false","","","false","false","false","false"
"Alpine County Community Recycling Center","","50 Diamond Valley Rd","Markleeville","","CA","96120","2096942140","0","","http://www.alpinecountyca.gov","38.7709951","-119.8168667","11.211072334212","","false","false","","","false","false","false","false"
"Alpine Children's Center","Alpine Children's Center","49 Hawkside Dr","Markleeville","Alpine","CA","96120","5306942390","0","Sunday: 12:00 AM - 11:59 PM Monday: 12:00 AM - 11:59 PM Tuesday: 12:00 AM - 11:59 PM Wednesday: 12:00 AM - 11:59 PM Thursday: 12:00 AM - 11:59 PM Friday: 12:00 AM - 11:59 PM Saturday: 12:00 AM - 11:59 PM ","","38.77006","-119.82448","11.5139293595095","Aluminum Cans; Video Game Consoles; PlayStation Consoles","false","true","Please place aluminum cans in the dumpster.  This site uses the money collected from aluminum can donations to buy toys for children.","","false","false","false","false"
"Jiffy Lube","","1239 U.S. 395","Gardnerville","","NV","89410","7757825665","0","","https://ndep.nv.gov","38.7505848","-119.5693955","12.23303752568","","false","false","","","false","false","false","false"
"The Parts House","The Parts House","1469 US Highway 395 N","Gardnerville","Douglas","NV","89410","7757822219","0","","","38.73476","-119.55816","13.4809463742788","Lead Acid (Pb) Batteries; Video Game Consoles; PlayStation Consoles","false","true","","","false","false","false","false"
"Silver City RV Park","Silver City RV Park","1361 Old US Hwy 395 S ","Gardnerville","Douglas County","NV","89410","7757825713","0","Sunday: 12:00 AM - 11:59 PM Monday: 12:00 AM - 11:59 PM Tuesday: 12:00 AM - 11:59 PM Wednesday: 12:00 AM - 11:59 PM Thursday: 12:00 AM - 11:59 PM Friday: 12:00 AM - 11:59 PM Saturday: 12:00 AM - 11:59 PM ","","38.7326213","-119.5554181","13.6846140684948","Plastic #1 (PETE); Plastic #2 (HDPE); Plastic #2 (Color HDPE); Aluminum Cans; Newspapers; Plastic Shopping Bags; Food Storage Bags; Video Game Consoles; PlayStation Consoles","false","true","","","false","false","false","false"
"Tahoe Sports Ltd.","Tahoe Sports Ltd.","4000 Lake Tahoe Blvd. Ste. 7","South Lake Tahoe","El Dorado ","CA","96150","5305424000","0","","","38.954111146057","-119.945688306667","14.1923491423172","E-Bike Batteries","false","true","Call or Check Online for Hours","Call2Recycle","false","false","false","false"
"Home Depot","","921 Jacks Valley Rd","Carson City","","NV","89705","7752673434","0","","https://ecooptions.homedepot.com/","39.0975203","-119.7771651","14.3968997517987","Batteries (Rechargeable); Cell Phone Batteries; Li-Ion Batteries; Ni-Cd Batteries; Ni-MH Batteries; Small Sealed Lead Acid Batteries","false","true","","Call2Recycle","false","false","false","false"
"Walmart","Walmart","3770 US Highway 395 S","Carson City","Douglas","NV","89705","7752672158","0","","http://www.walmart.com","39.09715","-119.7802","14.4260339686317","Lead Acid (Pb) Batteries; Plastic Shopping Bags; Food Storage Bags; Video Game Consoles; PlayStation Consoles","false","true","","","false","false","false","false"
"Walmart Tire & Lube Express","Walmart Tire & Lube Express","3770 US Highway 395 S","Carson City","Douglas","NV","89705","7752672158","0","","http://www.walmart.com/catalog/catalog.gsp?cat=495843","39.09715","-119.7802","14.4260339686317","Lead Acid (Pb) Batteries; Used Motor Oil; Oil Filters; Video Game Consoles; PlayStation Consoles","false","true","","","false","false","false","false"
"Home Depot","Home Depot","921 Jacks Valley Rd","Carson City","Douglas","NV","89705","7752673434","0","","http://www.homedepot.com","39.09585","-119.7886","14.4984313000093","Compact Fluorescent Lights; Batteries (Rechargeable); Video Game Consoles; PlayStation Consoles","false","true","Home Depot accepts compact fluorescent bulbs and used power tool rechargeable batteries. Look for the orange drop boxes, usually located near the front entrance near the customer service desk.","","false","false","false","false"
"Call2Recycle at the Home Depot","Call2Recycle at the Home Depot","921 Jacks Valley Rd","Carson City","Douglas","NV","89705","7752673434","0","","http://www.homedepot.com/","39.09585","-119.7886","14.4984313000093","Cell Phones; Compact Fluorescent Lights; Ni-Cd Batteries; Li-Ion Batteries; Ni-MH Batteries; Ni-Zn Batteries; Small Sealed Lead Acid Batteries; Video Game Consoles; PlayStation Consoles","false","true","The Home Depot accepts used rechargeable batteries and compact fluorescent bulbs. Look for the orange drop boxes, usually located near the front entrance near the customer service desk, or ask a store associate for more details.","","false","false","false","false"
"Target","Target","910 Jacks Valley Rd","Carson City","Douglas","NV","89705","7752675151","0","","http://www.target.com/","39.09585","-119.7886","14.4984313000093","Aluminum Cans; Cell Phones; Inkjet Printer Cartridges; MP3 Players; Plastic #1 (PETE); Plastic #2 (HDPE); Plastic Shopping Bags; Video Game Consoles; PlayStation Consoles","false","true","","","false","false","false","false"
"Staples","","915 Jacks Valley Road","Carson City","","NV","89705","7752670845","0","","https://www.staples.com/sbd/cre/marketing/sustainability-center/recycling-services/","39.0994005","-119.7776175","14.527702232698","","false","false","","","false","false","false","false"
"Jacks Valley Elementary School Recycling Drop-off Program","","701 Jacks Valley Rd","Carson City","","NV","89705","7757825713","0","","http://douglasdisposal.com/","39.0934249","-119.798151","14.5378521698916","","false","false","","","false","false","false","false"
"Target Store","","910 Jacks Valley Rd","Carson City","","NV","89705","7752675151","0","","https://corporate.target.com/corporate-responsibility/planet","39.0998921","-119.7782507","14.5707834448016","","false","false","","","false","false","false","false"
"Safeway","","212 Elks Point Road","Zephyr Cove","","NV","89448","7755868387","0","","https://shop.safeway.com/home.html","38.9856689","-119.9429751","14.7768879684732","","false","false","","","false","false","false","false"
"USPS Post Office Box Lobby Recycling Program","US Post Office","212 Elks Point Rd","Zephyr Cove","Douglas","NV","89448","8002758777","0","","https://www.usps.com/","38.98248","-119.94509","14.7954064175937","Catalogs; Greeting Cards; Magazines; Paper (Mixed)","false","true","","","false","false","false","false"
"US Post Office","USPS Discarded Lobby Mail Recycling Program","212 Elks Point Rd","Zephyr Cove","Douglas","NV","89448","0","0","","","38.98248","-119.94509","14.7954064175937","Video Game Consoles; PlayStation Consoles","false","true","","","false","false","false","false"
"Best Buy","Best Buy","911 Topsy Ln ","Carson City","Douglas County","NV","89705","7752673523","0","","https://www.bestbuy.com/recycle","39.1083104","-119.777418","15.1087018155813","Large Household Appliances; Refrigerators; Televisions; AC Power Plugs; Batteries (Rechargeable); Cables & Connectors; Car Audio/Video Equipment; Cell Phone Batteries; Cell Phones; Computer (Recycling); Hard Drives; Computer Monitors; Cameras; DVD Players/Blu-Ray Players/DVRs; Electronics; E-Readers; GPS Units; Headphones; Inkjet Printer Cartridges; Laptop Computers; Laser Toner Cartridges; Li-Ion Batteries; MP3 Players; Network Equipment; Ni-Cd Batteries; Ni-MH Batteries; Ni-Zn Batteries; Computer Peripherals; Portable Media Players; Printers/Scanners/Fax Machines; Small Electronics; Small Sealed Lead Acid Batteries; Stereo Equipment; Tablets; Telephones; UPS Batteries/Backup Systems; VCRs; Video Game Systems; Blu-Ray Players; Digital Converter Boxes; Small Televisions; Video Game Consoles; PlayStation Consoles","true","true","2 TVs per visit, 3 e-waste items per day; $25 fee for TVs and Monitors; $19.99 pick-up fee with delivery; $99.99 standalone pickup fee; ","Sony, Vizio, OEM","false","false","false","false"
"Best Buy","null","911 Topsy Ln","Carson City","","NV","89705","7752673523","0","","https://www.bestbuy.com/site/services/recycling/pcmcat149900050025.c?id=pcmcat149900050025","39.1085234","-119.7766224","15.109634994767","","false","false","","","false","false","false","false"
"Verizon Wireless","Verizon Wireless","961 Topsy Ln Ste 444","Carson City","Douglas","NV","89705","8666444532","0","","http://www.verizonwireless.com/","39.11042","-119.77024","15.1344613782836","Cell Phones; Cell Phone Batteries; Video Game Consoles; PlayStation Consoles","false","true","<A Href="https://www.trade-in.vzw.com/home.aspx">
The Verizon Wireless Trade-In Program</A> allows you to trade in your used handset or tablet in a convenient and responsible way. 
<P>
<P>
Verizon Wireless works every day to protect our environment and give our customers opportunities to do the same. <A Href="http://aboutus.vzw.com/Green_Initiative/overview.html">Click here</A> for more examples of the earth-friendly initiatives and programs Verizon Wireless is proud to offer and support.","","false","false","false","false"
"Safeway","null","1020 Johnson Ln","South Lake Tahoe","","CA","96150","5305427740","0","","https://shop.safeway.com/home.html","38.9440786","-119.9672782","15.1626003928032","","false","false","","","false","false","false","false"
"Timber Cove Marina","","3411 Lake Tahoe Blvd","South Lake Tahoe","","CA","96150","5305442942","0","","https://www.calrecycle.ca.gov/UsedOil/","38.9458909","-119.9670524","15.1760584328138","","false","false","","","false","false","false","false"
"Bike Habitat","Bike Habitat","911 Topsy Lane STE 238","Carson City","Douglas ","NV","89705","7752675053","0","","","39.1102362863587","-119.77754781","15.2374763473724","E-Bike Batteries","false","true","Call or Check Online for Hours","Call2Recycle","false","false","false","false"
"Jiffy Lube","","3776 US Highway 395 S","Carson City","","NV","89701","7752676360","0","","https://ndep.nv.gov","39.1109728","-119.7751071","15.2465559540645","","false","false","","","false","false","false","false"
"USPS Post Office Box Lobby Recycling Program","US Post Office","3368 Sandy Way","South Lake Tahoe","El Dorado","CA","96150","8002758777","0","","https://www.usps.com/","38.9444","-119.96941","15.2792818096714","Catalogs; Greeting Cards; Magazines; Paper (Mixed)","false","true","","","false","false","false","false"
"US Post Office","USPS Discarded Lobby Mail Recycling Program","3368 Sandy Way","South Lake Tahoe","El Dorado","CA","96150","0","0","","","38.9444","-119.96941","15.2792818096714","Video Game Consoles; PlayStation Consoles","false","true","","","false","false","false","false"
"Sprint Store","","3790 North Hwy 395","Carson City","","NV","89705","7752676600","0","","https://newsroom.sprint.com/csr/device-donations/","39.111761","-119.776632","15.3229616301281","","false","false","","","false","false","false","false"
"Walmart Supercenter","","3770 Us Highway 395 S","Carson City","","NV","89705","7752672158","0","","https://www.walmart.com/","39.111881","-119.7784316","15.3601582417076","","false","false","","","false","false","false","false"
"Nels Tahoe Hardware","Nels Tahoe Hardware","1050 Fremont Ave","South Lake Tahoe","El Dorado","CA","96150","5305444126","0","","http://www.truevalue.com","38.94387","-119.97128","15.3706147111013","Transmission Fluid; Used Motor Oil; Video Game Consoles; PlayStation Consoles","false","true","","","false","false","false","false"
"Nels Tahoe Hardware","","1050 Fremont","South Lake Tahoe","","CA","96150","5305444126","0","","https://www.truevalue.com/","38.94414","-119.971467","15.3841111593201","","false","false","","","false","false","false","false"
"Topaz Ranch Estates Recycling Drop-off Program","","3939 Carter Way","Wellington","","NV","89444","7757825713","0","","http://douglasdisposal.com/","38.733203","-119.499722","15.4614454737559","","false","false","","","false","false","false","false"
"RadioShack","RadioShack","1018 AL Tahoe Blvd","South Lake Tahoe","El Dorado","CA","96150","5305414997","0","Monday: 9:00 AM - 9:00 PM Tuesday: 9:00 AM - 9:00 PM Wednesday: 9:00 AM - 9:00 PM Thursday: 9:00 AM - 9:00 PM Friday: 9:00 AM - 9:00 PM Saturday: 9:00 AM - 9:00 PM Sunday: 10:00 AM - 7:00 PM ","http://www.radioshack.com","38.93431","-119.9758","15.4959040015923","Ni-Cd Batteries; Batteries (Rechargeable); Video Game Consoles; PlayStation Consoles","false","true","","","false","false","false","false"
"USPS Post Office Box Lobby Recycling Program","US Post Office","1046 AL Tahoe Blvd","South Lake Tahoe","El Dorado","CA","96151","8002758777","0","","https://www.usps.com/","38.94214","-119.98147","15.8860315202303","Catalogs; Greeting Cards; Magazines; Paper (Mixed)","false","true","","","false","false","false","false"
"US Post Office","USPS Discarded Lobby Mail Recycling Program","1046 AL Tahoe Blvd","South Lake Tahoe","El Dorado","CA","96151","0","0","","","38.94214","-119.98147","15.8860315202303","Video Game Consoles; PlayStation Consoles","false","true","","","false","false","false","false"
"Tahoe Quik-Lube Certified Oil Center","Tahoe Quik-Lube Certified Oil Center","2513 Lake Tahoe Blvd","South Lake Tahoe","El Dorado","CA","96150","5305418300","0","Monday: 8:00 AM - 5:00 PM Tuesday: 8:00 AM - 5:00 PM Wednesday: 8:00 AM - 5:00 PM Thursday: 8:00 AM - 5:00 PM Friday: 8:00 AM - 5:00 PM Saturday: 9:00 AM - 4:00 PM ","http://www.co.el-dorado.ca.us/emd/solidwaste/household_waste.html","38.92482","-119.98759","16.0410217221221","Used Motor Oil; Oil Filters; Video Game Consoles; PlayStation Consoles","false","true","","","false","false","false","false"
"Tahoe Quick-Lube","","2513 Lake Tahoe Blvd","South Lake Tahoe","","CA","96150","5305418300","0","","https://www.calrecycle.ca.gov/UsedOil/","38.9247659","-119.9876706","16.0449409780267","","false","false","","","false","false","false","false"
"Nextel Communications","Nextel Communications","3790 US Highway 395 S Ste 304","Carson City","Douglas","NV","89705","7028834500","0","Monday: 9:00 AM - 6:00 PM Tuesday: 9:00 AM - 6:00 PM Wednesday: 9:00 AM - 6:00 PM Thursday: 9:00 AM - 6:00 PM Friday: 9:00 AM - 6:00 PM Saturday: 10:00 AM - 7:00 PM ","http://www.sprint.com/‎","39.11524","-119.81295","16.2366799983486","Batteries (Rechargeable); Video Game Consoles; PlayStation Consoles","false","true","","","false","false","false","false"
"Albertsons","Albertsons","4348 S Carson St","Carson City","Carson City","NV","89701","7758836262","0","","","39.12777","-119.77064","16.2936813164647","Food Storage Bags; Plastic Shopping Bags; Video Game Consoles; PlayStation Consoles","false","true","","","false","false","false","false"
"O'Reilly Auto Parts","null","2317 Lake Tahoe Boulevard","South Lake Tahoe","","CA","96150","5305441974","0","","http://oreillyauto.custhelp.com/app/error/error_id/6","38.920562","-119.9941964","16.3668325045212","","false","false","","","false","false","false","false"
"Kelly-Moore Paints","","2317 Lake Tahoe Boulevard","South Lake Tahoe","","CA","96150","5305422744","0","","https://www.paintcare.org/","38.920562","-119.9941964","16.3668325045212","","false","false","","","false","false","false","false"
"Tires Plus Store","Tires Plus Store","2317 Lake Tahoe Blvd","South Lake Tahoe","El Dorado","CA","96150","5305445200","0","","http://www.firestone.com","38.92083","-119.99427","16.372343627868","Lead Acid (Pb) Batteries; Used Motor Oil; Video Game Consoles; PlayStation Consoles","false","true","","","false","false","false","false"
"O'Reilly Auto Parts","O'Reilly Auto Parts","2317 Lake Tahoe Blvd","South Lake Tahoe","El Dorado","CA","96150","5305441974","0","Monday: 8:00 AM - 9:00 PM Tuesday: 8:00 AM - 9:00 PM Wednesday: 8:00 AM - 9:00 PM Thursday: 8:00 AM - 9:00 PM Friday: 8:00 AM - 9:00 PM Saturday: 8:00 AM - 9:00 PM Sunday: 8:00 AM - 8:00 PM ","http://www.oreillyauto.com/","38.92083","-119.99427","16.372343627868","Lead Acid (Pb) Batteries; Batteries (Rechargeable); Used Motor Oil; Video Game Consoles; PlayStation Consoles","false","true","Most stores offer Used Oil & Battery Recycling, Battery Testing, 
Electrical & Module Testing, Loaner Tool Program, Drum / Rotor Resurfacing. Call your location for more details.","","false","false","false","false"
"Carson City Christmas Tree Drop-Off Event - JC Penny Parking Lot","","3939 S Carson Street ","Carson City","","NV","89701","7758872355","0","","https://carson.org/government/departments-g-z/public-works/landfill","39.1307781","-119.766671","16.4402572205988","","false","false","","","false","false","false","false"
"JCPenney","","3939 S Carson St","Carson City","","NV","89701","7758843330","0","","https://www.jcpenney.com/","39.1307781","-119.766671","16.4402572205988","","false","false","","","false","false","false","false"
"Kohl's","","3871 South Carson Street","Carson City","","NV","89701","7758830969","0","","https://corporate.kohls.com/","39.1316629","-119.7677567","16.513954623199","","false","false","","","false","false","false","false"
"SOUTH SHORE BIKES","SOUTH SHORE BIKES","2175 Lake Tahoe Blvd, suite 1","South Lake Tahoe","El Dorado ","CA","96150","5305447433","0","","","38.9171480658951","-119.998659427302","16.588000067142","E-Bike Batteries","false","true","Call or Check Online for Hours","Call2Recycle","false","false","false","false"
"Sprint","Sprint","3817 S Carson St","Carson City","Carson City","NV","89701","7758888855","0","Monday: 9:00 AM - 8:00 PM Tuesday: 9:00 AM - 8:00 PM Wednesday: 9:00 AM - 8:00 PM Thursday: 9:00 AM - 8:00 PM Friday: 9:00 AM - 8:00 PM Saturday: 10:00 AM - 6:00 PM Sunday: 12:00 PM - 4:00 PM ","http://green.sprint.com/","39.13259","-119.77001","16.6065027644781","Cell Phones; Video Game Consoles; PlayStation Consoles","false","true","Donations will benefit the Easter Seals.","","false","false","false","false"
"Superior Aviation","Superior Aviation","1841 Airport Rd","South Lake Tahoe","El Dorado","CA","96150","5305412110","0","Saturday: 6:30 AM - 5:00 PM ","http://www.co.el-dorado.ca.us/","38.89516","-119.99987","16.6180829501225","Used Motor Oil; Video Game Consoles; PlayStation Consoles","false","true","This site is located at Highway 50 and Airport Road.","","false","false","false","false"
"Raley's Superstore","Raley's Superstore","3701 S Carson St","Carson City","Carson City","NV","89701","7758838301","0","","","39.13352","-119.76985","16.666433515293","Plastic #2 (HDPE); Plastic Shopping Bags; Food Storage Bags; Video Game Consoles; PlayStation Consoles","false","true","The bin for recycling plastic bags and plastic jugs is located inside the store.","","false","false","false","false"
"South Tahoe Refuse Company Inc","South Tahoe Refuse Company Inc","2192 Ruth Ave ","South Lake Tahoe","El Dorado County","CA","96150","5305428344","0","Tuesday: 9:00 AM - 4:00 PM Wednesday: 9:00 AM - 4:00 PM Thursday: 9:00 AM - 4:00 PM Friday: 9:00 AM - 4:00 PM Saturday: 9:00 AM - 4:00 PM ","http://www.southtahoerefuse.com/","38.919278","-119.999982","16.669654392524","Plastic #1 (PETE); Plastic #2 (HDPE); Plastic #2 (Color HDPE); Aluminum Cans; Glass (Blue); Book Recycling; Glass (Brown); Brown Paper Bags; Cardboard; Catalogs; Chipboard; Glass (Clear); Computer Paper; Gift Boxes; Glass (Green); Greeting Cards; Magazines; Paper (Mixed); Newspapers; Paperboard; Phone books; Tin or Steel Cans; Office Paper; Video Game Consoles; PlayStation Consoles","false","true","All CRV beverage containers regardless of material type will be accepted unless otherwise specified.  ","","false","false","false","false"
"South Tahoe Refuse Company Inc","","2192 Ruth Ave","South Lake Tahoe","","CA","96150","5305428366","0","","https://www.calrecycle.ca.gov/BevContainer/","38.9191787","-120.0000219","16.671264064685","","false","false","","","false","false","false","false"
"Thermostat Recycling - WESTERN NEVADA SUPPLY","","2141 James Avenue","South Lake Tahoe","","CA","96150","5305411884","0","","https://www.thermostat-recycle.org","38.9168899","-120.0008799","16.7058741336927","","false","false","","","false","false","false","false"
"Carson City Household Hazardous Waste Drop-off Facility","","3600 Flint Dr","Carson City","","NV","89701","7758872355","0","","https://carson.org/government/departments-g-z/public-works/landfill","39.1401069","-119.7376655","16.7626046107342","","false","false","","","false","false","false","false"
"Carson City Landfill","","3600 Flint Dr","Carson City","","NV","89701","7758826066","0","","https://ndep.nv.gov","39.1401069","-119.7376655","16.7626046107342","","false","false","","","false","false","false","false"
"South Lake Tahoe Transfer Station","","2140 Ruth Avenue","South Lake Tahoe","","CA","96150","5305415105","0","","https://www.edcgov.us/Government/EMD/HazardousMaterials/","38.9180231","-120.0019411","16.7682178705391","","false","false","","","false","false","false","false"
"South Tahoe Refuse & Recycling Services","Hazardous & Universal Waste Program","2140 Ruth Ave","South Lake Tahoe","El Dorado","CA","96150","5305415105","0","Tuesday: 9:00 AM - 12:00 PM Tuesday: 1:00 PM - 4:00 PM Saturday: 9:00 AM - 12:00 PM Saturday: 1:00 PM - 4:00 PM ","http://www.southtahoerefuse.com/","38.91793","-120.002","16.7709164740903","Glue & Adhesives; Antifreeze; Brake Fluid; Lead Acid (Pb) Batteries; Compact Fluorescent Lights; Degreasers; Fertilizer; Fluorescent Lamps/Tubes; Fungicides; Gasoline and Unwanted Fuels; Herbicides; Household Cleaners; Insecticides; Mercury Containing Items; Ni-Cd Batteries; Unused Paint; Paint Thinner; Pesticides; Pool Chemicals; Propane Tanks; Batteries (Rechargeable); Alkaline/Single-Use Batteries; Solvents; Transmission Fluid; Used Motor Oil; Oil Filters","false","true","Charges apply to some items. For special assistance call 530-542-8368. ","","false","false","false","false"
"O'Reilly Auto Parts","O'Reilly Auto Parts","3479 S Carson St","Carson City","Carson City","NV","89701","7758852845","0","","http://www.oreillyauto.com/","39.13551","-119.7695","16.7946917773608","Lead Acid (Pb) Batteries; Used Motor Oil; Video Game Consoles; PlayStation Consoles","false","true","Most stores offer Used Oil & Battery Recycling, Battery Testing, 
Electrical & Module Testing, Loaner Tool Program, Drum / Rotor Resurfacing. Call your location for more details.","","false","false","false","false"
"Pearl Izumi Factory Store","One World Running Drop-Off at Pearl Izumi Factory Store","2018 Lake Tahoe Blvd","South Lake Tahoe","El Dorado","CA","96150","5305419044","0","","http://oneworldrunning.com/","38.91422","-120.00282","16.7986201824034","Shoes; Video Game Consoles; PlayStation Consoles","false","true","","","false","false","false","false"
"O'Reilly Auto Parts","null","3479 South Carson Street","Carson City","","NV","89701","7758852845","0","","http://oreillyauto.custhelp.com/app/error/error_id/6","39.1359151","-119.7684277","16.8074327503804","","false","false","","","false","false","false","false"
"Staples","","2061 Lake Tahoe Boulevard","South Lake Tahoe","","CA","96150","5305449817","0","","https://www.staples.com/sbd/cre/marketing/sustainability-center/recycling-services/","38.9146408","-120.0030475","16.8124786612168","","false","false","","","false","false","false","false"
"South Tahoe Refuse Satellite Recycling Center","","2127 Ruth Ave","South Lake Tahoe","","CA","96150","5305428366","0","","https://www.calrecycle.ca.gov/BevContainer/","38.918412","-120.0030023","16.8270560611311","","false","false","","","false","false","false","false"
"Tahoe Keys Marina And Yacht Club","","2435 Venice Dr","South Lake Tahoe","","CA","96150","5305412155","0","","https://www.calrecycle.ca.gov/UsedOil/","38.9332596","-120.0011508","16.8342274856795","","false","false","","","false","false","false","false"
"Raley's","Raley's","1040 Emerald Bay Rd","South Lake Tahoe","El Dorado","CA","96150","5305415760","0","","http://www.raleys.com","38.91259","-120.00422","16.8678791644917","Brown Paper Bags; Plastic Shopping Bags; Food Storage Bags; Video Game Consoles; PlayStation Consoles","false","true","","","false","false","false","false"
"Tahoe Keys Marina","Tahoe Keys Marina","2435 Venice Dr E Ste 530","South Lake Tahoe","El Dorado","CA","96150","5305412155","0","","http://www.co.el-dorado.ca.us/emd/solidwaste/pillow_sites.html","38.93466","-120.00224","16.9054207500485","Used Oil Filters; Video Game Consoles; PlayStation Consoles","false","true","","","false","false","false","false"
"USPS Post Office Box Lobby Recycling Program","US Post Office","950 Emerald Bay Rd","South Lake Tahoe","El Dorado","CA","96158","8002758777","0","","https://www.usps.com/","38.91438","-120.00628","16.9849498961619","Catalogs; Greeting Cards; Magazines; Paper (Mixed)","false","true","","","false","false","false","false"
"US Post Office","USPS Discarded Lobby Mail Recycling Program","950 Emerald Bay Rd","South Lake Tahoe","El Dorado","CA","96158","0","0","","","38.91438","-120.00628","16.9849498961619","Video Game Consoles; PlayStation Consoles","false","true","","","false","false","false","false"
"Jiffy Lube","","3212 S Carson St","Carson City","","NV","89701","7758836419","0","","https://ndep.nv.gov","39.1386046","-119.7693918","17.0002590397437","","false","false","","","false","false","false","false"
"Tahoe Diesel Service Certified Oil Center","Tahoe Diesel Service Certified Oil Center","1012 Industrial Ave","South Lake Tahoe","El Dorado","CA","96150","5305448100","0","Monday: 8:00 AM - 5:00 PM Tuesday: 8:00 AM - 5:00 PM Wednesday: 8:00 AM - 5:00 PM Thursday: 8:00 AM - 5:00 PM Friday: 8:00 AM - 5:00 PM ","http://www.co.el-dorado.ca.us/emd/solidwaste/household_waste.html","38.90192","-120.01257","17.2968563454667","Used Motor Oil; Video Game Consoles; PlayStation Consoles","false","true","","","false","false","false","false"
"Call2Recycle at Lowe's","Call2Recycle at Lowe's","430 Fairview Dr","Carson City","Carson City","NV","89701","7758812460","0","Monday: 6:00 AM - 10:00 PM Tuesday: 6:00 AM - 10:00 PM Wednesday: 6:00 AM - 10:00 PM Thursday: 6:00 AM - 10:00 PM Friday: 6:00 AM - 10:00 PM Saturday: 6:00 AM - 10:00 PM Sunday: 8:00 AM - 8:00 PM ","http://www.lowes.com/","39.15002","-119.7644","17.7036890846112","Cell Phones; Compact Fluorescent Lights; Ni-Cd Batteries; Plastic Shopping Bags; Li-Ion Batteries; Ni-MH Batteries; Ni-Zn Batteries; Small Sealed Lead Acid Batteries; Video Game Consoles; PlayStation Consoles","false","true","As an environmentally-committed retailer, Lowes offers a recycling center near store entrances to give consumers a free and easy way to properly dispose of rechargeable batteries, cell phones, CFLs and plastic shopping bags; materials that otherwise could be potentially harmful to the environment.  Look for the recycling center or ask a store associate for more details.","","false","false","false","false"
"Pa Wau Lu Middle School Recycling Drop-off Program","","699 Long Valley Rd ","Gardnerville","","NV","89460","7757825713","0","","http://douglasdisposal.com/","38.8863735","-119.7256821","2.1017967310512","","false","false","","","false","false","false","false"
"Carson Valley Electronics","Carson Valley Electronics","1329 US Highway 395 N Ste 3","Gardnerville","Douglas","NV","89410","7757833595","0","","http://www.radioshack.com/","38.91613","-119.72731","2.24564104733735","Cell Phones; Ni-Cd Batteries; Li-Ion Batteries; Ni-MH Batteries; Ni-Zn Batteries; Small Sealed Lead Acid Batteries; Video Game Consoles; PlayStation Consoles","false","true","The U.S. EPA estimates that more than 350 million rechargeable batteries are purchased annually in the U.S. Thanks to the environmental commitment of this location, its easy and free to recycle your batteries. Bring your rechargeable batteries to this location and look for the recycling box or ask an associate how you can do your part for the environment.","","false","false","false","false"
"USPS Post Office Box Lobby Recycling Program","US Post Office","1267 US Highway 395 N","Gardnerville","Douglas","NV","89410","8002758777","0","","https://www.usps.com/","38.93205","-119.73356","3.1777178974746","Catalogs; Greeting Cards; Magazines; Paper (Mixed)","false","true","","","false","false","false","false"
"US Post Office","USPS Discarded Lobby Mail Recycling Program","1267 US Highway 395 N","Gardnerville","Douglas","NV","89410","0","0","","","38.93205","-119.73356","3.1777178974746","Video Game Consoles; PlayStation Consoles","false","true","","","false","false","false","false"
"USPS Post Office Box Lobby Recycling Program","US Post Office","1271 Kimmerling Rd","Gardnerville","Douglas","NV","89460","8002758777","0","","https://www.usps.com/","38.89482","-119.75179","3.29623306833227","Catalogs; Greeting Cards; Magazines; Paper (Mixed)","false","true","","","false","false","false","false"
"US Post Office","USPS Discarded Lobby Mail Recycling Program","1271 Kimmerling Rd","Gardnerville","Douglas","NV","89460","0","0","","","38.89482","-119.75179","3.29623306833227","Video Game Consoles; PlayStation Consoles","false","true","","","false","false","false","false"
"Superior Lube and Car Wash","Superior Lube and Car Wash","1293 US Highway 395 N","Gardnerville","Douglas","NV","89410","7757825665","0","Monday: 8:00 AM - 5:00 PM Tuesday: 8:00 AM - 5:00 PM Wednesday: 8:00 AM - 5:00 PM Thursday: 8:00 AM - 5:00 PM Friday: 8:00 AM - 5:00 PM Saturday: 8:00 AM - 5:00 PM ","","38.93393","-119.73597","3.36110452902164","Used Motor Oil; Video Game Consoles; PlayStation Consoles","false","true","","","false","false","false","false"
"The UPS Store","The UPS Store","1362 Us Hwy 395 N","Gardnerville","Douglas","NV","89410","7753924192","0","Monday: 9:00 AM - 6:00 PM Tuesday: 9:00 AM - 6:00 PM Wednesday: 9:00 AM - 6:00 PM Thursday: 9:00 AM - 6:00 PM Friday: 9:00 AM - 6:00 PM Saturday: 10:00 AM - 4:00 PM ","http://www.mbe.com","38.93657","-119.7371","3.5323778861164","Packing Peanut (Reuse); Video Game Consoles; PlayStation Consoles","false","true","This site is located near Scolari's Market.","","false","false","false","false"
"Tires Plus","","1331 Waterloo Lane","Gardnerville","","NV","89410","7757827109","0","","https://www.tiresplus.com/","38.9347716","-119.7402739","3.57017450138103","","false","false","","","false","false","false","false"
"Tires Plus Store","Tires Plus Store","1331 Waterloo Ln","Gardnerville","Douglas","NV","89410","7757827109","0","","http://www.firestone.com","38.92504","-119.74983","3.60300203854329","Lead Acid (Pb) Batteries; Used Motor Oil; Video Game Consoles; PlayStation Consoles","false","true","","","false","false","false","false"
"Smith's Food & Drug Aluminum Recycling Drop-off Program","","1341 Us Highway 395 N","Gardnerville","","NV","89410","7757825713","0","","http://douglasdisposal.com/","38.9372338","-119.7391598","3.64314203832855","","false","false","","","false","false","false","false"
"Smith's ","","1341 Highway 395","Gardnerville","","NV","89410","7757820160","0","","","38.9372338","-119.7391598","3.64314203832855","","false","false","","","false","false","false","false"
"Walgreens","Walgreens","1342 US Highway 395 N","Gardnerville","Douglas","NV","89410","7757820537","0","","http://www.walgreens.com","38.93678","-119.74081","3.68530158249933","Cell Phones; Inkjet Printer Cartridges; Video Game Consoles; PlayStation Consoles","false","true","","","false","false","false","false"
"O'Reilly Auto Parts","null","1375 Us Highway 395 North","Gardnerville","","NV","89410","7757839410","0","","http://oreillyauto.custhelp.com/app/error/error_id/6","38.9386272","-119.7431343","3.86373270611526","","false","false","","","false","false","false","false"
"O'Reilly Auto Parts","O'Reilly Auto Parts","1375 Us Highway 395 North","Gardnerville","Douglas County","NV","89410","7757839410","0","","http://www.oreillyauto.com/","38.9387033","-119.7437297","3.89065044666505","Lead Acid (Pb) Batteries; Used Motor Oil; Video Game Consoles; PlayStation Consoles","false","true","Most stores offer Used Oil & Battery Recycling, Battery Testing, 
Electrical & Module Testing, Loaner Tool Program, Drum / Rotor Resurfacing. Call your location for more details.","","false","false","false","false"
"Gardnerville Elementary School Recycling Drop-off Program","","1290 Toler Ave","Gardnerville","","NV","89410","7757825713","0","","http://douglasdisposal.com/","38.9400964","-119.7427137","3.91799928043575","","false","false","","","false","false","false","false"
"Napa Auto Parts","Napa Auto Parts","1423 US Highway 395 N","Gardnerville","Douglas","NV","89410","7757822219","0","Monday: 7:00 AM - 6:00 PM Tuesday: 7:00 AM - 6:00 PM Wednesday: 7:00 AM - 6:00 PM Thursday: 7:00 AM - 6:00 PM Friday: 7:00 AM - 6:00 PM Saturday: 7:00 AM - 5:00 PM Sunday: 8:00 AM - 5:00 PM ","","38.94028","-119.74784","4.1269991436645","Lead Acid (Pb) Batteries; Video Game Consoles; PlayStation Consoles","false","true","","","false","false","false","false"
"Douglas Transfer Station Household Hazardous Waste Program","","","Gardnerville","","NV","89410","7757825713","0","","http://douglasdisposal.com/Hazardous_Waste.html","38.9412959","-119.7496216","4.2451107270399","","false","false","","","false","false","false","false"
"1-Way Auto Care LLC","","1473 Main St","Gardnerville","","NV","89410","7757828118","0","","https://ndep.nv.gov","38.9431317","-119.7508373","4.37875804558509","","false","false","","","false","false","false","false"
"Bentley Biofuels Outpost Recycling Drop-off Program","","1350 Buckeye Rd ","Minden","","NV","89423","7757825713","0","","http://douglasdisposal.com/","38.9616215","-119.7351839","4.86442133632289","","false","false","","","false","false","false","false"
"Bently Biofuels Company","","1350 Buckeye Road","Minden","","NV","89423","7752677659","0","","https://www.bentlyenterprises.com/","38.9616215","-119.7351839","4.86442133632289","","false","false","","","false","false","false","false"
"Bently Biofuels Company","Bently Biofuels Company","1350 Buckeye Rd","Minden","Douglas","NV","89423","7752677659","0","Monday: 8:00 AM - 6:00 PM Tuesday: 8:00 AM - 6:00 PM Wednesday: 8:00 AM - 6:00 PM Thursday: 8:00 AM - 6:00 PM Friday: 8:00 AM - 6:00 PM Saturday: 9:00 AM - 5:00 PM ","http://www.bentlybiofuels.com","38.95624","-119.74865","4.96159706714566","Cooking Oil; Video Game Consoles; PlayStation Consoles","false","true","This site will pay you to recycle clean vegetable oil. Please contact them for details pickup@bentlybiofuels.com

   

This site is located 2 miles east of Highway 395.","","false","false","false","false"
"USPS Post Office Box Lobby Recycling Program","US Post Office","1640 US Highway 395 N","Minden","Douglas","NV","89423","8002758777","0","","https://www.usps.com/","38.94884","-119.76208","5.09180006149667","Catalogs; Greeting Cards; Magazines; Paper (Mixed)","false","true","","","false","false","false","false"
"US Post Office","USPS Discarded Lobby Mail Recycling Program","1640 US Highway 395 N","Minden","Douglas","NV","89423","0","0","","","38.94884","-119.76208","5.09180006149667","Video Game Consoles; PlayStation Consoles","false","true","","","false","false","false","false"
"Smith's","Smith's","1341 US Highway 395 N","Gardnerville","Douglas","NV","89410","7757820160","0","Sunday: 12:00 AM - 11:59 PM Monday: 12:00 AM - 11:59 PM Tuesday: 12:00 AM - 11:59 PM Wednesday: 12:00 AM - 11:59 PM Thursday: 12:00 AM - 11:59 PM Friday: 12:00 AM - 11:59 PM Saturday: 12:00 AM - 11:59 PM ","","38.95735","-119.77165","5.86695058775139","Food Storage Bags; Video Game Consoles; PlayStation Consoles","false","true","","","false","false","false","false"
"Jiffy Lube","","1766 Us Highway 395 N","Minden","","NV","89423","7757823134","0","","https://ndep.nv.gov","38.9626819","-119.7796387","6.43234421558717","","false","false","","","false","false","false","false"
"Carson Valley Recycling,LLC","Carson Valley Recycling,LLC","2222 Park Pl Ste 1F","Minden","Douglas","NV","89423","7752676524","7753139689","Monday: 9:00 AM - 5:00 PM Tuesday: 9:00 AM - 5:00 PM Wednesday: 9:00 AM - 5:00 PM Thursday: 9:00 AM - 5:00 PM Friday: 9:00 AM - 5:00 PM ","http://www.cvrecycling.com","38.99809","-119.76493","7.84522304468378","Plastic #1 (PETE); Plastic #2 (HDPE); Plastic #2 (Color HDPE); Plastic #3 (PVC); Plastic #4 (LDPE); Plastic #5 (Polypropylene); Plastic #6 (Polystyrene); Plastic #7; Aluminum Cans; Glass (Brown); Cardboard; Glass (Clear); Gift Boxes; Glass (Green); Greeting Cards; Paper (Mixed); Newspapers; Paperboard; Office Paper; Video Game Consoles; PlayStation Consoles","true","true","This facility only provides curbside pickup. Call to set something up.","","false","false","false","false"
"Carson Valley Recycling,LLC","","2222 Park Pl","Minden","","NV","89423","7757839199","0","","","38.9988034","-119.7652235","7.89569898098608","","false","false","","","false","false","false","false"
