name,description,address,city,region,province,postal_code,phone,fax,hours,url,latitude,longitude,distance,materials,pickup,dropoff,notes,groups,curbside,municipal,national,event_only
"Chowan County Recycling & Convenience Site - Ryland","","103 Ryland Road","Tyner","","NC","27980","7575435766","0","","https://www.chowancounty-nc.gov","36.2655211","-76.6545191","1.80012615358281","","false","false","","","false","false","false","false"
"Chowan County Recycling & Convenience Site - Hancock","","922 Virginia Rd","Edenton","","NC","27932","7575435766","0","","https://www.chowancounty-nc.gov","36.103659","-76.628939","10.158936664913","","false","false","","","false","false","false","false"
"Perquimans County Convenience Center - Highway 17 South Site","","100 Ocean Hwy N","Hertford","","NC","27944","2522643016","0","","http://www.co.perquimans.nc.us/departments/solid-waste-a-recycling.html","36.1952966","-76.4526796","10.4919229607161","","false","false","","","false","false","false","false"
"Sunbury Recycling Drop-Off Site","","289 Nc 32 N","Sunbury","","NC","27979","2524654565","0","","https://gatescounty.govoffice2.com","36.420917","-76.606177","11.8228238290531","","false","false","","","false","false","false","false"
"Habitat for Humanity Restore","Habitat for Humanity Restore","1370 N Broad St ","Edenton","Chowan County","NC","27932","2524822686","0","","http://www.habitat.org","36.076741","-76.589723","12.2062109102673","Aluminum Cans; Carpet; Ceiling Tiles; Ceramic Tiles; Construction Materials (Reuse); Gift Bags; Household Goods; Linoleum; Ornaments; Porcelain; Roofing Materials; Windows; Computer (Recycling); Electronics; Laptop Computers; Printers/Scanners/Fax Machines; Small Televisions; Tablets; Televisions; Video Game Consoles; PlayStation Consoles","false","true","The ReStore raises funds by selling merchandise and, after expenses, uses all profits to build more homes.  Habitat also provides families an opportunity to buy building materials that they may not otherwise be able to afford. This will help raise the standards of housing. By recycling goods that would have been sent to a landfill, the ReStore also helps reduce waste disposal costs. If you have materials to donate, please call for more information. The Habitat ReStore takes most materials and the staff will be glad to talk with you.","","false","false","false","false"
"Advance Auto Parts","","1107 N Broad St","Edenton","","NC","27932","2524822699","0","","http://shop.advanceautoparts.com/webapp/wcs/stores/servlet/home___","36.0745393","-76.5988322","12.278546393875","","false","false","","","false","false","false","false"
"Advance Auto Parts","Advance Auto Parts","1107 N Broad St","Edenton","Chowan","NC","27932","2524822699","0","Monday: 7:00 AM - 9:00 PM Tuesday: 7:00 AM - 9:00 PM Wednesday: 7:00 AM - 9:00 PM Thursday: 7:00 AM - 9:00 PM Friday: 7:00 AM - 9:00 PM Saturday: 7:00 AM - 9:00 PM Sunday: 10:00 AM - 8:00 PM ","http://www.advanceautoparts.com","36.07397","-76.59528","12.3452230029107","Lead Acid (Pb) Batteries; Used Motor Oil; Computer (Recycling); Electronics; Laptop Computers; Printers/Scanners/Fax Machines; Small Televisions; Tablets; Televisions; Video Game Consoles; PlayStation Consoles","false","true","","","false","false","false","false"
"911 Cell Phone Bank - Geauga County Sheriffs Office","911 Cell Phone Bank - Geauga County Sheriffs Office","202 Court St ","Gatesville","Gates County","NC","27938","8662907864","0","","http://www.911cellphonebank.org/","36.4034865","-76.753296","12.6536920301032","Cell Phones; Cameras; Laptop Computers; MP3 Players; Video Games; Video Game Consoles; Smart watches & Apple Watch®
","false","true","Please call to verify drop-off procedures and directions to the location.  For prepaid shipping labels, visit http://www.911cellphonebank.org/drop-off-locations.asp - click on "print shipping label."","","false","false","false","false"
"USPS Post Office Box Lobby Recycling Program","US Post Office","990 US Highway 158 E","Sunbury","Gates","NC","27979","8002758777","0","","https://www.usps.com/","36.44404","-76.62257","13.3614889705792","Catalogs; Greeting Cards; Magazines; Paper (Mixed)","false","true","","","false","false","false","false"
"Bertie County Convenience Center - Rosemead","","534 Nowell Farm Rd","Colerain","","NC","27924","2523562241","0","","http://www.co.bertie.nc.us/departments/anlit/anlit.html","36.1809466","-76.8523536","13.4048821156586","","false","false","","","false","false","false","false"
"Perquimans County Convenience Center - Highway 17 North Site","","1430 Ocean Hwy N","Hertford","","NC","27944","2522643016","0","","http://www.co.perquimans.nc.us/departments/solid-waste-a-recycling.html","36.226567","-76.3630647","14.8545542457215","","false","false","","","false","false","false","false"
"Chowan County Recycling & Convenience Site - Soundside","","223 Soundside Rd","Edenton","","NC","27932","7575435766","0","","https://www.chowancounty-nc.gov","36.0372119","-76.581214","14.9783110658362","","false","false","","","false","false","false","false"
"Pasquotank County Convenience Center & Recycling - Mount Hermon","","711 Methodist Church Rd","Elizabeth City","","NC","27909","2522643978","0","","https://www.pasquotankcountync.org/departments/","36.2632729","-76.3301646","16.6129251398589","","false","false","","","false","false","false","false"
"Hertford County Recycling Convenience Site - Newsome Grove Rd.","","123 Newsome Grove Road            ","Ahoskie","","NC","27910","2523587867","0","","http://www.hertfordcountync.gov/departments/public-works-and-facilities-maintenance/solid-waste/","36.275287","-76.943901","17.6829090511313","","false","false","","","false","false","false","false"
"Gates Recycling Drop-Off Site","","467 Water Plant Rd","Gates","","NC","27937","2523572051","0","","https://gatescounty.govoffice2.com","36.4928976","-76.7707794","18.5243546386406","","false","false","","","false","false","false","false"
"Walmart Supercenter","","101 Tanglewood Pkwy","Elizabeth City","","NC","27909","2523383367","0","","https://www.walmart.com/","36.2961296","-76.2982321","18.6316784486836","","false","false","","","false","false","false","false"
"Walmart Tire and Lube Express","","101 Tanglewood Pkwy","Elizabeth City","","NC","27909","2523383367","0","","https://www.walmart.com/cp/ideas/8932632","36.2961296","-76.2982321","18.6316784486836","","false","false","","","false","false","false","false"
"Perquimans County Convenience Center - New Hope Site","","100 Deep Creek Rd","Hertford","","NC","27944","2522644281","0","","http://www.co.perquimans.nc.us/departments/solid-waste-a-recycling.html","36.1540786","-76.3129864","18.7854883064041","","false","false","","","false","false","false","false"
"Walmart","","1532 Memorial Dr E","Ahoskie","","NC","27910","2523327773","0","","https://www.walmart.com/","36.272684","-76.971824","19.2170907537623","","false","false","","","false","false","false","false"
"O'Reilly Auto Parts","","1411 Memorial Dr","Ahoskie","","NC","27910","2522090444","0","","http://oreillyauto.custhelp.com/app/error/error_id/6","36.273707","-76.9721821","19.242563082167","","false","false","","","false","false","false","false"
"Advance Auto Parts","Advance Auto Parts","1476 Memorial Dr E","Ahoskie","Hertford","NC","27910","2523328112","0","Monday: 7:00 AM - 9:00 PM Tuesday: 7:00 AM - 9:00 PM Wednesday: 7:00 AM - 9:00 PM Thursday: 7:00 AM - 9:00 PM Friday: 7:00 AM - 9:00 PM Saturday: 7:00 AM - 9:00 PM Sunday: 10:00 AM - 8:00 PM ","http://www.advanceautoparts.com","36.27328","-76.97263","19.2650701912049","Lead Acid (Pb) Batteries; Used Motor Oil; Computer (Recycling); Electronics; Laptop Computers; Printers/Scanners/Fax Machines; Small Televisions; Tablets; Televisions; Video Game Consoles; PlayStation Consoles","false","true","","","false","false","false","false"
"GreenZone Textile Recycling - Ahoskie","","1339 East Memorial Drive","Ahoskie","","NC","27910","8007671284","0","","http://GZRUSA.com/","36.2758818","-76.9733972","19.3227081007528","","false","false","","","false","false","false","false"
"Advance Auto Parts","","1476 Memorial Dr E","Ahoskie","","NC","27910","2523328112","0","","http://shop.advanceautoparts.com/webapp/wcs/stores/servlet/home___","36.2734792","-76.9738923","19.3362519998131","","false","false","","","false","false","false","false"
"GreenZone Textile Recycling - Elizabeth City","","1052 US 158 ","Elizabeth City","","NC","27909","8007671284","0","","http://GZRUSA.com/","36.4153982","-76.3421563","19.5577826208428","","false","false","","","false","false","false","false"
"Galaxy Metal Management Inc","Galaxy Metal Management Inc","1200 George Wood Dr","Elizabeth City","Pasquotank","NC","27909","2523374433","0","","","36.28699","-76.2733","19.9137433406849","Scrap Metal; Computer (Recycling); Electronics; Laptop Computers; Printers/Scanners/Fax Machines; Small Televisions; Tablets; Televisions; Video Game Consoles; PlayStation Consoles","false","true","","","false","false","false","false"
"Perquimans County Convenience Center - Hertford Site","","500 Center Hill Rd","Hertford","","NC","27944","2522644281","0","","http://www.co.perquimans.nc.us/departments/solid-waste-a-recycling.html","36.2185843","-76.6232879","2.23374523878748","","false","false","","","false","false","false","false"
"ECG, Inc.","ECG, Inc.","104 Corporate Dr","Elizabeth City","Pasquotank","NC","27909","2523331002","0","Monday: 8:00 AM - 4:30 PM Tuesday: 8:00 AM - 4:30 PM Wednesday: 8:00 AM - 4:30 PM Thursday: 8:00 AM - 4:30 PM Friday: 8:00 AM - 4:30 PM ","","36.36077","-76.29469","20.0529922658812","Glass (Blue); Glass (Brown); Glass (Clear); Glass (Green); Glass (Other); Computer (Recycling); Electronics; Laptop Computers; Printers/Scanners/Fax Machines; Small Televisions; Tablets; Televisions; Video Game Consoles; PlayStation Consoles","false","true","","","false","false","false","false"
"Rose Brothers Paving Company, Inc","Rose Brothers Paving Company, Inc","PO Box 643","Ahoskie","Hertford","NC","27910","2523323700","0","","http://www.shinglerecycling.org/","36.28112","-76.98861","20.2006535935945","Shingles; Computer (Recycling); Electronics; Laptop Computers; Printers/Scanners/Fax Machines; Small Televisions; Tablets; Televisions; Video Game Consoles; PlayStation Consoles","true","true","For more information on shingle recycling visit <a href="http://www.shinglerecycling.org/index.php" target="_blank">ShingleRecycling.org</a>","","false","false","false","false"
"Pasquotank County Convenience Center & Recycling - Landfill","","983 Simpson Ditch Rd","Elizabeth City","","NC","27909","2523387621","0","","https://www.pasquotankcountync.org/departments/","36.2527121","-76.2647792","20.2347959375091","","false","false","","","false","false","false","false"
"Pasquotank County Convenience Center & Recycling - Wellfield","","944 Wellfield Rd","Elizabeth City","","NC","27909","2523312095","0","","https://www.pasquotankcountync.org/departments/","36.3100707","-76.2623278","20.7725002731171","","false","false","","","false","false","false","false"
"Farm Fresh","","683 South Hughes Boulevard","Elizabeth City","","NC","27909","2523311301","0","","","36.2909952","-76.2531138","21.0639725845529","","false","false","","","false","false","false","false"
"Farm Fresh","Farm Fresh","683 S Hughes Blvd","Elizabeth City","Pasquotank","NC","27909","2523311301","0","","","36.29084","-76.25124","21.1660491062921","Plastic Shopping Bags; Food Storage Bags; Computer (Recycling); Electronics; Laptop Computers; Printers/Scanners/Fax Machines; Small Televisions; Tablets; Televisions; Video Game Consoles; PlayStation Consoles","false","true","","","false","false","false","false"
"Pasquotank County Convenience Center & Recycling - Providence","","1993 N Rd St","Elizabeth City","","NC","27909","2523351415","0","","https://www.pasquotankcountync.org/departments/","36.347926","-76.2663388","21.226163532009","","false","false","","","false","false","false","false"
"Pasquotank County Convenience Center & Recycling - Providence","","1993 N Rd St","Elizabeth City","","NC","27909","2523351415","0","","https://www.pasquotankcountync.org/departments/","36.347926","-76.2663388","21.226163532009","","false","false","","","false","false","false","false"
"Call2Recycle at Lowe's","Call2Recycle at Lowe's","1605 W Ehringhaus St","Elizabeth City","Pasquotank","NC","27909","2523316160","0","Monday: 6:00 AM - 10:00 PM Tuesday: 6:00 AM - 10:00 PM Wednesday: 6:00 AM - 10:00 PM Thursday: 6:00 AM - 10:00 PM Friday: 6:00 AM - 10:00 PM Saturday: 6:00 AM - 10:00 PM Sunday: 8:00 AM - 8:00 PM ","http://www.lowes.com/","36.29081","-76.24915","21.2812026240182","Cell Phones; Compact Fluorescent Lights; Ni-Cd Batteries; Plastic Shopping Bags; Li-Ion Batteries; Ni-MH Batteries; Ni-Zn Batteries; Small Sealed Lead Acid Batteries; Computer (Recycling); Electronics; Laptop Computers; Printers/Scanners/Fax Machines; Small Televisions; Tablets; Televisions; Video Game Consoles; PlayStation Consoles","false","true","As an environmentally-committed retailer, Lowes offers a recycling center near store entrances to give consumers a free and easy way to properly dispose of rechargeable batteries, cell phones, CFLs and plastic shopping bags; materials that otherwise could be potentially harmful to the environment.  Look for the recycling center or ask a store associate for more details.","","false","false","false","false"
"Walgreens","Walgreens","1700 W Ehringhaus St","Elizabeth City","Pasquotank","NC","27909","2523311201","0","","http://www.walgreens.com","36.29191","-76.24746","21.38438037692","Cell Phones; Inkjet Printer Cartridges; Computer (Recycling); Electronics; Laptop Computers; Printers/Scanners/Fax Machines; Small Televisions; Tablets; Televisions; Video Game Consoles; PlayStation Consoles","false","true","","","false","false","false","false"
"Lowe's","","1605 W Ehringhaus St","Elizabeth City","","NC","27909","2523316160","0","","https://newsroom.lowes.com/responsibility/operational-excellence/","36.2905315","-76.2459205","21.4571352394801","Batteries (Rechargeable); Cell Phone Batteries; Li-Ion Batteries; Ni-Cd Batteries; Ni-MH Batteries; Small Sealed Lead Acid Batteries; Cell Phones","false","true","","Call2Recycle","false","false","false","false"
"Hertford County Recycling Convenience Site - Winton","","227 Mount Mariah Road                ","Winton","","NC","27986","2523587867","0","","http://www.hertfordcountync.gov/departments/public-works-and-facilities-maintenance/solid-waste/","36.391646","-76.972138","21.4926007076779","","false","false","","","false","false","false","false"
"OfficeMax","","834 Halstead Blvd","Elizabeth City","","NC","27909","2523311163","0","","","36.2912419","-76.2427522","21.6383738667463","","false","false","","","false","false","false","false"
"JCPenney","","1409 W Ehringhaus St","Elizabeth City","","NC","27909","2523383888","0","","https://www.jcpenney.com/","36.2928891","-76.240489","21.7780996501531","","false","false","","","false","false","false","false"
"Camden County Convenience Center - South Mills Township","","1564 North NC343","South Mills","","NC","27976","2523381919","0","","","36.4575444","-76.3316492","21.8186863504189","","false","false","","","false","false","false","false"
"Pasquotank County Solid Waste","null","317 Pritchard St ","Elizabeth City","Pasquotank County","NC","27909","2523376628","0","","https://www.cityofec.com/?SEC=1FEFA95E-345A-473C-AB16-01D1CA1E6873","36.298336","-76.2383124","21.9507717075493","Computer (Recycling); Electronics; Laptop Computers; Printers/Scanners/Fax Machines; Small Televisions; Tablets; Televisions; Video Game Consoles; PlayStation Consoles","false","true","County Residents Only ","Sony, Vizio, OEM, OEM Indiv, OEM Municipal sites","false","false","false","false"
"Advance Auto Parts","","1105 W Ehringhaus St","Elizabeth City","","NC","27909","2523386360","0","","http://shop.advanceautoparts.com/webapp/wcs/stores/servlet/home___","36.2947053","-76.2371848","21.9772643435799","","false","false","","","false","false","false","false"
"AutoZone","AutoZone","1012 W Ehringhaus St","Elizabeth City","Pasquotank","NC","27909","2523380284","0","","http://www.autozone.com","36.29535","-76.23627","22.0338340140195","Lead Acid (Pb) Batteries; Used Motor Oil; Computer (Recycling); Electronics; Laptop Computers; Printers/Scanners/Fax Machines; Small Televisions; Tablets; Televisions; Video Game Consoles; PlayStation Consoles","false","true","Most AutoZone stores accept used motor oil, transmission fluid, gear oil and automotive batteries. Call to see what your local store is currently accepting.","","false","false","false","false"
"AutoZone","","1012 W Ehringhaus St","Elizabeth City","","NC","27909","2523380284","0","","https://www.autozone.com/landing/page.jsp?name=in-our-stores","36.2957932","-76.2358269","22.0625142858286","","false","false","","","false","false","false","false"
"Verizon Wireless","Verizon Wireless","900 W Ehringhaus St","Elizabeth City","Pasquotank","NC","27909","2526793185","0","","http://www.verizonwireless.com/","36.29551","-76.23359","22.1831691437936","Cell Phones; Cell Phone Batteries; Computer (Recycling); Electronics; Laptop Computers; Printers/Scanners/Fax Machines; Small Televisions; Tablets; Televisions; Video Game Consoles; PlayStation Consoles","false","true","<A Href="https://www.trade-in.vzw.com/home.aspx">
The Verizon Wireless Trade-In Program</A> allows you to trade in your used handset or tablet in a convenient and responsible way. 
<P>
<P>
Verizon Wireless works every day to protect our environment and give our customers opportunities to do the same. <A Href="http://aboutus.vzw.com/Green_Initiative/overview.html">Click here</A> for more examples of the earth-friendly initiatives and programs Verizon Wireless is proud to offer and support.","","false","false","false","false"
"Hertford County Recycling Convenience Site - Drive-in Theatre Rd.","","110 Drive In Theater Rd","Ahoskie","","NC","27910","2523587867","0","","http://www.hertfordcountync.gov/departments/public-works-and-facilities-maintenance/solid-waste/","36.281764","-77.024495","22.1939480336686","","false","false","","","false","false","false","false"
"O'Reilly Auto Parts","","901 W Ehringhaus St","Elizabeth City","","NC","27909","2523312920","0","","http://oreillyauto.custhelp.com/app/error/error_id/6","36.295101","-76.2327488","22.2257057788785","","false","false","","","false","false","false","false"
"O'Reilly Auto Parts","","901 W Ehringhaus St","Elizabeth City","","NC","27909","2523312920","0","","http://oreillyauto.custhelp.com/app/error/error_id/6","36.295101","-76.2327488","22.2257057788785","","false","false","","","false","false","false","false"
"Expert PC - Authorized RadioShack Dealer","Expert PC - Authorized RadioShack Dealer","420 N Hughes Blvd Ste B","Elizabeth City","Pasquotank ","NC","27909-3542","2523385612","0","","","36.308157630209","-76.2289962564434","22.5719773923599","Alkaline/Single-Use Batteries; Batteries (Rechargeable); Button Batteries; Cell Phone Batteries; Li-Ion Batteries; Ni-Cd Batteries; Ni-MH Batteries; Ni-Zn Batteries; Small Sealed Lead Acid Batteries; Non-rechargeable lithium batteries","false","true","Call or Check Online for Hours","Call2Recycle","false","false","false","false"
"City of Suffolk Recycling Drop-off Location","","Whaleyville Blvd","Suffolk","","VA","23438","7575435766","0","","http://www.suffolkva.us","36.5828098","-76.6931131","23.2300138261062","","false","false","","","false","false","false","false"
"Bertie County Convenience Center - Hardentown","","134 U.S. 17","Windsor","","NC","27983","2524824524","0","","http://www.co.bertie.nc.us/departments/anlit/anlit.html","36.0001192","-76.9059047","23.2449427881642","","false","false","","","false","false","false","false"
"Hayes Iron & Metal Inc","Hayes Iron & Metal Inc","501 E Ward St","Elizabeth City","Pasquotank","NC","27909","2523377380","0","","http://www.hayesironandmetal.com/","36.30588","-76.21469","23.3308794387793","Aluminum Cans; Ferrous Metals (Steel or Iron); Non-ferrous (Copper/Brass/Tin); Tin or Steel Cans; Computer (Recycling); Electronics; Laptop Computers; Printers/Scanners/Fax Machines; Small Televisions; Tablets; Televisions; Video Game Consoles; PlayStation Consoles","false","true","","","false","false","false","false"
"Barnhill Contracting Corporation","","165 Knobbs Creek Dr","Elizabeth City","","NC","27909","2523359503","0","","http://www.barnhillcontracting.com/","36.3132059","-76.2100349","23.6727180642104","","false","false","","","false","false","false","false"
"Pasquotank County Convenience Center & Recycling - Newland","","926 Highway 158","Elizabeth City","","NC","27909","2527712795","0","","https://www.pasquotankcountync.org/departments/","36.3060517","-76.1921578","24.5716567048385","","false","false","","","false","false","false","false"
"Advance Auto Parts","null","109a Us Highway 13 N","Windsor","Bertie","NC","27983","2527943500","0","Monday: 7:30 AM - 9:00 PM Tuesday: 7:30 AM - 9:00 PM Wednesday: 7:30 AM - 9:00 PM Thursday: 7:30 AM - 9:00 PM Friday: 7:30 AM - 9:00 PM Saturday: 7:30 AM - 9:00 PM Sunday: 9:00 AM - 8:00 PM ","http://www.advanceautoparts.com","36.0087104","-76.9558468","24.785525094312","Lead Acid (Pb) Batteries; Used Motor Oil; Computer (Recycling); Electronics; Laptop Computers; Printers/Scanners/Fax Machines; Small Televisions; Tablets; Televisions; Video Game Consoles; PlayStation Consoles","false","true","","","false","false","false","false"
"Advance Auto Parts","null","109a Us Highway 13 N","Windsor","","NC","27983","2527943500","0","","http://shop.advanceautoparts.com/webapp/wcs/stores/servlet/home___","36.0087076","-76.9558452","24.7855899129825","","false","false","","","false","false","false","false"
"Pasquotank County Convenience Center & Recycling - Coast Guard","","1577 Weeksville Rd","Elizabeth City","","NC","27909","2523312095","0","","https://www.pasquotankcountync.org/departments/","36.2540843","-76.1811797","24.893021789083","","false","false","","","false","false","false","false"
"Pasquotank County Convenience Center & Recycling - Weeksville","","2736 Peartree Rd","Elizabeth City","","NC","27909","2523304490","0","","https://www.pasquotankcountync.org/departments/","36.2120093","-76.1832403","24.9274960523808","","false","false","","","false","false","false","false"
"Camden County Convenience Center - Camden Township","","103 Water Plant Rd","Camden","","NC","27921","2523381919","0","","","36.3040424","-76.1729093","25.6111917780434","","false","false","","","false","false","false","false"
"Camden County Convenience Center - Courthouse","","Chantilly Rd","Camden","","NC","27921","2523381919","0","","https://www.camdencountync.gov/","36.3056194","-76.1718268","25.6864738915841","","false","false","","","false","false","false","false"
"911 Cell Phone Bank - Cannon County Sheriffs Office","911 Cell Phone Bank - Cannon County Sheriffs Office","117 N Carolina Hwy 343 S ","Camden","Camden County","NC","27921","8662907864","0","","http://www.911cellphonebank.org/","36.329707","-76.1747829","25.8197523995232","Cell Phones; Cameras; Laptop Computers; MP3 Players; Video Games; Video Game Consoles; Smart watches & Apple Watch®
","false","true","Please call to verify drop-off procedures and directions to the location.  For prepaid shipping labels, visit http://www.911cellphonebank.org/drop-off-locations.asp - click on "print shipping label."","","false","false","false","false"
"East Carolina Environmental Recycling Drop-Off","","1922 Republican Rd","Aulander","","NC","27805","2523483322","0","","http://www.co.bertie.nc.us/departments/anlit/anlit.html","36.115539","-77.064747","26.0866131677749","","false","false","","","false","false","false","false"
"Bertie County Convenience Center - Landfill","","1051 Landfill Rd","Aulander","","NC","27805","2523482518","0","","http://www.co.bertie.nc.us/departments/anlit/anlit.html","36.115539","-77.064747","26.0866131677749","","false","false","","","false","false","false","false"
"City of Suffolk Recycling Drop-off Location","","Carolina Rd","Suffolk","","VA","23434","7575435766","0","","","36.6334737","-76.6085173","26.4681525668453","","false","false","","","false","false","false","false"
"Bertie County Convenience Center - Windsor","","307 U.S. 13","Windsor","","NC","27983","2527942000","0","","http://www.co.bertie.nc.us/departments/anlit/anlit.html","35.9689835","-76.9534116","26.6241421340655","","false","false","","","false","false","false","false"
"Hertford County Recycling Convenience Site - St. Johns","","343 St. Johns Mellennium Road         ","Aulander","","NC","27805","2523587867","0","","http://www.hertfordcountync.gov/departments/public-works-and-facilities-maintenance/solid-waste/","36.2716075","-77.1054318","26.6394705072959","","false","false","","","false","false","false","false"
"EZPAGE","EZPAGE","507 Main St E","Ahoskie","Hertford","NC","27910","2523327900","0","","http://www.call2recycle.org/","36.23453","-77.10821","26.7846808238288","Cell Phones; Ni-Cd Batteries; Li-Ion Batteries; Ni-MH Batteries; Ni-Zn Batteries; Small Sealed Lead Acid Batteries; Computer (Recycling); Electronics; Laptop Computers; Printers/Scanners/Fax Machines; Small Televisions; Tablets; Televisions; Video Game Consoles; PlayStation Consoles","false","true","The U.S. EPA estimates that more than 350 million rechargeable batteries are purchased annually in the U.S. Thanks to the environmental commitment of this location, its easy and free to recycle your batteries. Bring your rechargeable batteries to this location and look for the recycling box or ask an associate how you can do your part for the environment.","","false","false","false","false"
"911 Cell Phone Bank - Washington County Sheriffs Office","911 Cell Phone Bank - Washington County Sheriffs Office","120 Adams St","Plymouth","Washington","NC","27962","8662907864","0","","http://www.911cellphonebank.org/","35.86685","-76.74891","27.3669684583243","Cell Phones; Cameras; Laptop Computers; MP3 Players; Video Games; Video Game Consoles; Smart watches & Apple Watch®
","false","true","Please call to verify drop-off procedures and directions to the location.  For prepaid shipping labels, visit http://www.911cellphonebank.org/drop-off-locations.asp - click on "print shipping label."","","false","false","false","false"
"Advance Auto Parts","Advance Auto Parts","130 Us Highway 64 E","Plymouth","Washington County","NC","27962","2527936025","0","Monday: 7:30 AM - 9:00 PM Tuesday: 7:30 AM - 9:00 PM Wednesday: 7:30 AM - 9:00 PM Thursday: 7:30 AM - 9:00 PM Friday: 7:30 AM - 9:00 PM Saturday: 7:30 AM - 9:00 PM Sunday: 9:00 AM - 8:00 PM ","http://www.advanceautoparts.com","35.8597148","-76.7422572","27.7571971262255","Lead Acid (Pb) Batteries; Used Motor Oil; Computer (Recycling); Electronics; Laptop Computers; Printers/Scanners/Fax Machines; Small Televisions; Tablets; Televisions; Video Game Consoles; PlayStation Consoles","false","true","","","false","false","false","false"
"Advance Auto Parts","null","130 Us Highway 64 E","Plymouth","","NC","27962","2527936025","0","","http://shop.advanceautoparts.com/webapp/wcs/stores/servlet/home___","35.8596919","-76.7423545","27.7599876296187","","false","false","","","false","false","false","false"
"Hertford County Recycling Convenience Site - Murfreesboro","","606 Benthall Bridge Road          ","Murfreesboro","","NC","27855","2523587867","0","","http://www.hertfordcountync.gov/departments/public-works-and-facilities-maintenance/solid-waste/","36.396833","-77.094948","27.8872498639507","","false","false","","","false","false","false","false"
"HERTFORD COUNTY","null","505 Benthall Bridge Rd ","Murfreesboro","Hertford County","NC","27855","2523950188","0","","http://www.hertfordcountync.gov/departments/public-works-and-facilities-maintenance/solid-waste/","36.3992845","-77.0965052","28.0292751300998","Computer (Recycling); Electronics; Laptop Computers; Printers/Scanners/Fax Machines; Small Televisions; Tablets; Televisions; Video Game Consoles; PlayStation Consoles","false","true","County Residents Only ","Sony, Vizio, OEM, OEM Indiv, OEM Municipal sites","false","false","false","false"
"City of Suffolk Recycling Drop-off Location","","White Marsh Rd","Suffolk","","VA","23434","7575435766","0","","","36.6546393","-76.5627481","28.1426622051642","","false","false","","","false","false","false","false"
"Keep America Beautiful Cars to Donate","","","Suffolk","","VA","23434","8554262474","0","","https://www.kab.org/?pagename=car_donation","36.6644676","-76.5950555","28.6458516394085","","false","false","","","false","false","false","false"
"Hertford County Recycling Convenience Site - Como","","317 Statesville Road       ","Como","","NC","27818","2523587867","0","","http://www.hertfordcountync.gov/departments/public-works-and-facilities-maintenance/solid-waste/","36.486685","-77.052439","28.6971235297666","","false","false","","","false","false","false","false"
"Southampton County Recycling Drop-off Location","","33444 Maggie St ","Franklin","","VA","23851","7576533015","0","","https://www.southamptoncounty.org","36.59248","-76.934711","29.1284010917867","","false","false","","","false","false","false","false"
"Tidewater Tech Aircraft Hangar","","240 Airport Rd","Suffolk","","VA","23434","7575398440","0","","https://www.deq.virginia.gov/404error.aspx","36.681397","-76.611474","29.7712067345284","","false","false","","","false","false","false","false"
"Tidewater Tech Aircraft Hangar","Tidewater Tech Aircraft Hangar","240 Airport Rd ","Suffolk","","VA","23434","7575398440","0","","","36.681403","-76.6114572","29.7716497912255","Used Motor Oil; Video Game Consoles; PlayStation Consoles","false","true","","","false","false","false","false"
"Advance Auto Parts","","918 W Main St","Murfreesboro","","NC","27855","2523983977","0","","http://shop.advanceautoparts.com/webapp/wcs/stores/servlet/home___","36.4420735","-77.1125932","30.0365261465746","","false","false","","","false","false","false","false"
"Sims Metal Management","","1177 Hosier Road","Suffolk","","VA","23434","7579235220","0","","","36.6901187","-76.5884648","30.4388633106377","","false","false","","","false","false","false","false"
"Bertie County Convenience Center - Lewiston","","330 Hwy 11","Lewiston Woodville","","NC","27849","2523482789","0","","http://www.co.bertie.nc.us/departments/anlit/anlit.html","36.1400573","-77.1656894","30.9414419974048","","false","false","","","false","false","false","false"
"City of Suffolk Recycling Drop-off Location","","6720 Ruritan Blvd","Suffolk","","VA","23437","7575435766","0","","http://www.suffolkva.us","36.6823159","-76.7808314","31.0068752501687","","false","false","","","false","false","false","false"
"Sims Metal Management","Sims Metal Management","1177 Hosier Rd","Suffolk","Suffolk City","VA","23434","7579235220","0","Monday: 7:30 AM - 4:00 PM Tuesday: 7:30 AM - 4:00 PM Wednesday: 7:30 AM - 4:00 PM Thursday: 7:30 AM - 4:00 PM Friday: 7:30 AM - 4:00 PM Saturday: 7:30 AM - 11:59 PM ","http://www.simsmm.com/Local-Solutions/North-America/Virginia/Suffolk","36.70008","-76.58317","31.1474419507651","Aluminum Cans; Aluminum; Car; Cell Phones; Computer (Recycling); Electronics; Ferrous Metals (Steel or Iron); Video Game Systems; Non-ferrous (Copper/Brass/Tin); Office Equipment; Televisions; Laptop Computers; MP3 Players; Video Game Consoles; PlayStation Consoles","false","true","","","false","false","false","false"
"Currituck County Household Hazardous Waste Collection Program","","","Moyock","","NC","27958","2522322504","0","","https://co.currituck.nc.us","36.524793","-76.1783247","31.3687216720565","","false","false","","","false","false","false","false"
"Advance Auto Parts","Advance Auto Parts","107 Currituck Commerical Dr","Moyock","Currituck","NC","27958","2524352686","0","Monday: 7:00 AM - 9:00 PM Tuesday: 7:00 AM - 9:00 PM Wednesday: 7:00 AM - 9:00 PM Thursday: 7:00 AM - 9:00 PM Friday: 7:00 AM - 9:00 PM Saturday: 7:00 AM - 9:00 PM Sunday: 10:00 AM - 8:00 PM ","http://www.advanceautoparts.com","36.51698","-76.17068","31.3903644583386","Lead Acid (Pb) Batteries; Used Motor Oil; Computer (Recycling); Electronics; Laptop Computers; Printers/Scanners/Fax Machines; Small Televisions; Tablets; Televisions; Video Game Consoles; PlayStation Consoles","false","true","","","false","false","false","false"
"Advance Auto Parts","","107 Currituck Commercial Dr","Moyock","","NC","27958","2524352686","0","","http://shop.advanceautoparts.com/webapp/wcs/stores/servlet/home___","36.5157656","-76.1688665","31.4233384327413","","false","false","","","false","false","false","false"
"Camden County Convenience Center - Shiloh","","293 Wickham Rd","Shiloh","","NC","27974","2523381919","0","","","36.2591631","-76.0572095","31.8033124628686","","false","false","","","false","false","false","false"
"Glover Trailer Leasing","","120 Dill Rd","Suffolk","","VA","23434","7579342366","0","","https://www.deq.virginia.gov/404error.aspx","36.7103028","-76.5895031","31.8259729054022","","false","false","","","false","false","false","false"
"GreenZone Textile Recycling - Suffolk","","616 Carolina Rd","Suffolk","","VA","23434","8007671284","0","","http://GZRUSA.com/","36.7152743","-76.5897514","32.167770526636","","false","false","","","false","false","false","false"
"City of Suffolk Recycling Drop-off Location","","120 Forest Glen Dr","Suffolk","","VA","23434","7575435766","0","","http://www.suffolkva.us","36.716035","-76.655348","32.1862805389578","","false","false","","","false","false","false","false"
"Glover Trailer Leasing Inc.","Glover Trailer Leasing Inc.","120 Dill Rd","Suffolk","Suffolk City","VA","23434","7579342366","0","","","36.71518","-76.583","32.188188427569","Used Motor Oil; Video Game Consoles; PlayStation Consoles","false","true","","","false","false","false","false"
"Chowan County Recycling & Convenience Site - Rockyhock","","2048 Virginia Rd","Edenton","","NC","27932","7575435766","0","","https://www.chowancounty-nc.gov","36.176449","-76.656923","5.3779941584315","","false","false","","","false","false","false","false"
"PCG Solid Waste Management Facility","","759 Perrys Bridge Rd","Belvidere","","NC","27919","2522973300","0","","https://www.chowancounty-nc.gov","36.3090056","-76.5456292","6.10330365024171","","false","false","","","false","false","false","false"
"PCG Solid Waste Management Facility","null","759 Perrys Bridge Rd ","Belvidere","Perquimans County","NC","27919","2522973303","0","","http://www.co.perquimans.nc.us/departments/solid-waste-a-recycling.html","36.3078199","-76.5443046","6.1056728448481","Computer (Recycling); Electronics; Laptop Computers; Printers/Scanners/Fax Machines; Small Televisions; Tablets; Televisions; Video Game Consoles; PlayStation Consoles","false","true","Residents of Perquimans, Gates, and Chowan Counties only","Sony, Vizio, OEM, OEM Indiv, OEM Municipal sites","false","false","false","false"
"Perquimans County Convenience Center - Belvidere Site","","200 Sandy Cross Rd","Belvidere","","NC","27944","2522972629","0","","http://www.co.perquimans.nc.us/departments/solid-waste-a-recycling.html","36.260201","-76.5159983","6.27157150883504","","false","false","","","false","false","false","false"
"Belvidere Convenience Center","Belvidere Convenience Center","299 Sandy Cross Rd ","Belvidere","Perquimans County","NC","27919","2522972629","0","Monday: 7:00 AM - 7:00 PM Tuesday: 7:00 AM - 7:00 PM Wednesday: 7:00 AM - 7:00 PM Thursday: 7:00 AM - 7:00 PM Friday: 7:00 AM - 7:00 PM Saturday: 7:00 AM - 7:00 PM Sunday: 1:00 AM - 6:00 PM ","http://www.co.perquimans.nc.us/index.php?page=departments&userid=36","36.268189","-76.514346","6.44319318899057","Plastic #1 (PETE); Plastic #2 (HDPE); Plastic #2 (Color HDPE); Aluminum Cans; Antifreeze; Glass (Blue); Book Recycling; Glass (Brown); Brown Paper Bags; Brush; Cardboard; Catalogs; Chipboard; Christmas Trees; Glass (Clear); Compact Fluorescent Lights; Computer Paper; Drink Boxes; Fluorescent Lamps/Tubes; Gift Boxes; Grass Clippings; Glass (Green); Greeting Cards; Furniture; Large Household Appliances; Leaves; Magazines; Bed Mattresses; Milk Cartons; Paper (Mixed); Newspapers; Paperboard; Phone books; Tin or Steel Cans; Transmission Fluid; Tree Trimmings; Used Motor Oil; Weeds; Office Paper","false","true","","","false","false","false","false"
"Hobbsville Recycling Drop-Off Site","","1304 Nc 32 S","Hobbsville","","NC","27946","2523572051","0","","https://gatescounty.govoffice2.com","36.3523833","-76.6355291","7.03824527234962","","false","false","","","false","false","false","false"
"Hertford County Recycling Convenience Site - Harrellsville","","2344 NC Hwy. 45 South       ","Harrellsville","","NC","27942","2523587867","0","","http://www.hertfordcountync.gov/departments/public-works-and-facilities-maintenance/solid-waste/","36.285519","-76.774612","8.51671459353855","","false","false","","","false","false","false","false"
"Perquimans County Household Hazardous Waste Event","","","Hertford","","NC","27944","2522322504","0","","http://www.arhs-nc.org/services/swma/","36.1901579","-76.4660519","9.9460157800638","","false","false","","","false","false","false","false"
