name,description,address,city,region,province,postal_code,phone,fax,hours,url,latitude,longitude,distance,materials,pickup,dropoff,notes,groups,curbside,municipal,national,event_only
"Call2Recycle at Lowe's","Call2Recycle at Lowe's","81 Commerce Dr","Hazard","Perry","KY","41701","6064357040","0","Monday: 6:00 AM - 10:00 PM Tuesday: 6:00 AM - 10:00 PM Wednesday: 6:00 AM - 10:00 PM Thursday: 6:00 AM - 10:00 PM Friday: 6:00 AM - 10:00 PM Saturday: 6:00 AM - 10:00 PM Sunday: 8:00 AM - 8:00 PM ","http://www.lowes.com/","37.29657","-83.14539","11.3694459791863","Cell Phones; Compact Fluorescent Lights; Ni-Cd Batteries; Plastic Shopping Bags; Li-Ion Batteries; Ni-MH Batteries; Ni-Zn Batteries; Small Sealed Lead Acid Batteries; Video Game Consoles; PlayStation Consoles; Batteries (Rechargeable); Cell Phone Batteries; Li-Ion Batteries; Ni-Cd Batteries; Ni-MH Batteries; Small Sealed Lead Acid Batteries; Cell Phones","false","true","As an environmentally-committed retailer, Lowes offers a recycling center near store entrances to give consumers a free and easy way to properly dispose of rechargeable batteries, cell phones, CFLs and plastic shopping bags; materials that otherwise could be potentially harmful to the environment.  Look for the recycling center or ask a store associate for more details.","Call2Recycle","false","false","false","false"
"Call2Recycle at RadioShack","Call2Recycle at RadioShack","38 Daniel Boone Plz","Hazard","Perry","KY","41701","6064392558","0","","http://www.radioshack.com/","37.26558","-83.14999","11.5542708396706","Cell Phones; Ni-Cd Batteries; Li-Ion Batteries; Ni-MH Batteries; Ni-Zn Batteries; Small Sealed Lead Acid Batteries; Video Game Consoles; PlayStation Consoles","false","true","As the first national retailer to partner with Call2Recycle, RadioShack is at the forefront of the rechargeable battery recycling cause and is pleased to offer battery recycling at thousands of convenient RadioShack locations for free.  Simply drop them off at your local RadioShack and theyll take care of the rest.  Ask a store associate for more details.","","false","false","false","false"
"Walmart Tire & Lube Express","Walmart Tire & Lube Express","120 Daniel Boone Plz","Hazard","Perry","KY","41701","6064391882","0","","http://www.walmart.com/catalog/catalog.gsp?cat=495843","37.26558","-83.14999","11.5542708396706","Lead Acid (Pb) Batteries; Used Motor Oil; Oil Filters; Video Game Consoles; PlayStation Consoles","false","true","","","false","false","false","false"
"Walmart","Walmart","120 Daniel Boone Plz","Hazard","Perry","KY","41701","6064391882","0","","http://www.walmart.com","37.26558","-83.14999","11.5542708396706","Lead Acid (Pb) Batteries; Plastic Shopping Bags; Food Storage Bags; Video Game Consoles; PlayStation Consoles","false","true","","","false","false","false","false"
"AutoZone","AutoZone","66 Whitesburg Plz","Whitesburg","Letcher","KY","41858","6066330560","0","","http://www.autozone.com","37.1282","-82.7956","12.9313088765568","Lead Acid (Pb) Batteries; Used Motor Oil; Video Game Consoles; PlayStation Consoles","false","true","Most AutoZone stores accept used motor oil, transmission fluid, gear oil and automotive batteries. Call to see what your local store is currently accepting.","","false","false","false","false"
"AT&T Wireless","AT&T Wireless","274 Black Gold Blvd","Hazard","Perry","KY","41701","6066180624","0","","http://www.att.com/","37.24381","-83.17999","13.3673746292662","Cell Phones; Ni-Cd Batteries; Batteries (Rechargeable); Cell Phone Batteries; Tablets; Li-Ion Batteries; Video Game Consoles; PlayStation Consoles","false","true","Receive an AT&T Promotion Card worth the trade-in value of your smartphone, tablet, or netbook. You can also donate the trade-in value to Cell Phones for Soldiers.","","false","false","false","false"
"Walmart","","350 Whitesburg Plaza","Whitesburg","","KY","41858","6066330152","0","","https://www.walmart.com/","37.1170825","-82.7954892","13.5488818510721","","false","false","","","false","false","false","false"
"Walmart","Walmart","350 Whitesburg Plaza Rd ","Whitesburg","Letcher County","KY","41858","6066330152","0","","http://www.walmart.com","37.1171747","-82.7949801","13.5602239161551","Lead Acid (Pb) Batteries; Plastic Shopping Bags; Food Storage Bags; Video Game Consoles; PlayStation Consoles","false","true","","","false","false","false","false"
"Napa Auto Parts","Napa Auto Parts","305 Main St ","Hazard","Perry County","KY","41701","6066384364","0","Monday: 8:00 AM - 6:00 PM Tuesday: 8:00 AM - 6:00 PM Wednesday: 8:00 AM - 6:00 PM Thursday: 8:00 AM - 6:00 PM Friday: 8:00 AM - 6:00 PM Saturday: 8:00 AM - 3:00 PM ","","37.2466396","-83.1929698","14.0422786964505","Lead Acid (Pb) Batteries; Video Game Consoles; PlayStation Consoles","false","true","","","false","false","false","false"
"JCPenney","","Black Gold Blvd/Hwy 15 Bypass","Hazard","","KY","41701","6064363719","0","","https://www.jcpenney.com/","37.2550104","-83.1980651","14.249219343973","","false","false","","","false","false","false","false"
"Advance Auto Parts","null","103 Black Gold Blvd","Hazard","Perry","KY","41701","6064390165","0","Monday: 7:00 AM - 9:00 PM Tuesday: 7:00 AM - 9:00 PM Wednesday: 7:00 AM - 9:00 PM Thursday: 7:00 AM - 9:00 PM Friday: 7:00 AM - 9:00 PM Saturday: 7:00 AM - 9:00 PM Sunday: 10:00 AM - 8:00 PM ","http://www.advanceautoparts.com","37.25495","-83.1982644","14.2605473443906","Lead Acid (Pb) Batteries; Used Motor Oil; Video Game Consoles; PlayStation Consoles","false","true","","","false","false","false","false"
"Advance Auto Parts","","103 Black Gold Blvd","Hazard","","KY","41701","6064390165","0","","http://shop.advanceautoparts.com/webapp/wcs/stores/servlet/home___","37.253727","-83.199783","14.352439304676","","false","false","","","false","false","false","false"
"City of Hazard Recycling Drop-off Location","","349 Gorman Hollow Road","Hazard","","KY","41701","6064391863","0","","https://perrycounty.ky.gov/services/Pages/default.aspx","37.2414585","-83.1989813","14.42439776085","","false","false","","","false","false","false","false"
"Letcher County Recycling Drop-off Location","","S State Highway 931 ","Whitesburg","","KY","41858","6066322267","0","","https://letchercounty.ky.gov/services/Pages/default.aspx","37.0743366","-82.843271","14.9019885640477","","false","false","","","false","false","false","false"
"Walmart Supercenter","","120 Daniel Boone Pkwy","Hazard","","KY","41701","6064391882","0","","https://www.walmart.com/","37.298941","-83.2136227","15.1136763956877","","false","false","","","false","false","false","false"
"Walmart Tire and Lube Express","null","120 Daniel Boone Plz","Hazard","","KY","41701","6064391882","0","","https://www.walmart.com/cp/ideas/8932632","37.2982302","-83.2141908","15.1396743892653","","false","false","","","false","false","false","false"
"Lowe's","","81 Commerce Drive","Hazard","","KY","41701","6064357040","0","","https://newsroom.lowes.com/responsibility/operational-excellence/","37.2965081","-83.2176455","15.3171402370259","","false","false","","","false","false","false","false"
"AutoZone","","117 Village Lane","Hazard","","KY","41701","6064350242","0","","https://www.autozone.com/landing/page.jsp?name=in-our-stores","37.2828779","-83.2255809","15.6950595015204","","false","false","","","false","false","false","false"
"Call2Recycle at UPS","Call2Recycle at UPS","984 Dawahare Dr","Hazard","Perry","KY","41701","8004725877","0","","https://www.ups.com/","37.27788","-83.22822","15.8335734006711","Cell Phones; Ni-Cd Batteries; Li-Ion Batteries; Ni-MH Batteries; Ni-Zn Batteries; Small Sealed Lead Acid Batteries; Video Game Consoles; PlayStation Consoles","false","true","The U.S. EPA estimates that more than 350 million rechargeable batteries are purchased annually in the U.S. Thanks to the environmental commitment of this location, its easy and free to recycle your batteries. Bring your rechargeable batteries to this location and look for the recycling box or ask an associate how you can do your part for the environment.","","false","false","false","false"
"USPS Post Office Box Lobby Recycling Program","US Post Office","9382 Highway 805 Ste A","Jenkins","Letcher","KY","41537","8002758777","0","","https://www.usps.com/","37.17667","-82.63992","17.8819100300083","Catalogs; Greeting Cards; Magazines; Paper (Mixed)","false","true","","","false","false","false","false"
"USPS Post Office Box Lobby Recycling Program","US Post Office","11872 Highway 805","Burdine","Letcher","KY","41517","8002758777","0","","https://www.usps.com/","37.1898","-82.60281","19.4867441286782","Catalogs; Greeting Cards; Magazines; Paper (Mixed)","false","true","","","false","false","false","false"
"Childers Enterprise","Childers Enterprise","62 Holly Hills Mall Road ","Hindman","Knott County","KY","41822","6067853911","0","","","37.3146812","-82.9430083","2.69637964063513","Cardboard; Video Game Consoles; PlayStation Consoles","false","true","","","false","false","false","false"
"USPS Post Office Box Lobby Recycling Program","US Post Office","1070 KY Highway 610 W","Virgie","Pike","KY","41572","8002758777","0","","https://www.usps.com/","37.33101","-82.58195","20.0568098002702","Catalogs; Greeting Cards; Magazines; Paper (Mixed)","false","true","","","false","false","false","false"
"Wise County Recycling Drop-off Location","","6011 Southfork Road ","Wise","","VA","24293","2767964610","0","","http://keepwisecountybeautiful.org/cgi-sys/suspendedpage.cgi?page_id=534","37.0907417","-82.6539106","20.2905052970283","","false","false","","","false","false","false","false"
"Advance Auto Parts","Advance Auto Parts","1310 E Main St","Cumberland","Harlan","KY","40823","6065895489","0","Monday: 7:00 AM - 9:00 PM Tuesday: 7:00 AM - 9:00 PM Wednesday: 7:00 AM - 9:00 PM Thursday: 7:00 AM - 9:00 PM Friday: 7:00 AM - 9:00 PM Saturday: 7:00 AM - 9:00 PM Sunday: 10:00 AM - 8:00 PM ","http://www.advanceautoparts.com","36.97771","-82.98543","20.7393397679937","Lead Acid (Pb) Batteries; Used Motor Oil; Video Game Consoles; PlayStation Consoles","false","true","","","false","false","false","false"
"USPS Post Office Box Lobby Recycling Program","US Post Office","11317 Highland Ave","Pound","Wise","VA","24279","8002758777","0","","https://www.usps.com/","37.12288","-82.59763","21.6095735596305","Catalogs; Greeting Cards; Magazines; Paper (Mixed)","false","true","","","false","false","false","false"
"Wise County Recycling Drop-off Location","","9800 Orby Cantrell Hwy ","Pound","","VA","24279","2767964887","0","","http://keepwisecountybeautiful.org/cgi-sys/suspendedpage.cgi?page_id=534","37.0811825","-82.598129","23.1360143041813","","false","false","","","false","false","false","false"
"McFall Excavating","McFall Excavating","282 Dewdrop Dr ","Clintwood","Dickenson County","VA","24228","2769268333","0","","null","37.135374","-82.5257013","24.7857905487106","Used Motor Oil; Video Game Consoles; PlayStation Consoles","false","true","","","false","false","false","false"
"City Tire Recycling","City Tire Recycling","21640 Main St ","Hyden","Leslie County","KY","41749","6066726606","0","Monday: 9:00 AM - 5:00 PM Tuesday: 9:00 AM - 5:00 PM Wednesday: 9:00 AM - 5:00 PM Thursday: 9:00 AM - 5:00 PM Friday: 9:00 AM - 5:00 PM Saturday: 9:00 AM - 2:00 PM ","","37.1563786","-83.3709932","25.0942680255714","Aluminum Cans; Video Game Consoles; PlayStation Consoles","false","true","Please call for material requirements.","","false","false","false","false"
"Advance Auto Parts","Advance Auto Parts","21303 Highway 421","Hyden","Leslie","KY","41749","6066725500","0","Monday: 7:00 AM - 9:00 PM Tuesday: 7:00 AM - 9:00 PM Wednesday: 7:00 AM - 9:00 PM Thursday: 7:00 AM - 9:00 PM Friday: 7:00 AM - 9:00 PM Saturday: 7:00 AM - 9:00 PM Sunday: 10:00 AM - 8:00 PM ","http://www.advanceautoparts.com","37.15399","-83.37168","25.1849429179556","Lead Acid (Pb) Batteries; Used Motor Oil; Video Game Consoles; PlayStation Consoles","false","true","","","false","false","false","false"
"Advance Auto Parts","Advance Auto Parts","1346 S Mayo Trl","Pikeville","Pike","KY","41501","6064322363","0","Monday: 7:00 AM - 9:00 PM Tuesday: 7:00 AM - 9:00 PM Wednesday: 7:00 AM - 9:00 PM Thursday: 7:00 AM - 9:00 PM Friday: 7:00 AM - 9:00 PM Saturday: 7:00 AM - 9:00 PM Sunday: 10:00 AM - 8:00 PM ","http://www.advanceautoparts.com","37.44395","-82.52497","25.5952540247124","Lead Acid (Pb) Batteries; Used Motor Oil; Video Game Consoles; PlayStation Consoles","false","true","","","false","false","false","false"
"Advance Auto Parts","null","1346 S Mayo Trl","Pikeville","","KY","41501","6064322363","0","","http://shop.advanceautoparts.com/webapp/wcs/stores/servlet/home___","37.4431004","-82.5243758","25.5978734947074","","false","false","","","false","false","false","false"
"The Mountain Metal Company","The Mountain Metal Company","35 Depot St ","Allen","Floyd County","KY","41601","6068862102","0","","","37.6117826","-82.730067","25.9230680221472","Ferrous Metals (Steel or Iron); Non-ferrous (Copper/Brass/Tin); Video Game Consoles; PlayStation Consoles","false","true","Please call ahead if you will be dropping off a large quantity of recycling items or to see if this site accepts an item not listed.  This site does not accept car bodies or tin.","","false","false","false","false"
"Mountain Metals Co Inc","Mountain Metals Co Inc","35 Depot St ","Allen","Floyd County","KY","41601","6068862102","0","","","37.6117826","-82.730067","25.9230680221472","Aluminum; Ferrous Metals (Steel or Iron); Non-ferrous (Copper/Brass/Tin); High-Temp Alloys; Special Metals; Video Game Consoles; PlayStation Consoles","false","true","","","false","false","false","false"
"Napa Auto Parts","Napa Auto Parts","22899 US-421 ","Hyden","Leslie County","KY","41749","6066723795","0","Monday: 8:00 AM - 6:00 PM Tuesday: 8:00 AM - 6:00 PM Wednesday: 8:00 AM - 6:00 PM Thursday: 8:00 AM - 6:00 PM Friday: 8:00 AM - 6:00 PM Saturday: 8:00 AM - 4:00 PM ","","37.1520416","-83.390368","26.2003041730413","Lead Acid (Pb) Batteries; Video Game Consoles; PlayStation Consoles","false","true","","","false","false","false","false"
"JCPenney","","4257 N Mayo Trail","Pikeville","","KY","41501","6064379169","0","","https://www.jcpenney.com/","37.5237664","-82.5738634","26.420457971321","","false","false","","","false","false","false","false"
"Goodwill Industries of KYOWVA Area Inc. - Dell Reconnect Donation Site","","4493 North Mayo Trail","Pikeville","","KY","41501","6064323113","0","","http://www.goodwillhunting.org","37.5270815","-82.575532","26.5000190031491","","false","false","","","false","false","false","false"
"Advance Auto Parts","null","3705 N Mayo Trl","Pikeville","","KY","41501","6064330302","0","","http://shop.advanceautoparts.com/webapp/wcs/stores/servlet/home___","37.5182178","-82.5660052","26.506807541337","","false","false","","","false","false","false","false"
"Advance Auto Parts","Advance Auto Parts","3705 N Mayo Trl","Pikeville","Pike","KY","41501","6064330302","0","Monday: 7:00 AM - 9:00 PM Tuesday: 7:00 AM - 9:00 PM Wednesday: 7:00 AM - 9:00 PM Thursday: 7:00 AM - 9:00 PM Friday: 7:00 AM - 9:00 PM Saturday: 7:00 AM - 9:00 PM Sunday: 10:00 AM - 8:00 PM ","http://www.advanceautoparts.com","37.51866","-82.56627","26.514829167237","Lead Acid (Pb) Batteries; Used Motor Oil; Video Game Consoles; PlayStation Consoles","false","true","","","false","false","false","false"
"AutoZone","","35 Weddington Branch Rd","Pikeville","","KY","41501","6064372342","0","","https://www.autozone.com/landing/page.jsp?name=in-our-stores","37.5226269","-82.5696856","26.5448483371998","","false","false","","","false","false","false","false"
"911 Cell Phone Bank - Pillars","911 Cell Phone Bank - Pillars","146 Main St","Pikeville","Pike","KY","41501","8662907864","0","","http://www.911cellphonebank.org/","37.47804","-82.51823","27.0590008135986","Cell Phones; Cameras; Laptop Computers; MP3 Players; Video Games; Video Game Consoles; Smart watches & Apple Watch®
","false","true","Please call to verify drop-off procedures and directions to the location.  For prepaid shipping labels, visit http://www.911cellphonebank.org/drop-off-locations.asp - click on "print shipping label."","","false","false","false","false"
"USPS Post Office Box Lobby Recycling Program","US Post Office","534 W Main St","Appalachia","Wise","VA","24216","8002758777","0","","https://www.usps.com/","36.90355","-82.78481","27.1020922104147","Catalogs; Greeting Cards; Magazines; Paper (Mixed)","false","true","","","false","false","false","false"
"Walmart Tire and Lube Express","","254 Cassidy Blvd","Pikeville","","KY","41501","6064326177","0","","https://www.walmart.com/cp/ideas/8932632","37.5070729","-82.5403966","27.1512895552394","","false","false","","","false","false","false","false"
"Walmart Supercenter","","254 Cassidy Blvd","Pikeville","","KY","41501","6064326177","0","","https://www.walmart.com/","37.5070729","-82.5403966","27.1512895552394","","false","false","","","false","false","false","false"
"Lowe's","","183 Cassidy Boulevard","Pikeville","","KY","41501","6064330020","0","","https://newsroom.lowes.com/responsibility/operational-excellence/","37.5030153","-82.536508","27.1615677222807","","false","false","","","false","false","false","false"
"Call2Recycle at Lowe's","Call2Recycle at Lowe's","183 Cassidy Blvd","Pikeville","Pike","KY","41501","6064330020","0","Monday: 6:00 AM - 10:00 PM Tuesday: 6:00 AM - 10:00 PM Wednesday: 6:00 AM - 10:00 PM Thursday: 6:00 AM - 10:00 PM Friday: 6:00 AM - 10:00 PM Saturday: 6:00 AM - 10:00 PM Sunday: 8:00 AM - 8:00 PM ","http://www.lowes.com/","37.50499","-82.53811","27.1689446656134","Cell Phones; Compact Fluorescent Lights; Ni-Cd Batteries; Plastic Shopping Bags; Li-Ion Batteries; Ni-MH Batteries; Ni-Zn Batteries; Small Sealed Lead Acid Batteries; Video Game Consoles; PlayStation Consoles; Batteries (Rechargeable); Cell Phone Batteries; Li-Ion Batteries; Ni-Cd Batteries; Ni-MH Batteries; Small Sealed Lead Acid Batteries; Cell Phones","false","true","As an environmentally-committed retailer, Lowes offers a recycling center near store entrances to give consumers a free and easy way to properly dispose of rechargeable batteries, cell phones, CFLs and plastic shopping bags; materials that otherwise could be potentially harmful to the environment.  Look for the recycling center or ask a store associate for more details.","Call2Recycle","false","false","false","false"
"Walmart Tire & Lube Express","Walmart Tire & Lube Express","254 Cassidy Blvd","Pikeville","Pike","KY","41501","6064326177","0","","http://www.walmart.com/catalog/catalog.gsp?cat=495843","37.50464","-82.53597","27.2504696013434","Lead Acid (Pb) Batteries; Used Motor Oil; Oil Filters; Video Game Consoles; PlayStation Consoles","false","true","","","false","false","false","false"
"Walmart","Walmart","254 Cassidy Blvd","Pikeville","Pike","KY","41501","6064326177","0","","http://www.walmart.com","37.50464","-82.53597","27.2504696013434","Lead Acid (Pb) Batteries; Plastic Shopping Bags; Food Storage Bags; Video Game Consoles; PlayStation Consoles","false","true","","","false","false","false","false"
"Staples","","238 Cassidy Boulevard","Pikeville","","KY","41501","6064321161","0","","https://www.staples.com/sbd/cre/marketing/sustainability-center/recycling-services/","37.5060478","-82.5366348","27.2772207129571","Alkaline/Single-Use Batteries","false","true","","","false","false","false","false"
"Staples, Inc.","Staples","238 Cassidy Blvd ","Pikeville","Pike County","KY","41501","6064321161","0","Monday: 9:00 AM - 8:00 PM Tuesday: 9:00 AM - 8:00 PM Wednesday: 9:00 AM - 8:00 PM Thursday: 9:00 AM - 8:00 PM Friday: 9:00 AM - 8:00 PM Saturday: 10:00 AM - 7:00 PM Sunday: 11:00 AM - 6:00 PM ","https://www.staples.com/recycle","37.5060621","-82.536584","27.2800602074872","AC Power Plugs; Batteries (Rechargeable); Cables & Connectors; Cell Phone Batteries; Cell Phones; Computer (Recycling); Hard Drives; Computer Monitors; Cameras; DVD Players/Blu-Ray Players/DVRs; Electronics; E-Readers; GPS Units; Headphones; Inkjet Printer Cartridges; Laptop Computers; Laser Toner Cartridges; Li-Ion Batteries; MP3 Players; Network Equipment; Ni-Cd Batteries; Ni-MH Batteries; Ni-Zn Batteries; Computer Peripherals; Portable Media Players; Printers/Scanners/Fax Machines; Small Electronics; Small Sealed Lead Acid Batteries; Stereo Equipment; Tablets; Telephones; UPS Batteries/Backup Systems; VCRs; Video Game Systems; Blu-Ray Players; Digital Converter Boxes; Video Game Consoles; PlayStation Consoles","false","true","NO TVs; Limit 6 CEDs per day; ","Sony, Vizio, OEM","false","false","false","false"
"AT&T Wireless","AT&T Wireless","4565 N Mayo Trl","Pikeville","Pike","KY","41501","6064324518","0","","http://www.att.com/","37.52851","-82.55621","27.37258792922","Cell Phones; Ni-Cd Batteries; Batteries (Rechargeable); Cell Phone Batteries; Tablets; Li-Ion Batteries; Video Game Consoles; PlayStation Consoles","false","true","Receive an AT&T Promotion Card worth the trade-in value of your smartphone, tablet, or netbook. You can also donate the trade-in value to Cell Phones for Soldiers.","","false","false","false","false"
"Leslie County Recycling Drop-off Program","","24778 U.S. 421","Hyden","","KY","41749","6066724103","0","","https://kypride.org/2011/06/how-to-be-a-prideful-recycler-workshop-pride-spring-cleanup-awards-luncheon/","37.1471633","-83.411192","27.3942017692049","","false","false","","","false","false","false","false"
"Wise County Litter Control-Appalachia","Wise County Litter Control-Appalachia","2449 Exeter Rd","Wise","","VA","24293","2765651826","0","","http://www.wisecounty.org/","36.8951126","-82.7930108","27.5192780304083","Plastic #1 (PETE); Plastic #2 (HDPE); Plastic #2 (Color HDPE); Aluminum Cans; Aluminum; Paper (Mixed); Used Tires; Small Appliances; Video Game Consoles; PlayStation Consoles","false","true","","","false","false","false","false"
"Wise County Recycling Drop-off Location","","2449 Exeter Road","Appalachia","","VA","24216","2765651826","0","","http://keepwisecountybeautiful.org/cgi-sys/suspendedpage.cgi?page_id=534","36.8951027","-82.7929972","27.520152778845","","false","false","","","false","false","false","false"
"Elite Coals, Inc.","Elite Coals, Inc.","5465 Kent Junction Rd","Norton","Wise","VA","24273","2766794070","0","","","36.92808","-82.69442","27.574169925169","Used Motor Oil; Video Game Consoles; PlayStation Consoles","false","true","","","false","false","false","false"
"Mr. Metal Recycling","Mr. Metal Recycling","4729 KY-1428 ","Allen","Floyd County","KY","41601","6068749657","0","Monday: 8:30 AM - 5:00 PM Tuesday: 8:30 AM - 5:00 PM Wednesday: 8:30 AM - 5:00 PM Thursday: 8:30 AM - 5:00 PM Friday: 8:30 AM - 5:00 PM ","","37.6304736","-82.7088685","27.6000423860923","Car; Automobile Parts; Ferrous Metals (Steel or Iron); Large Household Appliances; Clothes Hangers (Metal); Non-ferrous (Copper/Brass/Tin); Video Game Consoles; PlayStation Consoles","false","true","Please call ahead if you will be dropping off a large quantity of recycling items or to see if this site accepts an item not listed.","","false","false","false","false"
"Wise County Solid Waste","Wise County Solid Waste","5401-B Kent Junction Rd","Norton","","VA","24293","2763282321","0","","null","36.9258603","-82.696007","27.6653065398511","Electronics; MP3 Players; Video Game Consoles; PlayStation Consoles","false","true","","","false","false","false","false"
"Powers Shop","","State Highway 83","Clintwood","","VA","24228","2769268541","0","","https://www.deq.virginia.gov/404error.aspx","37.1486486","-82.4590912","27.8912695536628","","false","false","","","false","false","false","false"
"McFall Excavating","","State Highway 83","Clintwood","","VA","24228","2769268333","0","","https://www.deq.virginia.gov/404error.aspx","37.1486486","-82.4590912","27.8912695536628","","false","false","","","false","false","false","false"
"Johnson Chevrolet-Buick Service Department","","348 Mcclure Ave","Clintwood","","VA","24228","2769264635","0","","https://www.deq.virginia.gov/404error.aspx","37.1472946","-82.4567854","28.0414071799983","","false","false","","","false","false","false","false"
"Advance Auto Parts","Advance Auto Parts","421 Clintwood Main St","Clintwood","Dickenson County","VA","24228","2769260021","0","Monday: 7:00 AM - 9:00 PM Tuesday: 7:00 AM - 9:00 PM Wednesday: 7:00 AM - 9:00 PM Thursday: 7:00 AM - 9:00 PM Friday: 7:00 AM - 9:00 PM Saturday: 7:00 AM - 9:00 PM Sunday: 10:00 AM - 8:00 PM ","http://www.advanceautoparts.com","37.151307","-82.4547626","28.0601843064857","Lead Acid (Pb) Batteries; Used Motor Oil; Video Game Consoles; PlayStation Consoles","false","true","","","false","false","false","false"
"Advance Auto Parts","","421 Clintwood Main St","Clintwood","","VA","24228","2769260021","0","","http://shop.advanceautoparts.com/webapp/wcs/stores/servlet/home___","37.1512396","-82.4546695","28.0664985537971","","false","false","","","false","false","false","false"
"Lowes Parking Lot Drop-Off Site","Lowes Parking Lot Drop-Off Site","199 Woodland Dr SW ","Wise","Wise County","VA","24293","2763281000","0","Sunday: 12:00 AM - 11:59 PM Monday: 12:00 AM - 11:59 PM Tuesday: 12:00 AM - 11:59 PM Wednesday: 12:00 AM - 11:59 PM Thursday: 12:00 AM - 11:59 PM Friday: 12:00 AM - 11:59 PM Saturday: 12:00 AM - 11:59 PM ","","36.9739576","-82.5942974","28.2452676275039","Plastic #1 (PETE); Plastic #2 (Color HDPE); Aluminum Cans; Glass (Brown); Glass (Clear); Glass (Green); Newspapers; Video Game Consoles; PlayStation Consoles","false","true","","","false","false","false","false"
"Wise County Recycling Drop-off Location","","6221 Kent Junction Rd","Norton","","VA","24273","2766791740","0","","http://keepwisecountybeautiful.org/cgi-sys/suspendedpage.cgi?page_id=534","36.930312","-82.6657312","28.253630841155","","false","false","","","false","false","false","false"
"Wise County Recycling Drop-off Location","","5736 Industrial Park Road","Wise","","VA","24293","2766793600","0","","http://keepwisecountybeautiful.org/cgi-sys/suspendedpage.cgi?page_id=534","36.9672797","-82.6030968","28.2672474100974","","false","false","","","false","false","false","false"
"Wise County Litter Control-Wise 1","Wise County Litter Control-Wise 1","5736 Industrial Park Rd","Wise","","VA","24293","2766793600","0","","http://www.wisecounty.org/","36.9672654","-82.6030927","28.268141778486","Plastic #1 (PETE); Plastic #2 (HDPE); Plastic #2 (Color HDPE); Aluminum Cans; Aluminum; Cardboard; Paper (Mixed); Used Tires; Small Appliances; Video Game Consoles; PlayStation Consoles","false","true","","","false","false","false","false"
"Tractor Supply","","181 Plaza Road Southwest","Wise","","VA","24293","2766796801","0","","https://www.tractorsupply.com/","36.971687","-82.5966452","28.2747116955805","","false","false","","","false","false","false","false"
"Tractor Supply","Tractor Supply","181 Plaza Rd SW","Wise","Wise","VA","24293","2766796801","0","","http://www.tractorsupply.com","36.97122","-82.59695","28.2875013201938","Transmission Fluid; Used Motor Oil; Video Game Consoles; PlayStation Consoles","false","true","","","false","false","false","false"
"Sears","Sears","123 Plaza Rd SW","Wise","Wise","VA","24293","2766792020","0","","null","36.97122","-82.59695","28.2875013201938","Eyeglasses; Video Game Consoles; PlayStation Consoles","false","true","","","false","false","false","false"
"Walmart","Walmart","780 Commonwealth Dr","Norton","Norton City","VA","24273","2766797327","0","","http://www.walmart.com","36.95849","-82.61504","28.3075885677332","Lead Acid (Pb) Batteries; Plastic Shopping Bags; Food Storage Bags; Video Game Consoles; PlayStation Consoles","false","true","","","false","false","false","false"
"Walmart Tire & Lube Express","Walmart Tire & Lube Express","780 Commonwealth Dr","Norton","Norton City","VA","24273","2766797327","0","","http://www.walmart.com/catalog/catalog.gsp?cat=495843","36.95849","-82.61504","28.3075885677332","Lead Acid (Pb) Batteries; Used Motor Oil; Oil Filters; Video Game Consoles; PlayStation Consoles","false","true","","","false","false","false","false"
"JACKSON 5 and 10 Inc","JACKSON 5 and 10 Inc","653 Commonwealth Dr","Norton","Norton City","VA","24273","2766793085","0","","http://www.radioshack.com/","36.95849","-82.61504","28.3075885677332","Cell Phones; Ni-Cd Batteries; Li-Ion Batteries; Ni-MH Batteries; Ni-Zn Batteries; Small Sealed Lead Acid Batteries; Video Game Consoles; PlayStation Consoles","false","true","The U.S. EPA estimates that more than 350 million rechargeable batteries are purchased annually in the U.S. Thanks to the environmental commitment of this location, its easy and free to recycle your batteries. Bring your rechargeable batteries to this location and look for the recycling box or ask an associate how you can do your part for the environment.","","false","false","false","false"
"Advance Auto Parts","Advance Auto Parts","725 Commonwealth Dr","Norton","Norton City","VA","24273","2766790953","0","Monday: 7:00 AM - 9:00 PM Tuesday: 7:00 AM - 9:00 PM Wednesday: 7:00 AM - 9:00 PM Thursday: 7:00 AM - 9:00 PM Friday: 7:00 AM - 9:00 PM Saturday: 7:00 AM - 9:00 PM Sunday: 10:00 AM - 8:00 PM ","http://www.advanceautoparts.com","36.95849","-82.61504","28.3075885677332","Lead Acid (Pb) Batteries; Used Motor Oil; Video Game Consoles; PlayStation Consoles","false","true","","","false","false","false","false"
"Lowe's","","201 Woodland Dr SW","Wise","","VA","24293","2763761370","0","","https://newsroom.lowes.com/responsibility/operational-excellence/","36.9735266","-82.5919421","28.3549199337066","Batteries (Rechargeable); Cell Phone Batteries; Li-Ion Batteries; Ni-Cd Batteries; Ni-MH Batteries; Small Sealed Lead Acid Batteries; Cell Phones","false","true","","Call2Recycle","false","false","false","false"
"Goodwill Industries of Tenneva Area - Wise","Goodwill Industries of Tenneva Area - Wise","205 Ridgeview Rd SW","Wise","Wise","VA","24293","2766796150","0","Sunday: 1:00 AM - 6:00 PM Monday: 9:00 AM - 8:00 PM Tuesday: 9:00 AM - 8:00 PM Wednesday: 9:00 AM - 8:00 PM Thursday: 9:00 AM - 8:00 PM Friday: 9:00 AM - 8:00 PM Saturday: 9:00 AM - 8:00 PM ","http://www.goodwilltnva.org/","36.9769","-82.58725","28.3600373257318","Bikes; Books (Reuse); Car Donation; CD/DVD/Blu-ray/UHD discs; Cell Phones; Children's Toys; Clothing; Computer (Recycling); Computer (Reuse); Computer Monitors; Electronics; Eyeglasses; Furniture; Gift Bags; Household Goods; Lawn Equipment; Miscellaneous Tools; MP3 Players; Musical Instruments; Office Equipment; Office Furniture; Ornaments; Reusable Appliance Donation; Sporting Goods; Telephones; VHS & Cassette Tapes; Video Game Consoles; PlayStation Consoles","false","true","This site will accept household items that are in good clean condition.  All tools, equipment, electronics, and machines must be in good, working condition.","","false","false","false","false"
"Freedom Ford, Lincoln-Mercury Inc.","Freedom Ford, Lincoln-Mercury Inc.","151 Woodland Dr SW","Wise","Wise","VA","24293","2763282686","0","","","36.9707","-82.59493","28.3887139371912","Used Motor Oil; Video Game Consoles; PlayStation Consoles","false","true","","","false","false","false","false"
"Prestonsburg Recycling and Drop-off","","41 Thursday Street","Prestonsburg","","KY","41653","6068863537","0","","","37.6656527","-82.7715486","28.4841489911143","","false","false","","","false","false","false","false"
"Call2Recycle at Lowe's","Call2Recycle at Lowe's","201 Woodland Dr SW","Wise","Wise","VA","24293","2763761370","0","Monday: 6:00 AM - 10:00 PM Tuesday: 6:00 AM - 10:00 PM Wednesday: 6:00 AM - 10:00 PM Thursday: 6:00 AM - 10:00 PM Friday: 6:00 AM - 10:00 PM Saturday: 6:00 AM - 10:00 PM Sunday: 8:00 AM - 8:00 PM ","http://www.lowes.com/","36.96999","-82.59098","28.5712771910799","Cell Phones; Compact Fluorescent Lights; Ni-Cd Batteries; Plastic Shopping Bags; Li-Ion Batteries; Ni-MH Batteries; Ni-Zn Batteries; Small Sealed Lead Acid Batteries; Video Game Consoles; PlayStation Consoles","false","true","As an environmentally-committed retailer, Lowes offers a recycling center near store entrances to give consumers a free and easy way to properly dispose of rechargeable batteries, cell phones, CFLs and plastic shopping bags; materials that otherwise could be potentially harmful to the environment.  Look for the recycling center or ask a store associate for more details.","","false","false","false","false"
"Walmart","Walmart","477 Village Dr","Prestonsburg","Floyd","KY","41653","6068866681","0","","http://www.walmart.com","37.67111","-82.78292","28.6470495569495","Lead Acid (Pb) Batteries; Plastic Shopping Bags; Food Storage Bags; Video Game Consoles; PlayStation Consoles","false","true","","","false","false","false","false"
"Barnette Contractors","Barnette Contractors","5500 Wise Norton Rd","Wise","Wise","VA","24293","2766792628","0","","","36.96223","-82.59736","28.7383172956326","Used Motor Oil; Video Game Consoles; PlayStation Consoles","false","true","","","false","false","false","false"
"USPS Post Office Box Lobby Recycling Program","US Post Office","39 7th St NW","Norton","Norton City","VA","24273","8002758777","0","","https://www.usps.com/","36.94833","-82.61777","28.7620918970589","Catalogs; Greeting Cards; Magazines; Paper (Mixed)","false","true","","","false","false","false","false"
"Keep America Beautiful Cars to Donate","","","Wise","","VA","24293","8554262474","0","","https://www.kab.org/?pagename=car_donation","36.9759345","-82.5757108","28.847503844862","","false","false","","","false","false","false","false"
"Wise County Household Hazardous Waste Collection Event","","","Wise","","VA","24293","2763281000","0","","http://keepwisecountybeautiful.org/cgi-sys/suspendedpage.cgi","36.9759345","-82.5757108","28.847503844862","","false","false","","","false","false","false","false"
"Walmart Supercenter","","780 Commonwealth St NE","Wise","","VA","24293","2766797327","0","","https://www.walmart.com/","36.9823126","-82.564058","28.9874654013733","","false","false","","","false","false","false","false"
"Walmart Tire and Lube Express","","780 Commonwealth St NE","Wise","","VA","24293","2766797327","0","","https://www.walmart.com/cp/ideas/8932632","36.9823126","-82.564058","28.9874654013733","","false","false","","","false","false","false","false"
"Wise County Recycling Drop-off Location","","6601 Hurricane Rd ","Wise","","VA","24293","2763286142","0","","http://keepwisecountybeautiful.org/cgi-sys/suspendedpage.cgi?page_id=534","36.9960526","-82.5427581","29.199304352298","","false","false","","","false","false","false","false"
"Wise County Litter Control-Pound 1","Wise County Litter Control-Pound 1","6011 Southfork Road","Coeburn","","VA","24230","2767964610","0","","http://www.wisecounty.org/","37.0443173","-82.4945207","29.2892345075688","Plastic #1 (PETE); Plastic #2 (HDPE); Plastic #2 (Color HDPE); Aluminum Cans; Aluminum; Paper (Mixed); Used Tires; Small Appliances; Video Game Consoles; PlayStation Consoles","false","true","","","false","false","false","false"
"Wise County Litter Control-Wise 2","Wise County Litter Control-Wise 2"," 6601 Hurricane Rd","Wise","","VA","24293","2763286142","0","","http://www.wisecounty.org/","36.9957488","-82.5402322","29.3176329891318","Plastic #1 (PETE); Plastic #2 (HDPE); Plastic #2 (Color HDPE); Aluminum Cans; Aluminum; Cardboard; Paper (Mixed); Used Tires; Small Appliances; Video Game Consoles; PlayStation Consoles","false","true","","","false","false","false","false"
"O'Reilly Auto Parts","null","414 East 5th Street North","Big Stone Gap","","VA","24219","2765232626","0","","http://oreillyauto.custhelp.com/app/error/error_id/6","36.8710122","-82.7769734","29.3735323548653","","false","false","","","false","false","false","false"
"Advance Auto Parts","null","1125 N Lake Dr","Prestonsburg","","KY","41653","6068863594","0","","http://shop.advanceautoparts.com/webapp/wcs/stores/servlet/home___","37.6815129","-82.7793438","29.3913039220553","","false","false","","","false","false","false","false"
"Advance Auto Parts","Advance Auto Parts","1125 N Lake Dr","Prestonsburg","Floyd","KY","41653","6068863594","0","Monday: 7:00 AM - 9:00 PM Tuesday: 7:00 AM - 9:00 PM Wednesday: 7:00 AM - 9:00 PM Thursday: 7:00 AM - 9:00 PM Friday: 7:00 AM - 9:00 PM Saturday: 7:00 AM - 9:00 PM Sunday: 10:00 AM - 8:00 PM ","http://www.advanceautoparts.com","37.68158","-82.77891","29.4028707772191","Lead Acid (Pb) Batteries; Used Motor Oil; Video Game Consoles; PlayStation Consoles","false","true","","","false","false","false","false"
"Fran Large Trucking Inc.","Fran Large Trucking Inc.","6422 Hurricane Rd","Wise","Wise","VA","24293","2763281150","0","","","36.99028","-82.54358","29.4317360515403","Used Motor Oil; Video Game Consoles; PlayStation Consoles","false","true","","","false","false","false","false"
"Advance Auto Parts","Advance Auto Parts","320 E 5th St N","Big Stone Gap","Wise","VA","24219","2765234290","0","Monday: 7:00 AM - 9:00 PM Tuesday: 7:00 AM - 9:00 PM Wednesday: 7:00 AM - 9:00 PM Thursday: 7:00 AM - 9:00 PM Friday: 7:00 AM - 9:00 PM Saturday: 7:00 AM - 9:00 PM Sunday: 10:00 AM - 8:00 PM ","http://www.advanceautoparts.com","36.86998","-82.77668","29.4463921850336","Lead Acid (Pb) Batteries; Used Motor Oil; Video Game Consoles; PlayStation Consoles","false","true","","","false","false","false","false"
"Halls Auto Repair","Halls Auto Repair","5618 Rock Bar Rd","Wise","Wise","VA","24293","2763283012","0","","","36.9666","-82.56824","29.5982696253469","Used Motor Oil; Video Game Consoles; PlayStation Consoles","false","true","","","false","false","false","false"
"Cartridge World","","Trent Street Southeast","Norton","","VA","24273","2766791665","0","","","36.9398605","-82.6052643","29.6490587728442","","false","false","","","false","false","false","false"
"USPS Post Office Box Lobby Recycling Program","US Post Office","322 Wood Ave E Ste 2","Big Stone Gap","Wise","VA","24219","8002758777","0","","https://www.usps.com/","36.86642","-82.77564","29.6981655661795","Catalogs; Greeting Cards; Magazines; Paper (Mixed)","false","true","","","false","false","false","false"
"Robinette Scrap Metal Processing","","528 Short St N","Big Stone Gap","","VA","24219","2765231522","0","","","36.860796","-82.795089","29.7625133069541","","false","false","","","false","false","false","false"
"Robinette Scrap Metal Processing","Robinette Scrap Metal Processing","528 Short St N ","Big Stone Gap","Wise County","VA","24219","2765231522","2765232821","Monday: 8:00 AM - 4:30 PM Tuesday: 8:00 AM - 4:30 PM Wednesday: 8:00 AM - 4:30 PM Thursday: 8:00 AM - 4:30 PM Friday: 8:00 AM - 4:30 PM ","http://robinettesteel.com","36.8600963","-82.7946837","29.8150936644138","Aluminum Cans; Aluminum; Ferrous Metals (Steel or Iron); Non-ferrous (Copper/Brass/Tin); Scrap Metal; Radiators; Motors; Video Game Consoles; PlayStation Consoles","false","true","","","false","false","false","false"
"Robinette Scrap Metal","Robinette Scrap Metal","1 Short St N ","Big Stone Gap","Wise County","VA","24219","2765231522","0","Monday: 8:00 AM - 12:00 PM Tuesday: 8:00 AM - 12:00 PM Wednesday: 8:00 AM - 12:00 PM Thursday: 8:00 AM - 12:00 PM Friday: 8:00 AM - 12:00 PM Monday: 12:30 PM - 4:30 PM Tuesday: 12:30 PM - 4:30 PM Wednesday: 12:30 PM - 4:30 PM Thursday: 12:30 PM - 4:30 PM Friday: 12:30 PM - 4:30 PM ","null","36.8590034","-82.7937745","29.9013336048233","Aluminum Cans; Glass (Blue); Glass (Brown); Glass (Clear); Ferrous Metals (Steel or Iron); Glass (Green); Non-ferrous (Copper/Brass/Tin); Tin or Steel Cans; Video Game Consoles; PlayStation Consoles","false","true","","","false","false","false","false"
"East Kentucky Iron and Metal","East Kentucky Iron and Metal","575 Highway 721","Hazard","Knott","KY","41701","6062513800","0","Monday: 8:00 AM - 5:00 PM Tuesday: 8:00 AM - 5:00 PM Wednesday: 8:00 AM - 5:00 PM Thursday: 8:00 AM - 5:00 PM Friday: 8:00 AM - 5:00 PM Saturday: 8:00 AM - 2:00 PM ","null","37.32601","-83.10077","9.4828805688985","Car; Ferrous Metals (Steel or Iron); Large Household Appliances; Video Game Consoles; PlayStation Consoles","false","true","Call for material requirements.  Please cut scrap iron.    Please call ahead if you will be dropping off a large quantity of recycling items or to see if this site accepts an item not listed.","","false","false","false","false"
