name,description,address,city,region,province,postal_code,phone,fax,hours,url,latitude,longitude,distance,materials,pickup,dropoff,notes,groups,curbside,municipal,national,event_only
"Town of Bellingham Recycling Center","","119 S Maple St","Bellingham","","MA","2019","5089665813","0","","https://www.bellinghamma.org","42.0700199","-71.4603725","0.927067300602893","Batteries (Rechargeable); Cell Phone Batteries; Li-Ion Batteries; Ni-Cd Batteries; Ni-MH Batteries; Small Sealed Lead Acid Batteries; Cell Phones","false","true","","Call2Recycle","false","false","false","false"
"USPS Post Office Box Lobby Recycling Program","US Post Office","111 Mechanic St","Bellingham","Norfolk","MA","02019","8002758777","0","","https://www.usps.com/","42.08154","-71.46734","1.09940474569321","Catalogs; Greeting Cards; Magazines; Paper (Mixed)","false","true","","","false","false","false","false"
"US Post Office","USPS Discarded Lobby Mail Recycling Program","111 Mechanic St","Bellingham","Norfolk","MA","02019","0","0","","","42.08154","-71.46734","1.09940474569321","Computer (Recycling); Computer Monitors; Electronics; Laptop Computers; Computer Peripherals; Small Electronics; Small Televisions; Televisions; Video Game Consoles; PlayStation Consoles","false","true","","","false","false","false","false"
"Town of Bellingham Household Hazardous Waste Collection Program","","S Maple St","Bellingham","","MA","2019","5089665817","0","","https://www.bellinghamma.org","42.0746234","-71.4546515","1.29610580027719","","false","false","","","false","false","false","false"
"City of Bellingham Recycling Center","City of Bellingham Recycling Center","119 S Maple St ","Bellingham","Norfolk County","MA","02019","5089665813","0","Saturday: 8:00 AM - 4:00 PM ","http://www.bellinghamma.org/","42.0762709","-71.4539527","1.37391685126792","Electronics; MP3 Players; Computer (Recycling); Computer Monitors; Laptop Computers; Computer Peripherals; Small Electronics; Small Televisions; Televisions; Video Game Consoles; PlayStation Consoles","false","true","","","false","false","false","false"
"Kimball Sand Company, Inc.","Kimball Sand Company, Inc.","202 Elm St","Blackstone","Worcester","MA","01504","5088831798","0","","http://www.kimballsand.com","42.05685","-71.52414","2.47516115002531","Broken Asphalt/Aggregate; Brick(s); Concrete (Set); Computer (Recycling); Computer Monitors; Electronics; Laptop Computers; Computer Peripherals; Small Electronics; Small Televisions; Televisions; Video Game Consoles; PlayStation Consoles","false","true","","","false","false","false","false"
"Verizon Wireless","Verizon Wireless","100 Corporate Dr","Franklin","Norfolk","MA","02038","5085203471","5085203597","","http://www.verizonwireless.com/","42.08651","-71.43311","2.64852649629715","Cell Phones; Cell Phone Batteries; Computer (Recycling); Computer Monitors; Electronics; Laptop Computers; Computer Peripherals; Small Electronics; Small Televisions; Televisions; Video Game Consoles; PlayStation Consoles","false","true","<A Href="https://www.trade-in.vzw.com/home.aspx">
The Verizon Wireless Trade-In Program</A> allows you to trade in your used handset or tablet in a convenient and responsible way. 
<P>
<P>
Verizon Wireless works every day to protect our environment and give our customers opportunities to do the same. <A Href="http://aboutus.vzw.com/Green_Initiative/overview.html">Click here</A> for more examples of the earth-friendly initiatives and programs Verizon Wireless is proud to offer and support.","","false","false","false","false"
"Whole Foods Market","","255 Hartford Ave","Bellingham","","MA","2019","5089663331","0","","https://www.preserve.eco/","42.1113191","-71.461568","3.1239149070759","","false","false","","","false","false","false","false"
"Blue Rhino Exchange - Home Depot #2651 NE","Blue Rhino Exchange - Home Depot #2651 NE","205 Hartford Ave","Bellingham","Norfolk","MA","02019","5089669200","0","","http://www.bluerhino.com","42.11368","-71.47178","3.18540256829403","Propane Tank Exchange; Computer (Recycling); Computer Monitors; Electronics; Laptop Computers; Computer Peripherals; Small Electronics; Small Televisions; Televisions; Video Game Consoles; PlayStation Consoles","false","true","","","false","false","false","false"
"Blue Rhino Exchange - Rocky's Ace Hardware","Blue Rhino Exchange - Rocky's Ace Hardware","295 Pulaski Blvd","Bellingham","Norfolk","MA","02019","5088832068","0","","http://www.bluerhino.com","42.02231","-71.49175","3.2203172982568","Propane Tank Exchange; Computer (Recycling); Computer Monitors; Electronics; Laptop Computers; Computer Peripherals; Small Electronics; Small Televisions; Televisions; Video Game Consoles; PlayStation Consoles","false","true","","","false","false","false","false"
"Call2Recycle at the Home Depot","Call2Recycle at the Home Depot","229 Hartford Ave","Bellingham","Norfolk","MA","02019","5089669200","0","","http://www.homedepot.com/","42.11408","-71.46694","3.24772405112209","Cell Phones; Compact Fluorescent Lights; Ni-Cd Batteries; Li-Ion Batteries; Ni-MH Batteries; Ni-Zn Batteries; Small Sealed Lead Acid Batteries; Computer (Recycling); Computer Monitors; Electronics; Laptop Computers; Computer Peripherals; Small Electronics; Small Televisions; Televisions; Video Game Consoles; PlayStation Consoles; Batteries (Rechargeable); Cell Phone Batteries; Li-Ion Batteries; Ni-Cd Batteries; Ni-MH Batteries; Small Sealed Lead Acid Batteries","false","true","The Home Depot accepts used rechargeable batteries and compact fluorescent bulbs. Look for the orange drop boxes, usually located near the front entrance near the customer service desk, or ask a store associate for more details.","Call2Recycle","false","false","false","false"
"Whole Foods Market","Whole Foods Market","255 Hartford Ave","Bellingham","Norfolk","MA","02019","5089663331","0","","http://www.wholefoodsmarket.com/","42.11408","-71.46694","3.24772405112209","Plastic #5 (Polypropylene); Plastic Shopping Bags; Alkaline/Single-Use Batteries; Gift Cards; Cork; Water Filters; Bubble Wrap (Reuse); Food Storage Bags; Computer (Recycling); Computer Monitors; Electronics; Laptop Computers; Computer Peripherals; Small Electronics; Small Televisions; Televisions; Video Game Consoles; PlayStation Consoles","false","true","Most Whole Foods stores participate in a variety of recycling programs. Items accepted may vary slightly by location - check with your local store to see what they are currently accepting.","","false","false","false","false"
"Verizon Wireless","Verizon Wireless","257C Hartford Ave","Bellingham","Norfolk","MA","02019","8666444532","0","","http://www.verizonwireless.com/","42.11408","-71.46694","3.24772405112209","Cell Phones; Cell Phone Batteries; Computer (Recycling); Computer Monitors; Electronics; Laptop Computers; Computer Peripherals; Small Electronics; Small Televisions; Televisions; Video Game Consoles; PlayStation Consoles","false","true","<A Href="https://www.trade-in.vzw.com/home.aspx">
The Verizon Wireless Trade-In Program</A> allows you to trade in your used handset or tablet in a convenient and responsible way. 
<P>
<P>
Verizon Wireless works every day to protect our environment and give our customers opportunities to do the same. <A Href="http://aboutus.vzw.com/Green_Initiative/overview.html">Click here</A> for more examples of the earth-friendly initiatives and programs Verizon Wireless is proud to offer and support.","","false","false","false","false"
"Strategic Materials, Inc.","","45 Kenwood Cir","Franklin","","MA","2038","5085414600","0","","https://www.strategicmaterials.com/","42.072062","-71.415107","3.24931323935289","","false","false","","","false","false","false","false"
"Walmart","Walmart","250 Hartford Ave","Bellingham","Norfolk","MA","02019","5089667633","0","","http://www.walmart.com","42.11424","-71.46729","3.25547038956402","Lead Acid (Pb) Batteries; Plastic Shopping Bags; Food Storage Bags; Computer (Recycling); Computer Monitors; Electronics; Laptop Computers; Computer Peripherals; Small Electronics; Small Televisions; Televisions; Video Game Consoles; PlayStation Consoles","false","true","","","false","false","false","false"
"Shred Nations","Shred Nations (inside The UPS Store)","430 Franklin Village Dr","Franklin","Norfolk","MA","02038","5085704483","0","Monday: 8:00 AM - 8:00 PM Tuesday: 8:00 AM - 8:00 PM Wednesday: 8:00 AM - 8:00 PM Thursday: 8:00 AM - 8:00 PM Friday: 8:00 AM - 8:00 PM Saturday: 8:00 AM - 6:00 PM Sunday: 9:00 AM - 5:00 PM ","http://www.shrednations.com/dropoff/location/franklin/c674e35f-d958-bce6-4a96-520e9179966e","42.09058","-71.42247","3.26200086259331","Cell Phones; Computer (Recycling); Laptop Computers; Small Televisions; Documents to Shred; Computer Monitors; Electronics; Computer Peripherals; Small Electronics; Televisions; Video Game Consoles; PlayStation Consoles","true","true","Shred Nations offers document shredding, hard drive destruction, electronics recycling and more. Visit website for quotes and full list of services offered in your area. ","","false","false","false","false"
"RadioShack","RadioShack","20 Franklin Village Dr","Franklin","Norfolk","MA","02038","5085284344","0","Monday: 9:30 AM - 9:00 PM Tuesday: 9:30 AM - 9:00 PM Wednesday: 9:30 AM - 9:00 PM Thursday: 9:30 AM - 9:00 PM Friday: 9:30 AM - 9:00 PM Saturday: 10:00 AM - 9:00 PM Sunday: 10:00 AM - 7:00 PM ","http://www.radioshack.com","42.09076","-71.42247","3.26800998013573","Cell Phones; Ni-Cd Batteries; Batteries (Rechargeable); Computer (Recycling); Computer Monitors; Electronics; Laptop Computers; Computer Peripherals; Small Electronics; Small Televisions; Televisions; Video Game Consoles; PlayStation Consoles","false","true","","","false","false","false","false"
"AT&T Wireless","AT&T Wireless","25 Franklin Village Dr","Franklin","Norfolk","MA","02038","5085077938","0","","http://www.att.com/","42.09076","-71.42247","3.26800998013573","Cell Phones; Ni-Cd Batteries; Batteries (Rechargeable); Cell Phone Batteries; Tablets; Li-Ion Batteries; Computer (Recycling); Computer Monitors; Electronics; Laptop Computers; Computer Peripherals; Small Electronics; Small Televisions; Televisions; Video Game Consoles; PlayStation Consoles","false","true","Receive an AT&T Promotion Card worth the trade-in value of your smartphone, tablet, or netbook. You can also donate the trade-in value to Cell Phones for Soldiers.","","false","false","false","false"
"Big Brother Big Sister Franklin Clothing Bin","","Old West Central St","Franklin","","MA","2038","1800483550","0","","https://www.bbbsfoundation.org/","42.0914216","-71.422794","3.27598549964878","","false","false","","","false","false","false","false"
"Walmart","null","250 Hartford Ave","Bellingham","","MA","02019","5089667633","0","","https://www.walmart.com/","42.1162156","-71.4653626","3.40771764576466","","false","false","","","false","false","false","false"
"Staples","Staples","284 Hartford Ave","Bellingham","Norfolk County","MA","02019","5089661200","0","Monday: 8:00 AM - 9:00 PM Tuesday: 8:00 AM - 9:00 PM Wednesday: 8:00 AM - 9:00 PM Thursday: 8:00 AM - 9:00 PM Friday: 8:00 AM - 9:00 PM Sunday: 10:00 AM - 6:00 PM Saturday: 9:00 AM - 8:00 PM ","https://www.staples.com/recycle","42.1165081","-71.461464","3.47148726383286","AC Power Plugs; Batteries (Rechargeable); Cables & Connectors; Cell Phone Batteries; Cell Phones; Computer (Recycling); Hard Drives; Computer Monitors; Cameras; DVD Players/Blu-Ray Players/DVRs; Electronics; E-Readers; GPS Units; Headphones; Inkjet Printer Cartridges; Laptop Computers; Laser Toner Cartridges; Li-Ion Batteries; MP3 Players; Network Equipment; Ni-Cd Batteries; Ni-MH Batteries; Ni-Zn Batteries; Computer Peripherals; Portable Media Players; Printers/Scanners/Fax Machines; Small Electronics; Small Sealed Lead Acid Batteries; Stereo Equipment; Tablets; Telephones; UPS Batteries/Backup Systems; VCRs; Video Game Systems; Blu-Ray Players; Digital Converter Boxes; Small Televisions; Televisions; Video Game Consoles; PlayStation Consoles; LEGOs; Alkaline/Single-Use Batteries; Batteries (Rechargeable); Cell Phone Batteries; Li-Ion Batteries; Ni-Cd Batteries; Ni-MH Batteries; Small Sealed Lead Acid Batteries; Alkaline/Single-Use Batteries; Button Batteries; Non-rechargeable lithium batteries; Cell Phones","false","true","NO TVs; Limit 6 CEDs per day; ","Vizio, OEM, Call2Recycle, Sony","false","false","false","false"
"Shaws","","1500 Diamond Hill Road","Woonsocket","","RI","2895","4017653090","0","","","42.0170156","-71.4792841","3.51065163232866","","false","false","","","false","false","false","false"
"Savers","","1500 Diamond Hill Rd","Woonsocket","","RI","2895","4017625789","0","","https://www.savers.com/donate/what-we-take","42.0170156","-71.4792841","3.51065163232866","","false","false","","","false","false","false","false"
"Savers","null","1500 Diamond Hill Road ","Woonsocket","Providence County","RI","02895","4017625789","0","Monday: 10:00 AM - 9:00 PM Tuesday: 10:00 AM - 9:00 PM Wednesday: 10:00 AM - 9:00 PM Thursday: 10:00 AM - 9:00 PM Friday: 10:00 AM - 9:00 PM Saturday: 10:00 AM - 9:00 PM Sunday: 10:00 AM - 7:00 PM ","null","42.0166694","-71.4792531","3.53454305090829","Computer (Recycling); Computer Monitors; Electronics; Laptop Computers; Small Televisions; Tablets; Televisions; Video Game Consoles; PlayStation Consoles","false","true","","OEM Private Sites, RI, OEM Indiv, Vizio, OEM, Sony","false","false","false","false"
"Town of Franklin Recycling Center","","Beaver St","Franklin","","MA","2038","5085535500","0","","https://www.franklinma.gov/","42.0849326","-71.413242","3.5349282580826","","false","false","","","false","false","false","false"
"911 Cell Phone Bank - Friends Of Milford Senior Center","911 Cell Phone Bank - Friends Of Milford Senior Center","15 Paul Dr","Blackstone","Worcester","MA","01504","8662907864","0","","http://www.911cellphonebank.org/","42.02291","-71.51153","3.5428890916005","Cell Phones; Cameras; Laptop Computers; MP3 Players; Video Games; Video Game Consoles; Smart watches & Apple Watch速
","false","true","Please call to verify drop-off procedures and directions to the location.  For prepaid shipping labels, visit http://www.911cellphonebank.org/drop-off-locations.asp - click on "print shipping label."","","false","false","false","false"
"Shaw's","Shaw's","1500 Diamond Hill Rd","Woonsocket","Providence","RI","02895","4017653090","0","","","42.0157","-71.47639","3.6023116392052","Plastic Shopping Bags; Food Storage Bags; Computer (Recycling); Computer Monitors; Electronics; Laptop Computers; Small Televisions; Tablets; Televisions; Video Game Consoles; PlayStation Consoles","false","true","","","false","false","false","false"
"USPS Post Office Box Lobby Recycling Program","US Post Office","1500 Diamond Hill Rd Unit M","Woonsocket","Providence","RI","02895","8002758777","0","","https://www.usps.com/","42.0157","-71.47639","3.6023116392052","Catalogs; Greeting Cards; Magazines; Paper (Mixed)","false","true","","","false","false","false","false"
"US Post Office","USPS Discarded Lobby Mail Recycling Program","1500 Diamond Hill Rd Unit M","Woonsocket","Providence","RI","02895","0","0","","","42.0157","-71.47639","3.6023116392052","Computer (Recycling); Computer Monitors; Electronics; Laptop Computers; Small Televisions; Tablets; Televisions; Video Game Consoles; PlayStation Consoles","false","true","","","false","false","false","false"
"Walmart","Walmart","1919 Diamond Hill Rd","Woonsocket","Providence","RI","02895","4017620640","0","","http://www.walmart.com","42.01534","-71.47548","3.62867419543273","Lead Acid (Pb) Batteries; Plastic Shopping Bags; Food Storage Bags; Computer (Recycling); Computer Monitors; Electronics; Laptop Computers; Small Televisions; Tablets; Televisions; Video Game Consoles; PlayStation Consoles","false","true","","","false","false","false","false"
"Call2Recycle at Town of Franklin DPW","null","257 Fisher St","Franklin","Norfolk","MA","02038","5085204910","0","Monday: 8:00 AM - 4:00 PM Tuesday: 8:00 AM - 4:00 PM Thursday: 8:00 AM - 4:00 PM Wednesday: 8:00 AM - 6:00 PM Friday: 8:00 AM - 1:00 PM ","http://www.call2recycle.org/","42.08102","-71.40739","3.74433702918791","Cell Phones; Ni-Cd Batteries; Li-Ion Batteries; Ni-MH Batteries; Ni-Zn Batteries; Small Sealed Lead Acid Batteries; Computer (Recycling); Computer Monitors; Electronics; Laptop Computers; Computer Peripherals; Small Electronics; Small Televisions; Televisions; Video Game Consoles; PlayStation Consoles","false","true","The U.S. EPA estimates that more than 350 million rechargeable batteries are purchased annually in the U.S. Thanks to the environmental commitment of this location, its easy and free to recycle your rechargeable batteries. Look for the recycling box or ask a staff member how you can do your part for the environment.","","false","false","false","false"
"PM Recycling","PM Recycling","24 E Mill St","Woonsocket","Providence","RI","02895","4047653292","0","Monday: 9:00 AM - 4:00 PM Tuesday: 9:00 AM - 4:00 PM Wednesday: 9:00 AM - 4:00 PM Thursday: 9:00 AM - 4:00 PM Friday: 9:00 AM - 4:00 PM ","","42.01318","-71.49771","3.9056377971849","Plastic #1 (PETE); Plastic #2 (HDPE); Plastic #2 (Color HDPE); Plastic #4 (LDPE); Cardboard; Wood Pallets; Computer (Recycling); Computer Monitors; Electronics; Laptop Computers; Small Televisions; Tablets; Televisions; Video Game Consoles; PlayStation Consoles","true","true","Please call for more information regarding pick-up services provided for large quantities.","","false","false","false","false"
"Town of Franklin Household Hazardous Waste Collection Program","","","Franklin","","MA","2038","5085204905","0","","","42.0870521","-71.4061876","3.92481464839432","","false","false","","","false","false","false","false"
"St. Mary's Catholic Church Clothing Drop-off Bins","St. Mary's Catholic Church Clothing Drop-off Bins","1 Church Sq","Franklin","Norfolk","MA","02038","5085280020","0","Sunday: 12:00 AM - 11:59 PM Monday: 12:00 AM - 11:59 PM Tuesday: 12:00 AM - 11:59 PM Wednesday: 12:00 AM - 11:59 PM Thursday: 12:00 AM - 11:59 PM Friday: 12:00 AM - 11:59 PM Saturday: 12:00 AM - 11:59 PM ","http://recycle.wrentham.ma.us","42.08989","-71.40161","4.21330114729362","Clothing; Computer (Recycling); Computer Monitors; Electronics; Laptop Computers; Computer Peripherals; Small Electronics; Small Televisions; Televisions; Video Game Consoles; PlayStation Consoles","false","true","This site accepts clean clothing in good condition.","","false","false","false","false"
"US Post Office","USPS Discarded Lobby Mail Recycling Program","43 Main St","Franklin","Norfolk","MA","02038","0","0","","null","42.08409","-71.3979","4.26881633502705","Computer (Recycling); Computer Monitors; Electronics; Laptop Computers; Computer Peripherals; Small Electronics; Small Televisions; Televisions; Video Game Consoles; PlayStation Consoles","false","true","","","false","false","false","false"
"USPS Post Office Box Lobby Recycling Program","US Post Office","43 Main St ","Franklin","Norfolk County","MA","02038","8002758777","0","","https://www.usps.com/","42.0840286","-71.3978375","4.27079624940305","Catalogs; Greeting Cards; Magazines; Paper (Mixed)","false","true","","","false","false","false","false"
"Blackston Valley Regional Recycling Center","Blackston Valley Regional Recycling Center","14 Chestnut St","Blackstone","Worcester","MA","01504","5088839169","0","","http://www.townofblackstone.com/","42.0445007","-71.5573401","4.36763798812341","Plastic #1 (PETE); Plastic #2 (HDPE); Plastic #2 (Color HDPE); Plastic #3 (PVC); Plastic #4 (LDPE); Plastic #5 (Polypropylene); Plastic #7; Aluminum Cans; Antifreeze; Bikes; Books (Reuse); Book Recycling; Brown Paper Bags; Brush; Lead Acid (Pb) Batteries; Cardboard; Carpet; Catalogs; Cell Phones; Chipboard; Christmas Trees; Clothing; CD/DVD/Blu-ray/UHD discs; Computer (Reuse); Computer Monitors; Computer Paper; Computer (Recycling); Electronics; Ferrous Metals (Steel or Iron); Gift Bags; Gift Boxes; Eyeglasses; Greeting Cards; Furniture; Household Goods; Large Household Appliances; Lawn Equipment; Leaves; Magazines; Material Exchange; Bed Mattresses; Clothes Hangers (Metal); Paper (Mixed); Newspapers; Non-ferrous (Copper/Brass/Tin); Ornaments; Plastics (Other); Paint Donation; Paperboard; Phone books; Propane Tanks; Sporting Goods; Telephones; Televisions; Tin or Steel Cans; Children's Toys; Tree Trimmings; Used Motor Oil; Oil Filters; Used Tires; Office Paper; MP3 Players","true","true","Residents need a sticker to access the recycling center.  Stickers can be purchased at the BOH office, non-residents can also buy a sticker.  Please call for further information, and for any fees or restrictions that may apply.  There is a materials exchange/swap shop at this site.","","false","false","false","false"
"USPS Post Office Box Lobby Recycling Program","US Post Office","127 Social St","Woonsocket","Providence","RI","02895","8002758777","0","","https://www.usps.com/","42.00775","-71.50633","4.39414945374977","Catalogs; Greeting Cards; Magazines; Paper (Mixed)","false","true","","","false","false","false","false"
"US Post Office","USPS Discarded Lobby Mail Recycling Program","127 Social St","Woonsocket","Providence","RI","02895","0","0","","","42.00775","-71.50633","4.39414945374977","Computer (Recycling); Computer Monitors; Electronics; Laptop Computers; Small Televisions; Tablets; Televisions; Video Game Consoles; PlayStation Consoles","false","true","","","false","false","false","false"
"Got Books Inc. - Blackstone Town Hall","Got Books Inc. - Blackstone Town Hall","15 Saint Paul St","Blackstone","Worcester","MA","01504","9786646555","0","Sunday: 12:00 AM - 11:59 PM Monday: 12:00 AM - 11:59 PM Tuesday: 12:00 AM - 11:59 PM Wednesday: 12:00 AM - 11:59 PM Thursday: 12:00 AM - 11:59 PM Friday: 12:00 AM - 11:59 PM Saturday: 12:00 AM - 11:59 PM ","http://www.gotbooks.com","42.01803","-71.53336","4.45459913641462","Books (Reuse); Book Recycling; CD/DVD/Blu-ray/UHD discs; VHS & Cassette Tapes; Computer (Recycling); Computer Monitors; Electronics; Laptop Computers; Computer Peripherals; Small Electronics; Small Televisions; Televisions; Video Game Consoles; PlayStation Consoles","false","true","","","false","false","false","false"
"911 Cell Phone Bank - RSVP Of Oneida County","911 Cell Phone Bank - RSVP Of Oneida County","84 Social St Rm L2","Woonsocket","Providence","RI","02895","8662907864","0","","http://www.911cellphonebank.org/","42.00634","-71.51163","4.58101627062566","Cell Phones; Cameras; Laptop Computers; MP3 Players; Video Games; Video Game Consoles; Smart watches & Apple Watch速
","false","true","Please call to verify drop-off procedures and directions to the location.  For prepaid shipping labels, visit http://www.911cellphonebank.org/drop-off-locations.asp - click on "print shipping label."","","false","false","false","false"
"Monro","Monro","449 Clinton St","Woonsocket","Providence","RI","02895","4017697672","0","Monday: 7:30 AM - 7:00 PM Tuesday: 7:30 AM - 7:00 PM Wednesday: 7:30 AM - 7:00 PM Thursday: 7:30 AM - 7:00 PM Friday: 7:30 AM - 7:00 PM Saturday: 7:30 AM - 4:00 PM ","http://monro.com","42.00552","-71.50965","4.59696042303647","Used Motor Oil; Computer (Recycling); Computer Monitors; Electronics; Laptop Computers; Small Televisions; Tablets; Televisions; Video Game Consoles; PlayStation Consoles","false","true","","","false","false","false","false"
"USPS Post Office Box Lobby Recycling Program","US Post Office","12 Maple St","Mendon","Worcester","MA","01756","8002758777","0","","https://www.usps.com/","42.10539","-71.55221","4.59737176304671","Catalogs; Greeting Cards; Magazines; Paper (Mixed)","false","true","","","false","false","false","false"
"US Post Office","USPS Discarded Lobby Mail Recycling Program","12 Maple St","Mendon","Worcester","MA","01756","0","0","","","42.10539","-71.55221","4.59737176304671","Computer (Recycling); Computer Monitors; Electronics; Laptop Computers; Computer Peripherals; Small Electronics; Small Televisions; Televisions; Video Game Consoles; PlayStation Consoles","false","true","","","false","false","false","false"
"The Salvation Army","null","30 N Main St ","Woonsocket","Providence County","RI","02895","8007287825","0","Monday: 9:00 AM - 5:30 PM Tuesday: 9:00 AM - 5:30 PM Wednesday: 9:00 AM - 5:30 PM Thursday: 9:00 AM - 5:30 PM Friday: 9:00 AM - 5:30 PM Saturday: 9:00 AM - 5:30 PM Sunday:  -  ","http://www.salvationarmyusa.org","42.0060659","-71.5130908","4.62706502892738","Bikes; Books (Reuse); CD/DVD/Blu-ray/UHD discs; Cell Phones; Children's Toys; Clothing; Computer (Reuse); Hard Drives; Computer Monitors; Cameras; DVD Players/Blu-Ray Players/DVRs; Electronics; E-Readers; Furniture; Gift Bags; Headphones; Household Goods; Laptop Computers; Lawn Equipment; Miscellaneous Tools; MP3 Players; Musical Instruments; Network Equipment; Ornaments; Computer Peripherals; Portable Media Players; Printers/Scanners/Fax Machines; Reusable Appliance Donation; Small Appliances; Small Electronics; Small Televisions; Sporting Goods; Stereo Equipment; Tablets; Telephones; Televisions; VCRs; VHS & Cassette Tapes; Video Game Systems; Blu-Ray Players; Digital Converter Boxes; Computer (Recycling); Video Game Consoles; PlayStation Consoles","false","true","","OEM, Vizio, Sony, RI, Salvation Army","false","false","false","false"
"North Smithfield Transfer Station","North Smithfield Transfer Station","14 Canal St","North Smithfield","Providence","RI","02896","4015970991","0","Monday: 6:00 AM - 3:00 PM Tuesday: 6:00 AM - 3:00 PM Wednesday: 6:00 AM - 3:00 PM Thursday: 6:00 AM - 3:00 PM Friday: 6:00 AM - 3:00 PM ","http://www.ci.woonsocket.ri.us/","42.014","-71.53402","4.69361325313267","Air Conditioners; Bed Mattresses; Box Springs; Dehumidifiers; Large Household Appliances; Lead Acid (Pb) Batteries; Propane Tanks; Refrigerators; Small Appliances; Used Tires","false","true","","","false","false","false","false"
"Shaws","","255 East Central Street","Franklin","","MA","2038","5085206880","0","","","42.0812501","-71.3867051","4.7832356745515","","false","false","","","false","false","false","false"
"Shaw's","Shaw's","255 E Central St","Franklin","Norfolk","MA","02038","5085206880","0","","","42.08049","-71.3854","4.83916712278528","Plastic Shopping Bags; Food Storage Bags; Computer (Recycling); Computer Monitors; Electronics; Laptop Computers; Computer Peripherals; Small Electronics; Small Televisions; Televisions; Video Game Consoles; PlayStation Consoles","false","true","","","false","false","false","false"
"Postal Center USA","Postal Center USA","279 E Central St","Franklin","Norfolk","MA","02038","5085418100","0","Monday: 9:00 AM - 6:00 PM Tuesday: 9:00 AM - 6:00 PM Wednesday: 9:00 AM - 6:00 PM Thursday: 9:00 AM - 6:00 PM Friday: 9:00 AM - 6:00 PM Saturday: 9:00 AM - 5:00 PM ","http://www.postalcenterusa.com","42.08049","-71.3854","4.83916712278528","Packing Peanut (Reuse); Computer (Recycling); Computer Monitors; Electronics; Laptop Computers; Computer Peripherals; Small Electronics; Small Televisions; Televisions; Video Game Consoles; PlayStation Consoles","false","true","This drop-off site is located at the Star Market Plaza on Route 140, next to T.J. Maxx. Please call for summer hours.","","false","false","false","false"
"City of Woonsocket","City of Woonsocket","169 Main St","Woonsocket","Providence","RI","02895","0","0","","","42.00286","-71.51351","4.84009913361175","Electronics; MP3 Players; Computer (Recycling); Computer Monitors; Laptop Computers; Small Televisions; Tablets; Televisions; Video Game Consoles; PlayStation Consoles","false","true","","","false","false","false","false"
"Woonsocket Recycling Pickup","Woonsocket Recycling Pickup","169 Main St","Woonsocket","Providence","RI","02895","0","0","","http://www.ci.woonsocket.ri.us/Solid_Waste.htm","42.00286","-71.51351","4.84009913361175","Aluminum; Aluminum Cans; Brown Paper Bags; Computer Paper; Dairy Tubs; Glass (Brown); Glass (Clear); Glass (Green); Magazines; Milk Cartons; Newspapers; Office Paper; Paper (Mixed); Paper Egg Cartons; Paperboard; Plastic #1 (PETE); Plastic #2 (HDPE); Plastic #5 (Polypropylene); Tin or Steel Cans","false","false","Place carts curbside by 7:00 AM on designated pick-up day.","","true","false","false","false"
"Woonsocket Bulk Item Program","Woonsocket Bulk Item Program","943 River St ","Woonsocket","Providence County","RI","02895","4017678880","0","","http://www.ci.woonsocket.ri.us/Solid_Waste.htm","42.008095","-71.527952","4.85229351557518","","false","false","","","false","false","false","false"
"City of Woonsocket","null","943 River St ","Woonsocket","Providence County","RI","02895","4017679216","0","Monday: 7:30 AM - 3:00 PM Tuesday: 7:30 AM - 3:00 PM Wednesday: 7:30 AM - 3:00 PM Thursday: 7:30 AM - 3:00 PM Friday: 7:30 AM - 3:00 PM Saturday:  -  Sunday:  -  ","http://www.woonsocketri.org","42.008095","-71.527952","4.85229351557518","Computer (Recycling); Computer Monitors; Electronics; Laptop Computers; Small Televisions; Tablets; Televisions; Video Game Consoles; PlayStation Consoles","false","true","Municipal Residents Only","Vizio, OEM, OEM Indiv, OEM Municipal sites, Sony, RI","false","false","false","false"
"City of Woonsocket Recycle Drop-Off Center","","943 River St","Woonsocket","","RI","2895","4017678880","0","","http://www.ci.woonsocket.ri.us","42.008095","-71.527952","4.85229351557518","","false","false","","","false","false","false","false"
"Postal Center USA","","279 East Central Street","Franklin","","MA","2038","5085418100","0","","https://www.postalcenter.com/","42.0814186","-71.3850351","4.86950757315254","","false","false","","","false","false","false","false"
"Woonsocket Recycle Drop-Off Center","City of Woonsocket Recycle Drop-Off Center","943 River St","Woonsocket","Providence","RI","02895","4017678880","0","Monday: 7:00 AM - 3:30 PM Tuesday: 7:00 AM - 3:30 PM Wednesday: 7:00 AM - 3:30 PM Thursday: 7:00 AM - 3:30 PM Friday: 7:00 AM - 3:30 PM Saturday: 8:00 AM - 12:00 PM ","http://www.ci.woonsocket.ri.us/Solid_Waste.htm","42.00763","-71.52818","4.88577995141512","Air Conditioners; Aluminum; Aluminum Cans; Antifreeze; Bed Mattresses; Book Recycling; Box Springs; Brown Paper Bags; Cardboard; CD/DVD/Blu-ray/UHD discs; Cell Phones; Clothing; Computer (Recycling); Computer Monitors; Computer Paper; Cooking Oil; Electronics; Laptop Computers; Large Household Appliances; Microwaves; Newspapers; Office Paper; Paper (Mixed); Paperboard; Computer Peripherals; Plastic #1 (PETE); Plastic #2 (HDPE); Plastic #3 (PVC); Plastic #5 (Polypropylene); Plastic #7; Propane Tanks; Rigid Plastics; Scrap Metal; Shoes; Small Appliances; Small Electronics; Small Televisions; Televisions; Tin or Steel Cans; VHS & Cassette Tapes","false","true","Woonsocket residents only. ","","false","false","false","false"
"L & R Scrap Metal Company","L & R Scrap Metal Company","631 River St","Woonsocket","Providence","RI","02895","4017693648","0","Monday: 8:00 AM - 4:30 PM Tuesday: 8:00 AM - 4:30 PM Wednesday: 8:00 AM - 4:30 PM Thursday: 8:00 AM - 4:30 PM Friday: 8:00 AM - 4:30 PM Saturday: 8:00 AM - 12:30 PM ","","42.00694","-71.52738","4.90518429948274","Aluminum Cans; Aluminum; Construction Materials; Ferrous Metals (Steel or Iron); Non-ferrous (Copper/Brass/Tin); Computer (Recycling); Computer Monitors; Electronics; Laptop Computers; Small Televisions; Tablets; Televisions; Video Game Consoles; PlayStation Consoles","false","true","","","false","false","false","false"
"911 Cell Phone Bank - Hot Cell","911 Cell Phone Bank - Hot Cell","179 Front St","Woonsocket","Providence","RI","02895","8662907864","0","","http://www.911cellphonebank.org/","42.00031","-71.51194","4.97531407779142","Cell Phones; Cameras; Laptop Computers; MP3 Players; Video Games; Video Game Consoles; Smart watches & Apple Watch速
","false","true","Please call to verify drop-off procedures and directions to the location.  For prepaid shipping labels, visit http://www.911cellphonebank.org/drop-off-locations.asp - click on "print shipping label."","","false","false","false","false"
"Glycol Blending Services, LLC","","840 Cumberland Hill Rd","Woonsocket","","RI","2895","4017622880","0","","http://www.glycolblending.com/","41.9950203","-71.4865188","5.04793643423558","","false","false","","","false","false","false","false"
"Got Books Inc. - First Universalist Church","Got Books Inc. - First Universalist Church","262 Chestnut St","Franklin","Norfolk","MA","02038","9786646555","0","Sunday: 12:00 AM - 11:59 PM Monday: 12:00 AM - 11:59 PM Tuesday: 12:00 AM - 11:59 PM Wednesday: 12:00 AM - 11:59 PM Thursday: 12:00 AM - 11:59 PM Friday: 12:00 AM - 11:59 PM Saturday: 12:00 AM - 11:59 PM ","http://www.gotbooks.com","42.08688","-71.38169","5.12152815318533","Books (Reuse); Book Recycling; CD/DVD/Blu-ray/UHD discs; VHS & Cassette Tapes; Computer (Recycling); Computer Monitors; Electronics; Laptop Computers; Computer Peripherals; Small Electronics; Small Televisions; Televisions; Video Game Consoles; PlayStation Consoles","true","true","","","false","false","false","false"
"Shaws","","1 Prospect Street","Milford","","MA","1757","5084784519","0","","","42.1321279","-71.5281466","5.12776814328921","","false","false","","","false","false","false","false"
"Shaw's","Shaw's","1 Prospect St ","Milford","Worcester County","MA","01757","5084784519","0","","","42.1321369","-71.5281328","5.12795368646334","Plastic Shopping Bags; Food Storage Bags; Computer (Recycling); Computer Monitors; Electronics; Laptop Computers; Computer Peripherals; Small Electronics; Small Televisions; Televisions; Video Game Consoles; PlayStation Consoles","false","true","","","false","false","false","false"
"USPS Post Office Box Lobby Recycling Program","US Post Office","1063 West St","Sheldonville","Norfolk","MA","02070","8002758777","0","","https://www.usps.com/","42.0348","-71.386","5.25174730038489","Catalogs; Greeting Cards; Magazines; Paper (Mixed)","false","true","","","false","false","false","false"
"US Post Office","USPS Discarded Lobby Mail Recycling Program","1063 West St","Sheldonville","Norfolk","MA","02070","0","0","","","42.0348","-71.386","5.25174730038489","Computer (Recycling); Computer Monitors; Electronics; Laptop Computers; Computer Peripherals; Small Electronics; Small Televisions; Televisions; Video Game Consoles; PlayStation Consoles","false","true","","","false","false","false","false"
"USPS Post Office Box Lobby Recycling Program","US Post Office","80 Hopedale St","Hopedale","Worcester","MA","01747","8002758777","0","","https://www.usps.com/","42.1288","-71.5395","5.25577854910266","Catalogs; Greeting Cards; Magazines; Paper (Mixed)","false","true","","","false","false","false","false"
"US Post Office","USPS Discarded Lobby Mail Recycling Program","80 Hopedale St","Hopedale","Worcester","MA","01747","0","0","","","42.1288","-71.5395","5.25577854910266","Computer (Recycling); Computer Monitors; Electronics; Laptop Computers; Computer Peripherals; Small Electronics; Small Televisions; Televisions; Video Game Consoles; PlayStation Consoles","false","true","","","false","false","false","false"
"USPS Post Office Box Lobby Recycling Program","US Post Office","4 Congress St Ste 1","Milford","Worcester","MA","01757","8002758777","0","","https://www.usps.com/","42.13989","-71.52225","5.46716221088238","Catalogs; Greeting Cards; Magazines; Paper (Mixed)","false","true","","","false","false","false","false"
"US Post Office","USPS Discarded Lobby Mail Recycling Program","4 Congress St Ste 1","Milford","Worcester","MA","01757","0","0","","","42.13989","-71.52225","5.46716221088238","Computer (Recycling); Computer Monitors; Electronics; Laptop Computers; Computer Peripherals; Small Electronics; Small Televisions; Televisions; Video Game Consoles; PlayStation Consoles","false","true","","","false","false","false","false"
"Shred Nations","Shred Nations (inside The UPS Store)","196 E Main St","Milford","Worcester","MA","01757","5085037404","0","Monday: 8:00 AM - 7:00 PM Tuesday: 8:00 AM - 7:00 PM Wednesday: 8:00 AM - 7:00 PM Thursday: 8:00 AM - 7:00 PM Friday: 8:00 AM - 7:00 PM Saturday: 9:00 AM - 5:00 PM ","http://www.shrednations.com/dropoff/location/milford/a551f41b-ad1e-dc70-526a-520e8f49aaf6","42.14077","-71.51997","5.47584376182882","Cell Phones; Computer (Recycling); Laptop Computers; Small Televisions; Documents to Shred; Computer Monitors; Electronics; Computer Peripherals; Small Electronics; Televisions; Video Game Consoles; PlayStation Consoles","true","true","Shred Nations offers document shredding, hard drive destruction, electronics recycling and more. Visit website for quotes and full list of services offered in your area. ","","false","false","false","false"
"Town of Milford Household Hazardous Waste Collection Program","","","Milford","","MA","1757","5086342315","0","","https://www.milfordma.gov/health-department","42.141566","-71.5192361","5.51203437863064","","false","false","","","false","false","false","false"
"Town of Milford Transfer Station","","J Fred Powers Way","Milford","","MA","1757","5084788093","0","","https://www.milfordma.gov/health-department","42.141566","-71.5192361","5.51203437863064","","false","false","","","false","false","false","false"
"Milford Redemption & Beverage Center","Milford Redemption & Beverage Center","25 E Main St ","Milford","Worcester County","MA","01757","5084785599","0","Thursday: 9:30 AM - 6:00 PM Friday: 9:30 AM - 6:00 PM Saturday: 9:00 AM - 5:00 PM ","null","42.1445374","-71.5122418","5.58004064112829","Plastic #1 (PETE); Plastic #2 (HDPE); Plastic #2 (Color HDPE); Aluminum Cans; Glass (Brown); Glass (Clear); Glass (Green); Computer (Recycling); Computer Monitors; Electronics; Laptop Computers; Computer Peripherals; Small Electronics; Small Televisions; Televisions; Video Game Consoles; PlayStation Consoles","false","true","","","false","false","false","false"
"Walgreens","Walgreens","91 Prospect St","Milford","Worcester","MA","01757","5084789114","0","","http://www.walgreens.com","42.13749","-71.53395","5.59770424034147","Cell Phones; Inkjet Printer Cartridges; Computer (Recycling); Computer Monitors; Electronics; Laptop Computers; Computer Peripherals; Small Electronics; Small Televisions; Televisions; Video Game Consoles; PlayStation Consoles","false","true","","","false","false","false","false"
"Postal Center USA","","9c Medway Rd","Milford","","MA","1757","5084229600","0","","https://www.postalcenter.com/","42.1496002","-71.5022367","5.78277742801257","","false","false","","","false","false","false","false"
"Tran Redemption","Tran Redemption","119 E Main St","Milford","Worcester","MA","01757","5086346717","0","","http://www.mass.gov/eea/agencies/massdep/recycle/reduce/bottle-and-can-recycling.html","42.14874","-71.50818","5.79791330658798","Plastic #1 (PETE); Plastic #2 (HDPE); Plastic #2 (Color HDPE); Aluminum Cans; Computer (Recycling); Computer Monitors; Electronics; Laptop Computers; Computer Peripherals; Small Electronics; Small Televisions; Televisions; Video Game Consoles; PlayStation Consoles","false","true","Clean, empty bottles and cans accepted.  Redemption centers deduct processing fees from refunds.","","false","false","false","false"
"Walgreens","Walgreens","68 Main St","Medway","Norfolk","MA","02053","5085334902","0","","http://www.walgreens.com","42.14351","-71.42898","5.80617707889407","Cell Phones; Inkjet Printer Cartridges; Computer (Recycling); Computer Monitors; Electronics; Laptop Computers; Computer Peripherals; Small Electronics; Small Televisions; Televisions; Video Game Consoles; PlayStation Consoles","false","true","","","false","false","false","false"
"USPS Post Office Box Lobby Recycling Program","US Post Office","31 Central St","Millville","Worcester","MA","01529","8002758777","0","","https://www.usps.com/","42.02593","-71.58163","6.04439565756616","Catalogs; Greeting Cards; Magazines; Paper (Mixed)","false","true","","","false","false","false","false"
"US Post Office","USPS Discarded Lobby Mail Recycling Program","31 Central St","Millville","Worcester","MA","01529","0","0","","","42.02593","-71.58163","6.04439565756616","Computer (Recycling); Computer Monitors; Electronics; Laptop Computers; Computer Peripherals; Small Electronics; Small Televisions; Televisions; Video Game Consoles; PlayStation Consoles","false","true","","","false","false","false","false"
"911 Cell Phone Bank - Wireless Champs","911 Cell Phone Bank - Wireless Champs","800 Providence St","Woonsocket","Providence","RI","02895","8662907864","0","","http://www.911cellphonebank.org/","41.98621","-71.52215","6.07291786854766","Cell Phones; Cameras; Laptop Computers; MP3 Players; Video Games; Video Game Consoles; Smart watches & Apple Watch速
","false","true","Please call to verify drop-off procedures and directions to the location.  For prepaid shipping labels, visit http://www.911cellphonebank.org/drop-off-locations.asp - click on "print shipping label."","","false","false","false","false"
"Lowe's","","19 Eddie Dowling Highway","North Smithfield","","RI","2896","4017330940","0","","https://newsroom.lowes.com/responsibility/operational-excellence/","41.9824083","-71.5150821","6.1973317687843","Batteries (Rechargeable); Cell Phone Batteries; Li-Ion Batteries; Ni-Cd Batteries; Ni-MH Batteries; Small Sealed Lead Acid Batteries; Cell Phones","false","true","","Call2Recycle","false","false","false","false"
"Blue Rhino Exchange - Stop & Shop #721","Blue Rhino Exchange - Stop & Shop #721","595 Smithfield Rd ","North Smithfield","Providence County","RI","02896","4017690112","0","","http://www.bluerhino.com","41.981443","-71.5162933","6.27994763890016","Propane Tank Exchange; Computer (Recycling); Computer Monitors; Electronics; Laptop Computers; Small Televisions; Tablets; Televisions; Video Game Consoles; PlayStation Consoles","false","true","","","false","false","false","false"
"USPS Post Office Box Lobby Recycling Program","US Post Office","115 Main St","Medway","Norfolk","MA","02053","8002758777","0","","https://www.usps.com/","42.14969","-71.41599","6.49322648727097","Catalogs; Greeting Cards; Magazines; Paper (Mixed)","false","true","","","false","false","false","false"
"US Post Office","USPS Discarded Lobby Mail Recycling Program","115 Main St","Medway","Norfolk","MA","02053","0","0","","","42.14969","-71.41599","6.49322648727097","Computer (Recycling); Computer Monitors; Electronics; Laptop Computers; Computer Peripherals; Small Electronics; Small Televisions; Televisions; Video Game Consoles; PlayStation Consoles","false","true","","","false","false","false","false"
"USPS Post Office Box Lobby Recycling Program","US Post Office","137 Village St","Medway","Norfolk","MA","02053","8002758777","0","","https://www.usps.com/","42.14004","-71.39683","6.50343299675313","Catalogs; Greeting Cards; Magazines; Paper (Mixed)","false","true","","","false","false","false","false"
"US Post Office","USPS Discarded Lobby Mail Recycling Program","137 Village St","Medway","Norfolk","MA","02053","0","0","","","42.14004","-71.39683","6.50343299675313","Computer (Recycling); Computer Monitors; Electronics; Laptop Computers; Computer Peripherals; Small Electronics; Small Televisions; Televisions; Video Game Consoles; PlayStation Consoles","false","true","","","false","false","false","false"
"Staples","Staples","220 Fortune Blvd","Milford","Worcester County","MA","01757","5086346934","0","Monday: 9:00 AM - 7:00 PM Tuesday: 9:00 AM - 7:00 PM Wednesday: 9:00 AM - 7:00 PM Thursday: 9:00 AM - 7:00 PM Friday: 9:00 AM - 7:00 PM Saturday: 9:00 AM - 7:00 PM Sunday: 10:00 AM - 6:00 PM ","https://www.staples.com/recycle","42.1609599","-71.5018129","6.54767004015681","AC Power Plugs; Batteries (Rechargeable); Cables & Connectors; Cell Phone Batteries; Cell Phones; Computer (Recycling); Hard Drives; Computer Monitors; Cameras; DVD Players/Blu-Ray Players/DVRs; Electronics; E-Readers; GPS Units; Headphones; Inkjet Printer Cartridges; Laptop Computers; Laser Toner Cartridges; Li-Ion Batteries; MP3 Players; Network Equipment; Ni-Cd Batteries; Ni-MH Batteries; Ni-Zn Batteries; Computer Peripherals; Portable Media Players; Printers/Scanners/Fax Machines; Small Electronics; Small Sealed Lead Acid Batteries; Stereo Equipment; Tablets; Telephones; UPS Batteries/Backup Systems; VCRs; Video Game Systems; Blu-Ray Players; Digital Converter Boxes; Small Televisions; Televisions; Video Game Consoles; PlayStation Consoles; Alkaline/Single-Use Batteries; Batteries (Rechargeable); Cell Phone Batteries; Li-Ion Batteries; Ni-Cd Batteries; Ni-MH Batteries; Small Sealed Lead Acid Batteries; Alkaline/Single-Use Batteries; Button Batteries; Non-rechargeable lithium batteries; Cell Phones","false","true","NO TVs; Limit 6 CEDs per day; ","Call2Recycle, Vizio, OEM, Sony","false","false","false","false"
"Town of Medway Household Hazardous Waste Collection Program","","","Medway","","MA","2053","5085333275","0","","","42.1417641","-71.3967256","6.59861483890205","","false","false","","","false","false","false","false"
"US Post Office","USPS Discarded Lobby Mail Recycling Program","134 School St","Forestdale","Providence","RI","02824","0","0","","","41.99691","-71.56439","6.60038061371789","Computer (Recycling); Computer Monitors; Electronics; Laptop Computers; Small Televisions; Tablets; Televisions; Video Game Consoles; PlayStation Consoles","false","true","","","false","false","false","false"
"Town of Cumberland Christmas Tree Recycling Drop-off Site - Northern Garage","","Nate Whipple Hwy","Cumberland","","RI","2864","4019444276","0","","","41.9822091","-71.4204867","6.61529853634555","","false","false","","","false","false","false","false"
"Target","Target","250 Fortune Blvd","Milford","Worcester","MA","01757","5084785880","0","","http://www.target.com/","42.16186","-71.50511","6.64181110543139","Aluminum Cans; Cell Phones; Inkjet Printer Cartridges; MP3 Players; Plastic #1 (PETE); Plastic #2 (HDPE); Plastic Shopping Bags; Computer (Recycling); Computer Monitors; Electronics; Laptop Computers; Computer Peripherals; Small Electronics; Small Televisions; Televisions; Video Game Consoles; PlayStation Consoles","false","true","","","false","false","false","false"
"Best Buy","null","208 Fortune Blvd","Milford","","MA","01757","5086342291","0","","https://www.bestbuy.com/site/services/recycling/pcmcat149900050025.c?id=pcmcat149900050025","42.1624828","-71.5017611","6.65061833668124","","false","false","","","false","false","false","false"
"Town of Medway Recycling Center","","Broad St","Medway","","MA","2053","5085333275","0","","http://www.town.medfield.net","42.1436859","-71.3980734","6.6590650702255","","false","false","","","false","false","false","false"
"Call2Recycle at Lowe's","Call2Recycle at Lowe's","40 Fortune Blvd","Milford","Worcester","MA","01757","5082824016","0","Monday: 6:00 AM - 10:00 PM Tuesday: 6:00 AM - 10:00 PM Wednesday: 6:00 AM - 10:00 PM Thursday: 6:00 AM - 10:00 PM Friday: 6:00 AM - 10:00 PM Saturday: 6:00 AM - 10:00 PM Sunday: 8:00 AM - 8:00 PM ","http://www.lowes.com/","42.16214","-71.5071","6.6825949863499","Cell Phones; Compact Fluorescent Lights; Ni-Cd Batteries; Plastic Shopping Bags; Li-Ion Batteries; Ni-MH Batteries; Ni-Zn Batteries; Small Sealed Lead Acid Batteries; Computer (Recycling); Computer Monitors; Electronics; Laptop Computers; Computer Peripherals; Small Electronics; Small Televisions; Televisions; Video Game Consoles; PlayStation Consoles","false","true","As an environmentally-committed retailer, Lowes offers a recycling center near store entrances to give consumers a free and easy way to properly dispose of rechargeable batteries, cell phones, CFLs and plastic shopping bags; materials that otherwise could be potentially harmful to the environment.  Look for the recycling center or ask a store associate for more details.","","false","false","false","false"
"USPS Post Office Box Lobby Recycling Program","US Post Office","30 Railroad St Ste 3","Manville","Providence","RI","02838","8002758777","0","","https://www.usps.com/","41.97102","-71.4719","6.69587295319812","Catalogs; Greeting Cards; Magazines; Paper (Mixed)","false","true","","","false","false","false","false"
"US Post Office","USPS Discarded Lobby Mail Recycling Program","30 Railroad St Ste 3","Manville","Providence","RI","02838","0","0","","","41.97102","-71.4719","6.69587295319812","Computer (Recycling); Computer Monitors; Electronics; Laptop Computers; Small Televisions; Tablets; Televisions; Video Game Consoles; PlayStation Consoles","false","true","","","false","false","false","false"
"Lowe's","","40 Fortune Blvd","Milford","","MA","1757","5082824016","0","","https://newsroom.lowes.com/responsibility/operational-excellence/","42.1628962","-71.5045119","6.70562576855224","Batteries (Rechargeable); Cell Phone Batteries; Li-Ion Batteries; Ni-Cd Batteries; Ni-MH Batteries; Small Sealed Lead Acid Batteries; Cell Phones","false","true","","Call2Recycle","false","false","false","false"
"Niketown","","1 Premium Outlets Blvd    ","Wrentham","","MA","2093","5083841800","0","","https://www.nike.com/us/en_us/c/better-world/stories/2012/09/reuse-a-shoe","42.0396305","-71.3514538","6.78780270228313","","false","false","","","false","false","false","false"
"The PUMA Store","","1 Premium Outlet Boulevard","Wrentham","","MA","2093","5083840052","0","","https://us.puma.com/en/us/home?locale=en_US&mktID=PL:Brand%252520Marketing:Puma.com-CatchAllPage:United%252520States-en&plinkID=Brand","42.0396305","-71.3514538","6.78780270228313","","false","false","","","false","false","false","false"
"Town of Wrentham Household Hazardous Waste Collection Program","","","Wrentham ","","MA","2093","5083845418","0","","http://wrentham.ma.us","42.0484051","-71.3468091","6.87236421550349","","false","false","","","false","false","false","false"
"Nike Outlet Store","Nike Outlet Store","1 Premium Outlet Blvd","Wrentham","Norfolk","MA","02093","5083841800","0","Monday: 10:00 AM - 9:00 PM Tuesday: 10:00 AM - 9:00 PM Wednesday: 10:00 AM - 9:00 PM Thursday: 10:00 AM - 9:00 PM Friday: 10:00 AM - 9:00 PM Saturday: 10:00 AM - 9:00 PM Sunday: 10:00 AM - 6:00 PM ","","42.05025","-71.34597","6.89089256556253","Clothing; Computer (Recycling); Computer Monitors; Electronics; Laptop Computers; Computer Peripherals; Small Electronics; Small Televisions; Televisions; Video Game Consoles; PlayStation Consoles","false","true","This site is located off of exit 15 from I-495.","","false","false","false","false"
