name,description,address,city,region,province,postal_code,phone,fax,hours,url,latitude,longitude,distance,materials,pickup,dropoff,notes,groups,curbside,municipal,national,event_only
"USPS Post Office Box Lobby Recycling Program","US Post Office","71 Mont Vernon Rd","New Boston","Hillsborough","NH","03070","8002758777","0","","https://www.usps.com/","42.98028","-71.68279","0.146607561598432","Catalogs; Greeting Cards; Magazines; Paper (Mixed)","false","true","","","false","false","false","false"
"US Post Office","USPS Discarded Lobby Mail Recycling Program","71 Mont Vernon Rd","New Boston","Hillsborough","NH","03070","0","0","","","42.98028","-71.68279","0.146607561598432","Video Game Consoles; PlayStation Consoles","false","true","","","false","false","false","false"
"Call2Recycle at New Boston Transfer Station","Call2Recycle at New Boston Transfer Station","7 Meetinghouse Hill Rd","New Boston","Hillsborough","NH","03070","6034875000","0","","http://www.newbostonnh.gov/","42.976","-71.68935","0.323319350261272","Cell Phones; Ni-Cd Batteries; Li-Ion Batteries; Ni-MH Batteries; Ni-Zn Batteries; Small Sealed Lead Acid Batteries; Video Game Consoles; PlayStation Consoles","false","true","The U.S. EPA estimates that more than 350 million rechargeable batteries are purchased annually in the U.S. Thanks to the environmental commitment of this location, its easy and free to recycle your batteries. Bring your rechargeable batteries to this location and look for the recycling box or ask an associate how you can do your part for the environment.","","false","false","false","false"
"Ecosmith Recycling - Scholarship Bin","","11 Byam Road","New Boston","","NH","3070","6036471088","0","","http://ecosmithrecyclers.com/","42.9994834","-71.661345","1.83139684874463","","false","false","","","false","false","false","false"
"Ecosmith Recycling - Milford Share","","Columbus Avenue","Milford","","NH","3055","6036471088","0","","http://ecosmithrecyclers.com/","42.8353135","-71.6572645","10.0850721103443","","false","false","","","false","false","false","false"
"Ecosmith Recycling - Share Office","","Columbus Avenue","Milford","","NH","3055","6036471088","0","","http://ecosmithrecyclers.com/","42.8353135","-71.6572645","10.0850721103443","","false","false","","","false","false","false","false"
"Blue Rhino Exchange - Xtra Mart #7338","Blue Rhino Exchange - Xtra Mart #7338","46 Elm St","Milford","Hillsborough","NH","03055","6036735070","0","","http://www.bluerhino.com","42.83537","-71.65584","10.0917192693363","Propane Tank Exchange; Video Game Consoles; PlayStation Consoles","false","true","","","false","false","false","false"
"City of Manchester Recycling Drop-Off Facility","","500 Dunbarton Rd","Manchester","","NH","3102","6036246444","0","","http://www.manchesternh.gov/Departments/Highway/Trash-and-Recycling/Drop-Off-Facility","43.0153564","-71.4918983","10.0923029970773","Batteries (Rechargeable); Cell Phone Batteries; Li-Ion Batteries; Ni-Cd Batteries; Ni-MH Batteries; Small Sealed Lead Acid Batteries; Cell Phones","false","true","","Call2Recycle","false","false","false","false"
"Wireless Zone","Wireless Zone","207 Union Sq","Milford","Hillsborough","NH","03055","6032493300","0","Monday: 9:00 AM - 7:00 PM Tuesday: 9:00 AM - 7:00 PM Wednesday: 9:00 AM - 7:00 PM Thursday: 9:00 AM - 7:00 PM Friday: 9:00 AM - 7:00 PM Saturday: 9:00 AM - 5:00 PM Sunday: 10:00 AM - 3:00 PM ","http://www.wirelesszone.com","42.8361","-71.64958","10.0942435676885","Cell Phones; Video Game Consoles; PlayStation Consoles","false","true","","","false","false","false","false"
"Call2Recycle at Milford Lumber Company","Call2Recycle at Milford Lumber Company","72 Mont Vernon Rd","Milford","Hillsborough","NH","03055","6036733331","0","","http://www.milfordlumber.com/","42.8361","-71.64951","10.094884099064","Cell Phones; Ni-Cd Batteries; Li-Ion Batteries; Ni-MH Batteries; Ni-Zn Batteries; Small Sealed Lead Acid Batteries; Video Game Consoles; PlayStation Consoles","false","true","The U.S. EPA estimates that more than 350 million rechargeable batteries are purchased annually in the U.S. Thanks to the environmental commitment of this location, its easy and free to recycle your batteries. Bring your rechargeable batteries to this location and look for the recycling box or ask an associate how you can do your part for the environment.","","false","false","false","false"
"AutoZone","AutoZone","222 Elm St","Milford","Hillsborough","NH","03055","6036724253","0","","http://www.autozone.com","42.83529","-71.65","10.1454956399088","Lead Acid (Pb) Batteries; Used Motor Oil; Video Game Consoles; PlayStation Consoles","false","true","Most AutoZone stores accept used motor oil, transmission fluid, gear oil and automotive batteries. Call to see what your local store is currently accepting.","","false","false","false","false"
"Walmart","","17 Colby Ct","Bedford","","NH","3110","6036266733","0","","https://www.walmart.com/","42.9641737","-71.4854058","10.1784368653558","","false","false","","","false","false","false","false"
"Blue Rhino Exchange - Cumberland Farms #5529","Blue Rhino Exchange - Cumberland Farms #5529","142 Nashua St","Milford","Hillsborough","NH","03055","6036737650","0","","http://www.bluerhino.com","42.8352","-71.64648","10.1847488790781","Propane Tank Exchange; Video Game Consoles; PlayStation Consoles","false","true","","","false","false","false","false"
"Drop-Off Facility","Drop-Off Facility","500 Dunbarton Rd","Manchester","Hillsborough","NH","03102","6036246504","0","","http://www.manchesternh.gov/","43.01552","-71.48964","10.2057375857416","Cell Phones; Ni-Cd Batteries; Li-Ion Batteries; Ni-MH Batteries; Ni-Zn Batteries; Small Sealed Lead Acid Batteries; Video Game Consoles; PlayStation Consoles","false","true","The U.S. EPA estimates that more than 350 million rechargeable batteries are purchased annually in the U.S. Thanks to the environmental commitment of this location, its easy and free to recycle your batteries. Bring your rechargeable batteries to this location and look for the recycling box or ask an associate how you can do your part for the environment.","","false","false","false","false"
"City of Manchester Drop-Off Facility","City of Manchester Drop-Off Facility","500 Dunbarton Rd","Manchester","Hillsborough","NH","03102","6036246444","0","Monday: 7:30 AM - 3:00 PM Tuesday: 7:30 AM - 3:00 PM Wednesday: 7:30 AM - 3:00 PM Thursday: 7:30 AM - 3:00 PM Friday: 7:30 AM - 3:00 PM ","http://www.manchesternh.gov/Departments/Highway/Refuse-Recycling-and-Yard-Waste/Drop-Off-Facility","43.01552","-71.48964","10.2057375857416","Plastic #1 (PETE); Plastic #2 (HDPE); Plastic #2 (Color HDPE); Aluminum Cans; Glass (Brown); Lead Acid (Pb) Batteries; Cardboard; Glass (Clear); Computer Monitors; Electronics; Glass (Green); Furniture; Large Household Appliances; Paper (Mixed); Televisions; Tin or Steel Cans; Used Motor Oil; Yard Waste; Stereo Equipment; VCRs; DVD Players/Blu-Ray Players/DVRs","false","true","Fees may apply to some items.  Only cash or checks are accepted. You must show proof of residency or have a business in Manchester.","","false","false","false","false"
"City of Manchester Curbside Recycling","City of Manchester Curbside Recycling","500 Dunbarton Rd","Manchester","Hillsborough","NH","03102","6034136799","0","","http://www.manchesternh.gov/Recycle-Manchester/Single-Stream","43.01552","-71.48964","10.2057375857416","Aluminum Cans; Cardboard; Glass (Blue); Glass (Brown); Glass (Clear); Glass (Green); Magazines; Milk Cartons; Newspapers; Office Paper; Paper (Mixed); Paperboard; Phone books; Plastic #1 (PETE); Plastic #2 (HDPE); Plastic #3 (PVC); Plastic #4 (LDPE); Plastic #5 (Polypropylene); Plastic #7; Tin or Steel Cans","false","false","","","true","false","false","false"
"Got Books Inc. - Milford Regional Counseling Services","Got Books Inc. - Milford Regional Counseling Services","15 Union St","Milford","Hillsborough","NH","03055","9786646555","0","Sunday: 12:00 AM - 11:59 PM Monday: 12:00 AM - 11:59 PM Tuesday: 12:00 AM - 11:59 PM Wednesday: 12:00 AM - 11:59 PM Thursday: 12:00 AM - 11:59 PM Friday: 12:00 AM - 11:59 PM Saturday: 12:00 AM - 11:59 PM ","http://www.gotbooks.com","42.83388","-71.65152","10.2281247690108","Books (Reuse); Book Recycling; CD/DVD/Blu-ray/UHD discs; VHS & Cassette Tapes; Video Game Consoles; PlayStation Consoles","true","true","","","false","false","false","false"
"WorkWaste, LLC","WorkWaste, LLC","779 S Main St","Manchester","Hillsborough","NH","03102","6036259688","6036258799","Monday: 8:00 AM - 5:00 PM Tuesday: 8:00 AM - 5:00 PM Wednesday: 8:00 AM - 5:00 PM Thursday: 8:00 AM - 5:00 PM Friday: 8:00 AM - 5:00 PM ","http://www.workwaste.com/","42.96671","-71.48211","10.3270935245506","Video Game Consoles; PlayStation Consoles","false","true","We serve businesses in New England that generate hazardous/regulated, universal/recycled or non-hazardous wastes, ensuring that waste products are safely removed and recycled.","","false","false","false","false"
"Call2Recycle at RadioShack","Call2Recycle at RadioShack","1 S River Rd","Bedford","Hillsborough","NH","03110","6036691303","0","","http://www.radioshack.com/","42.96532","-71.48115","10.384364440119","Cell Phones; Ni-Cd Batteries; Li-Ion Batteries; Ni-MH Batteries; Ni-Zn Batteries; Small Sealed Lead Acid Batteries; Video Game Consoles; PlayStation Consoles","false","true","As the first national retailer to partner with Call2Recycle, RadioShack is at the forefront of the rechargeable battery recycling cause and is pleased to offer battery recycling at thousands of convenient RadioShack locations for free.  Simply drop them off at your local RadioShack and theyll take care of the rest.  Ask a store associate for more details.","","false","false","false","false"
"RadioShack","RadioShack","1 S River Rd","Bedford","Hillsborough","NH","03110","6036691303","0","Monday: 10:00 AM - 9:00 PM Tuesday: 10:00 AM - 9:00 PM Wednesday: 10:00 AM - 9:00 PM Thursday: 10:00 AM - 9:00 PM Friday: 10:00 AM - 9:00 PM Saturday: 10:00 AM - 9:00 PM Sunday: 11:00 AM - 6:00 PM ","http://www.radioshack.com","42.96532","-71.48115","10.384364440119","Cell Phones; Ni-Cd Batteries; Batteries (Rechargeable); Cell Phone Batteries; Video Game Consoles; PlayStation Consoles","false","true","","","false","false","false","false"
"Kohl's","","81 South River Rd. Rte 3","Bedford","","NH","3110","6036684779","0","","https://corporate.kohls.com/","42.9651856","-71.4811117","10.3872012721583","","false","false","","","false","false","false","false"
"Walmart","Walmart","17 Colby Ct","Bedford","Hillsborough","NH","03110","6036266733","0","","http://www.walmart.com","42.96387","-71.48118","10.3931064876338","Lead Acid (Pb) Batteries; Plastic Shopping Bags; Food Storage Bags; Video Game Consoles; PlayStation Consoles","false","true","","","false","false","false","false"
"Blue Rhino Exchange - Walmart #2246","Blue Rhino Exchange - Walmart #2246","17 Colby Ct","Bedford","Hillsborough","NH","03110","6036266733","0","","http://www.bluerhino.com","42.96387","-71.48118","10.3931064876338","Propane Tank Exchange; Video Game Consoles; PlayStation Consoles","false","true","","","false","false","false","false"
"FedEx Office","FedEx Office","3 Colby Ct","Bedford","Hillsborough","NH","03110","6036442679","0","Monday: 6:00 AM - 10:00 PM Tuesday: 6:00 AM - 10:00 PM Wednesday: 6:00 AM - 10:00 PM Thursday: 6:00 AM - 10:00 PM Friday: 6:00 AM - 10:00 PM Saturday: 10:00 AM - 8:00 PM Sunday: 12:00 PM - 6:00 PM ","http://www.fedex.com/us/office/","42.96387","-71.48118","10.3931064876338","Inkjet Printer Cartridges; Video Game Consoles; PlayStation Consoles","false","true","","","false","false","false","false"
"Town of New Boston Transfer Station & Recycling Center","","412 Old Coach Rd","New Boston","","NH","3070","6034875000","0","","https://www.newbostonnh.gov","42.9604189","-71.7373525","2.93833736908994","","false","false","","","false","false","false","false"
"Ecosmith Recycling - Strong Begginings","","643 North Mast Road","New Boston","","NH","3070","6036471088","0","","http://ecosmithrecyclers.com/","43.0285763","-71.6476356","3.87806462145478","","false","false","","","false","false","false","false"
"Ecosmith Recycling - Langtots","","425 South Stark Highway","Weare","","NH","3281","6036471088","0","","http://ecosmithrecyclers.com/","43.0433713","-71.6824916","4.39504370773652","","false","false","","","false","false","false","false"
"Goffstown Ace Hardware","Goffstown Ace Hardware","24 Main St","Goffstown","Hillsborough","NH","03045","6034972682","0","","http://www.acehardware.com/","43.01824","-71.59982","5.08408395831605","Cell Phones; Ni-Cd Batteries; Li-Ion Batteries; Ni-MH Batteries; Ni-Zn Batteries; Small Sealed Lead Acid Batteries; Video Game Consoles; PlayStation Consoles","false","true","The U.S. EPA estimates that more than 350 million rechargeable batteries are purchased annually in the U.S. Thanks to the environmental commitment of this location, its easy and free to recycle your batteries. Bring your rechargeable batteries to this location and look for the recycling box or ask an associate how you can do your part for the environment.","","false","false","false","false"
"Ecosmith Recycling - CCC","","9 Main Street","Goffstown","","NH","3045","6036471088","0","","http://ecosmithrecyclers.com/","43.0197896","-71.5996772","5.14686314756733","","false","false","","","false","false","false","false"
"Ecosmith Recycling - Mont Vernon Dump","","Weston Hill Road","Mont Vernon","","NH","3057","6036471088","0","","http://ecosmithrecyclers.com/","42.9037517","-71.6651803","5.35479495804988","","false","false","","","false","false","false","false"
"USPS Post Office Box Lobby Recycling Program","US Post Office","4 Grand Hill Rd","Mont Vernon","Hillsborough","NH","03057","8002758777","0","","https://www.usps.com/","42.89648","-71.67055","5.80672287599603","Catalogs; Greeting Cards; Magazines; Paper (Mixed)","false","true","","","false","false","false","false"
"US Post Office","USPS Discarded Lobby Mail Recycling Program","4 Grand Hill Rd","Mont Vernon","Hillsborough","NH","03057","0","0","","","42.89648","-71.67055","5.80672287599603","Video Game Consoles; PlayStation Consoles","false","true","","","false","false","false","false"
"Villa Augustina School","","208 South Mast Road","Goffstown","","NH","3045","9782842500","0","","","43.0129256","-71.5751771","6.03175913460204","","false","false","","","false","false","false","false"
"Francestown Transfer Station","","248 Todd Rd","Francestown","","NH","3043","6035473469","0","","","42.9904614","-71.807028","6.1804486772707","","false","false","","","false","false","false","false"
"USPS Post Office Box Lobby Recycling Program","US Post Office","158 Second New Hampshire Tpke S","Francestown","Hillsborough","NH","03043","8002758777","0","","https://www.usps.com/","42.99132","-71.80902","6.2876117901212","Catalogs; Greeting Cards; Magazines; Paper (Mixed)","false","true","","","false","false","false","false"
"US Post Office","USPS Discarded Lobby Mail Recycling Program","158 Second New Hampshire Tpke S","Francestown","Hillsborough","NH","03043","0","0","","","42.99132","-71.80902","6.2876117901212","Video Game Consoles; PlayStation Consoles","false","true","","","false","false","false","false"
"Blue Rhino Exchange - Shell Food Mart # 8589","Blue Rhino Exchange - Shell Food Mart # 8589","100 Mast Rd","Goffstown","Hillsborough","NH","03045","6034978786","0","","http://www.bluerhino.com","43.01444","-71.57048","6.29100177892848","Propane Tank Exchange; Video Game Consoles; PlayStation Consoles","false","true","","","false","false","false","false"
"Call2Recycle at Town of Francestown","null","27 Main St ","Francestown","Hillsborough County","NH","03043","6035473907","0","Monday: 8:00 AM - 11:59 PM Tuesday: 8:00 AM - 11:59 PM Wednesday: 8:00 AM - 11:59 PM Thursday: 8:00 AM - 11:59 PM Sunday: 6:00 AM - 8:00 PM ","http://www.call2recycle.org/","42.9873758","-71.8124279","6.4308102400743","Cell Phones; Ni-Cd Batteries; Li-Ion Batteries; Ni-MH Batteries; Ni-Zn Batteries; Small Sealed Lead Acid Batteries; Video Game Consoles; PlayStation Consoles","false","true","The U.S. EPA estimates that more than 350 million rechargeable batteries are purchased annually in the U.S. Thanks to the environmental commitment of this location, its easy and free to recycle your rechargeable batteries. Look for the recycling box or ask a staff member how you can do your part for the environment.","","false","false","false","false"
"USPS Post Office Box Lobby Recycling Program","US Post Office","11 Church St Unit 1","Goffstown","Hillsborough","NH","03045","8002758777","0","","https://www.usps.com/","43.01472","-71.56188","6.70186443896507","Catalogs; Greeting Cards; Magazines; Paper (Mixed)","false","true","","","false","false","false","false"
"US Post Office","USPS Discarded Lobby Mail Recycling Program","11 Church St Unit 1","Goffstown","Hillsborough","NH","03045","0","0","","","43.01472","-71.56188","6.70186443896507","Video Game Consoles; PlayStation Consoles","false","true","","","false","false","false","false"
"Got Books Inc. - Goffstown Transfer Station","Got Books Inc. - Goffstown Transfer Station","404 Elm St","Goffstown","Hillsborough","NH","03045","9786646555","0","Tuesday: 7:30 AM - 3:00 PM Wednesday: 7:30 AM - 3:00 PM Thursday: 7:30 AM - 3:00 PM Friday: 7:30 AM - 3:00 PM Saturday: 7:30 AM - 3:00 PM ","http://www.gotbooks.com","43.01733","-71.56212","6.7575496954805","Books (Reuse); Book Recycling; CD/DVD/Blu-ray/UHD discs; VHS & Cassette Tapes; Video Game Consoles; PlayStation Consoles","false","true","","","false","false","false","false"
"Town of Goffstown","Town of Goffstown","404 Elm St","Goffstown","Hillsborough","NH","03045","6034973617","0","","http://www.call2recycle.org/","43.01733","-71.56212","6.7575496954805","Cell Phones; Ni-Cd Batteries; Li-Ion Batteries; Ni-MH Batteries; Ni-Zn Batteries; Small Sealed Lead Acid Batteries; Video Game Consoles; PlayStation Consoles; Batteries (Rechargeable); Cell Phone Batteries; Li-Ion Batteries; Ni-Cd Batteries; Ni-MH Batteries; Small Sealed Lead Acid Batteries; Cell Phones","false","true","The U.S. EPA estimates that more than 350 million rechargeable batteries are purchased annually in the U.S. Thanks to the environmental commitment of this location, its easy and free to recycle your rechargeable batteries. Look for the recycling box or ask a staff member how you can do your part for the environment.","Call2Recycle","false","false","false","false"
"Town of Goffstown - Transfer Station","Town of Goffstown - Transfer Station","404 Elm St","Goffstown","Hillsborough","NH","03045","6034974824","0","Tuesday: 7:30 AM - 3:00 PM Wednesday: 7:30 AM - 3:00 PM Thursday: 7:30 AM - 3:00 PM Friday: 7:30 AM - 3:00 PM Saturday: 7:30 AM - 3:00 PM ","http://www.goffstown.com/solid-waste.html","43.01733","-71.56212","6.7575496954805","Antifreeze; Bikes; Lead Acid (Pb) Batteries; Computer (Recycling); Construction Materials; Electronics; Large Household Appliances; Leaves; Bed Mattresses; Batteries (Rechargeable); Televisions; Used Motor Oil; Used Tires; Textiles; MP3 Players; Air Conditioners; Refrigerators; Video Game Consoles; PlayStation Consoles","false","true","Fees for disposal of: tires, propane tanks, computers, monitors, television sets, oversized bulk waste (OBW), Freon Bearing Appliances (FBA's), mattresses and box springs and construction debris. See website for fee schedule.","","false","false","false","false"
"Ecosmith Recycling - Riddle Brook","","230 New Boston Road","Bedford","","NH","3110","6036471088","0","","http://ecosmithrecyclers.com/","42.9643427","-71.5490271","6.98690568550715","","false","false","","","false","false","false","false"
"Bedford Transfer Station","","77 Chubbuck Rd","Bedford","","NH","3110","9782842500","0","","","42.955918","-71.5488416","7.10879192481161","","false","false","","","false","false","false","false"
"Ecosmith Recycling - Bedford Dump 1","","77 Chubbuck Rd","Bedford","","NH","3110","6036471088","0","","http://ecosmithrecyclers.com/","42.955918","-71.5488416","7.10879192481161","","false","false","","","false","false","false","false"
"Town of Bedford Transfer Station","","77 Chubbuck Rd","Bedford","","NH","3110","6034724563","0","","https://www.bedfordnh.org/","42.955918","-71.5488416","7.10879192481161","","false","false","","","false","false","false","false"
"Goffstown Transfer Station","","404 Elm St","Goffstown","","NH","3045","9782842500","0","","","43.0188181","-71.5549621","7.1310655308824","","false","false","","","false","false","false","false"
"Town of Goffstown Transfer Station","","404 Elm St","Goffstown","","NH","3045","6034974824","0","","https://goffstown.com/dept/pw/public-works-solid-waste-and-recycling/131-hours-of-operation","43.0188181","-71.5549621","7.1310655308824","","false","false","","","false","false","false","false"
"USPS Post Office Box Lobby Recycling Program","US Post Office","36 Forest Rd","Lyndeborough","Hillsborough","NH","03082","8002758777","0","","https://www.usps.com/","42.89734","-71.77203","7.18060893942815","Catalogs; Greeting Cards; Magazines; Paper (Mixed)","false","true","","","false","false","false","false"
"US Post Office","USPS Discarded Lobby Mail Recycling Program","36 Forest Rd","Lyndeborough","Hillsborough","NH","03082","0","0","","","42.89734","-71.77203","7.18060893942815","Video Game Consoles; PlayStation Consoles","false","true","","","false","false","false","false"
"Amherst Transfer Station","","260 Rte 101","Amherst","","NH","3031","6036735469","0","","https://www.amherstnh.gov/public-works/transfer-station","42.890624","-71.6096761","7.26042671286161","","false","false","","","false","false","false","false"
"Ecosmith Recycling - Amherst Dump 1","","260 Route 101","Amherst","","NH","3031","6036471088","0","","http://ecosmithrecyclers.com/","42.890624","-71.6096761","7.26042671286161","","false","false","","","false","false","false","false"
"Goffstown Christian Fellowship","","61 Henry Bridge Road","Goffstown","","NH","3045","9782842500","0","","","43.0147663","-71.5493958","7.29500465070214","","false","false","","","false","false","false","false"
"Town of Goffstown Household Hazardous Waste Collection Program","","","Goffstown","","NH","3045","6034974824","0","","https://www.goffstown.com","43.0209998","-71.5486562","7.48294908239214","","false","false","","","false","false","false","false"
"USPS Post Office Box Lobby Recycling Program","US Post Office","199 State Route 101 Unit 4D","Amherst","Hillsborough","NH","03031","8002758777","0","","https://www.usps.com/","42.89429","-71.59183","7.57662961605817","Catalogs; Greeting Cards; Magazines; Paper (Mixed)","false","true","","","false","false","false","false"
"US Post Office","USPS Discarded Lobby Mail Recycling Program","199 State Route 101 Unit 4D","Amherst","Hillsborough","NH","03031","0","0","","","42.89429","-71.59183","7.57662961605817","Video Game Consoles; PlayStation Consoles","false","true","","","false","false","false","false"
"911 Cell Phone Bank - Hinckley Police Department","911 Cell Phone Bank - Hinckley Police Department","329 Mast Rd","Goffstown","Hillsborough","NH","03045","8662907864","0","","http://www.911cellphonebank.org/","43.00994","-71.54076","7.61047127705466","Cell Phones; Cameras; Laptop Computers; MP3 Players; Video Games; Video Game Consoles; Smart watches & Apple Watch®
","false","true","Please call to verify drop-off procedures and directions to the location.  For prepaid shipping labels, visit http://www.911cellphonebank.org/drop-off-locations.asp - click on "print shipping label."","","false","false","false","false"
"Ecosmith Recycling - Animal Rescue League","","545 Route 101","Bedford","","NH","3110","6036471088","0","","http://ecosmithrecyclers.com/","42.9089063","-71.5672952","7.73295855497724","","false","false","","","false","false","false","false"
"USPS Post Office Box Lobby Recycling Program","US Post Office","8 Duck Pond Rd","Weare","Hillsborough","NH","03281","8002758777","0","","https://www.usps.com/","43.08931","-71.7291","7.87836446530441","Catalogs; Greeting Cards; Magazines; Paper (Mixed)","false","true","","","false","false","false","false"
"US Post Office","USPS Discarded Lobby Mail Recycling Program","8 Duck Pond Rd","Weare","Hillsborough","NH","03281","0","0","","","43.08931","-71.7291","7.87836446530441","Video Game Consoles; PlayStation Consoles","false","true","","","false","false","false","false"
"The Black Forest Cafe and Bakery","","212 Route 101","Amherst","","NH","3031","6036720500","0","","http://www.theblackforestcafe.com/","42.8741415","-71.6129171","8.17397678650559","","false","false","","","false","false","false","false"
"Sugar & Spice Preschool","","8 High St","Weare","","NH","3281","9782842500","0","","","43.0942633","-71.7302268","8.22296191472411","","false","false","","","false","false","false","false"
"Aurum Recovery Group","","10 Lamy Drive ","Goffstown","","NH","3045","6039358330","0","","","42.9960452","-71.521855","8.35205906229466","","false","false","","","false","false","false","false"
"Electronics, Equipment & Metal Recycling","","10 Lamy Drive","Goffstown","","NH","3045","6039358330","0","","http://www.aurumrecovery.com/","42.9960452","-71.521855","8.35205906229466","","false","false","","","false","false","false","false"
"Ecosmith Recycling - Harvest Market","","209 Route 101","Bedford","","NH","3110","6036471088","0","","http://ecosmithrecyclers.com/","42.9389547","-71.5259356","8.55275802530928","","false","false","","","false","false","false","false"
"Ecosmith Recycling - Beford Hannaford","","4 Jenkins Road","Bedford","","NH","3110","6036471088","0","","http://ecosmithrecyclers.com/","42.9220565","-71.5357659","8.56379730272958","","false","false","","","false","false","false","false"
"Ecosmith Recycling - Boys & Girls Club - Bedford","","Hannafords","Bedford","","NH","3110","6036471088","0","","http://ecosmithrecyclers.com/","42.9220548","-71.5357543","8.56437117993474","","false","false","","","false","false","false","false"
"Walgreens","Walgreens","258 Wallace Rd","Bedford","Hillsborough","NH","03110","6034725847","0","","http://www.walgreens.com","42.93698","-71.52609","8.59152915589618","Cell Phones; Inkjet Printer Cartridges; Video Game Consoles; PlayStation Consoles","false","true","","","false","false","false","false"
"Shaw's Supermarket","","553 S Mast Rd","Goffstown","","NH","3045","9782842500","0","","","43.001227","-71.516744","8.66169517587712","","false","false","","","false","false","false","false"
"Ecosmith Recycling - Pinardville Shaws 1","","553 S Mast Rd","Goffstown","","NH","3045","6036471088","0","","http://ecosmithrecyclers.com/","43.001227","-71.516744","8.66169517587712","","false","false","","","false","false","false","false"
"Shaws","","553 Mast Road","Goffstown","","NH","3045","6036685620","0","","","43.0007001","-71.5162905","8.67818172559203","","false","false","","","false","false","false","false"
"Shaw's","Shaw's","553 Mast Rd","Goffstown","Hillsborough","NH","03045","6036685620","0","","","42.99958","-71.51604","8.67821883681006","Plastic Shopping Bags; Food Storage Bags; Video Game Consoles; PlayStation Consoles","false","true","","","false","false","false","false"
"RadioShack","RadioShack","553 Mast Rd","Goffstown","Hillsborough","NH","03045","6036692264","0","Monday: 10:00 AM - 9:00 PM Tuesday: 10:00 AM - 9:00 PM Wednesday: 10:00 AM - 9:00 PM Thursday: 10:00 AM - 9:00 PM Friday: 10:00 AM - 9:00 PM Saturday: 10:00 AM - 9:00 PM Sunday: 11:00 AM - 6:00 PM ","http://www.radioshack.com","42.99958","-71.51604","8.67821883681006","Ni-Cd Batteries; Batteries (Rechargeable); Video Game Consoles; PlayStation Consoles","false","true","","","false","false","false","false"
"Call2Recycle at RadioShack","Call2Recycle at RadioShack","553 Mast Rd","Goffstown","Hillsborough","NH","03045","6036692264","0","","http://www.radioshack.com/","42.99958","-71.51604","8.67821883681006","Cell Phones; Ni-Cd Batteries; Li-Ion Batteries; Ni-MH Batteries; Ni-Zn Batteries; Small Sealed Lead Acid Batteries; Video Game Consoles; PlayStation Consoles","false","true","As the first national retailer to partner with Call2Recycle, RadioShack is at the forefront of the rechargeable battery recycling cause and is pleased to offer battery recycling at thousands of convenient RadioShack locations for free.  Simply drop them off at your local RadioShack and theyll take care of the rest.  Ask a store associate for more details.","","false","false","false","false"
"Advance Auto Parts","Advance Auto Parts","553 Mast Rd","Goffstown","Hillsborough","NH","03045","6036226046","0","Monday: 7:00 AM - 9:00 PM Tuesday: 7:00 AM - 9:00 PM Wednesday: 7:00 AM - 9:00 PM Thursday: 7:00 AM - 9:00 PM Friday: 7:00 AM - 9:00 PM Saturday: 7:00 AM - 9:00 PM Sunday: 10:00 AM - 8:00 PM ","http://www.advanceautoparts.com","42.99958","-71.51604","8.67821883681006","Lead Acid (Pb) Batteries; Used Motor Oil; Video Game Consoles; PlayStation Consoles","false","true","","","false","false","false","false"
"Ecosmith Recycling - Goffstown Dump","","Goffstown Back Road","Goffstown","","NH","3045","6036471088","0","","http://ecosmithrecyclers.com/","43.0196929","-71.5222469","8.70289211211389","","false","false","","","false","false","false","false"
"AA Metal Recycling","AA Metal Recycling","Pershing St","Manchester","","NH","03102","6033188422","0","Monday: 8:00 AM - 3:00 PM Tuesday: 8:00 AM - 3:00 PM Wednesday: 8:00 AM - 3:00 PM Thursday: 8:00 AM - 3:00 PM Friday: 8:00 AM - 3:00 PM ","http://www.AAMetalRecycling.com","42.9967606","-71.5148533","8.70930171571462","Automobile Parts; Computer (Recycling); Ferrous Metals (Steel or Iron); Large Household Appliances; Non-ferrous (Copper/Brass/Tin); Memory (RAM), Flash Card/Drive; Video Game Consoles; PlayStation Consoles","true","true","We are a mobile service only, providing on site scrap metal removal and metal recycling services.

We're a fully insured, registered LLC in New Hampshire and are EPA certified for projects and removals which involve freon containing appliances and vehicles.","","false","false","false","false"
"Ecosmith Recycling - Pinardville Hannafords 1","","605 Mast Road","Manchester","","NH","3102","6036471088","0","","http://ecosmithrecyclers.com/","42.9981369","-71.5119315","8.86863228187478","","false","false","","","false","false","false","false"
"Ecosmith Recycling - Learn As We Play","","276 Goffstown Back Road","Goffstown","","NH","3045","6036471088","0","","http://ecosmithrecyclers.com/","43.0153585","-71.5156105","8.9349395410182","","false","false","","","false","false","false","false"
"Town of Bedford Household Hazardous Waste Collection Program","","","Bedford","","NH","3110","6034723070","0","","https://www.bedfordnh.org/","42.9463291","-71.5132008","9.01868913035004","","false","false","","","false","false","false","false"
"Ecosmith Recycling - Memorial","","55 Old Bedford Road","Bedford","","NH","3110","6036471088","0","","http://ecosmithrecyclers.com/","42.9652452","-71.506135","9.12858722745196","","false","false","","","false","false","false","false"
"Dunbarton Transfer Station","Dunbarton Transfer Station","1011 School St","Dunbarton","Merrimack","NH","03046","6037747090","0","","http://dunbartonnh.org/","43.10225","-71.6159","9.16331822010822","Cell Phones; Ni-Cd Batteries; Li-Ion Batteries; Ni-MH Batteries; Ni-Zn Batteries; Small Sealed Lead Acid Batteries; Video Game Consoles; PlayStation Consoles; Batteries (Rechargeable); Cell Phone Batteries; Li-Ion Batteries; Ni-Cd Batteries; Ni-MH Batteries; Small Sealed Lead Acid Batteries; Cell Phones","false","true","The U.S. EPA estimates that more than 350 million rechargeable batteries are purchased annually in the U.S. Thanks to the environmental commitment of this location, its easy and free to recycle your rechargeable batteries. Look for the recycling box or ask a staff member how you can do your part for the environment.","Call2Recycle","false","false","false","false"
"Ecosmith Recycling - Dunbarton Elementary Shool","","20 Robert Rogers Road","Dunbarton","","NH","3046","6036471088","0","","http://ecosmithrecyclers.com/","43.1019343","-71.6135639","9.18925041346167","","false","false","","","false","false","false","false"
"Town of Merrimack, NH Landfill","Town of Merrimack, NH Landfill","1 Fearon Rd ","Merrimack","Hillsborough County","NH","03054","6034242604","0","","null","42.8995202","-71.5402119","9.21136175893908","Batteries (Rechargeable); Cell Phone Batteries; Cell Phones; Li-Ion Batteries; Ni-Cd Batteries; Ni-MH Batteries; Small Sealed Lead Acid Batteries","false","true","Call or Check Online for Hours","Call2Recycle","false","false","false","false"
"Town of Merrimack Transfer Station & Recycling Facility","","Lawrence Rd & Fearon Rd","Merrimack","","NH","3054","6034242604","0","","https://www.merrimacknh.gov","42.8997626","-71.5397708","9.21911740901568","","false","false","","","false","false","false","false"
"Ecosmith Recycling - Bedford Highschool","","476 Nashua Road","Bedford","","NH","3110","6036471088","0","","http://ecosmithrecyclers.com/","42.9296794","-71.5141259","9.33740840399003","","false","false","","","false","false","false","false"
"Greenfield Transfer Station & Recycling Facility","","29 D P w Rd","Greenfield","","NH","3047","6035478617","0","","","42.9514721","-71.8689917","9.47538089139954","","false","false","","","false","false","false","false"
"Ecosmith Recycling - Milford Dump","","76 North River Road","Milford","","NH","3055","6036471088","0","","http://ecosmithrecyclers.com/","42.8428975","-71.6644193","9.51914082130972","","false","false","","","false","false","false","false"
"USPS Post Office Box Lobby Recycling Program","US Post Office","75 Slip Rd","Greenfield","Hillsborough","NH","03047","8002758777","0","","https://www.usps.com/","42.94447","-71.86989","9.63143407644378","Catalogs; Greeting Cards; Magazines; Paper (Mixed)","false","true","","","false","false","false","false"
"US Post Office","USPS Discarded Lobby Mail Recycling Program","75 Slip Rd","Greenfield","Hillsborough","NH","03047","0","0","","","42.94447","-71.86989","9.63143407644378","Video Game Consoles; PlayStation Consoles","false","true","","","false","false","false","false"
"Ecosmith Recycling - Weare Dump","","224 Merrill Road","Weare","","NH","3281","6036471088","0","","http://ecosmithrecyclers.com/","43.1178354","-71.714611","9.64864565562612","","false","false","","","false","false","false","false"
"Call2Recycle at Weare Transfer Station","Call2Recycle at Weare Transfer Station","224 Merrill Rd ","Weare","Hillsborough County","NH","03281","6035291650","0","","http://www.weare.nh.gov/transfer-station","43.1179069","-71.7143421","9.65147872102224","Cell Phones; Ni-Cd Batteries; Li-Ion Batteries; Ni-MH Batteries; Ni-Zn Batteries; Small Sealed Lead Acid Batteries; Video Game Consoles; PlayStation Consoles; Batteries (Rechargeable); Cell Phone Batteries; Li-Ion Batteries; Ni-Cd Batteries; Ni-MH Batteries; Small Sealed Lead Acid Batteries; Cell Phones","false","true","The U.S. EPA estimates that more than 350 million rechargeable batteries are purchased annually in the U.S. Thanks to the environmental commitment of this location, its easy and free to recycle your batteries. Bring your rechargeable batteries to this location and look for the recycling box or ask an associate how you can do your part for the environment.","Call2Recycle","false","false","false","false"
"Ecosmith Recycling - Mckelvie","","108 Liberty Hill Road","Bedford","","NH","3110","6036471088","0","","http://ecosmithrecyclers.com/","42.9368578","-71.5032135","9.68828981699782","","false","false","","","false","false","false","false"
"Weare Transfer Station & Recycling Center","","225 Merrill Rd","Weare","","NH","3281","6035291650","0","","https://www.weare.nh.gov","43.1186005","-71.7137687","9.6945697557905","","false","false","","","false","false","false","false"
"Ecosmith Recycling - Meat Shoppe Milford","","71 Mont Vernon Street","Milford","","NH","3055","6036471088","0","","http://ecosmithrecyclers.com/","42.8395359","-71.6542557","9.81984632095936","","false","false","","","false","false","false","false"
"USPS Post Office Box Lobby Recycling Program","US Post Office","79 Main St","Wilton","Hillsborough","NH","03086","8002758777","0","","https://www.usps.com/","42.84271","-71.73706","9.82271330664396","Catalogs; Greeting Cards; Magazines; Paper (Mixed)","false","true","","","false","false","false","false"
"US Post Office","USPS Discarded Lobby Mail Recycling Program","79 Main St","Wilton","Hillsborough","NH","03086","0","0","","","42.84271","-71.73706","9.82271330664396","Video Game Consoles; PlayStation Consoles","false","true","","","false","false","false","false"
"Town of Wilton, NH","Town of Wilton, NH","42 Main St","WILTON","Hillsborough ","NH","03086","6036543299","0","","","42.84239545","-71.7358842855995","9.8281058261993","Batteries (Rechargeable); Cell Phone Batteries; Cell Phones; Li-Ion Batteries; Ni-Cd Batteries; Ni-MH Batteries; Small Sealed Lead Acid Batteries","false","true","Call or Check Online for Hours","Call2Recycle","false","false","false","false"
"Advance Auto Parts","Advance Auto Parts","162 Elm St","Milford","Hillsborough","NH","03055","6036737020","0","Monday: 7:00 AM - 9:00 PM Tuesday: 7:00 AM - 9:00 PM Wednesday: 7:00 AM - 9:00 PM Thursday: 7:00 AM - 9:00 PM Friday: 7:00 AM - 9:00 PM Saturday: 7:00 AM - 9:00 PM Sunday: 10:00 AM - 8:00 PM ","http://www.advanceautoparts.com","42.83742","-71.66544","9.88980301012193","Lead Acid (Pb) Batteries; Used Motor Oil; Video Game Consoles; PlayStation Consoles","false","true","","","false","false","false","false"
