name,description,address,city,region,province,postal_code,phone,fax,hours,url,latitude,longitude,distance,materials,pickup,dropoff,notes,groups,curbside,municipal,national,event_only
"Allamakee County Recycling Drop-off Site","","869 Highway 9","Waukon","","IA","52172","5635684806","0","","http://www.co.allamakee.ia.us","43.3146894","-91.4532765","13.3307667405925","","false","false","","","false","false","false","false"
"Allamakee County Household Hazardous Waste Drop-off Program","","869 Highway 9","Waukon","","IA","52172","5635684806","0","","http://www.co.allamakee.ia.us","43.3146894","-91.4532765","13.3307667405925","","false","false","","","false","false","false","false"
"Winneshiek County Recycling Drop-off Site - Hesper","","1890 County Road A-14","Decorah","","IA","52101","5633826514","0","","https://www.winneshiekcounty.org/departments/recycling","43.486716","-91.7716446","15.5080660966368","","false","false","","","false","false","false","false"
"Winneshiek County Recycling","Winneshiek County Recycling","1890 County Road A14","DECORAH","WINNESHIEK","IA","52101","5633826514","0","Sunday: 12:00 AM - 11:59 PM Monday: 12:00 AM - 11:59 PM Tuesday: 12:00 AM - 11:59 PM Wednesday: 12:00 AM - 11:59 PM Thursday: 12:00 AM - 11:59 PM Friday: 12:00 AM - 11:59 PM Saturday: 12:00 AM - 11:59 PM ","http://www.winneshiekcounty.org/","43.4863682","-91.7732973","15.5928184541386","Plastic #1 (PETE); Plastic #2 (HDPE); Aluminum Cans; Books (Reuse); Glass (Brown); Cardboard; Catalogs; Chipboard; Glass (Clear); Clothing; Computer Paper; Ferrous Metals (Steel or Iron); Gift Bags; Gift Boxes; Glass (Green); Greeting Cards; Household Goods; Magazines; Clothes Hangers (Metal); Paper (Mixed); Newspapers; Non-ferrous (Copper/Brass/Tin); Ornaments; Paperboard; Tin or Steel Cans; Video Game Consoles; PlayStation Consoles","false","true","","","false","false","false","false"
"Clark Tire Center","","878 Allamakee Street","Waukon","","IA","52172","5635682707","0","","","43.2788228","-91.4760078","15.811209036423","","false","false","","","false","false","false","false"
"Clark Tire Center","Clark Tire Center","878 Allamakee St","Waukon","Allamakee","IA","52172","5635682707","0","Monday: 8:00 AM - 5:00 PM Tuesday: 8:00 AM - 5:00 PM Wednesday: 8:00 AM - 5:00 PM Thursday: 8:00 AM - 5:00 PM Friday: 8:00 AM - 5:00 PM Saturday: 8:00 AM - 12:00 PM ","","43.2779","-91.47557","15.8740646190078","Antifreeze; Lead Acid (Pb) Batteries; Used Motor Oil; Video Game Consoles; PlayStation Consoles","false","true","","","false","false","false","false"
"USPS Post Office Box Lobby Recycling Program","US Post Office","383 Main St","Lansing","Allamakee","IA","52151","8002758777","0","","https://www.usps.com/","43.36171","-91.21781","15.9198772441356","Catalogs; Greeting Cards; Magazines; Paper (Mixed)","false","true","","","false","false","false","false"
"McMillan Oil Company","","24 First Street Northwest","Waukon","","IA","52172","5635686034","0","","","43.2698881","-91.4779637","16.4320773399446","","false","false","","","false","false","false","false"
"McMillan Oil Company","McMillan Oil Company","24 1st St NW","Waukon","Allamakee","IA","52172","5635686034","0","Monday: 7:00 AM - 5:30 PM Tuesday: 7:00 AM - 5:30 PM Wednesday: 7:00 AM - 5:30 PM Thursday: 7:00 AM - 5:30 PM Friday: 7:00 AM - 5:30 PM Saturday: 7:00 AM - 5:00 PM ","","43.26945","-91.47774","16.4618263546903","Antifreeze; Used Motor Oil; Oil Filters; Video Game Consoles; PlayStation Consoles","false","true","","","false","false","false","false"
"Cunningham Hardware","Cunningham Hardware","43 W Main St","Waukon","Allamakee","IA","52172","3195684553","0","","http://www.doitbest.com/","43.26934","-91.47673","16.4673026072531","Cell Phones; Ni-Cd Batteries; Li-Ion Batteries; Ni-MH Batteries; Ni-Zn Batteries; Small Sealed Lead Acid Batteries; Video Game Consoles; PlayStation Consoles","false","true","The U.S. EPA estimates that more than 350 million rechargeable batteries are purchased annually in the U.S. Thanks to the environmental commitment of this location, its easy and free to recycle your batteries. Bring your rechargeable batteries to this location and look for the recycling box or ask an associate how you can do your part for the environment.","","false","false","false","false"
"Jim's Full Service","","102 Rossville Road","Waukon","","IA","52172","5635684852","0","","","43.2683146","-91.4754599","16.5356607924446","","false","false","","","false","false","false","false"
"Jim's Full Service","Jim's Full Service","102 Rossville Rd","Waukon","Allamakee","IA","52172","5635684852","0","Monday: 6:00 AM - 6:00 PM Tuesday: 6:00 AM - 6:00 PM Wednesday: 6:00 AM - 6:00 PM Thursday: 6:00 AM - 6:00 PM Friday: 6:00 AM - 6:00 PM Saturday: 7:00 AM - 1:00 PM ","","43.26804","-91.47541","16.5545301996934","Antifreeze; Lead Acid (Pb) Batteries; Used Motor Oil; Oil Filters; Video Game Consoles; PlayStation Consoles","false","true","","","false","false","false","false"
"Houston County Environmental Services - Hokah Drop-off Site","Houston County Environmental Services - Hokah Drop-off Site","5650 MN-16 ","Hokah","Houston County","MN","55941","5077255800","0","","http://co.houston.mn.us","43.7614304","-91.3661306","18.208201931849","Electronics; MP3 Players; Computer (Recycling); Computer Monitors; DVD Players/Blu-Ray Players/DVRs; Laptop Computers; Computer Peripherals; Printers/Scanners/Fax Machines; Small Electronics; Small Televisions; Tablets; Televisions; VCRs; Video Game Consoles; PlayStation Consoles","false","true","","","false","false","false","false"
"Houston County Recycling Drop-Off Site - Hokah","","5650 State 16","Hokah","","MN","55941","5077255800","0","","","43.76155","-91.3658456","18.2199787859125","","false","false","","","false","false","false","false"
"Houston County Environmental Services - Houston County Recycling Center","Houston County Environmental Services - Houston County Recycling Center","105 S Grant St ","Houston","Houston County","MN","55943","5077255800","0","","http://co.houston.mn.us","43.7630735","-91.5689086","18.4272787696855","Electronics; MP3 Players; Computer (Recycling); Computer Monitors; DVD Players/Blu-Ray Players/DVRs; Laptop Computers; Computer Peripherals; Printers/Scanners/Fax Machines; Small Electronics; Small Televisions; Tablets; Televisions; VCRs; Video Game Consoles; PlayStation Consoles","false","true","","","false","false","false","false"
"Houston County Recycling Center","Houston County Recycling Center","105 N Grant St ","Houston","Houston County","MN","55943","5078962535","0","Monday: 7:30 AM - 4:00 PM Tuesday: 7:30 AM - 4:00 PM Wednesday: 7:30 AM - 4:00 PM Thursday: 7:30 AM - 4:00 PM Friday: 7:30 AM - 4:00 PM ","http://co.houston.mn.us/Environmental_Services.aspx","43.7644347","-91.568917","18.5175202852399","Gift Boxes; Greeting Cards; MP3 Players; Plastic #1 (PETE); Plastic #2 (HDPE); Plastic #2 (Color HDPE); Aluminum Cans; Glass (Blue); Book Recycling; Glass (Brown); Brown Paper Bags; Lead Acid (Pb) Batteries; Cardboard; Catalogs; Glass (Clear); Computer Paper; Drink Boxes; Electronics; Glass (Green); Large Household Appliances; Magazines; Milk Cartons; Paper (Mixed); Newspapers; Paperboard; Phone books; Tin or Steel Cans; Used Tires; Office Paper; Computer (Recycling); Computer Monitors; DVD Players/Blu-Ray Players/DVRs; Laptop Computers; Computer Peripherals; Printers/Scanners/Fax Machines; Small Electronics; Small Televisions; Tablets; Televisions; VCRs; Video Game Consoles; PlayStation Consoles","false","true","","","false","false","false","false"
"Houston County Environmental Services - Houston Drop-off Site","Houston County Environmental Services - Houston Drop-off Site","5154 County Rd 9 ","Houston","Houston County","MN","55943","5077255800","0","","http://co.houston.mn.us","43.7734541","-91.5620435","19.0237747381551","Electronics; MP3 Players; Computer (Recycling); Computer Monitors; DVD Players/Blu-Ray Players/DVRs; Laptop Computers; Computer Peripherals; Printers/Scanners/Fax Machines; Small Electronics; Small Televisions; Tablets; Televisions; VCRs; Video Game Consoles; PlayStation Consoles","false","true","","","false","false","false","false"
"Winneshiek County Recycling Drop-off Site","","2510 172nd Ave","Decorah","","IA","52101","5633826514","0","","https://www.facebook.com/pages/Winneshiek-County-Recycling/118974461603","43.3002186","-91.7390531","19.9080282703616","","false","false","","","false","false","false","false"
"La Cross County Household Hazardous Waste Drop-off Program","","2510 172nd Ave","Decorah","","IA","52101","5633826514","0","","https://www.allamakee.us/waste-management2","43.3002186","-91.7390531","19.9080282703616","","false","false","","","false","false","false","false"
"Winneshiek County Recycling","Winneshiek County Recycling","2510 172nd Ave","Decorah","Winneshiek","IA","52101","5633826514","5633826515","Monday: 6:00 AM - 3:00 PM Tuesday: 6:00 AM - 3:00 PM Wednesday: 6:00 AM - 3:00 PM Thursday: 6:00 AM - 3:00 PM Friday: 6:00 AM - 3:00 PM ","http://www.winneshiekcounty.org/site/recycling.html","43.30075","-91.74009","19.9178309800538","Plastic #1 (PETE); Plastic #2 (HDPE); Plastic #2 (Color HDPE); Plastic #3 (PVC); Plastic #4 (LDPE); Plastic #5 (Polypropylene); Plastic #6 (Polystyrene); Plastic #7; Aluminum Cans; Bikes; Brown Paper Bags; Cardboard; Glass (Clear); Magazines; Paper (Mixed); Newspapers; Non-ferrous (Copper/Brass/Tin); Tin or Steel Cans; Unused Paper; Video Game Consoles; PlayStation Consoles; Batteries (Rechargeable); Cell Phone Batteries; Li-Ion Batteries; Ni-Cd Batteries; Ni-MH Batteries; Small Sealed Lead Acid Batteries; Cell Phones","false","true","","Call2Recycle","false","false","false","false"
"Walmart Supercenter","","1798 Old Stage Rd","Decorah","","IA","52101","5633828737","0","","https://www.walmart.com/","43.2916201","-91.7535775","20.8428358056488","","false","false","","","false","false","false","false"
"Walmart Tire and Lube Express","","1798 Old Stage Rd","Decorah","","IA","52101","5633828737","0","","https://www.walmart.com/cp/ideas/8932632","43.2916201","-91.7535775","20.8428358056488","","false","false","","","false","false","false","false"
"Walmart","Walmart","1798 Old Stage Rd","Decorah","Winneshiek","IA","52101","5633828737","0","","http://www.walmart.com","43.29131","-91.75431","20.8838817691779","Lead Acid (Pb) Batteries; Plastic Shopping Bags; Food Storage Bags; Video Game Consoles; PlayStation Consoles","false","true","","","false","false","false","false"
"Walmart Tire & Lube Express","Walmart Tire & Lube Express","1798 Old Stage Rd","Decorah","Winneshiek","IA","52101","5633828737","0","","http://www.walmart.com/catalog/catalog.gsp?cat=495843","43.29131","-91.75431","20.8838817691779","Lead Acid (Pb) Batteries; Used Motor Oil; Oil Filters; Video Game Consoles; PlayStation Consoles","false","true","","","false","false","false","false"
"Winneshiek County Sanitary Landfill","Winneshiek County Sanitary Landfill","2000 140th Ave","Decorah","Winneshiek","IA","52101","5633824073","0","Monday: 8:00 AM - 4:00 PM Tuesday: 8:00 AM - 4:00 PM Wednesday: 8:00 AM - 4:00 PM Thursday: 8:00 AM - 4:00 PM Friday: 8:00 AM - 4:00 PM Saturday: 8:00 AM - 11:59 PM ","http://www.winneshiekcounty.org/landfill.html","43.23979","-91.66396","21.056853341836","Computer Monitors; Electronics; Large Household Appliances; Televisions; MP3 Players; Video Game Consoles; PlayStation Consoles","false","true","This facility does have fees please see website for details.","","false","false","false","false"
"Decorah Tire Service Inc.","Decorah Tire Service Inc.","416 Montgomery St","Decorah","Winneshiek","IA","52101","5633823687","0","Monday: 7:00 AM - 5:00 PM Tuesday: 7:00 AM - 5:00 PM Wednesday: 7:00 AM - 5:00 PM Thursday: 7:00 AM - 5:00 PM Friday: 7:00 AM - 5:00 PM Saturday: 7:00 AM - 12:00 PM ","","43.30027","-91.77436","21.1751439597393","Antifreeze; Lead Acid (Pb) Batteries; Used Motor Oil; Video Game Consoles; PlayStation Consoles","false","true","","","false","false","false","false"
"NAPA Auto Parts","NAPA Auto Parts","414 Montgomery St","Decorah","Winneshiek","IA","52101","5633823607","0","","","43.30027","-91.77436","21.1751439597393","Used Motor Oil; Video Game Consoles; PlayStation Consoles","false","true","","","false","false","false","false"
"NAPA Auto Parts","","414 Montgomery Street","Decorah","","IA","52101","5633823607","0","","","43.3005386","-91.7748404","21.1803593206671","","false","false","","","false","false","false","false"
"USPS Post Office Box Lobby Recycling Program","US Post Office","158 Main St","Ferryville","Vernon","WI","54628","8002758777","0","","https://www.usps.com/","43.34979","-91.10058","21.2223368202684","Catalogs; Greeting Cards; Magazines; Paper (Mixed)","false","true","","","false","false","false","false"
"JCPenney","","101 W Water St","Decorah","","IA","52101","5633823441","0","","https://www.jcpenney.com/","43.3039849","-91.7861798","21.4464955708332","","false","false","","","false","false","false","false"
"JCPenney","","101 W Water St","Decorah","","IA","52101","5633823441","0","","https://www.jcpenney.com/","43.3039849","-91.7861798","21.4464955708332","","false","false","","","false","false","false","false"
"Winneshiek County Recycling","Winneshiek County Recycling","380 Heivly Street","DECORAH","WINNESHIEK","IA","52101","5633826514","0","Sunday: 12:00 AM - 11:59 PM Monday: 12:00 AM - 11:59 PM Tuesday: 12:00 AM - 11:59 PM Wednesday: 12:00 AM - 11:59 PM Thursday: 12:00 AM - 11:59 PM Friday: 12:00 AM - 11:59 PM Saturday: 12:00 AM - 11:59 PM ","http://www.winneshiekcounty.org/","43.3050986","-91.788314","21.4772100146102","Plastic #1 (PETE); Plastic #2 (HDPE); Aluminum Cans; Books (Reuse); Glass (Brown); Cardboard; Catalogs; Chipboard; Glass (Clear); Clothing; Computer Paper; Ferrous Metals (Steel or Iron); Gift Bags; Gift Boxes; Glass (Green); Greeting Cards; Household Goods; Magazines; Clothes Hangers (Metal); Paper (Mixed); Newspapers; Non-ferrous (Copper/Brass/Tin); Ornaments; Paperboard; Tin or Steel Cans; Video Game Consoles; PlayStation Consoles","false","true","This site is located across from the post office.","","false","false","false","false"
"Winneshiek County Recycling Drop-off Site - Decorah","","Municipal Parking Lot","Decorah","","IA","52101","5633826514","0","","https://www.winneshiekcounty.org/departments/recycling","43.3059391","-91.7897536","21.4943533111492","","false","false","","","false","false","false","false"
"Call2Recycle at Sims TV & Electronics/Radio Shack","Call2Recycle at Sims TV & Electronics/Radio Shack","112 Winnebago St","Decorah","Winneshiek","IA","52101","5633822355","0","","http://www.radioshack.com/","43.30347","-91.78686","21.4956515354533","Cell Phones; Ni-Cd Batteries; Li-Ion Batteries; Ni-MH Batteries; Ni-Zn Batteries; Small Sealed Lead Acid Batteries; Video Game Consoles; PlayStation Consoles","false","true","As the first national retailer to partner with Call2Recycle, RadioShack is at the forefront of the rechargeable battery recycling cause and is pleased to offer battery recycling at thousands of convenient RadioShack locations for free.  Simply drop them off at your local RadioShack and theyll take care of the rest.  Ask a store associate for more details.","","false","false","false","false"
"Sims TV & Electronics","Sims TV & Electronics","112 Winnebago St","Decorah","Winneshiek","IA","52101","5633822355","0","","http://www.simselectronics.com","43.30347","-91.78686","21.4956515354533","Computer Monitors; Electronics; MP3 Players; Video Game Consoles; PlayStation Consoles","false","true","","","false","false","false","false"
"USPS Post Office Box Lobby Recycling Program","US Post Office","401 Heivly St","Decorah","Winneshiek","IA","52101","8002758777","0","","https://www.usps.com/","43.305","-91.79016","21.5520537466836","Catalogs; Greeting Cards; Magazines; Paper (Mixed)","false","true","","","false","false","false","false"
"Winneshiek County Recycling Drop-off Site - Luther College","","700 College Dr","Decorah","","IA","52101","5633826514","0","","https://www.winneshiekcounty.org/departments/recycling","43.3133043","-91.7996724","21.5548292129848","","false","false","","","false","false","false","false"
"Fillmore County Rural Recycling Drop-Off Site - Amherst","","County Highway 23","Amherst","","MN","55922","5077652245","0","","http://www.co.fillmore.mn.us/","43.5784652","-91.8849283","21.6652207742007","","false","false","","","false","false","false","false"
"Bob's Standard, Inc.","Bob's Standard, Inc.","208 College Dr","Decorah","Winneshiek","IA","52101","5633824652","0","Monday: 7:00 AM - 8:30 PM Tuesday: 7:00 AM - 8:30 PM Wednesday: 7:00 AM - 8:30 PM Thursday: 7:00 AM - 8:30 PM Friday: 7:00 AM - 8:30 PM Saturday: 7:00 AM - 6:00 PM Sunday: 9:00 AM - 6:00 PM ","","43.30729","-91.79619","21.6816529291794","Antifreeze; Lead Acid (Pb) Batteries; Used Motor Oil; Video Game Consoles; PlayStation Consoles","false","true","","","false","false","false","false"
"Decorah Bicycles","Decorah Bicycles","101 College Drive","Decorah","Winneshiek ","IA","52101","5633828209","0","","","43.304688","-91.794087","21.7163020392233","E-Bike Batteries","false","true","Call or Check Online for Hours","Call2Recycle","false","false","false","false"
"City of Decorah Christmas Tree Recycling Drop-off Site","","108 Railroad Ave","Decorah","","IA","52101","5633822157","0","","https://www.decorahia.org/street-department","43.2991418","-91.7876307","21.7223108564241","","false","false","","","false","false","false","false"
"Winneshiek County Recycling","Winneshiek County Recycling","105 Railroad Ave","Decorah","Winneshiek","IA","52101","5633826514","0","Sunday: 12:00 AM - 11:59 PM Monday: 12:00 AM - 11:59 PM Tuesday: 12:00 AM - 11:59 PM Wednesday: 12:00 AM - 11:59 PM Thursday: 12:00 AM - 11:59 PM Friday: 12:00 AM - 11:59 PM Saturday: 12:00 AM - 11:59 PM ","","43.29835","-91.78849","21.7909490223653","Plastic #1 (PETE); Plastic #2 (HDPE); Aluminum Cans; Books (Reuse); Glass (Brown); Cardboard; Catalogs; Chipboard; Glass (Clear); Clothing; Computer Paper; Ferrous Metals (Steel or Iron); Gift Bags; Gift Boxes; Glass (Green); Greeting Cards; Household Goods; Magazines; Clothes Hangers (Metal); Paper (Mixed); Newspapers; Non-ferrous (Copper/Brass/Tin); Ornaments; Paperboard; Tin or Steel Cans; Video Game Consoles; PlayStation Consoles","false","true","","","false","false","false","false"
"Winneshiek County Recycling Drop-off Site - Ridgeway","","River St","Decorah","","IA","52101","5633826514","0","","https://www.winneshiekcounty.org/departments/recycling","43.2989435","-91.7896533","21.807517952461","","false","false","","","false","false","false","false"
"Walmart Supercenter","","4622 Mormon Coulee Rd","La Crosse","","WI","54601","6087881870","0","","https://www.walmart.com/","43.7661833","-91.2136342","21.808102903952","","false","false","","","false","false","false","false"
"Walmart Tire and Lube Express","","4622 Mormon Coulee Rd","La Crosse","","WI","54601","6087881870","0","","https://www.walmart.com/cp/ideas/8932632","43.7661833","-91.2136342","21.808102903952","","false","false","","","false","false","false","false"
"Walmart Tire & Lube Express","Walmart Tire & Lube Express","4622 Mormon Coulee Rd","La Crosse","La Crosse","WI","54601","6087881870","0","","http://www.walmart.com/catalog/catalog.gsp?cat=495843","43.7669","-91.21151","21.909581017625","Lead Acid (Pb) Batteries; Used Motor Oil; Oil Filters; Computer (Recycling); Computer Monitors; DVD Players/Blu-Ray Players/DVRs; Electronics; Laptop Computers; Computer Peripherals; Printers/Scanners/Fax Machines; Small Electronics; Small Televisions; Tablets; Televisions; VCRs; Video Game Consoles; PlayStation Consoles","false","true","","","false","false","false","false"
"911 Cell Phone Bank - Northwest Florida Area Agency On Aging","911 Cell Phone Bank - Northwest Florida Area Agency On Aging","808 River St","Decorah","Winneshiek","IA","52101","8662907864","0","","http://www.911cellphonebank.org/","43.29631","-91.78945","21.9208082993899","Cell Phones; Cameras; Laptop Computers; MP3 Players; Video Games; Video Game Consoles; Smart watches & Apple Watch®
","false","true","Please call to verify drop-off procedures and directions to the location.  For prepaid shipping labels, visit http://www.911cellphonebank.org/drop-off-locations.asp - click on "print shipping label."","","false","false","false","false"
"Batteries Plus Bulbs","","4206 Mormon Coulee Road","La Crosse","","WI","54601","6087827340","0","","https://www.batteriesplus.com/store-locator/wi/860?utm_source=local&utm_medium=earth911","43.7716831","-91.2184973","21.983825569809","","false","false","","","false","false","false","false"
"Ace Hardware of La Crosse","Ace Hardware of La Crosse","4242 Mormon Coulee Rd","La Crosse","La Crosse","WI","54601","6087889950","0","","http://www.acehardware.com/","43.7723","-91.21672","22.0687624314422","Cell Phones; Ni-Cd Batteries; Li-Ion Batteries; Ni-MH Batteries; Ni-Zn Batteries; Small Sealed Lead Acid Batteries; Computer (Recycling); Computer Monitors; DVD Players/Blu-Ray Players/DVRs; Electronics; Laptop Computers; Computer Peripherals; Printers/Scanners/Fax Machines; Small Electronics; Small Televisions; Tablets; Televisions; VCRs; Video Game Consoles; PlayStation Consoles","false","true","The U.S. EPA estimates that more than 350 million rechargeable batteries are purchased annually in the U.S. Thanks to the environmental commitment of this location, its easy and free to recycle your batteries. Bring your rechargeable batteries to this location and look for the recycling box or ask an associate how you can do your part for the environment.","","false","false","false","false"
"Batteries Plus","Batteries Plus","4206 Mormon Coulee Rd","La Crosse","La Crosse","WI","54601","6087827340","0","Monday: 8:00 AM - 8:00 PM Tuesday: 8:00 AM - 8:00 PM Wednesday: 8:00 AM - 8:00 PM Thursday: 8:00 AM - 8:00 PM Friday: 8:00 AM - 8:00 PM Saturday: 8:00 AM - 7:00 PM Sunday: 10:00 AM - 6:00 PM ","http://www.batteriesplus.com/store_details/860.aspx","43.7723","-91.21672","22.0687624314422","Ni-Cd Batteries; Batteries (Rechargeable); Alkaline/Single-Use Batteries; Computer (Recycling); Computer Monitors; DVD Players/Blu-Ray Players/DVRs; Electronics; Laptop Computers; Computer Peripherals; Printers/Scanners/Fax Machines; Small Electronics; Small Televisions; Tablets; Televisions; VCRs; Video Game Consoles; PlayStation Consoles","false","true","Some fees for battery recycling may apply. Please contact your Local store for details.

Batteries Plus lead by example by recycling the majority of the batteries we sell. Not only do we recycle to protect our environment, we support retail and business customers alike by keeping them in full compliance with federal, state, municipal, EPA and DOT regulations governing the disposal and recycling of spent batteries and select electronics.","","false","false","false","false"
"Lackore Electric Motor Repair, Inc.","Lackore Electric Motor Repair, Inc.","4102 Mormon Coulee Ct","La Crosse","La Crosse","WI","54601","6087827635","0","","","43.77381","-91.21838","22.1091165420531","Cell Phones; Ni-Cd Batteries; Li-Ion Batteries; Ni-MH Batteries; Ni-Zn Batteries; Small Sealed Lead Acid Batteries; Computer (Recycling); Computer Monitors; DVD Players/Blu-Ray Players/DVRs; Electronics; Laptop Computers; Computer Peripherals; Printers/Scanners/Fax Machines; Small Electronics; Small Televisions; Tablets; Televisions; VCRs; Video Game Consoles; PlayStation Consoles","false","true","The U.S. EPA estimates that more than 350 million rechargeable batteries are purchased annually in the U.S. Thanks to the environmental commitment of this location, its easy and free to recycle your batteries. Bring your rechargeable batteries to this location and look for the recycling box or ask an associate how you can do your part for the environment.","","false","false","false","false"
"O'Reilly Auto Parts","null","4029 Mormon Coulee Road","La Crosse","","WI","54601","6087882113","0","","http://oreillyauto.custhelp.com/app/error/error_id/6","43.7742462","-91.2182531","22.1376934804827","","false","false","","","false","false","false","false"
"La Crosse","Goodwill Industries Of North Central Wisconsin","3954 Mormon Coulee Rd","La Crosse","La Crosse","WI","54601","6087832710","0","","http://www.goodwillncw.org/","43.77539","-91.22017","22.1506670104125","Electronics; Computer (Recycling); Computer Monitors; DVD Players/Blu-Ray Players/DVRs; Laptop Computers; Computer Peripherals; Printers/Scanners/Fax Machines; Small Electronics; Small Televisions; Tablets; Televisions; VCRs; Video Game Consoles; PlayStation Consoles","false","true","E-cycle Wisconsin collection site. ","","false","false","false","false"
"Call2Recycle at Communications Services, Inc.","Call2Recycle at Communications Services, Inc.","3470 Losey Blvd S","La Crosse","La Crosse","WI","54601","6087888980","0","","http://www.rfstore.com/","43.77557","-91.21983","22.1703883596585","Cell Phones; Ni-Cd Batteries; Li-Ion Batteries; Ni-MH Batteries; Ni-Zn Batteries; Small Sealed Lead Acid Batteries; Computer (Recycling); Computer Monitors; DVD Players/Blu-Ray Players/DVRs; Electronics; Laptop Computers; Computer Peripherals; Printers/Scanners/Fax Machines; Small Electronics; Small Televisions; Tablets; Televisions; VCRs; Video Game Consoles; PlayStation Consoles","false","true","The U.S. EPA estimates that more than 350 million rechargeable batteries are purchased annually in the U.S. Thanks to the environmental commitment of this location, its easy and free to recycle your batteries. Bring your rechargeable batteries to this location and look for the recycling box or ask an associate how you can do your part for the environment.","","false","false","false","false"
"City of La Crosse - Refuse & Recycling","City of La Crosse - Refuse & Recycling","2000 Marco Dr","La Crosse","La Crosse","WI","54601","6087897508","0","Monday: 7:30 AM - 3:30 PM Tuesday: 7:30 AM - 3:30 PM Wednesday: 7:30 AM - 3:30 PM Thursday: 7:30 AM - 3:30 PM Friday: 7:30 AM - 3:30 PM ","http://www.cityoflacrosse.org/index.asp?nid=20","43.79238","-91.25659","22.2362969856053","Plastic #1 (PETE); Plastic #2 (HDPE); Plastic #3 (PVC); Plastic #4 (LDPE); Plastic #5 (Polypropylene); Plastic #6 (Polystyrene); Plastic #7; Aerosol Spray Cans; Aluminum Cans; Aluminum; Glass (Brown); Brown Paper Bags; Cardboard; Catalogs; Glass (Clear); Computer Paper; Gift Boxes; Glass (Green); Greeting Cards; Magazines; Newspapers; Paperboard; Phone books; Holiday Lights; Tin or Steel Cans; Office Paper; Shredded Paper; Empty Paint Cans; Paper Egg Cartons; Computer (Recycling); Computer Monitors; DVD Players/Blu-Ray Players/DVRs; Electronics; Laptop Computers; Computer Peripherals; Printers/Scanners/Fax Machines; Small Electronics; Small Televisions; Tablets; Televisions; VCRs; Video Game Consoles; PlayStation Consoles","false","true","","","false","false","false","false"
"City of La Crosse - Curbside Recycling","City of La Crosse - Curbside Recycling","2000 Marco Dr","La Crosse","La Crosse","WI","54601","6087897508","0","","http://www.cityoflacrosse.org/index.asp?nid=20","43.79238","-91.25659","22.2362969856053","Aerosol Spray Cans; Aluminum; Aluminum Cans; Brown Paper Bags; Cardboard; Catalogs; Computer Paper; Empty Paint Cans; Gift Boxes; Glass (Brown); Glass (Clear); Glass (Green); Greeting Cards; Holiday Lights; Magazines; Newspapers; Office Paper; Paper Egg Cartons; Paperboard; Phone books; Plastic #1 (PETE); Plastic #2 (HDPE); Plastic #3 (PVC); Plastic #4 (LDPE); Plastic #5 (Polypropylene); Plastic #6 (Polystyrene); Plastic #7; Shredded Paper; Tin or Steel Cans","false","false","","","true","false","false","false"
" Isle La Plume Brush & Yard Waste Site","
Isle La Plume Brush & Yard Waste Site","2000 Marco Dr","La Crosse","La Crosse","WI","54601","6087897508","0","Monday: 11:00 AM - 7:00 PM Tuesday: 11:00 AM - 7:00 PM Wednesday: 11:00 AM - 7:00 PM Thursday: 11:00 AM - 7:00 PM Friday: 11:00 AM - 7:00 PM Sunday: 11:00 AM - 4:00 PM Saturday: 11:00 AM - 4:00 PM ","http://www.cityoflacrosse.org/","43.79238","-91.25659","22.2362969856053","Grass Clippings; Leaves; Weeds; Yard Waste","false","true","","","false","false","false","false"
"Call2Recycle at US Cellular","Call2Recycle at US Cellular","801 Short St","Decorah","Winneshiek","IA","52101","5633820514","0","","http://www.uscellular.com/","43.29239","-91.79576","22.3378673842434","Cell Phones; Ni-Cd Batteries; Li-Ion Batteries; Ni-MH Batteries; Ni-Zn Batteries; Small Sealed Lead Acid Batteries; Video Game Consoles; PlayStation Consoles","false","true","The U.S. EPA estimates that more than 350 million rechargeable batteries are purchased annually in the U.S. Thanks to the environmental commitment of this location, its easy and free to recycle your batteries. Bring your rechargeable batteries to this location and look for the recycling box or ask an associate how you can do your part for the environment.","","false","false","false","false"
"Hi-Way Tire, Inc.","Hi-Way Tire, Inc.","904 Short St","Decorah","Winneshiek","IA","52101","5633825544","0","Monday: 8:00 AM - 5:00 PM Tuesday: 8:00 AM - 5:00 PM Wednesday: 8:00 AM - 5:00 PM Thursday: 8:00 AM - 5:00 PM Friday: 8:00 AM - 5:00 PM Saturday: 8:00 AM - 12:00 PM ","","43.29272","-91.79631","22.3433051763585","Antifreeze; Lead Acid (Pb) Batteries; Used Motor Oil; Oil Filters; Video Game Consoles; PlayStation Consoles","false","true","","","false","false","false","false"
"Winneshiek County Recycling","Winneshiek County Recycling","915 Short St","Decorah","Winneshiek","IA","52101","5633826514","0","Sunday: 12:00 AM - 11:59 PM Monday: 12:00 AM - 11:59 PM Tuesday: 12:00 AM - 11:59 PM Wednesday: 12:00 AM - 11:59 PM Thursday: 12:00 AM - 11:59 PM Friday: 12:00 AM - 11:59 PM Saturday: 12:00 AM - 11:59 PM ","","43.28945","-91.79707","22.5226616392928","Plastic #1 (PETE); Plastic #2 (HDPE); Aluminum Cans; Books (Reuse); Glass (Brown); Cardboard; Catalogs; Chipboard; Glass (Clear); Clothing; Computer Paper; Ferrous Metals (Steel or Iron); Gift Bags; Gift Boxes; Glass (Green); Greeting Cards; Household Goods; Magazines; Clothes Hangers (Metal); Paper (Mixed); Newspapers; Non-ferrous (Copper/Brass/Tin); Ornaments; Paperboard; Tin or Steel Cans; Video Game Consoles; PlayStation Consoles","false","true","","","false","false","false","false"
"Goodwill - Decorah","Goodwill - Decorah","915 Short St","Decorah","Winneshiek","IA","52101","3192344626","0","Monday: 9:00 AM - 10:00 PM Tuesday: 9:00 AM - 10:00 PM Wednesday: 9:00 AM - 10:00 PM Thursday: 9:00 AM - 10:00 PM Friday: 9:00 AM - 10:00 PM Saturday: 9:00 AM - 10:00 PM Sunday: 10:00 AM - 8:00 PM ","http://www.gwneia.org/","43.28945","-91.79707","22.5226616392928","Books (Reuse); Clothing; CD/DVD/Blu-ray/UHD discs; Computer (Reuse); Computer Monitors; Electronics; Furniture; Household Goods; Televisions; Children's Toys; Stereo Equipment; MP3 Players; Video Game Consoles; PlayStation Consoles","false","true","This site accepts gently used items that are in good, clean, reusable condition for Goodwill Store.","","false","false","false","false"
"Specturm Industries Recycling Site at K & S Super Value","Specturm Industries Recycling Site at K & S Super Value","915 Short St","Decorah","Winneshiek","IA","52101","5633826514","0","Sunday: 12:00 AM - 11:59 PM Monday: 12:00 AM - 11:59 PM Tuesday: 12:00 AM - 11:59 PM Wednesday: 12:00 AM - 11:59 PM Thursday: 12:00 AM - 11:59 PM Friday: 12:00 AM - 11:59 PM Saturday: 12:00 AM - 11:59 PM ","null","43.28945","-91.79707","22.5226616392928","Plastic #1 (PETE); Plastic #2 (HDPE); Plastic #2 (Color HDPE); Plastic #3 (PVC); Plastic #4 (LDPE); Plastic #5 (Polypropylene); Plastic #6 (Polystyrene); Aluminum Cans; Glass (Brown); Cardboard; Catalogs; Glass (Clear); Computer Paper; Glass (Green); Greeting Cards; Magazines; Paper (Mixed); Newspapers; Tin or Steel Cans; Video Game Consoles; PlayStation Consoles","false","true","","","false","false","false","false"
"Goodwill Industries of Northeast Iowa Inc. - Dell Reconnect Donation Site","","915 Short St","Decorah","","IA","52101","3193826146","0","","http://www.gwneia.org","43.2894371","-91.7971034","22.5245055191772","","false","false","","","false","false","false","false"
"Shelby Town Shop Parking Lot","Town of Shelby","2601 Ward Ave","La Crosse","La Crosse","WI","54601","6087881032","0","","http://townofshelby.com","43.78335","-91.21603","22.7238380108555","Bikes; Computer (Recycling); Computer Monitors; Electronics; Furniture; Laptop Computers; Large Household Appliances; Computer Peripherals; Small Appliances; Small Televisions; Televisions; Used Tires; Bed Mattresses; Box Springs; Carpet; Compact Fluorescent Lights; Fluorescent Lamps/Tubes; Lawn Equipment; Propane Tanks; Scrap Metal","false","true","Old furniture, appliances, tires, bicycles and other items too large for regular trash collection can be disposed of the second Saturday of each month, Apr-Jun and August-Nov, from 7AM to Noon at the Town Hall Annex parking lot. Charges to cover the cost of recycling appliances, televisions, computers and other items that are banned from landfills are posted at the site.","","false","false","false","false"
"JCPenney","null","3700 State Rd 16","La Crosse","","WI","54601","6087818000","0","","https://www.jcpenney.com/","43.7910645","-91.2083598","23.3792684225127","","false","false","","","false","false","false","false"
"Walgreens","Walgreens","900 West Ave S","La Crosse","La Crosse","WI","54601","6087962058","0","","http://www.walgreens.com","43.80537","-91.24113","23.3912543625632","Cell Phones; Inkjet Cartridge Refilling; Inkjet Printer Cartridges; Computer (Recycling); Computer Monitors; DVD Players/Blu-Ray Players/DVRs; Electronics; Laptop Computers; Computer Peripherals; Printers/Scanners/Fax Machines; Small Electronics; Small Televisions; Tablets; Televisions; VCRs; Video Game Consoles; PlayStation Consoles","false","true","","","false","false","false","false"
"Houston County Environmental Services - La Crescent Drop-off Site","Houston County Environmental Services - La Crescent Drop-off Site","160 S 3rd St ","La Crescent","Houston County","MN","55947","5077255800","0","","http://co.houston.mn.us/Environmental_Services.aspx","43.8261826","-91.305515","23.3918933286212","Electronics; MP3 Players; Computer (Recycling); Computer Monitors; DVD Players/Blu-Ray Players/DVRs; Laptop Computers; Computer Peripherals; Printers/Scanners/Fax Machines; Small Electronics; Small Televisions; Tablets; Televisions; VCRs; Video Game Consoles; PlayStation Consoles","false","true","","","false","false","false","false"
"Houston County Recycling Drop-Off Site - La Crescent","","160 S 3rd St","La Crescent","","MN","55947","5077255800","0","","","43.8264559","-91.3048475","23.4209374221459","","false","false","","","false","false","false","false"
"Heth's Hardware Hank & Rental","","32 S Walnut St","La Crescent","","MN","55947","5078952522","0","","https://www.hethhardware.com/","43.828478","-91.3042288","23.5628224745296","","false","false","","","false","false","false","false"
"US Post Office","US Post Office","425 State St Ste 100","La Crosse","La Crosse","WI","54601","0","0","","https://www.usps.com/ship/recycle-through-usps.htm","43.81326","-91.25021","23.66399190727","Inkjet Printer Cartridges; Computer (Recycling); Computer Monitors; DVD Players/Blu-Ray Players/DVRs; Electronics; Laptop Computers; Computer Peripherals; Printers/Scanners/Fax Machines; Small Electronics; Small Televisions; Tablets; Televisions; VCRs; Video Game Consoles; PlayStation Consoles","false","true","Free, postage-paid Mail Back envelopes can be found on display in the lobby. There is no limit to the number of envelopes customers may take. The contents of the envelope must weigh less than 13 ounces and the envelope must be able to seal completely. For more details visit<a href="http://www.maxback.com/mxb-postoffice-collaboration" target="_blank">MaxBack</a>.","","false","false","false","false"
"Smith's Bike Shop","Smith's Bike Shop","125 7th St N","La Crosse","La Crosse ","WI","54603","6087841175","0","","","43.8125953","-91.2472781","23.6895390887186","E-Bike Batteries","false","true","Call or Check Online for Hours","Call2Recycle","false","false","false","false"
"Wettstein's","","215 3rd St N","La Crosse","","WI","54601","6087846868","0","","","43.8143848","-91.2519909","23.6934901789685","","false","false","","","false","false","false","false"
"Wettstein's","","215 3rd St N","La Crosse","","WI","54601","6087846868","0","","","43.8143848","-91.2519909","23.6934901789685","","false","false","","","false","false","false","false"
"Berny Buchner Inc","Berny Buchner Inc","224 Causeway Blvd","La Crosse","La Crosse","WI","54603","6087849000","6087844884","Monday: 7:00 AM - 4:30 PM Tuesday: 7:00 AM - 4:30 PM Wednesday: 7:00 AM - 4:30 PM Thursday: 7:00 AM - 4:30 PM Friday: 7:00 AM - 4:30 PM ","http://www.berniebuchnerinc.com/","43.82493","-91.25534","24.2750294278191","Plastic #1 (PETE); Plastic #2 (HDPE); Plastic #2 (Color HDPE); Plastic #3 (PVC); Plastic #4 (LDPE); Plastic #5 (Polypropylene); Plastic #6 (Polystyrene); Plastic #7; Aluminum Cans; Aluminum; Ferrous Metals (Steel or Iron); Non-ferrous (Copper/Brass/Tin); Tin or Steel Cans; Computer (Recycling); Computer Monitors; DVD Players/Blu-Ray Players/DVRs; Electronics; Laptop Computers; Computer Peripherals; Printers/Scanners/Fax Machines; Small Electronics; Small Televisions; Tablets; Televisions; VCRs; Video Game Consoles; PlayStation Consoles","false","true","","","false","false","false","false"
"Waste Management","Waste Management","415 Island St","La Crosse","La Crosse","WI","54603","8889600008","6087813681","","","43.83248","-91.25094","24.8402927253533","Plastic #1 (PETE); Plastic #2 (HDPE); Plastic #2 (Color HDPE); Plastic #3 (PVC); Plastic #4 (LDPE); Plastic #5 (Polypropylene); Plastic #6 (Polystyrene); Plastic #7; Aluminum Cans; Aluminum; Brown Paper Bags; Cardboard; Glass (Clear); Ferrous Metals (Steel or Iron); Magazines; Paper (Mixed); Newspapers; Non-ferrous (Copper/Brass/Tin); Windows; Printers/Scanners/Fax Machines; Computer (Recycling); Computer Monitors; DVD Players/Blu-Ray Players/DVRs; Electronics; Laptop Computers; Computer Peripherals; Small Electronics; Small Televisions; Tablets; Televisions; VCRs; Video Game Consoles; PlayStation Consoles","false","true","","","false","false","false","false"
"Rushford Oil Company","Rushford Oil Company","1205 MN-16 ","Rushford","Fillmore County","MN","55971","5078642500","0","","","43.8047269","-91.7677943","25.5541258041986","Used Motor Oil; Oil Filters; Computer (Recycling); Computer Monitors; DVD Players/Blu-Ray Players/DVRs; Electronics; Laptop Computers; Computer Peripherals; Printers/Scanners/Fax Machines; Small Electronics; Small Televisions; Tablets; Televisions; VCRs; Video Game Consoles; PlayStation Consoles","false","true","","","false","false","false","false"
"Goodwill","Goodwill","2334 Rose St # 36","La Crosse","La Crosse","WI","54603","6087832710","0","Monday: 9:00 AM - 9:00 PM Tuesday: 9:00 AM - 9:00 PM Wednesday: 9:00 AM - 9:00 PM Thursday: 9:00 AM - 9:00 PM Friday: 9:00 AM - 9:00 PM Saturday: 9:00 AM - 7:00 PM Sunday: 10:00 AM - 6:00 PM ","http://www.goodwill.org","43.85595","-91.245","26.4355232735545","Bikes; Books (Reuse); Cell Phones; Clothing; CD/DVD/Blu-ray/UHD discs; Computer (Reuse); Electronics; Gift Bags; Eyeglasses; Furniture; Household Goods; Musical Instruments; Ornaments; Reusable Appliance Donation; Sporting Goods; Miscellaneous Tools; Children's Toys; Car Donation; VHS & Cassette Tapes; MP3 Players; Computer (Recycling); Computer Monitors; DVD Players/Blu-Ray Players/DVRs; Laptop Computers; Computer Peripherals; Printers/Scanners/Fax Machines; Small Electronics; Small Televisions; Tablets; Televisions; VCRs; Video Game Consoles; PlayStation Consoles","false","true","All appliances and electronics must be in working order.  Please call for material requirements.","","false","false","false","false"
"Fillmore County Rural Recycling Drop-Off Site - Peterson","","S Church St & Mill St","Peterson","","MN","55962","5077652245","0","","http://www.co.fillmore.mn.us/","43.7863824","-91.8347926","26.753501185425","","false","false","","","false","false","false","false"
"Harter's Quick Clean-UP","Harter's Quick Clean-UP","2850 Larson St","La Crosse","La Crosse","WI","54603","6087822082","0","Monday: 7:00 AM - 5:00 PM Tuesday: 7:00 AM - 5:00 PM Wednesday: 7:00 AM - 5:00 PM Thursday: 7:00 AM - 5:00 PM Friday: 7:00 AM - 5:00 PM Saturday: 8:00 AM - 11:59 PM ","http://www.dynamicrecycling.com","43.86204","-91.22498","27.2416029103635","Cell Phones; Compact Fluorescent Lights; Computer (Recycling); Large Household Appliances; Non-ferrous (Copper/Brass/Tin); Plastics (Other); Telephones; Televisions; VHS & Cassette Tapes; Stereo Equipment; Printers/Scanners/Fax Machines; Memory (RAM), Flash Card/Drive; Laptop Computers; Tablets; Wire; Microwaves; Computer Peripherals; Air Conditioners; Dehumidifiers; Refrigerators; PCB Ballasts; Non PCB Ballasts; HID Lamps; Computer Monitors; DVD Players/Blu-Ray Players/DVRs; Electronics; Small Electronics; Small Televisions; VCRs; Video Game Consoles; PlayStation Consoles","false","true","Dynamics Recycling drop-off point - 25 units or less accepted at a time.","","false","false","false","false"
"Harter's Quick Clean  Up","Dynamic Recycling Small Quantity Electronics Recycling Drop-Off","2850 Larson St","La Crosse","La Crosse","WI","54603","6087822082","0","Monday: 7:00 AM - 5:00 PM Tuesday: 7:00 AM - 5:00 PM Wednesday: 7:00 AM - 5:00 PM Thursday: 7:00 AM - 5:00 PM Friday: 7:00 AM - 5:00 PM Saturday: 8:00 AM - 12:00 PM ","http://www.dynamicrecycling.com/","43.86204","-91.22498","27.2416029103635","Electronics; Computer (Recycling); Computer Monitors; DVD Players/Blu-Ray Players/DVRs; Laptop Computers; Computer Peripherals; Printers/Scanners/Fax Machines; Small Electronics; Small Televisions; Tablets; Televisions; VCRs; Video Game Consoles; PlayStation Consoles","false","true","E-cycle Wisconsin collection site. ","","false","false","false","false"
"Alter Metal Recycling","","2410 Hauser Street","La Crosse","","WI","54603","6087838203","0","","https://www.altertrading.com/","43.8611219","-91.2208445","27.2758459705429","","false","false","","","false","false","false","false"
"Alter Metal Recycling","","2410 Hauser Street","La Crosse","","WI","54603","6087838201","0","","https://www.altertrading.com/","43.8611219","-91.2208445","27.2758459705429","","false","false","","","false","false","false","false"
"Harter's Trash and Recycling","null","2850 Larson St ","La Crosse","La Crosse County","WI","54603","6087822082","0","","null","43.8623922","-91.2241872","27.2808104290925","Computer (Recycling); Computer Monitors; DVD Players/Blu-Ray Players/DVRs; Electronics; Laptop Computers; Computer Peripherals; Printers/Scanners/Fax Machines; Small Electronics; Small Televisions; Tablets; Televisions; VCRs; Video Game Consoles; PlayStation Consoles","false","true","Drop-offs of fewer than 50 units only. If you have 50 or more units, please take to Dynamic Recycling headquarters in Onalaska.","Sony, Vizio, OEM, OEM Indiv, OEM Private Sites","false","false","false","false"
"Harter's Quick Clean-Up","","2850 Larson St","La Crosse","","WI","54603","6087822082","0","","https://harters.net/","43.8623922","-91.2241872","27.2808104290925","","false","false","","","false","false","false","false"
"Dynamic Recycling","Dynamic Recycling","2135 Enterprise Ave","La Crosse","La Crosse","WI","54603","6087814030","6087823073","","http://www.dynamicrecycling.com","43.86332","-91.22599","27.2991191041497","Computer (Recycling); Electronics; Fluorescent Lamps/Tubes; Large Household Appliances; Non-ferrous (Copper/Brass/Tin); Batteries (Rechargeable); Printers/Scanners/Fax Machines; Small Appliances; Memory (RAM), Flash Card/Drive; Microwaves; Computer Peripherals; Air Conditioners; Dehumidifiers; Refrigerators; VCRs; DVD Players/Blu-Ray Players/DVRs; PCB Ballasts; Non PCB Ballasts; HID Lamps; Computer Monitors; Laptop Computers; Small Electronics; Small Televisions; Tablets; Televisions; Video Game Consoles; PlayStation Consoles","false","true","Only large quantities accepted at this location - call for appointment. ","","false","false","false","false"
"Alter Metal Recycling","Alter Metal Recycling","2410 Hauser St","La Crosse","La Crosse","WI","54603","6087838203","0","Monday: 8:00 AM - 4:00 PM Tuesday: 8:00 AM - 4:00 PM Wednesday: 8:00 AM - 4:00 PM Thursday: 8:00 AM - 4:00 PM Friday: 8:00 AM - 4:00 PM ","http://www.altermetalrecycling.com","43.86241","-91.22131","27.3452321227643","Aluminum Cans; Aluminum; Ferrous Metals (Steel or Iron); Large Household Appliances; Non-ferrous (Copper/Brass/Tin); Microwaves; Refrigerators; Scrap Metal; Empty Paint Cans; Computer (Recycling); Computer Monitors; DVD Players/Blu-Ray Players/DVRs; Electronics; Laptop Computers; Computer Peripherals; Printers/Scanners/Fax Machines; Small Electronics; Small Televisions; Tablets; Televisions; VCRs; Video Game Consoles; PlayStation Consoles","false","true","","","false","false","false","false"
"Dynamic Recycling","","2135 Enterprise Ave","La Crosse","","WI","54603","6087814030","0","","https://thinkdynamic.com/","43.8641261","-91.2260277","27.3484322032153","","false","false","","","false","false","false","false"
"WM - La Crosse MRF","WM - La Crosse MRF","3019 Commerce St","La Crosse","La Crosse","WI","54603","6087844401","0","","","43.86467","-91.22662","27.3694586614718","Cardboard; Computer (Recycling); Computer Monitors; DVD Players/Blu-Ray Players/DVRs; Electronics; Laptop Computers; Computer Peripherals; Printers/Scanners/Fax Machines; Small Electronics; Small Televisions; Tablets; Televisions; VCRs; Video Game Consoles; PlayStation Consoles","false","true","","","false","false","false","false"
"Bigalk Chevrolet Company","Bigalk Chevrolet Company","255 Main Ave S","Harmony","Fillmore","MN","55939","5078863622","0","","null","43.55128","-92.0099","27.5345059612672","Used Motor Oil; Oil Filters; Computer (Recycling); Computer Monitors; DVD Players/Blu-Ray Players/DVRs; Electronics; Laptop Computers; Computer Peripherals; Printers/Scanners/Fax Machines; Small Electronics; Small Televisions; Tablets; Televisions; VCRs; Video Game Consoles; PlayStation Consoles","false","true","","","false","false","false","false"
"Cartridge World","","1220 Crossing Meadows Drive","Onalaska","","WI","54650","6087832644","0","","","43.8685191","-91.2128832","27.9104215047664","","false","false","","","false","false","false","false"
"RecycAll LLC","Recycall Llc","841 2nd Ave SW","Onalaska","La Crosse","WI","54650","6087836727","0","","","43.87508","-91.23154","27.9162949587376","Electronics; Computer (Recycling); Computer Monitors; DVD Players/Blu-Ray Players/DVRs; Laptop Computers; Computer Peripherals; Printers/Scanners/Fax Machines; Small Electronics; Small Televisions; Tablets; Televisions; VCRs; Video Game Consoles; PlayStation Consoles","false","true","E-cycle Wisconsin collection site. ","","false","false","false","false"
"Household Hazardous Materials Facility","La Crosse County Household Hazardous Materials Facility","6502 State Road 16","La Crosse","La Crosse","WI","54601","6087897857","0","Tuesday: 8:00 AM - 4:00 PM Wednesday: 8:00 AM - 6:00 PM Thursday: 12:00 PM - 4:00 PM ","http://www.co.la-crosse.wi.us/SolidWaste/hhm/","43.86595","-91.20262","27.987151080893","Air Conditioners; Antifreeze; Compact Fluorescent Lights; Computer (Recycling); Hard Drives; Computer Monitors; Dehumidifiers; Cameras; DVD Players/Blu-Ray Players/DVRs; Fertilizer; Fluorescent Lamps/Tubes; Fungicides; Gasoline and Unwanted Fuels; Glue & Adhesives; Herbicides; Household Cleaners; Insecticides; Laptop Computers; Memory (RAM), Flash Card/Drive; Mercury Containing Items; Microwaves; MP3 Players; Nail Polish; Office Equipment; Oil-Based Paint; Paint Thinner; Computer Peripherals; Pesticides; Photography Chemicals; Pool Chemicals; Portable Media Players; Printers/Scanners/Fax Machines; Refrigerators; Satellite Components; Small Televisions; Stereo Equipment; Telephones; Televisions; Transmission Fluid; Used Motor Oil; Used Oil Filters; VCRs; Video Game Systems","false","true","","","false","false","false","false"
"L & M Gas & Go","L & M Gas & Go","226 Railroad Ave NW","New Albin","Allamakee","IA","52160","5635444265","0","","","43.49735","-91.28984","8.73323075062216","Lead Acid (Pb) Batteries; Used Motor Oil; Oil Filters; Video Game Consoles; PlayStation Consoles","false","true","","","false","false","false","false"
"Houston County Environmental Services","Houston County Environmental Services","304 S Marshall St Rm 202","Caledonia","Houston","MN","55921","5077255800","0","Saturday: 8:00 AM - 3:00 PM Sunday: 10:00 AM - 6:00 PM ","http://www.co.houston.mn.us/Environmental_Services.aspx","43.63199","-91.49598","8.75339691845746","Electronics; MP3 Players; Computer (Recycling); Computer Monitors; DVD Players/Blu-Ray Players/DVRs; Laptop Computers; Computer Peripherals; Printers/Scanners/Fax Machines; Small Electronics; Small Televisions; Tablets; Televisions; VCRs; Video Game Consoles; PlayStation Consoles","false","true","","","false","false","false","false"
"Houston County Household Hazardous Waste Mobile Collection Event","","","Caledonia","","MN","55921","5077255800","0","","","43.6346913","-91.4968076","8.94447053189917","","false","false","","","false","false","false","false"
"O.C. Ellingson, Inc.","O.C. Ellingson, Inc.","205 N Kingston St","Caledonia","Houston","MN","55921","6124710725","0","","","43.63572","-91.49709","9.01692994248996","Used Motor Oil; Oil Filters; Computer (Recycling); Computer Monitors; DVD Players/Blu-Ray Players/DVRs; Electronics; Laptop Computers; Computer Peripherals; Printers/Scanners/Fax Machines; Small Electronics; Small Televisions; Tablets; Televisions; VCRs; Video Game Consoles; PlayStation Consoles","false","true","","","false","false","false","false"
"Houston County Environmental Services - Caledonia Drop-off Site","Houston County Environmental Services - Caledonia Drop-off Site","14750 Richards Rd","Caledonia","Houston","MN","55921","5077255800","0","","http://co.houston.mn.us","43.63325","-91.51656","9.08480062172529","Electronics; MP3 Players; Computer (Recycling); Computer Monitors; DVD Players/Blu-Ray Players/DVRs; Laptop Computers; Computer Peripherals; Printers/Scanners/Fax Machines; Small Electronics; Small Televisions; Tablets; Televisions; VCRs; Video Game Consoles; PlayStation Consoles","false","true","","","false","false","false","false"
"Houston County Recycling Drop-Off Site - Caledonia","","Hwy 44","Caledonia","","MN","55921","5077255800","0","","","43.6360673","-91.504526","9.11697900488457","","false","false","","","false","false","false","false"
"Houston County Recycling Drop-Off Site - Spring Grove","","631 E Main St","Spring Grove","","MN","55974","5077255800","0","","","43.5620037","-91.6298659","9.14231962739962","","false","false","","","false","false","false","false"
"Houston County Environmental Services - Spring Grove Drop-off Site","Houston County Environmental Services - Spring Grove Drop-off Site","631 E Main St ","Spring Grove","Houston County","MN","55974","5077255800","0","","http://co.houston.mn.us/Environmental_Services.aspx","43.5610456","-91.6323249","9.22800912150894","Electronics; MP3 Players; Computer (Recycling); Computer Monitors; DVD Players/Blu-Ray Players/DVRs; Laptop Computers; Computer Peripherals; Printers/Scanners/Fax Machines; Small Electronics; Small Televisions; Tablets; Televisions; VCRs; Video Game Consoles; PlayStation Consoles","false","true","","","false","false","false","false"
