name,description,address,city,region,province,postal_code,phone,fax,hours,url,latitude,longitude,distance,materials,pickup,dropoff,notes,groups,curbside,municipal,national,event_only
"Branchville Recycling Drop-off Site","","Old Highway 37 and County Road 40","Branchville","","IN","47514","8128434555","0","","","38.1637507","-86.6047647","11.3068447915849","","false","false","","","false","false","false","false"
"Dubois City Drop-Off Site","","5080 N State Road 545","Dubois","","IN","47527","8124817040","0","","https://www.duboiscountyin.org","38.4539731","-86.8124894","14.0982764911771","","false","false","","","false","false","false","false"
"Crawford County Solid Waste Management District - Marengo Site","","State Road 64","Marengo","","IN","47140","8123382728","0","","","38.3737608","-86.3418947","14.7858689735761","","false","false","","","false","false","false","false"
"Jasper City Drop-Off Site","","538 E Schnellville Road","Jasper","","IN","47546","8124825505","0","","https://www.duboiscountyin.org","38.3645696","-86.8933102","15.6557804171737","","false","false","","","false","false","false","false"
"Ferdinand City Drop-Off Site","","9781 S Ferdinand Rd NW","Ferdinand","","IN","47532","8124817040","0","","https://www.duboiscountyin.org","38.235718","-86.89131","16.6039441722812","","false","false","","","false","false","false","false"
"Crawford County Solid Waste Management District - Leavenworth Site","","State Road 62","Leavenworth","","IN","47137","8123382728","0","","","38.1999855","-86.3440415","16.8217673173219","","false","false","","","false","false","false","false"
"JCPenney","","839 3rd Ave","Jasper","","IN","47546","8124825832","0","","https://www.jcpenney.com/","38.3778167","-86.913844","16.9173938262505","","false","false","","","false","false","false","false"
"Orange County Recycling Cooperative","","105 E Water St","Paoli","","IN","47454","8126530526","0","","","38.5547676","-86.4680988","17.4461977155913","","false","false","","","false","false","false","false"
"O'Reilly Auto Parts","null","406 North Gospel Street","Paoli","","IN","47454","8127233001","0","","http://oreillyauto.custhelp.com/app/error/error_id/6","38.5600866","-86.4678618","17.7831942491523","","false","false","","","false","false","false","false"
"Walmart Supercenter","","735 N Gospel St","Paoli","","IN","47454","8127234444","0","","https://www.walmart.com/","38.5652907","-86.4679013","18.1079011717908","","false","false","","","false","false","false","false"
"Walmart","Walmart","735 N Gospel St","Paoli","Orange","IN","47454","8127234444","0","","http://www.walmart.com","38.565","-86.46553","18.1439389079568","Lead Acid (Pb) Batteries; Plastic Shopping Bags; Food Storage Bags; Computer (Recycling); Computer Monitors; Cameras; DVD Players/Blu-Ray Players/DVRs; Electronics; GPS Units; Laptop Computers; MP3 Players; Computer Peripherals; Portable Media Players; Printers/Scanners/Fax Machines; Small Electronics; Small Televisions; Tablets; Televisions; Video Game Systems; Blu-Ray Players; Video Game Consoles; PlayStation Consoles","false","true","","","false","false","false","false"
"Advance Auto Parts","Advance Auto Parts","936 N Gospel St","Paoli","Orange","IN","47454","8127230090","0","Monday: 7:00 AM - 9:00 PM Tuesday: 7:00 AM - 9:00 PM Wednesday: 7:00 AM - 9:00 PM Thursday: 7:00 AM - 9:00 PM Friday: 7:00 AM - 9:00 PM Saturday: 7:00 AM - 9:00 PM Sunday: 10:00 AM - 8:00 PM ","http://www.advanceautoparts.com","38.56627","-86.46469","18.2426564478547","Lead Acid (Pb) Batteries; Used Motor Oil; Computer (Recycling); Computer Monitors; Cameras; DVD Players/Blu-Ray Players/DVRs; Electronics; GPS Units; Laptop Computers; MP3 Players; Computer Peripherals; Portable Media Players; Printers/Scanners/Fax Machines; Small Electronics; Small Televisions; Tablets; Televisions; Video Game Systems; Blu-Ray Players; Video Game Consoles; PlayStation Consoles","false","true","","","false","false","false","false"
"Audio World","","701 W 6th St","Jasper","","IN","47546","8124821155","0","","","38.391321","-86.9395238","18.4800827631595","","false","false","","","false","false","false","false"
"Spencer County SWMD Drop-off Site - Saint Meinrad","","19435 North County Road 1100 East","Saint Meinrad","","IN","47577","8123627401","0","","https://spencercountyrecycles.com/","38.1214373","-86.8279725","18.5637812356807","","false","false","","","false","false","false","false"
"Spencer County SWMD Drop-off Site - Saint Meinrad","","19435 North County Road 1100 East","Saint Meinrad","","IN","47577","8123627401","0","","https://spencercountyrecycles.com/","38.1214373","-86.8279725","18.5637812356807","","false","false","","","false","false","false","false"
"O'Reilly Auto Parts","null","51 South Us Highway 231","Jasper","","IN","47546","8124823860","0","","http://oreillyauto.custhelp.com/app/error/error_id/6","38.3867164","-86.9425757","18.5684111356098","","false","false","","","false","false","false","false"
"Industrial Tools Sales & Service, Inc.","Industrial Tools Sales & Service, Inc.","712 W 6th St","Jasper","Dubois","IN","47546","8124827895","0","","http://www.call2recycle.org/","38.39291","-86.94477","18.7821484534021","Cell Phones; Ni-Cd Batteries; Li-Ion Batteries; Ni-MH Batteries; Ni-Zn Batteries; Small Sealed Lead Acid Batteries; Computer (Recycling); Computer Monitors; Cameras; DVD Players/Blu-Ray Players/DVRs; Electronics; GPS Units; Laptop Computers; MP3 Players; Computer Peripherals; Portable Media Players; Printers/Scanners/Fax Machines; Small Electronics; Small Televisions; Tablets; Televisions; Video Game Systems; Blu-Ray Players; Video Game Consoles; PlayStation Consoles","false","true","The U.S. EPA estimates that more than 350 million rechargeable batteries are purchased annually in the U.S. Thanks to the environmental commitment of this location, its easy and free to recycle your batteries. Bring your rechargeable batteries to this location and look for the recycling box or ask an associate how you can do your part for the environment.","","false","false","false","false"
"Dubois County Solid Waste Mgmt Dist","Dubois County Solid Waste Mgmt Dist","1187 S Saint Charles St","Jasper","Dubois ","IN","47546-2690","8124817040","0","","","38.3725549227656","-86.9507581522121","18.815997241017","Batteries (Rechargeable); Cell Phone Batteries; Cell Phones; Li-Ion Batteries; Ni-Cd Batteries; Ni-MH Batteries; Small Sealed Lead Acid Batteries","false","true","Call or Check Online for Hours","Call2Recycle","false","false","false","false"
"RadioShack","RadioShack","2962 N Newton St ","Jasper","Dubois County","IN","47546","8124822344","0","Monday: 8:00 AM - 8:00 PM Tuesday: 8:00 AM - 8:00 PM Wednesday: 8:00 AM - 8:00 PM Thursday: 8:00 AM - 8:00 PM Friday: 8:00 AM - 8:00 PM Saturday: 8:00 AM - 8:00 PM Sunday: 10:00 AM - 5:00 PM ","http://www.radioshack.com","38.4147152","-86.937873","18.8441392810185","Cell Phones; Ni-Cd Batteries; Batteries (Rechargeable); Computer (Recycling); Computer Monitors; Cameras; DVD Players/Blu-Ray Players/DVRs; Electronics; GPS Units; Laptop Computers; MP3 Players; Computer Peripherals; Portable Media Players; Printers/Scanners/Fax Machines; Small Electronics; Small Televisions; Tablets; Televisions; Video Game Systems; Blu-Ray Players; Video Game Consoles; PlayStation Consoles","false","true","","","false","false","false","false"
"Meny's True Value","","2805 Newton Street","Jasper","","IN","47546","8126349200","0","","https://www.truevalue.com/","38.4141724","-86.938389","18.8587257169437","","false","false","","","false","false","false","false"
"Staples","","3830 North Newton Street","Jasper","","IN","47546","8126347466","0","","https://www.staples.com/sbd/cre/marketing/sustainability-center/recycling-services/","38.4252533","-86.9349455","18.9403220597411","","false","false","","","false","false","false","false"
"Walmart Supercenter","","4040 N Newton St","Jasper","","IN","47546","8126341233","0","","https://www.walmart.com/","38.4269678","-86.934554","18.9629781172455","","false","false","","","false","false","false","false"
"Walmart Tire and Lube Express","","4040 N Newton St","Jasper","","IN","47546","8126341233","0","","https://www.walmart.com/cp/ideas/8932632","38.4269678","-86.934554","18.9629781172455","","false","false","","","false","false","false","false"
"Call2Recycle at RadioShack","Call2Recycle at RadioShack","3625 N Newton St","Jasper","Dubois","IN","47546","8124822344","0","","http://www.radioshack.com/","38.42302","-86.938","19.0411160172176","Cell Phones; Ni-Cd Batteries; Li-Ion Batteries; Ni-MH Batteries; Ni-Zn Batteries; Small Sealed Lead Acid Batteries; Computer (Recycling); Computer Monitors; Cameras; DVD Players/Blu-Ray Players/DVRs; Electronics; GPS Units; Laptop Computers; MP3 Players; Computer Peripherals; Portable Media Players; Printers/Scanners/Fax Machines; Small Electronics; Small Televisions; Tablets; Televisions; Video Game Systems; Blu-Ray Players; Video Game Consoles; PlayStation Consoles","false","true","As the first national retailer to partner with Call2Recycle, RadioShack is at the forefront of the rechargeable battery recycling cause and is pleased to offer battery recycling at thousands of convenient RadioShack locations for free.  Simply drop them off at your local RadioShack and theyll take care of the rest.  Ask a store associate for more details.","","false","false","false","false"
"Home Depot","","4250 N Newton St","Jasper","","IN","47546","8124823533","0","","https://ecooptions.homedepot.com/","38.4296448","-86.9364325","19.1250701863263","Batteries (Rechargeable); Cell Phone Batteries; Li-Ion Batteries; Ni-Cd Batteries; Ni-MH Batteries; Small Sealed Lead Acid Batteries","false","true","","Call2Recycle","false","false","false","false"
"Walmart","Walmart","4040 N Newton St","Jasper","Dubois","IN","47546","8126341233","0","","http://www.walmart.com","38.4282","-86.93784","19.1595801695869","Lead Acid (Pb) Batteries; Plastic Shopping Bags; Food Storage Bags; Computer (Recycling); Computer Monitors; Cameras; DVD Players/Blu-Ray Players/DVRs; Electronics; GPS Units; Laptop Computers; MP3 Players; Computer Peripherals; Portable Media Players; Printers/Scanners/Fax Machines; Small Electronics; Small Televisions; Tablets; Televisions; Video Game Systems; Blu-Ray Players; Video Game Consoles; PlayStation Consoles","false","true","","","false","false","false","false"
"Walmart Tire & Lube Express","Walmart Tire & Lube Express","4040 N Newton St","Jasper","Dubois","IN","47546","8126341233","0","","http://www.walmart.com/catalog/catalog.gsp?cat=495843","38.4282","-86.93784","19.1595801695869","Lead Acid (Pb) Batteries; Used Motor Oil; Oil Filters; Computer (Recycling); Computer Monitors; Cameras; DVD Players/Blu-Ray Players/DVRs; Electronics; GPS Units; Laptop Computers; MP3 Players; Computer Peripherals; Portable Media Players; Printers/Scanners/Fax Machines; Small Electronics; Small Televisions; Tablets; Televisions; Video Game Systems; Blu-Ray Players; Video Game Consoles; PlayStation Consoles","false","true","","","false","false","false","false"
"Call2Recycle at the Home Depot","Call2Recycle at the Home Depot","4250 N Newton St","Jasper","Dubois","IN","47546","8124823533","0","","http://www.homedepot.com/","38.43085","-86.93782","19.2255903187808","Cell Phones; Compact Fluorescent Lights; Ni-Cd Batteries; Li-Ion Batteries; Ni-MH Batteries; Ni-Zn Batteries; Small Sealed Lead Acid Batteries; Computer (Recycling); Computer Monitors; Cameras; DVD Players/Blu-Ray Players/DVRs; Electronics; GPS Units; Laptop Computers; MP3 Players; Computer Peripherals; Portable Media Players; Printers/Scanners/Fax Machines; Small Electronics; Small Televisions; Tablets; Televisions; Video Game Systems; Blu-Ray Players; Video Game Consoles; PlayStation Consoles","false","true","The Home Depot accepts used rechargeable batteries and compact fluorescent bulbs. Look for the orange drop boxes, usually located near the front entrance near the customer service desk, or ask a store associate for more details.","","false","false","false","false"
"Home Depot","Home Depot","4250 N Newton St","Jasper","Dubois","IN","47546","8124826357","0","","http://www.homedepot.com","38.43085","-86.93782","19.2255903187808","Compact Fluorescent Lights; Batteries (Rechargeable); Computer (Recycling); Computer Monitors; Cameras; DVD Players/Blu-Ray Players/DVRs; Electronics; GPS Units; Laptop Computers; MP3 Players; Computer Peripherals; Portable Media Players; Printers/Scanners/Fax Machines; Small Electronics; Small Televisions; Tablets; Televisions; Video Game Systems; Blu-Ray Players; Video Game Consoles; PlayStation Consoles","false","true","Home Depot accepts compact fluorescent bulbs and used power tool rechargeable batteries. Look for the orange drop boxes, usually located near the front entrance near the customer service desk.","","false","false","false","false"
"Haysville Drop-off Center","","7101 N Haysville Park St ","Jasper","","IN","47546","8123627401","0","","https://www.duboiscountyin.org","38.483203","-86.9168304","19.8729258443451","","false","false","","","false","false","false","false"
"Dubois County Process Center","Dubois County Process Center","1103 S 350 W ","Jasper","Dubois County","IN","47546","8124817040","0","Monday: 8:00 AM - 1:00 PM Tuesday: 8:00 AM - 1:00 PM Wednesday: 8:00 AM - 1:00 PM Thursday: 8:00 AM - 1:00 PM Friday: 8:00 AM - 1:00 PM ","http://www.duboiscountyin.org/","38.361258","-86.972611","19.8791974916258","Bikes; Compact Fluorescent Lights; Computer Monitors; Computer (Recycling); Cooking Oil; Electronics; Furniture; Televisions; Used Tires; Small Appliances; Small Televisions","false","true","The Center is available for use by Dubois County residents, agencies, organizations and small businesses. Fees apply to some items - call for details.","","false","false","false","false"
"Dubois County Household Hazardous Waste Facility","","1103 South 350 West","Jasper","","IN","47546","8124817040","0","","https://www.duboiscountyin.org","38.361258","-86.972611","19.8791974916258","","false","false","","","false","false","false","false"
"JOFCO","JOFCO","305 E 12th Ave","Jasper","Dubois","IN","47546","8124817230","0","","http://www.jofco.com/","38.39099","-86.96871","20.0140022232139","Cell Phones; Ni-Cd Batteries; Li-Ion Batteries; Ni-MH Batteries; Ni-Zn Batteries; Small Sealed Lead Acid Batteries; Computer (Recycling); Computer Monitors; Cameras; DVD Players/Blu-Ray Players/DVRs; Electronics; GPS Units; Laptop Computers; MP3 Players; Computer Peripherals; Portable Media Players; Printers/Scanners/Fax Machines; Small Electronics; Small Televisions; Tablets; Televisions; Video Game Systems; Blu-Ray Players; Video Game Consoles; PlayStation Consoles","false","true","The U.S. EPA estimates that more than 350 million rechargeable batteries are purchased annually in the U.S. Thanks to the environmental commitment of this location, its easy and free to recycle your batteries. Bring your rechargeable batteries to this location and look for the recycling box or ask an associate how you can do your part for the environment.","","false","false","false","false"
"Huntingburg Recycling Center","Huntingburg Recycling Center","3969 Ell Creek Rd ","Huntingburg","Dubois County","IN","47542","8124817040","0","Monday: 10:00 AM - 6:00 PM Tuesday: 10:00 AM - 6:00 PM Wednesday: 10:00 AM - 6:00 PM Thursday: 10:00 AM - 6:00 PM Friday: 10:00 AM - 6:00 PM Sunday: 8:00 AM - 4:00 PM ","http://www.duboiscountyin.org/offices/sanitation.html","38.3210704","-86.9797468","20.1378994297557","Plastic #1 (PETE); Plastic #2 (HDPE); Plastic #2 (Color HDPE); Aluminum Cans; Glass (Brown); Brown Paper Bags; Cardboard; Catalogs; Chipboard; Glass (Clear); Computer Paper; Glass (Green); Greeting Cards; Magazines; Paper (Mixed); Newspapers; Ni-Cd Batteries; Phone books; Batteries (Rechargeable); Alkaline/Single-Use Batteries; Tin or Steel Cans; Used Motor Oil; Office Paper","false","true","","","false","false","false","false"
"Huntingburg City Drop-Off Site","","3969 S Ell Creek Road","Huntingburg","","IN","47542","8124817040","0","","https://www.duboiscountyin.org","38.3210704","-86.9797468","20.1378994297557","","false","false","","","false","false","false","false"
"Spencer County SWMD Drop-off Site - Santa Claus","","15169 North State Route 245","Santa Claus","","IN","47577","8123627401","0","","https://spencercountyrecycles.com/","38.106378","-86.9073261","22.2848813552127","","false","false","","","false","false","false","false"
"Spencer County SWMD Drop-off Site - Dale","","205 South Dunn Street","Dale","","IN","47523","8123627401","0","","https://spencercountyrecycles.com/","38.1653036","-86.9843545","23.2755010968821","","false","false","","","false","false","false","false"
"Dale Auto Parts","Dale Auto Parts","22 S Washington St","Dale","Spencer","IN","47523","8129372566","0","Monday: 7:00 AM - 6:00 PM Tuesday: 7:00 AM - 6:00 PM Wednesday: 7:00 AM - 6:00 PM Thursday: 7:00 AM - 6:00 PM Friday: 7:00 AM - 6:00 PM Saturday: 7:00 AM - 5:00 PM ","","38.16855","-86.99011","23.4435276349685","Lead Acid (Pb) Batteries; Computer (Recycling); Computer Monitors; Cameras; DVD Players/Blu-Ray Players/DVRs; Electronics; GPS Units; Laptop Computers; MP3 Players; Computer Peripherals; Portable Media Players; Printers/Scanners/Fax Machines; Small Electronics; Small Televisions; Tablets; Televisions; Video Game Systems; Blu-Ray Players; Video Game Consoles; PlayStation Consoles","false","true","","","false","false","false","false"
"Lincoln Land Auto Parts","Lincoln Land Auto Parts","203 S Washington St ","Dale","Spencer County","IN","47523","8129374426","0","Monday: 6:30 AM - 6:00 PM Tuesday: 6:30 AM - 6:00 PM Wednesday: 6:30 AM - 6:00 PM Thursday: 6:30 AM - 6:00 PM Friday: 6:30 AM - 6:00 PM Saturday: 6:30 AM - 2:00 PM ","","38.1665525","-86.9900519","23.5059158871025","Lead Acid (Pb) Batteries; Computer (Recycling); Computer Monitors; Cameras; DVD Players/Blu-Ray Players/DVRs; Electronics; GPS Units; Laptop Computers; MP3 Players; Computer Peripherals; Portable Media Players; Printers/Scanners/Fax Machines; Small Electronics; Small Televisions; Tablets; Televisions; Video Game Systems; Blu-Ray Players; Video Game Consoles; PlayStation Consoles","false","true","","","false","false","false","false"
"Holland City Drop-Off Site","","408 Second Street","Holland","","IN","47541","8124817040","0","","https://www.duboiscountyin.org","38.2484572","-87.0379077","23.9268924775049","","false","false","","","false","false","false","false"
"Meade County Recycling Drop-off Location","","228 Pine Ridge Rd ","Battletown","","KY","40104","2704222868","0","","https://meadekychamber.org/","38.064745","-86.2979139","24.7647180647172","","false","false","","","false","false","false","false"
"Harrison County - Palmyra Reycling Center","","2090 Hwy 150NE","Palmyra","","IN","47164","8127388415","0","","https://harrisoncounty.in.gov","38.4204611","-86.1510694","25.5871529351125","","false","false","","","false","false","false","false"
"Spencer County SWMD Drop-off Site - Evanston","","8031 North Old Lamar Highway","Evanston","","IN","47531","8123627401","0","","https://spencercountyrecycles.com/","38.002228","-86.8338464","25.5886036307396","","false","false","","","false","false","false","false"
"Harrison County - Corydon Reycling Center","","3151 Progress Blvd ","Corydon","","IN","47112","8127388415","0","","https://harrisoncounty.in.gov","38.2480071","-86.1382476","26.0738478661086","","false","false","","","false","false","false","false"
"O'Reilly Auto Parts","null","  1009 Old Forest Road","Corydon","","IN","47112","8127383133","0","","http://oreillyauto.custhelp.com/app/error/error_id/6","38.2195013","-86.1450867","26.206916127944","","false","false","","","false","false","false","false"
"Lawrence County Solid Waste Collection Station - Halfmoon","","32 Georgia Road","Mitchell","","IN","47446","8122796159","0","","https://www.lawrencecountysolidwaste.org/facilities/collection-stations/","38.710182","-86.571466","26.5225644596349","","false","false","","","false","false","false","false"
"The UPS Store","The UPS Store","2131 Edsel Ln NW","Corydon","Harrison","IN","47112","8127341148","0","Monday: 9:00 AM - 7:00 PM Tuesday: 9:00 AM - 7:00 PM Wednesday: 9:00 AM - 7:00 PM Thursday: 9:00 AM - 7:00 PM Friday: 9:00 AM - 7:00 PM Saturday: 8:30 AM - 2:30 PM ","http://www.upsstore.com","38.23059","-86.1346","26.5475707492061","Packing Materials; Packing Peanut (Reuse); Computer (Recycling); Computer Monitors; Cameras; DVD Players/Blu-Ray Players/DVRs; Electronics; GPS Units; Laptop Computers; MP3 Players; Computer Peripherals; Portable Media Players; Printers/Scanners/Fax Machines; Small Electronics; Small Televisions; Tablets; Televisions; Video Game Systems; Blu-Ray Players; Video Game Consoles; PlayStation Consoles","false","true","","","false","false","false","false"
"AutoZone","","443 Old Capitol Plaza NW","Corydon","","IN","47112","8127383545","0","","https://www.autozone.com/landing/page.jsp?name=in-our-stores","38.227317","-86.1352855","26.5700910089701","","false","false","","","false","false","false","false"
"Walmart Tire & Lube Express","Walmart Tire & Lube Express","2363 Highway 135 NW","Corydon","Harrison","IN","47112","8127384551","0","","http://www.walmart.com/catalog/catalog.gsp?cat=495843","38.23033","-86.13424","26.5710383751322","Lead Acid (Pb) Batteries; Used Motor Oil; Oil Filters; Computer (Recycling); Computer Monitors; Cameras; DVD Players/Blu-Ray Players/DVRs; Electronics; GPS Units; Laptop Computers; MP3 Players; Computer Peripherals; Portable Media Players; Printers/Scanners/Fax Machines; Small Electronics; Small Televisions; Tablets; Televisions; Video Game Systems; Blu-Ray Players; Video Game Consoles; PlayStation Consoles","false","true","","","false","false","false","false"
"Walmart","Walmart","2363 Highway 135 NW","Corydon","Harrison","IN","47112","8127384551","0","","http://www.walmart.com","38.23033","-86.13424","26.5710383751322","Lead Acid (Pb) Batteries; Plastic Shopping Bags; Food Storage Bags; Computer (Recycling); Computer Monitors; Cameras; DVD Players/Blu-Ray Players/DVRs; Electronics; GPS Units; Laptop Computers; MP3 Players; Computer Peripherals; Portable Media Players; Printers/Scanners/Fax Machines; Small Electronics; Small Televisions; Tablets; Televisions; Video Game Systems; Blu-Ray Players; Video Game Consoles; PlayStation Consoles","false","true","","","false","false","false","false"
"Advance Auto Parts","null","1712 Highway 337 NW","Corydon","","IN","47112","8127340448","0","","http://shop.advanceautoparts.com/webapp/wcs/stores/servlet/home___","38.228769","-86.1339528","26.6137833590436","","false","false","","","false","false","false","false"
"Advance Auto Parts","","1712 Hwy 337","Corydon","","IN","47112","8127340448","0","","http://corp.advanceautoparts.com","38.228769","-86.1339528","26.6137833590436","","false","false","","","false","false","false","false"
"Tractor Supply","","1935 Old Highway 135","Corydon","","IN","47112","8127340296","0","","https://www.tractorsupply.com/","38.2297014","-86.1335153","26.6201577041559","","false","false","","","false","false","false","false"
"Walmart Supercenter","","2363 Hwy 135","Corydon","","IN","47112","8127384551","0","","https://www.walmart.com/","38.235375","-86.130811","26.6649294880297","","false","false","","","false","false","false","false"
"Walmart Tire and Lube Express","","2363 Hwy 135","Corydon","","IN","47112","8127384551","0","","https://www.walmart.com/cp/ideas/8932632","38.235375","-86.130811","26.6649294880297","","false","false","","","false","false","false","false"
"Trop-Artic Fast Lube","Trop-Artic Fast Lube","1447 10th St","Tell City","Perry","IN","47586","8125472392","0","Monday: 8:00 AM - 6:00 PM Tuesday: 8:00 AM - 6:00 PM Wednesday: 8:00 AM - 6:00 PM Thursday: 8:00 AM - 6:00 PM Friday: 8:00 AM - 6:00 PM ","","37.96172","-86.76719","26.6979684401798","Used Motor Oil; Computer (Recycling); Computer Monitors; Cameras; DVD Players/Blu-Ray Players/DVRs; Electronics; GPS Units; Laptop Computers; MP3 Players; Computer Peripherals; Portable Media Players; Printers/Scanners/Fax Machines; Small Electronics; Small Televisions; Tablets; Televisions; Video Game Systems; Blu-Ray Players; Video Game Consoles; PlayStation Consoles","false","true","","","false","false","false","false"
"Goodwill of Southern Indiana Inc. - Dell Reconnect Donation Site","","2400 Landmark Avenue","Corydon","","IN","47112","8127388011","0","","http://ww99.goodwillsi.org","38.2361686","-86.1261576","26.8970548023475","","false","false","","","false","false","false","false"
"Walmart Supercenter","","730 Hwy 66","Tell City","","IN","47586","8125478434","0","","https://www.walmart.com/","37.9516797","-86.7642427","27.3053626760616","","false","false","","","false","false","false","false"
"Walmart Tire and Lube Express","","730 Hwy 66","Tell City","","IN","47586","8125478434","0","","https://www.walmart.com/cp/ideas/8932632","37.9516797","-86.7642427","27.3053626760616","","false","false","","","false","false","false","false"
"Walmart","Walmart","730 US Highway 66 E","Tell City","Perry","IN","47586","8125478434","0","","http://www.walmart.com","37.95122","-86.76445","27.3390593161361","Lead Acid (Pb) Batteries; Plastic Shopping Bags; Food Storage Bags; Computer (Recycling); Computer Monitors; Cameras; DVD Players/Blu-Ray Players/DVRs; Electronics; GPS Units; Laptop Computers; MP3 Players; Computer Peripherals; Portable Media Players; Printers/Scanners/Fax Machines; Small Electronics; Small Televisions; Tablets; Televisions; Video Game Systems; Blu-Ray Players; Video Game Consoles; PlayStation Consoles","false","true","","","false","false","false","false"
"O'Reilly Auto Parts","null","  214 Us Highway 66 East ","Tell City","","IN","47586","8125473615","0","","http://oreillyauto.custhelp.com/app/error/error_id/6","37.9367534","-86.7560542","28.157654930441","","false","false","","","false","false","false","false"
"AutoZone","AutoZone","203 State Rd 66 E","Tell City","Perry County","IN","47586","8125478790","0","","http://www.autozone.com","37.9362799","-86.7577693","28.2157116165869","Lead Acid (Pb) Batteries; Used Motor Oil; Computer (Recycling); Computer Monitors; Cameras; DVD Players/Blu-Ray Players/DVRs; Electronics; GPS Units; Laptop Computers; MP3 Players; Computer Peripherals; Portable Media Players; Printers/Scanners/Fax Machines; Small Electronics; Small Televisions; Tablets; Televisions; Video Game Systems; Blu-Ray Players; Video Game Consoles; PlayStation Consoles","false","true","Most AutoZone stores accept used motor oil, transmission fluid, gear oil and automotive batteries. Call to see what your local store is currently accepting.","","false","false","false","false"
"Meade County Recycling Drop-off Location","","Kentucky 144 ","Payneville","","KY","40157","2704222868","0","","https://meadekychamber.org/","37.9898449","-86.3128562","28.3098202841123","","false","false","","","false","false","false","false"
"O'Reilly Auto Parts","null","101 Pine Street","Loogootee","","IN","47553","8122952371","0","","http://oreillyauto.custhelp.com/app/error/error_id/6","38.6726359","-86.9138485","29.0162391738355","","false","false","","","false","false","false","false"
"Joe & Linda's Radio Sales","Joe & Linda's Radio Sales","3270 E State Road 66","Cannelton","Perry","IN","47520","8125478564","0","","http://www.radioshack.com/","37.92103","-86.74891","29.0963660543321","Cell Phones; Ni-Cd Batteries; Li-Ion Batteries; Ni-MH Batteries; Ni-Zn Batteries; Small Sealed Lead Acid Batteries; Computer (Recycling); Computer Monitors; Cameras; DVD Players/Blu-Ray Players/DVRs; Electronics; GPS Units; Laptop Computers; MP3 Players; Computer Peripherals; Portable Media Players; Printers/Scanners/Fax Machines; Small Electronics; Small Televisions; Tablets; Televisions; Video Game Systems; Blu-Ray Players; Video Game Consoles; PlayStation Consoles","false","true","The U.S. EPA estimates that more than 350 million rechargeable batteries are purchased annually in the U.S. Thanks to the environmental commitment of this location, its easy and free to recycle your batteries. Bring your rechargeable batteries to this location and look for the recycling box or ask an associate how you can do your part for the environment.","","false","false","false","false"
"Martin County Recycling Center Drop-Off Site","","500 Industrial Park Drive","Loogootee","","IN","47553","8122954142","0","","https://www.loogootee.com/community/martincountyrecycling.html","38.6816253","-86.9027328","29.1963717771418","","false","false","","","false","false","false","false"
"Martin County SWMD Household Hazardous Waste Facility","","500 Industrial Park Dr","Loogootee","","IN","47553","8122954142","0","","https://www.loogootee.com/community/martincountyrecycling.html","38.6816253","-86.9027328","29.1963717771418","","false","false","","","false","false","false","false"
"Perry County Recycling Management District","null","508 2nd St ","Cannelton","Perry County","IN","47520","8125479787","0","","http://www.pcrmd.net/","37.9156777","-86.7496892","29.4644234599156","Computer (Recycling); Computer Monitors; Cameras; DVD Players/Blu-Ray Players/DVRs; Electronics; GPS Units; Laptop Computers; MP3 Players; Computer Peripherals; Portable Media Players; Printers/Scanners/Fax Machines; Small Electronics; Small Televisions; Tablets; Televisions; Video Game Systems; Blu-Ray Players; Video Game Consoles; PlayStation Consoles","false","true","County Residents Only ","Sony, Vizio, OEM, OEM Indiv, OEM Municipal sites","false","false","false","false"
"Perry County Household Hazardous Waste Facility","","508 2nd Street","Cannelton","","IN","47520","8125479787","0","","http://www.pcrmd.net/","37.9156285","-86.7497498","29.468564881329","","false","false","","","false","false","false","false"
"Cannelton Processing Facility","","508 N 2nd and Herzeele Street","Cannelton","","IN","47520","8125470407","0","","","37.9156285","-86.7497498","29.468564881329","","false","false","","","false","false","false","false"
"Parker's Transfer","Parker's Transfer","4995 US Highway 60 W","Lewisport","Hancock","KY","42351","2702953838","0","","null","37.92698","-86.8193","29.9463900846422","Aluminum Cans; Lead Acid (Pb) Batteries; Cardboard; Catalogs; Computer Paper; Ferrous Metals (Steel or Iron); Gift Boxes; Greeting Cards; Magazines; Paper (Mixed); Non-ferrous (Copper/Brass/Tin); Paperboard; Phone books; Used Motor Oil; Office Paper; Video Game Consoles; PlayStation Consoles","false","true","Please call ahead if you will be dropping off a large quantity of recycling items or to see if this site accepts an item not listed.","","false","false","false","false"
"Lawrence County Solid Waste Collection Station - Mill Creek","","1825 Mill Creek Road","Mitchell","","IN","47446","8128345106","0","","https://www.lawrencecountysolidwaste.org/facilities/collection-stations/","38.7429634","-86.4286686","30.30934973069","","false","false","","","false","false","false","false"
"911 Cell Phone Bank - Hansford County Sherriffs Office","911 Cell Phone Bank - Hansford County Sherriffs Office","225 Cross St N ","Hawesville","Hancock County","KY","42348","8662907864","0","","http://www.911cellphonebank.org/","37.9016176","-86.7490776","30.3950674373422","Cell Phones; Cameras; Laptop Computers; MP3 Players; Video Games; Video Game Consoles; Smart watches & Apple Watch®
","false","true","Please call to verify drop-off procedures and directions to the location.  For prepaid shipping labels, visit http://www.911cellphonebank.org/drop-off-locations.asp - click on "print shipping label."","","false","false","false","false"
"Hancock County Road Department","","695 Hawesville Boulevard","Hawesville","","KY","42348","2709278777","0","","http://www.hancockky.us/Government/otherdeptagencies.htm","37.8958926","-86.7461482","30.7388945808892","","false","false","","","false","false","false","false"
"Spencer County Household Hazardous and Electronic Waste Drop-off Facility","","918 County Road 800 N","Chrisney","","IN","47611","8123627401","0","","http://www.spencercountyrecycles.com/hazardous-waste.html","38.0034579","-87.0382442","32.3465758139261","","false","false","","","false","false","false","false"
"Spencer County SWMD Drop-off Site - Chrisney","","E County Road 800 North","Chrisney","","IN","47611","8123627401","0","","http://www.spencercountyrecycles.com/drop-off.html","38.0030219","-87.0393873","32.4123072231248","","false","false","","","false","false","false","false"
"Spencer County Solid Waste Management District","null","918 E County Rd 800 N ","Chrisney","Spencer County","IN","47611","8123627401","0","Monday: 10:00 AM - 6:00 PM Wednesday: 10:00 AM - 6:00 PM Friday: 10:00 AM - 6:00 PM Saturday: 8:00 AM - 4:00 PM Tuesday:  -  Thursday:  -  ","http://www.spencercountyrecycles.com/drop-off.html","38.0030042","-87.040178","32.4441984790033","Computer (Recycling); Computer Monitors; Cameras; DVD Players/Blu-Ray Players/DVRs; Electronics; GPS Units; Laptop Computers; MP3 Players; Computer Peripherals; Portable Media Players; Printers/Scanners/Fax Machines; Small Electronics; Small Televisions; Tablets; Televisions; Video Game Systems; Blu-Ray Players; Video Game Consoles; PlayStation Consoles; Batteries (Rechargeable); Cell Phone Batteries; Li-Ion Batteries; Ni-Cd Batteries; Ni-MH Batteries; Small Sealed Lead Acid Batteries; Cell Phones","false","true","County Residents Only ","Sony, Vizio, OEM, OEM Indiv, OEM Municipal sites, Call2Recycle","false","false","false","false"
"Spencer County SWMD Drop-off Site - Hatfield","","9771 West Old State Route 66","Hatfield","","IN","47617","8123627401","0","","https://spencercountyrecycles.com/","37.9491675","-86.9659569","32.5660375727655","","false","false","","","false","false","false","false"
"O'Reilly Auto Parts","null","802 Bypass Road","Brandenburg","","KY","40108","2704224224","0","","http://oreillyauto.custhelp.com/app/error/error_id/6","37.9896768","-86.1887756","32.6160266010065","","false","false","","","false","false","false","false"
"Call2Recycle at Salem True Value, Inc.","null","1312 W Mulberry St","Salem","Washington","IN","47167","8128833607","0","","http://www.truevalue.com/","38.60852","-86.1212","32.7348919136203","Cell Phones; Ni-Cd Batteries; Li-Ion Batteries; Ni-MH Batteries; Ni-Zn Batteries; Small Sealed Lead Acid Batteries; Computer (Recycling); Computer Monitors; Cameras; DVD Players/Blu-Ray Players/DVRs; Electronics; GPS Units; Laptop Computers; MP3 Players; Computer Peripherals; Portable Media Players; Printers/Scanners/Fax Machines; Small Electronics; Small Televisions; Tablets; Televisions; Video Game Systems; Blu-Ray Players; Video Game Consoles; PlayStation Consoles; Batteries (Rechargeable); Cell Phone Batteries; Li-Ion Batteries; Ni-Cd Batteries; Ni-MH Batteries; Small Sealed Lead Acid Batteries; Cell Phones","false","true","The U.S. EPA estimates that more than 350 million rechargeable batteries are purchased annually in the U.S. Thanks to the environmental commitment of this location, its easy and free to recycle your batteries. Bring your rechargeable batteries to this location and look for the recycling box or ask an associate how you can do your part for the environment.","Call2Recycle","false","false","false","false"
"Goin' Postal","","1965 Brandenburg Road Ste B","Brandenburg","","KY","40108","2704221133","0","","","37.9875058","-86.1880753","32.7502373500107","","false","false","","","false","false","false","false"
"Lawrence County Solid Waste Collection Station - Williams","","75 Williams Dam Road","Spice Valley","","IN","47470","8122779190","0","","https://www.lawrencecountysolidwaste.org/facilities/collection-stations/","38.8019947","-86.6449966","32.8509293765773","","false","false","","","false","false","false","false"
"Trunnells Scrap Metal","Trunnells Scrap Metal","7061 Old US Hwy 60 ","Hawesville","Hancock County","KY","42348","2702644004","0","Monday: 8:00 AM - 5:00 PM Tuesday: 8:00 AM - 5:00 PM Wednesday: 8:00 AM - 5:00 PM Thursday: 8:00 AM - 5:00 PM Friday: 8:00 AM - 5:00 PM Saturday: 8:00 AM - 11:59 PM ","","37.8526632","-86.6714396","32.9774609364854","Aluminum Cans; Aluminum; Car; Lead Acid (Pb) Batteries; Ferrous Metals (Steel or Iron); Large Household Appliances; Clothes Hangers (Metal); Non-ferrous (Copper/Brass/Tin); Tin or Steel Cans; Video Game Consoles; PlayStation Consoles","false","true","Please keep materials segregated.  Please call ahead if you will be dropping off a large quantity of recycling items or to see if this site accepts an item not listed.  If you are dropping off glass you also need to call ahead to verify the colors of glass this site is currently accepting.","","false","false","false","false"
"O'Reilly Auto Parts","null","1106 West Mulberry Street","Salem","","IN","47167","8128833100","0","","http://oreillyauto.custhelp.com/app/error/error_id/6","38.6089672","-86.1150195","33.0227251868421","","false","false","","","false","false","false","false"
"Big O Tires","Big O Tires","333 Broadway St","Brandenburg","Meade","KY","40108","2704223977","0","Monday: 8:00 AM - 6:00 PM Tuesday: 8:00 AM - 6:00 PM Wednesday: 8:00 AM - 6:00 PM Thursday: 8:00 AM - 6:00 PM Friday: 8:00 AM - 6:00 PM Saturday: 8:00 AM - 3:00 PM ","","37.99746","-86.16819","33.0328028170593","Used Tires; Video Game Consoles; PlayStation Consoles","false","true","There is a disposal fee for each used tire.","","false","false","false","false"
"AutoZone","AutoZone","811 S Main St","Salem","Washington","IN","47167","8128835707","0","","http://www.autozone.com","38.59675","-86.09992","33.2077585217181","Lead Acid (Pb) Batteries; Used Motor Oil; Computer (Recycling); Computer Monitors; Cameras; DVD Players/Blu-Ray Players/DVRs; Electronics; GPS Units; Laptop Computers; MP3 Players; Computer Peripherals; Portable Media Players; Printers/Scanners/Fax Machines; Small Electronics; Small Televisions; Tablets; Televisions; Video Game Systems; Blu-Ray Players; Video Game Consoles; PlayStation Consoles","false","true","Most AutoZone stores accept used motor oil, transmission fluid, gear oil and automotive batteries. Call to see what your local store is currently accepting.","","false","false","false","false"
"AutoZone","AutoZone","775 Bypass Rd","Brandenburg","Meade","KY","40108","2704227747","0","","http://www.autozone.com","37.98688","-86.17475","33.2895186218863","Lead Acid (Pb) Batteries; Used Motor Oil; Video Game Consoles; PlayStation Consoles","false","true","Most AutoZone stores accept used motor oil, transmission fluid, gear oil and automotive batteries. Call to see what your local store is currently accepting.","","false","false","false","false"
"Goodwill of Southern Indiana Inc. - Dell Reconnect Donation Site","","400 South Main Street","Salem","","IN","47167","8128832779","0","","http://ww99.goodwillsi.org","38.602235","-86.100238","33.4065954031771","","false","false","","","false","false","false","false"
"Washington County Landfill and Recycling Drop-off Trailer","","Northwest of Salem","Salem","","IN","47167","8128834811","0","","http://www.washingtoncounty.in.gov","38.6056131","-86.101089","33.501573050244","","false","false","","","false","false","false","false"
"Meade County Recycling Drop-off Location","","Dough Valley Community","Brandenburg","","KY","40108","2704222868","0","","https://meadekychamber.org/","37.991464","-86.161926","33.5657249026423","","false","false","","","false","false","false","false"
"Bluegrass Cellular","Bluegrass Cellular","616 Bypass Rd","Brandenburg","Meade","KY","40108","2704228080","0","Monday: 9:00 AM - 7:00 PM Tuesday: 9:00 AM - 7:00 PM Wednesday: 9:00 AM - 7:00 PM Thursday: 9:00 AM - 7:00 PM Friday: 9:00 AM - 7:00 PM Saturday: 9:00 AM - 7:00 PM ","http://bluegrasscellular.com","37.98863","-86.16323","33.6508066366105","Cell Phones; Video Game Consoles; PlayStation Consoles","false","true","","","false","false","false","false"
"Meade Company Solid Waste & Recycling","","750 Ready Mix Road","Brandenburg","","KY","40108","2704222868","0","","","37.9872141","-86.157616","33.938449414791","","false","false","","","false","false","false","false"
"Bluegrass Cellular","","616 River Ridge Plaza","Brandenburg","","KY","40108","2704228080","0","","https://bluegrasscellular.com/","37.9812822","-86.1635305","33.9950995410773","","false","false","","","false","false","false","false"
"Advance Auto Parts","Advance Auto Parts","1265 Old Ekron Rd","Brandenburg","Meade","KY","40108","2704225073","0","Monday: 7:00 AM - 9:00 PM Tuesday: 7:00 AM - 9:00 PM Wednesday: 7:00 AM - 9:00 PM Thursday: 7:00 AM - 9:00 PM Friday: 7:00 AM - 9:00 PM Saturday: 7:00 AM - 9:00 PM Sunday: 10:00 AM - 8:00 PM ","http://www.advanceautoparts.com","37.97584","-86.16257","34.2980788499641","Lead Acid (Pb) Batteries; Used Motor Oil; Video Game Consoles; PlayStation Consoles","false","true","","","false","false","false","false"
"Meade County Recycling Drop-off Location","","Kentucky 79 ","Guston","","KY","40142","2704222868","0","","https://meadekychamber.org/","37.9110384","-86.2576474","34.5065238115156","","false","false","","","false","false","false","false"
"Lawrence County Solid Waste Collection Station - Complex","","333 County Complex Road","Bedford","","IN","47421","8122796159","0","","https://www.lawrencecountysolidwaste.org/facilities/collection-stations/","38.821055","-86.498723","34.61766102215","","false","false","","","false","false","false","false"
"Advance Auto Parts","Advance Auto Parts","215 E 10th St","Jeffersonville","Clark","IN","47130","8122800317","0","Monday: 7:00 AM - 9:00 PM Tuesday: 7:00 AM - 9:00 PM Wednesday: 7:00 AM - 9:00 PM Thursday: 7:00 AM - 9:00 PM Friday: 7:00 AM - 9:00 PM Saturday: 7:00 AM - 9:00 PM Sunday: 10:00 AM - 8:00 PM ","http://www.advanceautoparts.com","38.30776","-86.69458","4.86948496911302","Lead Acid (Pb) Batteries; Used Motor Oil; Computer (Recycling); Computer Monitors; Cameras; DVD Players/Blu-Ray Players/DVRs; Electronics; GPS Units; Laptop Computers; MP3 Players; Computer Peripherals; Portable Media Players; Printers/Scanners/Fax Machines; Small Electronics; Small Televisions; Tablets; Televisions; Video Game Systems; Blu-Ray Players; Video Game Consoles; PlayStation Consoles","false","true","","","false","false","false","false"
"Pine Ridge Drop-Off Site","","4488 S Pine Ridge Rd.","Jasper","","IN","47546","8124817040","0","","https://www.duboiscountyin.org","38.315852","-86.762908","8.41814685595526","","false","false","","","false","false","false","false"
"Crawford County Solid Waste Management District - English Site","","700 S Indiana Avenue","English","","IN","47118","8123382728","0","","","38.344609","-86.444691","8.94604618737589","","false","false","","","false","false","false","false"
"Dubois County Construction Salvage","Dubois County Construction Salvage","914 S Celestine Rd S","Schnellville","Dubois","IN","47580","8126398753","0","","http://www.shinglerecycling.org/","38.36846","-86.78099","9.7780538219283","Shingles; Computer (Recycling); Computer Monitors; Cameras; DVD Players/Blu-Ray Players/DVRs; Electronics; GPS Units; Laptop Computers; MP3 Players; Computer Peripherals; Portable Media Players; Printers/Scanners/Fax Machines; Small Electronics; Small Televisions; Tablets; Televisions; Video Game Systems; Blu-Ray Players; Video Game Consoles; PlayStation Consoles","false","true","For more information on shingle recycling visit <a href="http://www.shinglerecycling.org/index.php" target="_blank">ShingleRecycling.org</a>","","false","false","false","false"
