name,description,address,city,region,province,postal_code,phone,fax,hours,url,latitude,longitude,distance,materials,pickup,dropoff,notes,groups,curbside,municipal,national,event_only
"Ozark Foothills Recycling Center","","Main and Tubbs Street ","Ellington","","MO","63638","5737850034","0","","http://www.ofrpc.org","37.238991","-90.9652569","20.607375389578","","false","false","","","false","false","false","false"
"Walmart","Walmart","1 Memorial Dr","Potosi","Washington","MO","63664","5734385441","0","","http://www.walmart.com","37.8917","-90.8521","26.0834650835875","Lead Acid (Pb) Batteries; Plastic Shopping Bags; Food Storage Bags; Computer (Recycling); Computer Monitors; Electronics; Laptop Computers; Computer Peripherals; Tablets; Video Game Consoles; PlayStation Consoles","false","true","","","false","false","false","false"
"City of Bismark Recycling Drop-off Location","","920 R Veterans Hwy","Bismarck","","MO","63624","5737342125","0","","","37.7698049","-90.6255175","26.517154891882","","false","false","","","false","false","false","false"
"AutoZone","","501 W Scenic River Blvd","Salem","","MO","65560","5737292496","0","","https://www.autozone.com/landing/page.jsp?name=in-our-stores","37.6339433","-91.5301476","29.3271373504584","","false","false","","","false","false","false","false"
"Walmart Supercenter","","Memorial Dr","Potosi","","MO","63664","5734385441","0","","https://www.walmart.com/","37.9248546","-90.7727699","29.8598108027175","","false","false","","","false","false","false","false"
"AutoZone","","507 E High St","Potosi","","MO","63664","5734385242","0","","https://www.autozone.com/landing/page.jsp?name=in-our-stores","37.9312221","-90.7802854","30.0837609554546","","false","false","","","false","false","false","false"
"Walmart Supercenter","","1101 Hwy 32","Salem","","MO","65560","5737296151","0","","https://www.walmart.com/","37.6340611","-91.5461363","30.1810203256215","","false","false","","","false","false","false","false"
"Scenic Rivers Industries","Scenic Rivers Industries","601 N Walker St ","Salem","Dent County","MO","65560","5737296264","0","Sunday: 12:00 AM - 11:59 PM Monday: 12:00 AM - 11:59 PM Tuesday: 12:00 AM - 11:59 PM Wednesday: 12:00 AM - 11:59 PM Thursday: 12:00 AM - 11:59 PM Friday: 12:00 AM - 11:59 PM Saturday: 12:00 AM - 11:59 PM ","null","37.6467827","-91.5437931","30.2654746817794","Aluminum Cans; Cardboard; Newspapers; Computer (Recycling); Computer Monitors; Electronics; Laptop Computers; Computer Peripherals; Tablets; Video Game Consoles; PlayStation Consoles","false","true","","","false","false","false","false"
"Ozark Foothills Recycling Center","","115 West Green Street ","Piedmont","","MO","63957","5737850034","0","","http://www.ofrpc.org","37.1557059","-90.6958532","31.363609974542","","false","false","","","false","false","false","false"
"Walmart","Walmart","15 Hals Plz","Piedmont","Wayne","MO","63957","5732237330","0","","http://www.walmart.com","37.14184","-90.6977","32.1154722246525","Lead Acid (Pb) Batteries; Plastic Shopping Bags; Food Storage Bags; Computer (Recycling); Computer Monitors; Electronics; Laptop Computers; Computer Peripherals; Tablets; Video Game Consoles; PlayStation Consoles","false","true","","","false","false","false","false"
"Walmart","","Hal's Plaza Dr","Piedmont","","MO","63957","5732237330","0","","https://www.walmart.com/","37.1398398","-90.6994762","32.1809361850455","","false","false","","","false","false","false","false"
"St. Francois County Transfer Station and Recycling Drop-off Location","","200 Landfill Rd","Park Hills","","MO","63601","5734314768","0","","","37.8728725","-90.5468533","34.3938892072405","","false","false","","","false","false","false","false"
"CLEMCO Recycling Solutions","","200 Landfill Road","Park Hills","","MO","63601","3142204250","0","","","37.8728725","-90.5468533","34.3938892072405","","false","false","","","false","false","false","false"
"Global Tech Electronics Recycling","","11 E Main St","Park Hills","","MO","63601","5734310909","0","","http://www.globaltechcomputers.com/","37.8486508","-90.5157877","34.5920744972921","","false","false","","","false","false","false","false"
"MRC Recycling","MRC Recycling","915 5th St","Park Hills","Saint Francois","MO","63601","6362230150","0","","http://www.midwrc.net","37.85393","-90.49879","35.545529610323","Lead Acid (Pb) Batteries; CD/DVD/Blu-ray/UHD discs; Computer Monitors; Computer (Recycling); Video Game Systems; Inkjet Printer Cartridges; Large Household Appliances; Lawn Equipment; Office Equipment; Batteries (Rechargeable); Telephones; Televisions; Laser Toner Cartridges; Printers/Scanners/Fax Machines; Small Appliances; Laptop Computers; Vacuum Cleaners; Tablets; MP3 Players; Portable Media Players; Cables & Connectors; Cameras; Servers; Microwaves; Computer Peripherals; Hair Dryers; Air Conditioners; Network Equipment; Exercise Equipment; Small Electronics; Speakers; Amps & Effects; Audio Mixers; Electronics; Video Game Consoles; PlayStation Consoles","true","true","There is a $15-$35 fee per CRT (glass) TV for individual drop-offs. Flat panel TVs can be recycled at no charge (plasma, LCD, and LED). Tube TVs 27 or smaller can be recycled for a $15 fee. Console, rear projection, and TVs larger than 27 can be recycled for a $35 fee. There are no fees for CRT or flat panel computer monitors. For businesses and large pickups with TVs, call for details.","","false","false","false","false"
"MRC - Certified Electronics Recycling","","915 5th St","Park Hills","","MO","63601","5734312526","0","","https://mrcrecycling.net/electronics-recycling-park-hills-mo/","37.854577","-90.4978048","35.6154060126626","","false","false","","","false","false","false","false"
"Walmart","Walmart","701 Walton Dr","Farmington","Saint Francois","MO","63640","5737568448","0","","http://www.walmart.com","37.78689","-90.43594","35.8524127556468","Lead Acid (Pb) Batteries; Plastic Shopping Bags; Food Storage Bags; Computer (Recycling); Computer Monitors; Electronics; Laptop Computers; Computer Peripherals; Tablets; Video Game Consoles; PlayStation Consoles","false","true","","","false","false","false","false"
"Cartridge World","","770 Market Street","Farmington","","MO","63640","5737470070","0","","","37.7904407","-90.4383077","35.8585652060318","","false","false","","","false","false","false","false"
"JCPenney","","734 Market St","Farmington","","MO","63640","5737568125","0","","https://www.jcpenney.com/","37.7895416","-90.4374143","35.8708140735552","","false","false","","","false","false","false","false"
"OfficeMax","","941 Valley Creek Dr","Farmington","","MO","63640","5737470377","0","","","37.7945909","-90.4407301","35.8848369701713","","false","false","","","false","false","false","false"
"Walmart Supercenter","","701 Walton Dr","Farmington","","MO","63640","5737568448","0","","https://www.walmart.com/","37.7894861","-90.4353239","35.9686679718944","","false","false","","","false","false","false","false"
"Walmart Tire and Lube Express","","701 Walton Dr","Farmington","","MO","63640","5737568448","0","","https://www.walmart.com/cp/ideas/8932632","37.7894861","-90.4353239","35.9686679718944","","false","false","","","false","false","false","false"
"O'Reilly Auto Parts","null","1129 North Desloge Drive","Desloge","","MO","63601","5734310943","0","","http://oreillyauto.custhelp.com/app/error/error_id/6","37.8810211","-90.5162574","36.010756152458","","false","false","","","false","false","false","false"
"Muellers Plumbing & Heating","","3412 Rosener Rd","Park Hills","","MO","63601","5734312182","0","","https://www.ameren.com","37.8523073","-90.4854095","36.0546155140344","","false","false","","","false","false","false","false"
"Tractor Supply","","604 Walmart Drive","Farmington","","MO","63640","3147569300","0","","https://www.tractorsupply.com/","37.7884826","-90.432036","36.0922132420741","","false","false","","","false","false","false","false"
"The UPS Store","The UPS Store","614 Walmart Dr","Farmington","Saint Francois","MO","63640","6367471460","0","Monday: 8:00 AM - 6:00 PM Tuesday: 8:00 AM - 6:00 PM Wednesday: 8:00 AM - 6:00 PM Thursday: 8:00 AM - 6:00 PM Friday: 8:00 AM - 6:00 PM Saturday: 9:00 AM - 5:00 PM ","http://www.upsstore.com","37.78913","-90.43155","36.1370358588586","Packing Materials; Packing Peanut (Reuse); Computer (Recycling); Computer Monitors; Electronics; Laptop Computers; Computer Peripherals; Tablets; Video Game Consoles; PlayStation Consoles","false","true","","","false","false","false","false"
"AutoZone","","1150 N Desloge Dr","Desloge","","MO","63601","5735180040","0","","https://www.autozone.com/landing/page.jsp?name=in-our-stores","37.8801704","-90.5117911","36.1551195209798","","false","false","","","false","false","false","false"
"Gifford Ace Hardware & Lumber","","510 Potosi St","Farmington","","MO","63640","5737565762","0","","https://www.ameren.com","37.7866706","-90.4290952","36.1730171132525","","false","false","","","false","false","false","false"
"Call2Recycle at Lowe's","Call2Recycle at Lowe's","625 W Karsch Blvd","Farmington","Saint Francois","MO","63640","5737018200","0","Monday: 6:00 AM - 10:00 PM Tuesday: 6:00 AM - 10:00 PM Wednesday: 6:00 AM - 10:00 PM Thursday: 6:00 AM - 10:00 PM Friday: 6:00 AM - 10:00 PM Saturday: 6:00 AM - 10:00 PM Sunday: 8:00 AM - 8:00 PM ","http://www.lowes.com/","37.7898","-90.43082","36.1942948073619","Cell Phones; Compact Fluorescent Lights; Ni-Cd Batteries; Plastic Shopping Bags; Li-Ion Batteries; Ni-MH Batteries; Ni-Zn Batteries; Small Sealed Lead Acid Batteries; Computer (Recycling); Computer Monitors; Electronics; Laptop Computers; Computer Peripherals; Tablets; Video Game Consoles; PlayStation Consoles","false","true","As an environmentally-committed retailer, Lowes offers a recycling center near store entrances to give consumers a free and easy way to properly dispose of rechargeable batteries, cell phones, CFLs and plastic shopping bags; materials that otherwise could be potentially harmful to the environment.  Look for the recycling center or ask a store associate for more details.","","false","false","false","false"
"Walmart Supercenter","","407 N State St","Park Hills","","MO","63601","5734315094","0","","https://www.walmart.com/","37.8837689","-90.5132306","36.2601348435143","","false","false","","","false","false","false","false"
"Walmart Tire and Lube Express","","407 N State St","Desloge","","MO","63601","5734315094","0","","https://www.walmart.com/cp/ideas/8932632","37.8837689","-90.5132306","36.2601348435143","","false","false","","","false","false","false","false"
"AutoZone","AutoZone","507 W Karsch Blvd","Farmington","Saint Francois","MO","63640","5734317004","0","","http://www.autozone.com","37.78938","-90.42879","36.2773923103103","Lead Acid (Pb) Batteries; Used Motor Oil; Computer (Recycling); Computer Monitors; Electronics; Laptop Computers; Computer Peripherals; Tablets; Video Game Consoles; PlayStation Consoles","false","true","Most AutoZone stores accept used motor oil, transmission fluid, gear oil and automotive batteries. Call to see what your local store is currently accepting.","","false","false","false","false"
"Lowe's","","625 W Karsch Blvd","Farmington","","MO","63640","5737018200","0","","https://newsroom.lowes.com/responsibility/operational-excellence/","37.790401","-90.4293102","36.28653024131","Batteries (Rechargeable); Cell Phone Batteries; Li-Ion Batteries; Ni-Cd Batteries; Ni-MH Batteries; Small Sealed Lead Acid Batteries; Cell Phones","false","true","","Call2Recycle","false","false","false","false"
"Walmart","Walmart","407 N State St","Desloge","Saint Francois","MO","63601","5734315094","0","","http://www.walmart.com","37.88467","-90.51133","36.3790288937869","Lead Acid (Pb) Batteries; Plastic Shopping Bags; Food Storage Bags; Computer (Recycling); Computer Monitors; Electronics; Laptop Computers; Computer Peripherals; Tablets; Video Game Consoles; PlayStation Consoles","false","true","","","false","false","false","false"
"AutoZone","","507 W Karsch Blvd","Farmington","","MO","63640","5734317004","0","","https://www.autozone.com/landing/page.jsp?name=in-our-stores","37.7890465","-90.4264077","36.3804093560999","","false","false","","","false","false","false","false"
"City of Farmington Recycling Drop-off Location","","N Middle St & E Spring St","Farmington","","MO","63640","5737560608","0","","https://farmington-mo.gov","37.7819668","-90.4161381","36.6447684887068","","false","false","","","false","false","false","false"
"Ozark Foothills Recycling Center","","1301 Main Street","Van Buren","","MO","63965","5737850034","0","","http://www.ofrpc.org","37.0042931","-91.0082968","36.6810814210787","","false","false","","","false","false","false","false"
"O'Reilly Auto Parts","null"," 350 East Karsch Blvd","Farmington","","MO","63640","5737010564","0","","http://oreillyauto.custhelp.com/app/error/error_id/6","37.7860088","-90.4160895","36.7770853519623","","false","false","","","false","false","false","false"
"AT&T Wireless","AT&T Wireless","740 W Karsch","Farmington","Saint Francois","MO","63640","5737019100","0","","http://www.att.com/","37.77215","-90.39923","37.1641276272255","Cell Phones; Ni-Cd Batteries; Batteries (Rechargeable); Cell Phone Batteries; Tablets; Li-Ion Batteries; Computer (Recycling); Computer Monitors; Electronics; Laptop Computers; Computer Peripherals; Video Game Consoles; PlayStation Consoles","false","true","Receive an AT&T Promotion Card worth the trade-in value of your smartphone, tablet, or netbook. You can also donate the trade-in value to Cell Phones for Soldiers.","","false","false","false","false"
"Lewis Salvage","Lewis Salvage","16699 E State Hwy E","Cadet","Washington","MO","63630","5734382541","0","Monday: 8:00 AM - 4:30 PM Tuesday: 8:00 AM - 4:30 PM Wednesday: 8:00 AM - 4:30 PM Thursday: 8:00 AM - 4:30 PM Friday: 8:00 AM - 4:30 PM Saturday: 8:00 AM - 12:00 PM ","","38.01682","-90.70253","37.2508865506836","Aluminum Cans; Non-ferrous (Copper/Brass/Tin); Computer (Recycling); Computer Monitors; Electronics; Laptop Computers; Computer Peripherals; Tablets; Video Game Consoles; PlayStation Consoles","false","true","","","false","false","false","false"
"Walmart Supercenter","","1025 Walton Dr","Fredericktown","","MO","63645","5737835581","0","","https://www.walmart.com/","37.5590199","-90.3197282","37.8031300896977","","false","false","","","false","false","false","false"
"AutoZone","","803 West Main St","Fredericktown","","MO","63645","5737834544","0","","https://www.autozone.com/landing/page.jsp?name=in-our-stores","37.5587511","-90.3098223","38.3445235972081","","false","false","","","false","false","false","false"
"AutoZone","","803 West Main St","Fredericktown","","MO","63645","5737834544","0","","https://www.autozone.com/landing/page.jsp?name=in-our-stores","37.5587511","-90.3098223","38.3445235972081","","false","false","","","false","false","false","false"
"City of Fredericktown Transfer Station and Recycling Center","","310 South Chamber Dr.","Fredericktown","","MO","63645","5737832513","0","","http://www.fredericktownmo.org/recycling.html","37.5554889","-90.2825849","39.8275430205359","","false","false","","","false","false","false","false"
"Fredricktown City Recycling Center","","311 S Chamber Dr","Fredericktown","","MO","63645","5737832513","0","","http://fredericktownmo.org/publicworks.html","37.5558231","-90.2820711","39.8564002217961","","false","false","","","false","false","false","false"
"Yemm and Hart","","425 N Chamber Dr","Fredericktown","","MO","63645","5737835434","0","","http://yemmhart.com/wordpress/","37.5662233","-90.2804897","39.9722610168805","","false","false","","","false","false","false","false"
"Atlas EPS","","701 Sargent Ln","Fredericktown","","MO","63645","8008388133","0","","https://www.atlasmoldedproducts.com","37.5698489","-90.2768798","40.1828767153075","","false","false","","","false","false","false","false"
"Versa Tech, Inc.","","Sargent Dr","Fredericktown","","MO","63645","8008398133","0","","http://versatechinc.net/","37.570373","-90.2767798","40.1903760700443","","false","false","","","false","false","false","false"
"O'Reilly Auto Parts","null","304 North Franklin Ste C","Cuba","","MO","65453","5738854550","0","","http://oreillyauto.custhelp.com/app/error/error_id/6","38.0648534","-91.4049096","42.4939512731682","","false","false","","","false","false","false","false"
"Walmart","","100 Ozark Dr","Cuba","","MO","65453","5738852501","0","","https://www.walmart.com/","38.0732525","-91.4018911","42.9115032089176","","false","false","","","false","false","false","false"
"PSC Metals Inc.","PSC Metals Inc.","752 State Hwy P ","Cuba","Crawford County","MO","65453","5738857628","5738851490","Monday: 8:00 AM - 11:30 AM Tuesday: 8:00 AM - 11:30 AM Wednesday: 8:00 AM - 11:30 AM Thursday: 8:00 AM - 11:30 AM Friday: 8:00 AM - 11:30 AM Monday: 12:15 PM - 4:00 PM Tuesday: 12:15 PM - 4:00 PM Wednesday: 12:15 PM - 4:00 PM Thursday: 12:15 PM - 4:00 PM Friday: 12:15 PM - 4:00 PM Saturday: 8:00 AM - 12:00 PM ","http://www.pscmetals.com","38.0790227","-91.3960714","43.1003577889856","Aluminum Cans; Car; Lead Acid (Pb) Batteries; Cell Phones; Computer (Recycling); Electronics; Ferrous Metals (Steel or Iron); Video Game Systems; Large Household Appliances; Non-ferrous (Copper/Brass/Tin); Office Equipment; Telephones; Stereo Equipment; Printers/Scanners/Fax Machines; Laptop Computers; Tablets; MP3 Players; AC Power Plugs; Portable Media Players; Cables & Connectors; Servers; Wire; Microwaves; Power Supplies; Computer Peripherals; VCRs; DVD Players/Blu-Ray Players/DVRs; Network Equipment; Catalytic Converters; Car Audio/Video Equipment; Radiators; High-Temp Alloys; Special Metals; Computer Monitors; Video Game Consoles; PlayStation Consoles","false","true","","","false","false","false","false"
"Midwest Sales","Midwest Sales","752 Highway P","Cuba","Crawford","MO","65453","5738857628","0","Monday: 8:00 AM - 5:00 PM Tuesday: 8:00 AM - 5:00 PM Wednesday: 8:00 AM - 5:00 PM Thursday: 8:00 AM - 5:00 PM Friday: 8:00 AM - 5:00 PM Saturday: 8:00 AM - 1:00 PM ","","38.08042","-91.39364","43.1196951005743","Aluminum Cans; Non-ferrous (Copper/Brass/Tin); Tin or Steel Cans; Computer (Recycling); Computer Monitors; Electronics; Laptop Computers; Computer Peripherals; Tablets; Video Game Consoles; PlayStation Consoles","false","true","Highway P is the Service Road for I-44.","","false","false","false","false"
"PSC Metals, Inc.","","752 State Highway P","Cuba","","MO","65453","5738857628","0","","https://www.pscmetals.com/","38.0798238","-91.396068","43.1484677878851","","false","false","","","false","false","false","false"
"City of Summersville Mobile Recycling Bin","","195 Rogers","Summersville","","MO","65571","4179324299","0","","","37.1794677","-91.6577037","43.2721655652286","","false","false","","","false","false","false","false"
"Yemm & Hart Ltd","Yemm & Hart Ltd","1417 Madison 308","Marquand","Madison","MO","63655","5737835434","0","","http://www.yemmhart.com/materials/winecork/wine_cork_recycling.html","37.44799","-90.22667","43.3179266165963","Computer (Recycling); Computer Monitors; Electronics; Laptop Computers; Computer Peripherals; Tablets; Video Game Consoles; PlayStation Consoles","false","true","","","false","false","false","false"
"Richwoods Fire Protection District","","10015 Turtle Rd","Richwoods","","MO","63071","5736782886","0","","http://richwoodsfireprotectiondistrict.com","38.1664014","-90.8189538","44.8268748242199","","false","false","","","false","false","false","false"
"Timber Ridge Landfill and Recycling Center","","12581 State Hwy H","Richwoods","","MO","63071","5734314768","0","","http://catchthebugrecycling.com/","38.1640656","-90.7413554","45.8387625610595","","false","false","","","false","false","false","false"
"Napa Auto Parts","Napa Auto Parts","118 S Main St ","Licking","Texas County","MO","65542","5736742500","0","Monday: 8:00 AM - 5:30 PM Tuesday: 8:00 AM - 5:30 PM Wednesday: 8:00 AM - 5:30 PM Thursday: 8:00 AM - 5:30 PM Friday: 8:00 AM - 5:30 PM Saturday: 8:00 AM - 3:00 PM ","http://www.napaautoparts.com","37.4974833","-91.8569293","46.529735397079","Lead Acid (Pb) Batteries; Computer (Recycling); Computer Monitors; Electronics; Laptop Computers; Computer Peripherals; Tablets; Video Game Consoles; PlayStation Consoles","false","true","","","false","false","false","false"
"City of LIcking Recycling Drop-off Location","","125 S Main St","Licking","","MO","65542","5736742521","0","","","37.4981211","-91.8571678","46.5401395144485","","false","false","","","false","false","false","false"
"O'Reilly Auto Parts","null","810 North Jefferson ","St James","","MO","65559","5732651732","0","","http://oreillyauto.custhelp.com/app/error/error_id/6","38.0083425","-91.6195829","46.6879967222808","","false","false","","","false","false","false","false"
"Shred Nations","Shred Nations (inside Pack N Ship Etc)","623 Missouri Ave","Sullivan","Franklin","MO","63080","5732604369","0","Monday: 8:00 AM - 6:30 PM Tuesday: 8:00 AM - 6:30 PM Wednesday: 8:00 AM - 6:30 PM Wednesday: 9:30 AM - 5:30 PM Thursday: 9:00 AM - 5:00 PM Friday: 9:00 AM - 5:00 PM ","http://www.shrednations.com/dropoff/location/sullivan/40d8f8de-6f91-6507-8ff2-54073a29e766","38.21147","-91.16984","47.5371639272341","Cell Phones; Computer (Recycling); Laptop Computers; Small Televisions; Documents to Shred; Computer Monitors; Electronics; Computer Peripherals; Tablets; Video Game Consoles; PlayStation Consoles","true","true","Shred Nations offers document shredding, hard drive destruction, electronics recycling and more. Visit website for quotes and full list of services offered in your area. ","","false","false","false","false"
"Reynolds Recycling","Reynolds Recycling","416 Hawthorne Ln ","Sullivan","Franklin County","MO","63080","5734686260","0","Monday: 8:00 AM - 5:00 PM Tuesday: 8:00 AM - 5:00 PM Wednesday: 8:00 AM - 5:00 PM Thursday: 8:00 AM - 5:00 PM Friday: 8:00 AM - 5:00 PM Saturday: 8:00 AM - 3:00 PM ","","38.2141539","-91.1911377","47.9462433525011","Aluminum Cans; Non-ferrous (Copper/Brass/Tin); Computer (Recycling); Computer Monitors; Electronics; Laptop Computers; Computer Peripherals; Tablets; Video Game Consoles; PlayStation Consoles","false","true","","","false","false","false","false"
"O'Reilly Auto Parts","","664 Cumberland Way","Sullivan","","MO","63080","5734683293","0","","http://oreillyauto.custhelp.com/app/error/error_id/6","38.2194607","-91.1584337","47.9703602261129","","false","false","","","false","false","false","false"
"Walmart Supercenter","","350 Park Ridge Rd","Sullivan","","MO","63080","5734687030","0","","https://www.walmart.com/","38.2207758","-91.1546463","48.0253479302416","","false","false","","","false","false","false","false"
"Walmart Tire and Lube Express","","350 Park Ridge Rd","Sullivan","","MO","63080","5734687030","0","","https://www.walmart.com/cp/ideas/8932632","38.2207758","-91.1546463","48.0253479302416","","false","false","","","false","false","false","false"
"AutoZone","","1899 Rock Rd","De Soto","","MO","63020","6365865812","0","","https://www.autozone.com/landing/page.jsp?name=in-our-stores","38.1405023","-90.575696","48.0451151542824","","false","false","","","false","false","false","false"
"Walmart","Walmart","350 Park Ridge Rd","Sullivan","Franklin","MO","63080","5734687030","0","","http://www.walmart.com","38.2211","-91.15782","48.0763122259661","Lead Acid (Pb) Batteries; Plastic Shopping Bags; Food Storage Bags; Computer (Recycling); Computer Monitors; Electronics; Laptop Computers; Computer Peripherals; Tablets; Video Game Consoles; PlayStation Consoles","false","true","","","false","false","false","false"
"Call2Recycle at Lowe's","Call2Recycle at Lowe's","760 Eagles Ct","Sullivan","Franklin","MO","63080","5738602602","0","Monday: 6:00 AM - 10:00 PM Tuesday: 6:00 AM - 10:00 PM Wednesday: 6:00 AM - 10:00 PM Thursday: 6:00 AM - 10:00 PM Friday: 6:00 AM - 10:00 PM Saturday: 6:00 AM - 10:00 PM Sunday: 8:00 AM - 8:00 PM ","http://www.lowes.com/","38.22173","-91.15465","48.0903941260164","Cell Phones; Compact Fluorescent Lights; Ni-Cd Batteries; Plastic Shopping Bags; Li-Ion Batteries; Ni-MH Batteries; Ni-Zn Batteries; Small Sealed Lead Acid Batteries; Computer (Recycling); Computer Monitors; Electronics; Laptop Computers; Computer Peripherals; Tablets; Video Game Consoles; PlayStation Consoles; Batteries (Rechargeable); Cell Phone Batteries; Li-Ion Batteries; Ni-Cd Batteries; Ni-MH Batteries; Small Sealed Lead Acid Batteries; Cell Phones","false","true","As an environmentally-committed retailer, Lowes offers a recycling center near store entrances to give consumers a free and easy way to properly dispose of rechargeable batteries, cell phones, CFLs and plastic shopping bags; materials that otherwise could be potentially harmful to the environment.  Look for the recycling center or ask a store associate for more details.","Call2Recycle","false","false","false","false"
"AutoZone","null","464 S Service Rd E","Sullivan","","MO","63080","5738605055","0","","https://www.autozone.com/landing/page.jsp?name=in-our-stores","38.2228829","-91.155236","48.1742211482776","","false","false","","","false","false","false","false"
"Lowe's","","760 Eagles Court","Sullivan","","MO","63080","5738602602","0","","https://newsroom.lowes.com/responsibility/operational-excellence/","38.2255526","-91.1523666","48.330594026149","","false","false","","","false","false","false","false"
"USPS Post Office Box Lobby Recycling Program","US Post Office","950 Boyd St","De Soto","Jefferson","MO","63020","8002758777","0","","https://www.usps.com/","38.14224","-90.56288","48.4968415991132","Catalogs; Greeting Cards; Magazines; Paper (Mixed)","false","true","","","false","false","false","false"
"US Post Office","USPS Discarded Lobby Mail Recycling Program","950 Boyd St","De Soto","Jefferson","MO","63020","0","0","","","38.14224","-90.56288","48.4968415991132","Computer (Recycling); Computer Monitors; Electronics; Laptop Computers; Computer Peripherals; Tablets; Video Game Consoles; PlayStation Consoles","false","true","","","false","false","false","false"
"Walmart Tire & Lube Express","Walmart Tire & Lube Express","12862 MO-21 ","De Soto","Jefferson County","MO","63020","6365866878","0","","http://www.walmart.com/","38.1490501","-90.5774338","48.513248653588","Lead Acid (Pb) Batteries; Used Motor Oil; Oil Filters; Computer (Recycling); Computer Monitors; Electronics; Laptop Computers; Computer Peripherals; Tablets; Video Game Consoles; PlayStation Consoles","false","true","","","false","false","false","false"
"Walmart","Walmart","12862 MO-21 ","De Soto","Jefferson County","MO","63020","6365866878","0","","http://www.walmart.com","38.1490501","-90.5774338","48.513248653588","Lead Acid (Pb) Batteries; Plastic Shopping Bags; Food Storage Bags; Computer (Recycling); Computer Monitors; Electronics; Laptop Computers; Computer Peripherals; Tablets; Video Game Consoles; PlayStation Consoles","false","true","","","false","false","false","false"
"Walmart Supercenter","","12862 State Route 21","De Soto","","MO","63020","6365866878","0","","https://www.walmart.com/","38.1500208","-90.5753317","48.6275380754389","","false","false","","","false","false","false","false"
"Walmart Tire and Lube Express","","12862 State Route 21","De Soto","","MO","63020","6365866878","0","","https://www.walmart.com/cp/ideas/8932632","38.1500208","-90.5753317","48.6275380754389","","false","false","","","false","false","false","false"
"Hamel & Rowe Inc","","210 N Main St","De Soto","","MO","63020","6365863230","0","","https://www.ameren.com","38.140443","-90.5535948","48.6465934312757","","false","false","","","false","false","false","false"
"Curlile Auto Salvage","Curlile Auto Salvage","2571 Hwy W ","Summersville","Texas County","MO","65571","4179324298","0","Monday: 8:00 AM - 5:00 PM Tuesday: 8:00 AM - 5:00 PM Wednesday: 8:00 AM - 5:00 PM Thursday: 8:00 AM - 5:00 PM Friday: 8:00 AM - 5:00 PM Saturday: 8:00 AM - 12:00 PM ","","37.1250955","-91.72962","48.6753679080477","Car; Automobile Parts; Computer (Recycling); Computer Monitors; Electronics; Laptop Computers; Computer Peripherals; Tablets; Video Game Consoles; PlayStation Consoles","false","true","","","false","false","false","false"
"Recycling Works, LLC","","12814 County Road 5030","Rolla","","MO","65402","5733683688","0","","","37.9113098","-91.7708342","49.0676357644052","","false","false","","","false","false","false","false"
"Recycling Works, LLC","Recycling Works, LLC","12814 Co Rd 5030 ","Rolla","Phelps County","MO","65401","5733683688","0","Monday: 8:00 AM - 4:30 PM Tuesday: 8:00 AM - 4:30 PM Wednesday: 8:00 AM - 4:30 PM Thursday: 8:00 AM - 4:30 PM Friday: 8:00 AM - 4:30 PM ","","37.9112656","-91.7714521","49.0946767124383","Plastic #1 (PETE); Plastic #2 (HDPE); Plastic #2 (Color HDPE); Plastic #6 (Polystyrene); Aluminum Cans; Cardboard; Catalogs; Greeting Cards; Magazines; Paper (Mixed); Newspapers; Tin or Steel Cans; Office Paper; Computer (Recycling); Computer Monitors; Electronics; Laptop Computers; Computer Peripherals; Tablets; Video Game Consoles; PlayStation Consoles","false","true","Please call for pick up service and rate quotes (commercial pick up only). This site shreads documents for a fee.","","false","false","false","false"
"FRC Recycling Center","","4280 Fountain City Road","De Soto","","MO","63020","6365862158","0","","","38.14819","-90.550077","49.204202846018","","false","false","","","false","false","false","false"
"Dep Builders Supply","","12561 Highway 21","De Soto","","MO","63020","6363373381","0","","https://www.truevalue.com/","38.1637618","-90.5706316","49.5811479558368","","false","false","","","false","false","false","false"
"Dep Builders Supply","Dep Builders Supply","12561 State Route 21","De Soto","Jefferson","MO","63020","6363373381","0","","http://www.truevalue.com","38.1647","-90.5685","49.6940120798938","Transmission Fluid; Used Motor Oil; Computer (Recycling); Computer Monitors; Electronics; Laptop Computers; Computer Peripherals; Tablets; Video Game Consoles; PlayStation Consoles","false","true","","","false","false","false","false"
"NB West Contracting","NB West Contracting","1035 N Service Rd E","Sullivan","Franklin","MO","63080","5734684533","0","","null","38.24343","-91.1698","49.7083972515237","Shingles; Computer (Recycling); Computer Monitors; Electronics; Laptop Computers; Computer Peripherals; Tablets; Video Game Consoles; PlayStation Consoles","false","true","","","false","false","false","false"
"RadioShack","RadioShack","1308 Forum Dr","Rolla","Phelps","MO","65401","5733646440","0","Monday: 9:00 AM - 9:00 PM Tuesday: 9:00 AM - 9:00 PM Wednesday: 9:00 AM - 9:00 PM Thursday: 9:00 AM - 9:00 PM Friday: 9:00 AM - 9:00 PM Saturday: 9:00 AM - 8:00 PM Sunday: 10:00 AM - 7:00 PM ","http://www.radioshack.com","37.95415","-91.75233","49.8608112525897","Cell Phones; Ni-Cd Batteries; Batteries (Rechargeable); Cell Phone Batteries; Computer (Recycling); Computer Monitors; Electronics; Laptop Computers; Computer Peripherals; Tablets; Video Game Consoles; PlayStation Consoles","false","true","","","false","false","false","false"
"The UPS Store","The UPS Store","1028 S Bishop Ave","Rolla","Phelps","MO","65401","5733640006","0","Monday: 8:30 AM - 6:00 PM Tuesday: 8:30 AM - 6:00 PM Wednesday: 8:30 AM - 6:00 PM Thursday: 8:30 AM - 6:00 PM Friday: 8:30 AM - 6:00 PM Saturday: 9:00 AM - 3:00 PM ","http://www.upsstore.com","37.92803","-91.77938","50.0768914321649","Packing Materials; Packing Peanut (Reuse); Computer (Recycling); Computer Monitors; Electronics; Laptop Computers; Computer Peripherals; Tablets; Video Game Consoles; PlayStation Consoles","false","true","","","false","false","false","false"
"JCPenney","","1050 S Bishop Ave","Rolla","","MO","65401","5733641611","0","","https://www.jcpenney.com/","37.9284461","-91.7811185","50.172212751083","","false","false","","","false","false","false","false"
"Rolla Recycling Center","Rolla Recycling Center","2141 Old Saint James Rd","Rolla","Phelps","MO","65401","5733646693","0","","http://www.rollacity.org/","37.96698","-91.74957","50.2562926326188","Plastic #1 (PETE); Plastic #2 (HDPE); Plastic #2 (Color HDPE); Aluminum Cans; Book Recycling; Glass (Brown); Brown Paper Bags; Lead Acid (Pb) Batteries; Cardboard; Catalogs; Cell Phones; Chipboard; Glass (Clear); CD/DVD/Blu-ray/UHD discs; Computer Monitors; Computer Paper; Computer (Recycling); Gift Boxes; Glass (Green); Greeting Cards; Magazines; Paper (Mixed); Newspapers; Ni-Cd Batteries; Paperboard; Phone books; Plastic Shopping Bags; Batteries (Rechargeable); Alkaline/Single-Use Batteries; Smoke Detector; Televisions; Tin or Steel Cans; VHS & Cassette Tapes; Office Paper; Cell Phone Batteries; Vacuum Cleaners; Cables & Connectors; Microwaves; Computer Peripherals; Dehumidifiers; VCRs; DVD Players/Blu-Ray Players/DVRs; Food Storage Bags; Li-Ion Batteries","false","true","The Recycling Center also accepts e-waste items between the hours of 8:00 a.m. - 2:00 p.m., Monday through Friday. Special arrangements can be made if needed.","","false","false","false","false"
"City of Rolla Recycling Center","","2141 Old St James Rd","Rolla","","MO","65401","5733646693","0","","https://www.rollacity.org/waste/waste.shtml","37.9687433","-91.748482","50.2805631033084","","false","false","","","false","false","false","false"
"City of Rolla Electronic Waste Recycling Drop-off Location","","2141 Old St James Rd","Rolla","","MO","65401","5733646693","0","","https://www.rollacity.org/waste/waste.shtml","37.9687433","-91.748482","50.2805631033084","","false","false","","","false","false","false","false"
"City of Rolla Christmas Tree Collection Event","","2141 Old St James Rd","Rolla","","MO","65401","5733646693","0","","","37.9687433","-91.748482","50.2805631033084","","false","false","","","false","false","false","false"
"City of Rolla Hazardous Waste Collection","","2141 Old St James Rd","Rolla","","MO","65401","5733646693","0","","https://rollacity.org/waste/recycle.shtml#hhw","37.9687433","-91.748482","50.2805631033084","","false","false","","","false","false","false","false"
"Staples","Staples","613 South Bishop Avenue","Rolla","Phelps County","MO","65401","5733682878","0","Monday: 8:00 AM - 9:00 PM Tuesday: 8:00 AM - 9:00 PM Wednesday: 8:00 AM - 9:00 PM Thursday: 8:00 AM - 9:00 PM Friday: 8:00 AM - 9:00 PM Saturday: 9:00 AM - 9:00 PM Sunday: 11:00 AM - 6:00 PM ","https://www.staples.com/recycle","37.9375398","-91.776339","50.295182232056","AC Power Plugs; Batteries (Rechargeable); Cables & Connectors; Cell Phone Batteries; Cell Phones; Computer (Recycling); Hard Drives; Computer Monitors; Cameras; DVD Players/Blu-Ray Players/DVRs; Electronics; E-Readers; GPS Units; Headphones; Inkjet Printer Cartridges; Laptop Computers; Laser Toner Cartridges; Li-Ion Batteries; MP3 Players; Network Equipment; Ni-Cd Batteries; Ni-MH Batteries; Ni-Zn Batteries; Computer Peripherals; Portable Media Players; Printers/Scanners/Fax Machines; Small Electronics; Small Sealed Lead Acid Batteries; Stereo Equipment; Tablets; Telephones; UPS Batteries/Backup Systems; VCRs; Video Game Systems; Blu-Ray Players; Digital Converter Boxes; Video Game Consoles; PlayStation Consoles; Alkaline/Single-Use Batteries; Batteries (Rechargeable); Cell Phone Batteries; Li-Ion Batteries; Ni-Cd Batteries; Ni-MH Batteries; Small Sealed Lead Acid Batteries; Alkaline/Single-Use Batteries; Button Batteries; Non-rechargeable lithium batteries; Cell Phones","false","true","NO TVs; Limit 6 CEDs per day; ","Sony, Vizio, OEM, Call2Recycle","false","false","false","false"
"Staples","","615 South Bishop","Rolla","","MO","65401","5733682878","0","","https://www.staples.com/sbd/cre/marketing/sustainability-center/recycling-services/","37.9375398","-91.776339","50.295182232056","Alkaline/Single-Use Batteries","false","true","","","false","false","false","false"
"Staples","","615 South Bishop Avenue","Rolla","","MO","65401","5733682878","0","","https://www.staples.com/sbd/cre/marketing/sustainability-center/recycling-services/","37.9375398","-91.776339","50.295182232056","","false","false","","","false","false","false","false"
"Walmart","Walmart","500 S Bishop Ave","Rolla","Phelps","MO","65401","5733419145","0","","http://www.walmart.com","37.93869","-91.77741","50.3876086735649","Lead Acid (Pb) Batteries; Plastic Shopping Bags; Food Storage Bags; Computer (Recycling); Computer Monitors; Electronics; Laptop Computers; Computer Peripherals; Tablets; Video Game Consoles; PlayStation Consoles","false","true","","","false","false","false","false"
"AutoZone","null","601 W State Rte 72","Rolla","","MO","65401","5733646715","0","","https://www.autozone.com/landing/page.jsp?name=in-our-stores","37.9416918","-91.7755633","50.4181063215845","","false","false","","","false","false","false","false"
"Walmart Supercenter","","500 S Bishop Ave","Rolla","","MO","65401","5733419145","0","","https://www.walmart.com/","37.937582","-91.7791399","50.424389760918","","false","false","","","false","false","false","false"
"Walmart Tire and Lube Express","","500 S Bishop Ave","Rolla","","MO","65401","5733419145","0","","https://www.walmart.com/cp/ideas/8932632","37.937582","-91.7791399","50.424389760918","","false","false","","","false","false","false","false"
"911 Cell Phone Bank - RSVP of Phelps County","911 Cell Phone Bank - RSVP of Phelps County","200 N Main St Ste G13","Rolla","Phelps","MO","65401","8662907864","0","","http://www.911cellphonebank.org/","37.9454","-91.77352","50.467978087499","Cell Phones; Cameras; Laptop Computers; MP3 Players; Video Games; Video Game Consoles; Smart watches & Apple Watch®
","false","true","Please call to verify drop-off procedures and directions to the location.  For prepaid shipping labels, visit http://www.911cellphonebank.org/drop-off-locations.asp - click on "print shipping label."","","false","false","false","false"
