name,description,address,city,region,province,postal_code,phone,fax,hours,url,latitude,longitude,distance,materials,pickup,dropoff,notes,groups,curbside,municipal,national,event_only
"Livingston County Recycling Drop-off Location","","3300 Pleasant Plain ","Trenton","","MO","64683","6603397880","0","","http://www.hopehavenindustries.org/services.htm","40.0964949","-93.6130757","20.9058257923998","","false","false","","","false","false","false","false"
"Walmart Tire & Lube Express","Walmart Tire & Lube Express","14740 State Hwy N ","Eagleville","Harrison County","MO","64442","4174686116","0","","http://www.walmart.com/","40.4668052","-93.9791887","21.1926700402871","Lead Acid (Pb) Batteries; Used Motor Oil; Oil Filters; Computer (Recycling); Computer Monitors; Electronics; Laptop Computers; Computer Peripherals; Tablets; Video Game Consoles; PlayStation Consoles","false","true","","","false","false","false","false"
"Grundy County Trailer Recycling Drop-off Program","","","Trenton ","","MO","64683","6603596305","0","","http://www.grundycountymo.com/county-clerk.php","40.0789018","-93.6166074","22.1313809104909","","false","false","","","false","false","false","false"
"Grundy County Trailer Recycling Drop-off Program","","","Trenton ","","MO","64683","6603596305","0","","http://www.grundycountymo.com/index.php","40.0789018","-93.6166074","22.1313809104909","","false","false","","","false","false","false","false"
"O'Reilly Auto Parts","null","1855 East 9th Street ","Trenton","","MO","64683","6603594490","0","","http://oreillyauto.custhelp.com/app/error/error_id/6","40.0747931","-93.5970298","22.364745651507","","false","false","","","false","false","false","false"
"Farmers' Cooperative Grain & Seed Company","Farmers' Cooperative Grain & Seed Company","202 S Linden St","Lamoni","Decatur","IA","50140","6417843326","0","Monday: 8:00 AM - 5:00 PM Tuesday: 8:00 AM - 5:00 PM Wednesday: 8:00 AM - 5:00 PM Thursday: 8:00 AM - 5:00 PM Friday: 8:00 AM - 5:00 PM ","null","40.62266","-93.93338","23.9240978054086","Used Motor Oil; Video Game Consoles; PlayStation Consoles","false","true","This drop-off site is located at 4th Street and Linden.","","false","false","false","false"
"Walmart Supercenter","","810 S 37Th St","Bethany","","MO","64424","6604254410","0","","https://www.walmart.com/","40.262382","-94.0171173","24.557020855974","","false","false","","","false","false","false","false"
"Leon Automotive","Leon Automotive","103 SE Vine St","Leon","Decatur","IA","50144","6414467143","0","Monday: 8:30 AM - 5:30 PM Tuesday: 8:30 AM - 5:30 PM Wednesday: 8:30 AM - 5:30 PM Thursday: 8:30 AM - 5:30 PM Friday: 8:30 AM - 5:30 PM Saturday: 9:00 AM - 12:00 PM ","","40.73949","-93.74115","24.9272743716554","Used Motor Oil; Video Game Consoles; PlayStation Consoles","false","true","","","false","false","false","false"
"Unionville Iron & Metal","","31319 U.S. 136","Unionville","","MO","63505","6602924839","0","","https://www.hugedomains.com/domain_profile.cfm?d=esiowa&e=com","40.4727342","-92.9704272","32.7942350810251","","false","false","","","false","false","false","false"
"Raes' Auto Repair","Raes' Auto Repair","1004 N Front St","Humeston","Wayne","IA","50123","6418776602","0","Monday: 8:00 AM - 5:00 PM Tuesday: 8:00 AM - 5:00 PM Wednesday: 8:00 AM - 5:00 PM Thursday: 8:00 AM - 5:00 PM Friday: 8:00 AM - 5:00 PM ","","40.86869","-93.49945","32.8105994246686","Lead Acid (Pb) Batteries; Used Motor Oil; Oil Filters; Video Game Consoles; PlayStation Consoles","false","true","","","false","false","false","false"
"Decatur County Household Hazardous Waste Drop-off Site","","125th Avenue","Grand River","","IA","50108","6417735229","0","","https://www.iowadnr.gov","40.8163323","-93.9572847","34.8183930961365","","false","false","","","false","false","false","false"
"Grand River Landfill","","125th Ave","Grand River","","IA","50108","6417735229","0","","","40.8163323","-93.9572847","34.8183930961365","","false","false","","","false","false","false","false"
"Goodwill of Western Missouri and Eastern Kansas - Dell Reconnect Donation Site","","401-403 Park Lane","Chillicothe","","MO","64601","6606464661","0","","https://www.mokangoodwill.org/","39.8076264","-93.5493446","40.8630302388137","","false","false","","","false","false","false","false"
"AT&T Wireless","AT&T Wireless","820 S Washington","Chillicothe","Livingston County","MO","64601","6602400270","0","","http://www.att.com/","39.7954507","-93.5537599","41.6930203905858","Cell Phones; Ni-Cd Batteries; Batteries (Rechargeable); Cell Phone Batteries; Tablets; Li-Ion Batteries; Computer (Recycling); Computer Monitors; Electronics; Laptop Computers; Computer Peripherals; Video Game Consoles; PlayStation Consoles","false","true","Receive an AT&T Promotion Card worth the trade-in value of your smartphone, tablet, or netbook. You can also donate the trade-in value to Cell Phones for Soldiers.","","false","false","false","false"
"Livingston County Clothing Drop-off Location","","304 Clay St ","Chillicothe","","MO","64601","6066465172","0","","http://www.hopehavenindustries.org/services.htm","39.79253","-93.5475646","41.9093814257516","","false","false","","","false","false","false","false"
"Livingston County Recycling Drop-off Location","","12 Herriman St ","Chillicothe","","MO","64601","6606465172","0","","http://www.hopehavenindustries.org/services.htm","39.7912393","-93.5435461","42.0093528307704","","false","false","","","false","false","false","false"
"Hope Haven Industries","","12 Herriman St","Chillicothe","","MO","64601","6606460028","0","","http://hopehavenindustries.org/","39.7912393","-93.5435461","42.0093528307704","","false","false","","","false","false","false","false"
"Call2Recycle at Lowe's","Call2Recycle at Lowe's","100 W Business 36","Chillicothe","Livingston","MO","64601","6607074840","0","Monday: 6:00 AM - 10:00 PM Tuesday: 6:00 AM - 10:00 PM Wednesday: 6:00 AM - 10:00 PM Thursday: 6:00 AM - 10:00 PM Friday: 6:00 AM - 10:00 PM Saturday: 6:00 AM - 10:00 PM Sunday: 8:00 AM - 8:00 PM ","http://www.lowes.com/","39.78497","-93.55446","42.4150428796496","Cell Phones; Compact Fluorescent Lights; Ni-Cd Batteries; Plastic Shopping Bags; Li-Ion Batteries; Ni-MH Batteries; Ni-Zn Batteries; Small Sealed Lead Acid Batteries; Computer (Recycling); Computer Monitors; Electronics; Laptop Computers; Computer Peripherals; Tablets; Video Game Consoles; PlayStation Consoles; Batteries (Rechargeable); Cell Phone Batteries; Li-Ion Batteries; Ni-Cd Batteries; Ni-MH Batteries; Small Sealed Lead Acid Batteries; Cell Phones","false","true","As an environmentally-committed retailer, Lowes offers a recycling center near store entrances to give consumers a free and easy way to properly dispose of rechargeable batteries, cell phones, CFLs and plastic shopping bags; materials that otherwise could be potentially harmful to the environment.  Look for the recycling center or ask a store associate for more details.","Call2Recycle","false","false","false","false"
"O'Reilly Auto Parts","null","201 South Washington ","Chillicothe","","MO","64601","6606465516","0","","http://oreillyauto.custhelp.com/app/error/error_id/6","39.7847828","-93.5524488","42.4323226917407","","false","false","","","false","false","false","false"
"Walmart Tire and Lube Express","","1000 Graves St","Chillicothe","","MO","64601","6606466000","0","","https://www.walmart.com/cp/ideas/8932632","39.7762668","-93.5562827","43.0122148099075","","false","false","","","false","false","false","false"
"Walmart Supercenter","","1000 Graves St","Chillicothe","","MO","64601","6606466000","0","","https://www.walmart.com/","39.7762668","-93.5562827","43.0122148099075","","false","false","","","false","false","false","false"
"Walmart Tire & Lube Express","Walmart Tire & Lube Express","1000 Graves St","Chillicothe","Livingston","MO","64601","6606466000","0","","http://www.walmart.com/catalog/catalog.gsp?cat=495843","39.77513","-93.55412","43.0950713490897","Lead Acid (Pb) Batteries; Used Motor Oil; Oil Filters; Computer (Recycling); Computer Monitors; Electronics; Laptop Computers; Computer Peripherals; Tablets; Video Game Consoles; PlayStation Consoles","false","true","","","false","false","false","false"
"Lowe's","","100 US Business 36","Chillicothe","","MO","64601","6607074840","0","","https://newsroom.lowes.com/responsibility/operational-excellence/","39.774065","-93.543383","43.1947178163695","","false","false","","","false","false","false","false"
"Walmart Supercenter","","23145 Hwy 5","Centerville","","IA","52544","6414377181","0","","https://www.walmart.com/","40.7092188","-92.8662435","43.4754202790676","","false","false","","","false","false","false","false"
"Call2Reycle at True Value Hardware","null","201 Drake Ave","Centerville","Appanoose","IA","52544","6418566353","0","","http://www.truevalue.com/","40.73072","-92.87258","43.9389594582845","Cell Phones; Ni-Cd Batteries; Li-Ion Batteries; Ni-MH Batteries; Ni-Zn Batteries; Small Sealed Lead Acid Batteries; Video Game Consoles; PlayStation Consoles","false","true","The U.S. EPA estimates that more than 350 million rechargeable batteries are purchased annually in the U.S. Thanks to the environmental commitment of this location, its easy and free to recycle your batteries. Bring your rechargeable batteries to this location and look for the recycling box or ask an associate how you can do your part for the environment.","","false","false","false","false"
"Bratz Texaco","","102 Drake Avenue","Centerville","","IA","52544","5154371100","0","","","40.7321209","-92.8731034","43.9658863499217","","false","false","","","false","false","false","false"
"Bratz Texaco","Bratz Texaco","102 Drake Ave","Centerville","Appanoose","IA","52544","5154371100","0","","","40.73184","-92.87276","43.9711292722679","Antifreeze; Lead Acid (Pb) Batteries; Used Motor Oil; Oil Filters; Video Game Consoles; PlayStation Consoles","false","true","","","false","false","false","false"
"Helleur Service Center","","215 East Jackson","Centerville","","IA","52544","6414377161","0","","","40.7337077","-92.8725081","44.0496718620999","","false","false","","","false","false","false","false"
"Helleur Service Center","Helleur Service Center","215 E Jackson St","Centerville","Appanoose","IA","52544","6414377161","0","Monday: 8:00 AM - 5:00 PM Tuesday: 8:00 AM - 5:00 PM Wednesday: 8:00 AM - 5:00 PM Thursday: 8:00 AM - 5:00 PM Friday: 8:00 AM - 5:00 PM ","","40.73364","-92.87211","44.0650015588652","Lead Acid (Pb) Batteries; Used Motor Oil; Video Game Consoles; PlayStation Consoles","false","true","","","false","false","false","false"
"Rathbun Area Solid Waste Commission","Rathbun Area Solid Waste Commission","3020 McCarty St","Centerville","Appanoose","IA","52544","6414377279","0","","http://www.raswc.org/","40.70601","-92.8504","44.0939966798067","Cell Phones; Ni-Cd Batteries; Li-Ion Batteries; Ni-MH Batteries; Ni-Zn Batteries; Small Sealed Lead Acid Batteries; Video Game Consoles; PlayStation Consoles; Batteries (Rechargeable); Cell Phone Batteries; Li-Ion Batteries; Ni-Cd Batteries; Ni-MH Batteries; Small Sealed Lead Acid Batteries; Cell Phones","false","true","The U.S. EPA estimates that more than 350 million rechargeable batteries are purchased annually in the U.S. Thanks to the environmental commitment of this location, its easy and free to recycle your rechargeable batteries. Look for the recycling box or ask a staff member how you can do your part for the environment.","Call2Recycle","false","false","false","false"
"Rathbun Area Solid Waste Management Commission Transfer Station","Rathbun Area Solid Waste Management Commission Transfer Station","3020 McCarty St","Centerville","Appanoose","IA","52544","6414377279","0","Monday: 8:00 AM - 4:00 PM Tuesday: 8:00 AM - 4:00 PM Wednesday: 8:00 AM - 4:00 PM Thursday: 8:00 AM - 4:00 PM Friday: 8:00 AM - 4:00 PM Saturday: 8:00 AM - 11:59 PM ","http://www.raswc.org","40.70601","-92.8504","44.0939966798067","Computer Monitors; Construction Materials; Electronics; Furniture; Bed Mattresses; Roofing Materials; MP3 Players; Video Game Consoles; PlayStation Consoles","false","true","","","false","false","false","false"
"USPS Post Office Box Lobby Recycling Program","US Post Office","101 W Main St","Tingley","Ringgold","IA","50863","8002758777","0","","https://www.usps.com/","40.84884","-94.19262","44.4889269160631","Catalogs; Greeting Cards; Magazines; Paper (Mixed)","false","true","","","false","false","false","false"
"O'Reilly Auto Parts","null","948 North 18th Street","Centerville","","IA","52544","6418563711","0","","http://oreillyauto.custhelp.com/app/error/error_id/6","40.7414092","-92.8686604","44.5007793250581","","false","false","","","false","false","false","false"
"Appanoose County RASWC Transfer Station and Recycling Center","","3020 McCarty St","Centerville","","IA","52544","6414377279","0","","http://www.raswc.org/recycling_center.html","40.7223055","-92.851943","44.5734104832429","","false","false","","","false","false","false","false"
"Appanoose County RASWC Electronic and Household Hazardous Waste Drop-off Program","","McCarty St","Centerville","","IA","52544","6414377279","0","","http://www.raswc.org/rcc.html","40.7217338","-92.8512268","44.58626476606","","false","false","","","false","false","false","false"
"Walmart Supercenter","","2400 College Dr","Osceola","","IA","50213","6413421650","0","","https://www.walmart.com/","41.0232317","-93.8003524","44.6009752658006","","false","false","","","false","false","false","false"
"Clarke County Landfill","","2544 Kansas St","Osceola","","IA","50213","6413422076","0","","https://www.chamberofcommerce.com/osceola-ia/29422309-clarke-county-landfill","41.0360609","-93.723857","44.6408635576206","","false","false","","","false","false","false","false"
"Clarke County Recycling Drop-off Site - Hy-Vee","","510 W McLane St","Osceola","","IA","50213","6413475022","0","","http://www.prairieswa.org/index.php?option=com_content&view=article&id=48&Itemid=54","41.0289998","-93.773193","44.6536411299287","","false","false","","","false","false","false","false"
"Walmart","Walmart","1101 N 18th St","Centerville","Appanoose","IA","52544","6414377181","0","","http://www.walmart.com","40.74586","-92.86794","44.6961247583248","Lead Acid (Pb) Batteries; Plastic Shopping Bags; Food Storage Bags; Video Game Consoles; PlayStation Consoles","false","true","","","false","false","false","false"
"Anchor Motor Company Inc.","Anchor Motor Company Inc.","1120 W Jefferson St ","Osceola","Clarke County","IA","50213","6413422537","0","Monday: 8:00 AM - 8:00 PM Tuesday: 8:00 AM - 6:00 PM Wednesday: 8:00 AM - 6:00 PM Thursday: 8:00 AM - 6:00 PM Friday: 8:00 AM - 6:00 PM Saturday: 8:00 AM - 5:00 PM ","null","41.0334574","-93.7790687","45.0220798029942","Used Motor Oil; Video Game Consoles; PlayStation Consoles","false","true","","","false","false","false","false"
"Chariton True Value","Chariton True Value","115 N Main St","Chariton","Lucas","IA","50049","6417744912","0","","http://www.truevalue.com","41.01544","-93.30847","45.0473612715414","Transmission Fluid; Used Motor Oil; Video Game Consoles; PlayStation Consoles","false","true","","","false","false","false","false"
"Amos Redemption Center","Amos Redemption Center","1016 Roland Ave ","Chariton","Lucas County","IA","50049","6415774426","0","Monday: 8:30 AM - 5:00 PM Tuesday: 8:30 AM - 5:00 PM Wednesday: 8:30 AM - 5:00 PM Thursday: 8:30 AM - 5:00 PM Friday: 8:30 AM - 5:00 PM ","null","41.0167193","-93.3094659","45.1141794250734","Aluminum Cans; Glass (Brown); Glass (Clear); Glass (Green); Video Game Consoles; PlayStation Consoles","false","true","","","false","false","false","false"
"Lucas County Household Hazardous Waste Mobile Collection","","","Chariton","","IA","50049","6418288545","0","","https://sciswa.org","41.0199996","-93.3140985","45.2517009997213","","false","false","","","false","false","false","false"
"Linn County Recycling Drop-off Location","","703 Pershing Dr","Laclede","","MO","64651","6609632044","0","","","39.7856273","-93.1686079","47.7477484317998","","false","false","","","false","false","false","false"
"Greenhill Recyclers","","703 Pershing Drive","Laclede","","MO","64651","6603762600","0","","","39.7856273","-93.1686079","47.7477484317998","","false","false","","","false","false","false","false"
"Walmart","Walmart","2400 College Dr","Osceola","Clarke","IA","50213","6413421650","0","","http://www.walmart.com","41.08244","-93.79288","48.4814260569951","Lead Acid (Pb) Batteries; Plastic Shopping Bags; Food Storage Bags; Video Game Consoles; PlayStation Consoles","false","true","","","false","false","false","false"
"O'Reilly Auto Parts","null","200 South Main","Brookfield","","MO","64628","6602587548","0","","http://oreillyauto.custhelp.com/app/error/error_id/6","39.7824273","-93.0732339","50.46443979876","","false","false","","","false","false","false","false"
"Walmart Supercenter","","Park Cir Dr","Brookfield","","MO","64628","6602587416","0","","https://www.walmart.com/","39.7694442","-93.0667532","51.4067327169862","","false","false","","","false","false","false","false"
"City of Kirksville Household Hazardous Waste Facility","","2001 N. Osteopathy Street ","Kirksville","","MO","63501","6606271291","0","","http://www.kirksvillecity.com","40.2113982","-92.59098","54.0127093085568","","false","false","","","false","false","false","false"
"Home Depot","","3015 N Baltimore","Kirksville","","MO","63501","6606272777","0","","https://ecooptions.homedepot.com/","40.2258296","-92.583806","54.1460800286869","","false","false","","","false","false","false","false"
"Home Depot","Home Depot","3015 N Baltimore St","Kirksville","Adair","MO","63501","6606272777","0","","http://www.homedepot.com","40.22512","-92.58275","54.211424517657","Compact Fluorescent Lights; Batteries (Rechargeable); Computer (Recycling); Computer Monitors; Electronics; Laptop Computers; Computer Peripherals; Tablets; Video Game Consoles; PlayStation Consoles","false","true","Home Depot accepts compact fluorescent bulbs and used power tool rechargeable batteries. Look for the orange drop boxes, usually located near the front entrance near the customer service desk.","","false","false","false","false"
"Call2Recycle at the Home Depot","Call2Recycle at the Home Depot","3015 N Baltimore St","Kirksville","Adair","MO","63501","6606272777","0","","http://www.homedepot.com/","40.22512","-92.58275","54.211424517657","Cell Phones; Compact Fluorescent Lights; Ni-Cd Batteries; Li-Ion Batteries; Ni-MH Batteries; Ni-Zn Batteries; Small Sealed Lead Acid Batteries; Computer (Recycling); Computer Monitors; Electronics; Laptop Computers; Computer Peripherals; Tablets; Video Game Consoles; PlayStation Consoles; Batteries (Rechargeable); Cell Phone Batteries; Li-Ion Batteries; Ni-Cd Batteries; Ni-MH Batteries; Small Sealed Lead Acid Batteries","false","true","The Home Depot accepts used rechargeable batteries and compact fluorescent bulbs. Look for the orange drop boxes, usually located near the front entrance near the customer service desk, or ask a store associate for more details.","Call2Recycle","false","false","false","false"
"Spurrier Brothers Oil Company","Spurrier Brothers Oil Company","210 Broadway St ","Clearfield","Taylor County","IA","50840","6413362314","0","Monday: 7:00 AM - 5:30 PM Tuesday: 7:00 AM - 5:30 PM Wednesday: 7:00 AM - 5:30 PM Thursday: 7:00 AM - 5:30 PM Friday: 7:00 AM - 5:30 PM Saturday: 7:00 AM - 12:00 PM ","","40.8034049","-94.4756295","54.3975148594795","Lead Acid (Pb) Batteries; Used Motor Oil; Video Game Consoles; PlayStation Consoles","false","true","","","false","false","false","false"
"Walmart Tire & Lube Express","Walmart Tire & Lube Express","2206 N Baltimore St","Kirksville","Adair","MO","63501","6606277100","0","","http://www.walmart.com/catalog/catalog.gsp?cat=495843","40.21499","-92.58229","54.3976828787639","Lead Acid (Pb) Batteries; Used Motor Oil; Oil Filters; Computer (Recycling); Computer Monitors; Electronics; Laptop Computers; Computer Peripherals; Tablets; Video Game Consoles; PlayStation Consoles","false","true","","","false","false","false","false"
"True Value Farm & Home","","100 West Potter Avenue","Kirksville","","MO","63501","6606657268","0","","https://www.truevalue.com/","40.2115455","-92.5833177","54.4023155570715","","false","false","","","false","false","false","false"
"True Value Farm & Home","True Value Farm & Home","100 W Potter Ave","Kirksville","Adair","MO","63501","6606657268","0","","http://www.truevalue.com","40.21003","-92.58263","54.4630149009112","Transmission Fluid; Used Motor Oil; Computer (Recycling); Computer Monitors; Electronics; Laptop Computers; Computer Peripherals; Tablets; Video Game Consoles; PlayStation Consoles","false","true","","","false","false","false","false"
"Call2Recycle at True Value Farm and Home","null","100 W Potter Ave","Kirksville","Adair","MO","63501","6606657268","0","","http://www.truevalue.com/","40.21003","-92.58263","54.4630149009112","Cell Phones; Ni-Cd Batteries; Li-Ion Batteries; Ni-MH Batteries; Ni-Zn Batteries; Small Sealed Lead Acid Batteries; Computer (Recycling); Computer Monitors; Electronics; Laptop Computers; Computer Peripherals; Tablets; Video Game Consoles; PlayStation Consoles","false","true","The U.S. EPA estimates that more than 350 million rechargeable batteries are purchased annually in the U.S. Thanks to the environmental commitment of this location, its easy and free to recycle your batteries. Bring your rechargeable batteries to this location and look for the recycling box or ask an associate how you can do your part for the environment.","","false","false","false","false"
"Walmart Supercenter","","2206 N Baltimore St","Kirksville","","MO","63501","6606277100","0","","https://www.walmart.com/","40.2166912","-92.5795581","54.5098306707194","","false","false","","","false","false","false","false"
"Tractor Supply","","1700 North Baltimore Street","Kirksville","","MO","63501","6606276333","0","","https://www.tractorsupply.com/","40.209488","-92.5803327","54.5897044645467","","false","false","","","false","false","false","false"
"Westlake Ace Hardware","","1614 N Green St","Kirksville","","MO","63501","6606653742","0","","https://www.ameren.com","40.2070015","-92.5805795","54.6193596489319","","false","false","","","false","false","false","false"
"911 Cell Phone Bank - RSVP Of Washington County","911 Cell Phone Bank - RSVP Of Washington County","201 N Elson St Ste 205","Kirksville","Adair","MO","63501","8662907864","0","","http://www.911cellphonebank.org/","40.19306","-92.58417","54.6830410839827","Cell Phones; Cameras; Laptop Computers; MP3 Players; Video Games; Video Game Consoles; Smart watches & Apple Watch®
","false","true","Please call to verify drop-off procedures and directions to the location.  For prepaid shipping labels, visit http://www.911cellphonebank.org/drop-off-locations.asp - click on "print shipping label."","","false","false","false","false"
"AutoZone","AutoZone","1404 N Baltimore St","Kirksville","Adair","MO","63501","6606275499","0","","http://www.autozone.com","40.1836","-92.57202","55.4764758647275","Lead Acid (Pb) Batteries; Used Motor Oil; Computer (Recycling); Computer Monitors; Electronics; Laptop Computers; Computer Peripherals; Tablets; Video Game Consoles; PlayStation Consoles","false","true","Most AutoZone stores accept used motor oil, transmission fluid, gear oil and automotive batteries. Call to see what your local store is currently accepting.","","false","false","false","false"
"JCPenney","","2206 S Baltimore St","Kirksville","","MO","63501","6606653464","0","","https://www.jcpenney.com/","40.1768138","-92.5734387","55.534432371258","","false","false","","","false","false","false","false"
"Walmart Supercenter","","2000 N Walnut St","Cameron","","MO","64429","8166329900","0","","https://www.walmart.com/","39.7581613","-94.2317335","55.862641330926","","false","false","","","false","false","false","false"
"Walmart Tire and Lube Express","","2000 N Walnut St","Cameron","","MO","64429","8166329900","0","","https://www.walmart.com/cp/ideas/8932632","39.7581613","-94.2317335","55.862641330926","","false","false","","","false","false","false","false"
"Walmart","Walmart","2000 N Walnut St","Cameron","Dekalb","MO","64429","8166329900","0","","http://www.walmart.com","39.75393","-94.23432","56.1783223027709","Lead Acid (Pb) Batteries; Plastic Shopping Bags; Food Storage Bags; Computer (Recycling); Computer Monitors; Electronics; Laptop Computers; Computer Peripherals; Tablets; Video Game Consoles; PlayStation Consoles","false","true","","","false","false","false","false"
"Advance Auto Parts","Advance Auto Parts","415 Northland Dr","Cameron","Dekalb","MO","64429","8166324858","0","Monday: 7:00 AM - 9:00 PM Tuesday: 7:00 AM - 9:00 PM Wednesday: 7:00 AM - 9:00 PM Thursday: 7:00 AM - 9:00 PM Friday: 7:00 AM - 9:00 PM Saturday: 7:00 AM - 9:00 PM Sunday: 10:00 AM - 8:00 PM ","http://www.advanceautoparts.com","39.7508","-94.23364","56.3285026824532","Lead Acid (Pb) Batteries; Used Motor Oil; Computer (Recycling); Computer Monitors; Electronics; Laptop Computers; Computer Peripherals; Tablets; Video Game Consoles; PlayStation Consoles","false","true","","","false","false","false","false"
"City of Cameron Recycling Drop-off Location","","906 N Walnut St","Cameron","","MO","64429","8166322177","0","","http://www.cameron-mo.com/178/Recycling-Collection","39.7474054","-94.2335758","56.5134319959619","","false","false","","","false","false","false","false"
"O'Reilly Auto Parts","null","119 East Grand","Cameron","","MO","64429","8166327279","0","","http://oreillyauto.custhelp.com/app/error/error_id/6","39.7486938","-94.2368199","56.5465575308432","","false","false","","","false","false","false","false"
"Clinco Sheltered Workshop","Clinco Sheltered Workshop","1205 W Grand Ave","Cameron","Dekalb","MO","64429","8166323966","0","Monday: 9:00 AM - 3:30 PM Tuesday: 9:00 AM - 3:30 PM Wednesday: 9:00 AM - 3:30 PM Thursday: 9:00 AM - 3:30 PM Friday: 9:00 AM - 3:30 PM ","","39.75337","-94.2507","56.7409641593912","Plastic #1 (PETE); Plastic #2 (HDPE); Plastic #2 (Color HDPE); Aluminum Cans; Aluminum; Glass (Blue); Glass (Brown); Brown Paper Bags; Cardboard; Catalogs; Chipboard; Glass (Clear); Computer Paper; Gift Boxes; Glass (Green); Greeting Cards; Magazines; Paper (Mixed); Newspapers; Paperboard; Phone books; Plastic Shopping Bags; Tin or Steel Cans; Office Paper; Food Storage Bags; Computer (Recycling); Computer Monitors; Electronics; Laptop Computers; Computer Peripherals; Tablets; Video Game Consoles; PlayStation Consoles","false","true","","","false","false","false","false"
"Delmmar Communications","Delmmar Communications","920 N Ashland Dr","Cameron","Dekalb","MO","64429","8166321583","0","","http://www.delmmar.com/","39.74807","-94.24815","56.9469205100306","Cell Phones; Ni-Cd Batteries; Li-Ion Batteries; Ni-MH Batteries; Ni-Zn Batteries; Small Sealed Lead Acid Batteries; Computer (Recycling); Computer Monitors; Electronics; Laptop Computers; Computer Peripherals; Tablets; Video Game Consoles; PlayStation Consoles","false","true","The U.S. EPA estimates that more than 350 million rechargeable batteries are purchased annually in the U.S. Thanks to the environmental commitment of this location, its easy and free to recycle your batteries. Bring your rechargeable batteries to this location and look for the recycling box or ask an associate how you can do your part for the environment.","","false","false","false","false"
"Prairie SWA RCC Satellite Facility -Clarke County","","1774 Lark Avenue","Creston","","IA","50801","1866282878","0","","https://www.iowadnr.gov","41.045861","-94.260077","56.969639223531","","false","false","","","false","false","false","false"
"Prairie Solid Waste Regional Collection Center","","1774 Lark Ave","Creston","","IA","50801","1866282878","0","","https://www.iowadnr.gov","41.045861","-94.260077","56.969639223531","","false","false","","","false","false","false","false"
"City of Cameron Christmas Tree Collection Event","","205 N Main St","Cameron","","MO","64429","8166322177","0","","http://www.cameron-mo.com/","39.7405935","-94.2376461","57.0194302461578","","false","false","","","false","false","false","false"
"North Missouri Solid Waste Management District Household Hazardous Waste Collection Event","","","Kingston","","MO","64650","6603595086","0","","https://dnr.mo.gov/env/swmp/","39.6441742","-94.0385517","57.3390596876627","","false","false","","","false","false","false","false"
"O'Reilly Auto Parts","O'Reilly Auto Parts","128 S Main St","Albia","Monroe","IA","52531","6419325152","0","Monday: 7:30 AM - 6:00 PM Tuesday: 7:30 AM - 6:00 PM Wednesday: 7:30 AM - 6:00 PM Thursday: 7:30 AM - 6:00 PM Friday: 7:30 AM - 6:00 PM Saturday: 8:00 AM - 5:00 PM Sunday: 10:00 AM - 4:00 PM ","http://www.oreillyauto.com/","41.02549","-92.807","59.5224770215624","Lead Acid (Pb) Batteries; Used Motor Oil; Video Game Consoles; PlayStation Consoles","false","true","Most stores offer Used Oil & Battery Recycling, Battery Testing, 
Electrical & Module Testing, Loaner Tool Program, Drum / Rotor Resurfacing. Call your location for more details.","","false","false","false","false"
"O'Reilly Auto Parts","null","128 South Main","Albia","","IA","52531","6419325152","0","","http://oreillyauto.custhelp.com/app/error/error_id/6","41.0253861","-92.8067353","59.5267808201058","","false","false","","","false","false","false","false"
"Monroe County Household Hazardous Waste Mobile Collection","","","Albia","","IA","52531","6418288545","0","","https://sciswa.org","41.0300078","-92.811307","59.5952744654474","","false","false","","","false","false","false","false"
"Barker Implement & Motor Company, Inc.","Barker Implement & Motor Company, Inc.","710 E Taylor St","Creston","Union","IA","50801","6417827032","0","Monday: 7:30 AM - 5:00 PM Tuesday: 7:30 AM - 5:00 PM Wednesday: 7:30 AM - 5:00 PM Thursday: 7:30 AM - 5:00 PM Friday: 7:30 AM - 5:00 PM Saturday: 7:30 AM - 12:00 PM ","","41.04911","-94.35519","60.3470550960951","Used Motor Oil; Video Game Consoles; PlayStation Consoles","false","true","","","false","false","false","false"
"O'Reilly Auto Parts","null","404 West Taylor ","Creston","","IA","50801","6417827046","0","","http://oreillyauto.custhelp.com/app/error/error_id/6","41.0487413","-94.3657066","60.6969786679311","","false","false","","","false","false","false","false"
"Lyrix Wireless","Lyrix Wireless","625 W Taylor St","Creston","Union","IA","50801","4617826409","0","","http://www.radioshack.com/","41.04925","-94.36798","60.8029518364442","Cell Phones; Ni-Cd Batteries; Li-Ion Batteries; Ni-MH Batteries; Ni-Zn Batteries; Small Sealed Lead Acid Batteries; Video Game Consoles; PlayStation Consoles","false","true","The U.S. EPA estimates that more than 350 million rechargeable batteries are purchased annually in the U.S. Thanks to the environmental commitment of this location, its easy and free to recycle your batteries. Bring your rechargeable batteries to this location and look for the recycling box or ask an associate how you can do your part for the environment.","","false","false","false","false"
"Call2Recycle at US Cellular","Call2Recycle at US Cellular","1101 S Sumner St","Creston","Union","IA","50801","6417829777","0","","http://www.uscellular.com/","41.0451","-94.37452","60.8239036665567","Cell Phones; Ni-Cd Batteries; Li-Ion Batteries; Ni-MH Batteries; Ni-Zn Batteries; Small Sealed Lead Acid Batteries; Video Game Consoles; PlayStation Consoles","false","true","The U.S. EPA estimates that more than 350 million rechargeable batteries are purchased annually in the U.S. Thanks to the environmental commitment of this location, its easy and free to recycle your batteries. Bring your rechargeable batteries to this location and look for the recycling box or ask an associate how you can do your part for the environment.","","false","false","false","false"
"Walmart","Walmart","806 Laurel St","Creston","Union","IA","50801","6417826954","0","","http://www.walmart.com","41.04792","-94.37134","60.8539904101743","Lead Acid (Pb) Batteries; Plastic Shopping Bags; Food Storage Bags; Video Game Consoles; PlayStation Consoles","false","true","","","false","false","false","false"
"Walmart Tire & Lube Express","Walmart Tire & Lube Express","806 Laurel St","Creston","Union","IA","50801","6417826954","0","","http://www.walmart.com/catalog/catalog.gsp?cat=495843","41.04792","-94.37134","60.8539904101743","Lead Acid (Pb) Batteries; Used Motor Oil; Oil Filters; Video Game Consoles; PlayStation Consoles","false","true","","","false","false","false","false"
"Walmart Supercenter","","Laurel St","Creston","","IA","50801","6417826954","0","","https://www.walmart.com/","41.0482045","-94.3738728","60.9580563934708","","false","false","","","false","false","false","false"
"Walmart Tire and Lube Express","null","806 Laurel St,","Creston","","IA","50801","6417826954","0","","https://www.walmart.com/cp/ideas/8932632","41.0482045","-94.3738728","60.9580563934708","","false","false","","","false","false","false","false"
"Union County Recycling Drop-off Site - Adams Street","","105 E Adams Street ","Creston","","IA","50801","6413475022","0","","http://www.prairieswa.org/index.php?option=com_content&view=article&id=48&Itemid=54","41.0582483","-94.3606078","61.0051448643864","","false","false","","","false","false","false","false"
"City Carton Recycling Drop-off Site - Creston","","1451 Highway 34 W","Creston","","IA","50801","6417826681","0","","http://www.citycarton.com/index.htm","41.0423409","-94.3850423","61.0606333923191","","false","false","","","false","false","false","false"
"City Carton Creston Drop-off Site","City Carton Creston Drop-off Site","1451 Highway 34","Creston","Union","IA","50801","6417826681","0","Monday: 8:00 AM - 3:00 PM Tuesday: 8:00 AM - 3:00 PM Wednesday: 8:00 AM - 3:00 PM Thursday: 8:00 AM - 3:00 PM Friday: 8:00 AM - 3:00 PM ","http://www.citycarton.com/","41.04071","-94.38749","61.0669097293674","Plastic #1 (PETE); Plastic #2 (HDPE); Plastic #2 (Color HDPE); Aluminum Cans; Aluminum; Book Recycling; Brown Paper Bags; Cardboard; Catalogs; Chipboard; Glass (Clear); Computer Paper; Gift Boxes; Greeting Cards; Magazines; Clothes Hangers (Metal); Paper (Mixed); Newspapers; Non-ferrous (Copper/Brass/Tin); Paperboard; Phone books; Tin or Steel Cans; Office Paper; Video Game Consoles; PlayStation Consoles","false","true","The cardboard bay is on the west side. The drop-off bin is on south side of the building. Has A 24 Hour Drop-Off Area For Cardboard","","false","false","false","false"
"Union County Recycling Drop-off Site - Sheldon Street","","600 Sheldon St","Creston","","IA","50801","6413475022","0","","http://www.prairieswa.org/index.php?option=com_content&view=article&id=48&Itemid=54","41.0522662","-94.3734771","61.1502091121622","","false","false","","","false","false","false","false"
"Creston Motor Company, Inc.","Creston Motor Company, Inc.","410 W Adams St","Creston","Union","IA","50801","6417822179","0","Monday: 8:00 AM - 5:00 PM Tuesday: 8:00 AM - 5:00 PM Wednesday: 8:00 AM - 5:00 PM Thursday: 8:00 AM - 5:00 PM Friday: 8:00 AM - 5:00 PM Saturday: 8:00 AM - 12:00 PM ","","41.05723","-94.3663","61.1514021637522","Lead Acid (Pb) Batteries; Used Motor Oil; Video Game Consoles; PlayStation Consoles","false","true","","","false","false","false","false"
"Reed Service","Reed Service","501 W Temple St","Lenox","Taylor","IA","50851","6413334325","0","Monday: 7:00 AM - 7:00 PM Tuesday: 7:00 AM - 7:00 PM Wednesday: 7:00 AM - 7:00 PM Thursday: 7:00 AM - 7:00 PM Friday: 7:00 AM - 7:00 PM Saturday: 7:00 AM - 1:00 PM ","","40.8815","-94.56534","61.2230032040535","Lead Acid (Pb) Batteries; Used Motor Oil; Video Game Consoles; PlayStation Consoles","false","true","","","false","false","false","false"
"Barker Implement & Motor Company, Inc.","Barker Implement & Motor Company, Inc.","1098 Tennessee Ave","Lenox","Taylor","IA","50851","6413332288","0","Monday: 7:30 AM - 5:30 PM Tuesday: 7:30 AM - 5:30 PM Wednesday: 7:30 AM - 5:30 PM Thursday: 7:30 AM - 5:30 PM Friday: 7:30 AM - 5:30 PM Saturday: 7:30 AM - 12:00 PM ","","40.89086","-94.56504","61.5618275633357","Lead Acid (Pb) Batteries; Used Motor Oil; Video Game Consoles; PlayStation Consoles","false","true","","","false","false","false","false"
"Union County Recycling Drop-off Site - Townline Street","","801 W Townline St","Creston","","IA","50801","6413475022","0","","http://www.prairieswa.org/index.php?option=com_content&view=article&id=48&Itemid=54","41.0720258","-94.3724121","62.1245506390959","","false","false","","","false","false","false","false"
"Taylor County Recycling Drop-off Site - Bedford","","1604 Bent St","Bedford","","IA","50833","6413475022","0","","http://www.prairieswa.org/index.php?option=com_content&view=article&id=48&Itemid=54","40.676239","-94.7265806","62.8717816854941","","false","false","","","false","false","false","false"
"USPS Post Office Box Lobby Recycling Program","US Post Office","104 W State St","Blakesburg","Wapello","IA","52536","8002758777","0","","https://www.usps.com/","40.94977","-92.61597","63.5343552372667","Catalogs; Greeting Cards; Magazines; Paper (Mixed)","false","true","","","false","false","false","false"
"Region D Recycling and Waste Management District Household Hazardous Waste Collection Program","","","Clarksdale","","MO","64430","8163935250","0","","http://www.regiondrecycling.com","39.8136076","-94.5505117","65.0244749489275","","false","false","","","false","false","false","false"
"Waste Mgmt of Iowa/Stevers Sanitation Bloomfield Citizens Convenience Center","Waste Mgmt of Iowa/Stevers Sanitation Bloomfield Citizens Convenience Center","711 Karr Ave","Bloomfield","Davis","IA","52537","5152992524","0","","http://www.wm.com","40.74387","-92.4236","65.5234958671708","Computer Monitors; Electronics; MP3 Players; Video Game Consoles; PlayStation Consoles","false","true","","","false","false","false","false"
"Stever's Sanitation Shop","Stever's Sanitation Shop","711 Karr Ave","Bloomfield","Davis","IA","52537","6416643803","0","Monday: 6:30 AM - 4:00 PM Wednesday: 6:30 AM - 4:00 PM Friday: 6:30 AM - 4:00 PM Saturday: 8:00 AM - 12:00 PM ","null","40.74387","-92.4236","65.5234958671708","Lead Acid (Pb) Batteries; Used Motor Oil; Video Game Consoles; PlayStation Consoles","false","true","","","false","false","false","false"
"Steenhock Implement Company","Steenhock Implement Company","1556 Highway 14","Knoxville","Marion","IA","50138","6418280570","0","Monday: 7:30 AM - 5:00 PM Tuesday: 7:30 AM - 5:00 PM Wednesday: 7:30 AM - 5:00 PM Thursday: 7:30 AM - 5:00 PM Friday: 7:30 AM - 5:00 PM Saturday: 7:30 AM - 12:00 PM ","","41.28867","-93.14748","65.6467938598002","Used Motor Oil; Video Game Consoles; PlayStation Consoles","false","true","","","false","false","false","false"
