name,description,address,city,region,province,postal_code,phone,fax,hours,url,latitude,longitude,distance,materials,pickup,dropoff,notes,groups,curbside,municipal,national,event_only
"Town and Country Sanitation","Town and Country Sanitation","101 Park St","Boscobel","Grant","WI","53805","6083755856","0","","http://www.townandcountrysanitation.com/","43.14397","-90.70231","0.662545677403496","Electronics; Computer (Recycling); Computer Monitors; DVD Players/Blu-Ray Players/DVRs; Laptop Computers; Computer Peripherals; Printers/Scanners/Fax Machines; Small Electronics; Small Televisions; Tablets; Televisions; VCRs; Video Game Consoles; PlayStation Consoles","false","true","E-cycle Wisconsin collection site. ","","false","false","false","false"
"USPS Post Office Box Lobby Recycling Program","US Post Office","1090 12th St","Fennimore","Grant","WI","53809","8002758777","0","","https://www.usps.com/","42.98092","-90.65303","12.1126488650955","Catalogs; Greeting Cards; Magazines; Paper (Mixed)","false","true","","","false","false","false","false"
"Crawford County Rural Clean Sweep Collection","","","Seneca","","WI","54654","6083260270","0","","http://www.crawfordcountywi.org","43.2652982","-90.9580177","14.7235118470483","","false","false","","","false","false","false","false"
"West End Salvage","Universal Recycling Technologies","9726 US Highway 61","Lancaster","Grant","WI","53813","6087234523","0","","http://www.urtrecycles.com/","42.86024","-90.70662","20.0899018804196","Electronics; Computer (Recycling); Computer Monitors; DVD Players/Blu-Ray Players/DVRs; Laptop Computers; Computer Peripherals; Printers/Scanners/Fax Machines; Small Electronics; Small Televisions; Tablets; Televisions; VCRs; Video Game Consoles; PlayStation Consoles","false","true","E-cycle Wisconsin collection site. ","","false","false","false","false"
"Alternative Recycling","Helping Hands Recycling Drop-Off Site","1750 Industrial Park Rd","Lancaster","Grant","WI","53813","6087232088","0","Monday: 8:00 AM - 5:00 PM Tuesday: 8:00 AM - 5:00 PM Wednesday: 8:00 AM - 5:00 PM Thursday: 8:00 AM - 5:00 PM ","http://helpinghandsrecycling.com/","42.85423","-90.70749","20.5046508095733","Electronics; Computer (Recycling); Computer Monitors; DVD Players/Blu-Ray Players/DVRs; Laptop Computers; Computer Peripherals; Printers/Scanners/Fax Machines; Small Electronics; Small Televisions; Tablets; Televisions; VCRs; Video Game Consoles; PlayStation Consoles","false","true","E-cycle Wisconsin collection site. ","","false","false","false","false"
"Goodwill Industries of South Central Wisconsin","Goodwill Industries of South Central Wisconsin","2496 US Hwy 14 E","Richland Center","Richland","WI","53581","6086499456","0","","http://www.goodwillscwi.org/donate_dell_reconnect.php","43.32036","-90.37576","20.5446906088664","Electronics; Computer (Recycling); Computer Monitors; DVD Players/Blu-Ray Players/DVRs; Laptop Computers; Computer Peripherals; Printers/Scanners/Fax Machines; Small Electronics; Small Televisions; Tablets; Televisions; VCRs; Video Game Consoles; PlayStation Consoles","false","true","E-cycle Wisconsin collection site. ","","false","false","false","false"
"AutoZone","AutoZone","110 S Orange St","Richland Center","Richland","WI","53581","6086476484","0","","http://www.autozone.com","43.33478","-90.3893","20.5858282234883","Lead Acid (Pb) Batteries; Used Motor Oil; Computer (Recycling); Computer Monitors; DVD Players/Blu-Ray Players/DVRs; Electronics; Laptop Computers; Computer Peripherals; Printers/Scanners/Fax Machines; Small Electronics; Small Televisions; Tablets; Televisions; VCRs; Video Game Consoles; PlayStation Consoles","false","true","Most AutoZone stores accept used motor oil, transmission fluid, gear oil and automotive batteries. Call to see what your local store is currently accepting.","","false","false","false","false"
"Phoenix Computers","3 Wise Guys Pc Repair & Recycling","391 S Main St","Richland Center","Richland","WI","53581","6086476350","0","","http://3wiseguys.secondpulsar.net/","43.33362","-90.38657","20.6451955233205","Electronics; Computer (Recycling); Computer Monitors; DVD Players/Blu-Ray Players/DVRs; Laptop Computers; Computer Peripherals; Printers/Scanners/Fax Machines; Small Electronics; Small Televisions; Tablets; Televisions; VCRs; Video Game Consoles; PlayStation Consoles","false","true","E-cycle Wisconsin collection site. ","","false","false","false","false"
"Call2Recycle at Fastenal","Call2Recycle at Fastenal","550 S Main St","Richland Center","Richland","WI","53581","6086473182","0","","https://www.fastenal.com/","43.33279","-90.38528","20.6618024556797","Cell Phones; Ni-Cd Batteries; Li-Ion Batteries; Ni-MH Batteries; Ni-Zn Batteries; Small Sealed Lead Acid Batteries; Computer (Recycling); Computer Monitors; DVD Players/Blu-Ray Players/DVRs; Electronics; Laptop Computers; Computer Peripherals; Printers/Scanners/Fax Machines; Small Electronics; Small Televisions; Tablets; Televisions; VCRs; Video Game Consoles; PlayStation Consoles","false","true","The U.S. EPA estimates that more than 350 million rechargeable batteries are purchased annually in the U.S. Thanks to the environmental commitment of this location, its easy and free to recycle your batteries. Bring your rechargeable batteries to this location and look for the recycling box or ask an associate how you can do your part for the environment.","","false","false","false","false"
"M/A Repair & Recycling","M/A Repair & Recycling","430 W Union St ","Richland Center","Richland County","WI","53581","6086472988","0","Monday: 7:30 AM - 4:30 PM Tuesday: 7:30 AM - 4:30 PM Wednesday: 7:30 AM - 4:30 PM Thursday: 7:30 AM - 4:30 PM Friday: 7:30 AM - 4:30 PM ","","43.3374066","-90.3894685","20.6913417361812","Aluminum Cans; Lead Acid (Pb) Batteries; Chipboard; Computer Paper; Construction Materials; Ferrous Metals (Steel or Iron); Non-ferrous (Copper/Brass/Tin); Office Paper; Computer (Recycling); Computer Monitors; DVD Players/Blu-Ray Players/DVRs; Electronics; Laptop Computers; Computer Peripherals; Printers/Scanners/Fax Machines; Small Electronics; Small Televisions; Tablets; Televisions; VCRs; Video Game Consoles; PlayStation Consoles","false","true","","","false","false","false","false"
"JCPenney","","150 Richland Square","Richland Center","","WI","53581","6086472126","0","","https://www.jcpenney.com/","43.3351081","-90.3867699","20.7000935125256","","false","false","","","false","false","false","false"
"USPS Post Office Box Lobby Recycling Program","US Post Office","120 N 4th St","Readstown","Vernon","WI","54652","8002758777","0","","https://www.usps.com/","43.4497","-90.75935","20.7784798657785","Catalogs; Greeting Cards; Magazines; Paper (Mixed)","false","true","","","false","false","false","false"
"Computer Doctors LLC ","3 Wise Guys Pc Repair & Recycling Drop-Off","184 E Mill St","Richland Center","Richland","WI","53581","6086475986","0","","http://3wiseguys.secondpulsar.net/","43.33653","-90.38521","20.8222666538502","Electronics; Computer (Recycling); Computer Monitors; DVD Players/Blu-Ray Players/DVRs; Laptop Computers; Computer Peripherals; Printers/Scanners/Fax Machines; Small Electronics; Small Televisions; Tablets; Televisions; VCRs; Video Game Consoles; PlayStation Consoles","false","true","E-cycle Wisconsin collection site. ","","false","false","false","false"
"USPS Post Office Box Lobby Recycling Program","US Post Office","236 W Maple St","Lancaster","Grant","WI","53813","8002758777","0","","https://www.usps.com/","42.84785","-90.71126","20.944564414971","Catalogs; Greeting Cards; Magazines; Paper (Mixed)","false","true","","","false","false","false","false"
"Walmart Tire & Lube Express","Walmart Tire & Lube Express","2401 US Hwy 14 E","Richland Center","Richland","WI","53581","6086477141","0","","http://www.walmart.com/catalog/catalog.gsp?cat=495843","43.31801","-90.36101","21.0701027302057","Lead Acid (Pb) Batteries; Used Motor Oil; Oil Filters; Used Tires; Computer (Recycling); Computer Monitors; DVD Players/Blu-Ray Players/DVRs; Electronics; Laptop Computers; Computer Peripherals; Printers/Scanners/Fax Machines; Small Electronics; Small Televisions; Tablets; Televisions; VCRs; Video Game Consoles; PlayStation Consoles","false","true","","","false","false","false","false"
"Walmart Supercenter","","2401 U.S. 14","Richland Center","","WI","53581","6086477141","0","","https://www.walmart.com/","43.3125278","-90.3487893","21.3880688060927","","false","false","","","false","false","false","false"
"Goodwill Industries of South Central Wisconsin Inc. - Dell Reconnect Donation Site","","2496 Highway 14 East","Richland Center","","WI","53581","6086499456","0","","https://goodwillscwi.org/","43.3141142","-90.3459578","21.5666537410883","","false","false","","","false","false","false","false"
"Richland Center Sanitary Landfill and Recycling Drop-off Site","","24147 County Highway Aa","Richland Center","","WI","53581","6086478496","0","","https://ci.richland-center.wi.us","43.3505718","-90.3802391","21.623786125266","","false","false","","","false","false","false","false"
"City of Prairie du Chien Brush/Compost Site","","Vineyard Coulee Road","Prairie Du Chien","","WI","53821","6083262718","0","","http://www.cityofpdc.com","43.0214889","-91.1030656","21.7008432812872","","false","false","","","false","false","false","false"
"Walmart Tire and Lube Express","null","38020 Us Highway 18,","Prairie Du Chien","","WI","53821","6083262408","0","","https://www.walmart.com/cp/ideas/8932632","43.0179255","-91.1079462","22.0275834450869","","false","false","","","false","false","false","false"
"Walmart Supercenter","","38020 U.S. 18","Prairie Du Chien","","WI","53821","6083262408","0","","https://www.walmart.com/","43.0179255","-91.1079462","22.0275834450869","","false","false","","","false","false","false","false"
"Computer Support Plus","DYNAMIC RECYCLING INC","37493 US Highway 18","Prairie du Chien","Crawford","WI","53821","6087814030","0","","http://www.dynamicrecycling.com","43.02605","-91.12435","22.5604272757445","Electronics; Computer (Recycling); Computer Monitors; DVD Players/Blu-Ray Players/DVRs; Laptop Computers; Computer Peripherals; Printers/Scanners/Fax Machines; Small Electronics; Small Televisions; Tablets; Televisions; VCRs; Video Game Consoles; PlayStation Consoles","false","true","E-cycle Wisconsin collection site. ","","false","false","false","false"
"Call2Recycle at Dyer Communications","Call2Recycle at Dyer Communications","120 N Marquette Rd","Prairie du Chien","Crawford","WI","53821","6083262387","0","","http://www.radioshack.com/","43.05308","-91.14126","22.7223564040247","Cell Phones; Ni-Cd Batteries; Li-Ion Batteries; Ni-MH Batteries; Ni-Zn Batteries; Small Sealed Lead Acid Batteries; Computer (Recycling); Computer Monitors; DVD Players/Blu-Ray Players/DVRs; Electronics; Laptop Computers; Computer Peripherals; Printers/Scanners/Fax Machines; Small Electronics; Small Televisions; Tablets; Televisions; VCRs; Video Game Consoles; PlayStation Consoles","false","true","The U.S. EPA estimates that more than 350 million rechargeable batteries are purchased annually in the U.S. Thanks to the environmental commitment of this location, its easy and free to recycle your batteries. Bring your rechargeable batteries to this location and look for the recycling box or ask an associate how you can do your part for the environment.","","false","false","false","false"
"Tractor Supply","","20 Riverside Square, Suite 1","Prairie Du Chien","","WI","53821","6083261080","0","","https://www.tractorsupply.com/","43.0266243","-91.1281814","22.7240276126309","","false","false","","","false","false","false","false"
"Walgreens","Walgreens","109 N Marquette Rd","Prairie du Chien","Crawford","WI","53821","6083260581","0","","http://www.walgreens.com","43.05038","-91.14104","22.7684793117262","Cell Phones; Inkjet Printer Cartridges; Computer (Recycling); Computer Monitors; DVD Players/Blu-Ray Players/DVRs; Electronics; Laptop Computers; Computer Peripherals; Printers/Scanners/Fax Machines; Small Electronics; Small Televisions; Tablets; Televisions; VCRs; Video Game Consoles; PlayStation Consoles","false","true","","","false","false","false","false"
"O'Reilly Auto Parts","null","609 South Marquette Road","Prairie Du Chien","","WI","53821","6083260807","0","","http://oreillyauto.custhelp.com/app/error/error_id/6","43.0450462","-91.1413368","22.8987663340588","","false","false","","","false","false","false","false"
"USPS Post Office Box Lobby Recycling Program","US Post Office","158 Main St","Ferryville","Vernon","WI","54628","8002758777","0","","https://www.usps.com/","43.34979","-91.10058","23.9266654598771","Catalogs; Greeting Cards; Magazines; Paper (Mixed)","false","true","","","false","false","false","false"
"USPS Post Office Box Lobby Recycling Program","US Post Office","140 S Bagley Ave","Bagley","Grant","WI","53801","8002758777","0","","https://www.usps.com/","42.90476","-91.1027","26.0826684647622","Catalogs; Greeting Cards; Magazines; Paper (Mixed)","false","true","","","false","false","false","false"
"USPS Post Office Box Lobby Recycling Program","US Post Office","383 Main St","Lansing","Allamakee","IA","52151","8002758777","0","","https://www.usps.com/","43.36171","-91.21781","29.3533596744902","Catalogs; Greeting Cards; Magazines; Paper (Mixed)","false","true","","","false","false","false","false"
"Nelson Agri-Center","Nelson Agri-Center","217 N Center Ave","Viroqua","Vernon ","WI","54665-1496","6086372192","0","","","43.5572911122272","-90.8880423127058","29.4422260954391","Batteries (Rechargeable); Cell Phone Batteries; Cell Phones; Li-Ion Batteries; Ni-Cd Batteries; Ni-MH Batteries; Small Sealed Lead Acid Batteries","false","true","Call or Check Online for Hours","Call2Recycle","false","false","false","false"
"RadioShack","RadioShack","214 N Main St","Viroqua","Vernon","WI","54665","6086376600","0","Monday: 9:00 AM - 6:00 PM Tuesday: 9:00 AM - 6:00 PM Wednesday: 9:00 AM - 6:00 PM Thursday: 9:00 AM - 6:00 PM Friday: 9:00 AM - 6:00 PM Saturday: 9:00 AM - 4:00 PM ","http://www.radioshack.com","43.55796","-90.88944","29.5075000991544","Cell Phones; Batteries (Rechargeable); Computer (Recycling); Computer Monitors; DVD Players/Blu-Ray Players/DVRs; Electronics; Laptop Computers; Computer Peripherals; Printers/Scanners/Fax Machines; Small Electronics; Small Televisions; Tablets; Televisions; VCRs; Video Game Consoles; PlayStation Consoles","false","true","","","false","false","false","false"
"Infinity Technology","Infinity Technology","214 N Main St","Viroqua","Vernon","WI","54665","6086376600","0","","http://infinity-te.com/","43.55796","-90.88944","29.5075000991544","Cell Phones; Ni-Cd Batteries; Li-Ion Batteries; Ni-MH Batteries; Ni-Zn Batteries; Small Sealed Lead Acid Batteries; Computer (Recycling); Computer Monitors; DVD Players/Blu-Ray Players/DVRs; Electronics; Laptop Computers; Computer Peripherals; Printers/Scanners/Fax Machines; Small Electronics; Small Televisions; Tablets; Televisions; VCRs; Video Game Consoles; PlayStation Consoles","false","true","The U.S. EPA estimates that more than 350 million rechargeable batteries are purchased annually in the U.S. Thanks to the environmental commitment of this location, its easy and free to recycle your batteries. Bring your rechargeable batteries to this location and look for the recycling box or ask an associate how you can do your part for the environment.","","false","false","false","false"
"Walgreens","Walgreens","517 N Main St","Viroqua","Vernon","WI","54665","6086378405","0","","http://www.walgreens.com","43.56031","-90.88925","29.6593195423373","Cell Phones; Inkjet Printer Cartridges; Computer (Recycling); Computer Monitors; DVD Players/Blu-Ray Players/DVRs; Electronics; Laptop Computers; Computer Peripherals; Printers/Scanners/Fax Machines; Small Electronics; Small Televisions; Tablets; Televisions; VCRs; Video Game Consoles; PlayStation Consoles","false","true","","","false","false","false","false"
"Southwest Sanitation","null","950 Nelson Pkwy ","Viroqua","Vernon County","WI","54665","6086378010","0","","null","43.5678821","-90.8832306","30.070121526851","Computer (Recycling); Computer Monitors; DVD Players/Blu-Ray Players/DVRs; Electronics; Laptop Computers; Computer Peripherals; Printers/Scanners/Fax Machines; Small Electronics; Small Televisions; Tablets; Televisions; VCRs; Video Game Consoles; PlayStation Consoles","false","true","","Sony, Vizio, OEM, OEM Indiv, OEM Municipal sites","false","false","false","false"
"O'Reilly Auto Parts","null","902 North Main Street","Viroqua","","WI","54665","6086372645","0","","http://oreillyauto.custhelp.com/app/error/error_id/6","43.5671551","-90.889862","30.1195729537105","","false","false","","","false","false","false","false"
"Tractor Supply","Tractor Supply","1202 N Main St","Viroqua","Vernon","WI","54665","6086378844","0","","http://www.tractorsupply.com","43.56737","-90.88896","30.1202824320612","Transmission Fluid; Used Motor Oil; Computer (Recycling); Computer Monitors; DVD Players/Blu-Ray Players/DVRs; Electronics; Laptop Computers; Computer Peripherals; Printers/Scanners/Fax Machines; Small Electronics; Small Televisions; Tablets; Televisions; VCRs; Video Game Consoles; PlayStation Consoles","false","true","","","false","false","false","false"
"Walmart Supercenter","","1133 N Main St","Viroqua","","WI","54665","6086378511","0","","https://www.walmart.com/","43.5701859","-90.8862854","30.2667864119606","","false","false","","","false","false","false","false"
"Vernon County Solid Waste Facility","County of Vernon","S3705 County Road Lf","Viroqua","Vernon","WI","54665","6086342900","0","","http://www.vernoncounty.org","43.58008","-90.83689","30.3094131604994","","false","false","","","false","false","false","false"
"Tractor Supply","","1202 North Main Street","Viroqua","","WI","54665","6086378844","0","","https://www.tractorsupply.com/","43.572102","-90.8909052","30.4613826082649","","false","false","","","false","false","false","false"
"Faherty Incorporated","null","1120 Broadway St ","Platteville","Grant County","WI","53818","6083489586","0","Monday: 7:00 AM - 5:00 PM Tuesday: 7:00 AM - 5:00 PM Wednesday: 7:00 AM - 5:00 PM Thursday: 7:00 AM - 5:00 PM Friday: 7:00 AM - 4:00 PM Saturday: 7:30 AM - 11:30 AM Sunday:  -  ","http://fahertyincorporated.com/","42.7433558","-90.4573123","30.9538065913305","Computer (Recycling); Computer Monitors; DVD Players/Blu-Ray Players/DVRs; Electronics; Laptop Computers; Computer Peripherals; Printers/Scanners/Fax Machines; Small Electronics; Small Televisions; Tablets; Televisions; VCRs; Video Game Consoles; PlayStation Consoles","false","true","","Sony, Vizio, OEM, OEM Indiv, OEM Private Sites","false","false","false","false"
"Faherty Transfer Station","Faherty Incorporated Transfer Station","1120 Broadway St","Platteville","Grant","WI","53818","6083489586","0","Monday: 7:00 AM - 5:00 PM Tuesday: 7:00 AM - 5:00 PM Wednesday: 7:00 AM - 5:00 PM Thursday: 7:00 AM - 5:00 PM Friday: 7:00 AM - 4:00 PM Saturday: 7:30 AM - 11:30 AM ","http://fahertyincorporated.com/","42.74285","-90.45744","30.9829518953156","Electronics; Computer (Recycling); Computer Monitors; DVD Players/Blu-Ray Players/DVRs; Laptop Computers; Computer Peripherals; Printers/Scanners/Fax Machines; Small Electronics; Small Televisions; Tablets; Televisions; VCRs; Video Game Consoles; PlayStation Consoles","false","true","E-cycle Wisconsin collection site. ","","false","false","false","false"
"Heiser Ace Hardware","Heiser Ace Hardware","180 E Main St","Platteville","Grant","WI","53818","6083485231","0","","http://www.acehardware.com/","42.7339","-90.47695","31.1586923160588","Cell Phones; Ni-Cd Batteries; Li-Ion Batteries; Ni-MH Batteries; Ni-Zn Batteries; Small Sealed Lead Acid Batteries; Computer (Recycling); Computer Monitors; DVD Players/Blu-Ray Players/DVRs; Electronics; Laptop Computers; Computer Peripherals; Printers/Scanners/Fax Machines; Small Electronics; Small Televisions; Tablets; Televisions; VCRs; Video Game Consoles; PlayStation Consoles; Batteries (Rechargeable); Cell Phone Batteries; Li-Ion Batteries; Ni-Cd Batteries; Ni-MH Batteries; Small Sealed Lead Acid Batteries; Cell Phones","false","true","The U.S. EPA estimates that more than 350 million rechargeable batteries are purchased annually in the U.S. Thanks to the environmental commitment of this location, its easy and free to recycle your batteries. Bring your rechargeable batteries to this location and look for the recycling box or ask an associate how you can do your part for the environment.","Call2Recycle","false","false","false","false"
"Vernon County Recycling Center","","County Road LF","Viroqua","","WI","54665","6086342900","0","","http://www.co.vernon.wi.gov","43.5925778","-90.8620281","31.4343687278324","","false","false","","","false","false","false","false"
"Vernon County","null","S3705 County Rd LF ","Viroqua","Vernon County","WI","54665","6086342900","0","","http://www.vernoncounty.org","43.6012159","-90.8407866","31.778406236112","Computer (Recycling); Computer Monitors; DVD Players/Blu-Ray Players/DVRs; Electronics; Laptop Computers; Computer Peripherals; Printers/Scanners/Fax Machines; Small Electronics; Small Televisions; Tablets; Televisions; VCRs; Video Game Consoles; PlayStation Consoles","false","true","","Sony, Vizio, OEM, OEM Indiv, OEM Municipal sites","false","false","false","false"
"Call2Recycle at Applied Cellular & Electronics LLC","Call2Recycle at Applied Cellular & Electronics LLC","316 W Spring St","Dodgeville","Iowa","WI","53533","6089353899","0","","http://www.appliedcell.biz/","42.96431","-90.13532","31.8066067535624","Cell Phones; Ni-Cd Batteries; Li-Ion Batteries; Ni-MH Batteries; Ni-Zn Batteries; Small Sealed Lead Acid Batteries; Computer (Recycling); Computer Monitors; DVD Players/Blu-Ray Players/DVRs; Electronics; Laptop Computers; Computer Peripherals; Printers/Scanners/Fax Machines; Small Electronics; Small Televisions; Tablets; Televisions; VCRs; Video Game Consoles; PlayStation Consoles","false","true","The U.S. EPA estimates that more than 350 million rechargeable batteries are purchased annually in the U.S. Thanks to the environmental commitment of this location, its easy and free to recycle your batteries. Bring your rechargeable batteries to this location and look for the recycling box or ask an associate how you can do your part for the environment.","","false","false","false","false"
"Walmart Supercenter","","1800 Progressive Pkwy","Platteville","","WI","53818","6083484888","0","","https://www.walmart.com/","42.7362481","-90.4380037","31.8134597925597","","false","false","","","false","false","false","false"
"Goodwill Industries of South Central Wisconsin Inc. - Dell Reconnect Donation Site","","2001 Progressive Parkway","Platteville","","WI","53818","6083485492","0","","https://goodwillscwi.org/","42.7360322","-90.4345408","31.9033427631716","","false","false","","","false","false","false","false"
"Goodwill Industries of South Central Wisconsin Inc. - Dell Reconnect Donation Site","","2001 Progressive Parkway","Platteville","","WI","53818","6083485492","0","","https://goodwillscwi.org/","42.7360322","-90.4345408","31.9033427631716","","false","false","","","false","false","false","false"
"Walgreens","Walgreens","1133 N Johns St","Dodgeville","Iowa","WI","53533","6089352041","0","","http://www.walgreens.com","42.9724","-90.12613","32.009848981211","Cell Phones; Inkjet Printer Cartridges; Computer (Recycling); Computer Monitors; DVD Players/Blu-Ray Players/DVRs; Electronics; Laptop Computers; Computer Peripherals; Printers/Scanners/Fax Machines; Small Electronics; Small Televisions; Tablets; Televisions; VCRs; Video Game Consoles; PlayStation Consoles","false","true","","","false","false","false","false"
"Kuempel True Value Hdwe. Inc.","Kuempel True Value Hdwe. Inc.","430 S River Park Dr","Guttenberg","Clayton","IA","52052","5632521824","0","","http://www.truevalue.com","42.78188","-91.09538","32.0549259085071","Cell Phones; Ni-Cd Batteries; Li-Ion Batteries; Ni-MH Batteries; Ni-Zn Batteries; Small Sealed Lead Acid Batteries; Video Game Consoles; PlayStation Consoles","false","true","The U.S. EPA estimates that more than 350 million rechargeable batteries are purchased annually in the U.S. Thanks to the environmental commitment of this location, its easy and free to recycle your batteries. Bring your rechargeable batteries to this location and look for the recycling box or ask an associate how you can do your part for the environment.","","false","false","false","false"
"Brown's Sales & Leasing","Brown's Sales & Leasing","202 US-52 ","Guttenberg","Clayton County","IA","52052","5632521611","0","Monday: 7:30 AM - 5:00 PM Tuesday: 7:30 AM - 5:00 PM Wednesday: 7:30 AM - 5:00 PM Thursday: 7:30 AM - 5:00 PM Friday: 7:30 AM - 5:00 PM Saturday: 7:30 AM - 11:30 AM ","null","42.7838296","-91.1007801","32.1143622573255","Used Motor Oil; Oil Filters; Video Game Consoles; PlayStation Consoles","false","true","","","false","false","false","false"
"911 Cell Phone Bank - Commission On Aging  Disability","911 Cell Phone Bank - Commission On Aging  Disability","222 N Iowa St Ste 110","Dodgeville","Iowa","WI","53533","8662907864","0","","http://www.911cellphonebank.org/","42.96123","-90.13046","32.1179736025212","Cell Phones; Cameras; Laptop Computers; MP3 Players; Video Games; Video Game Consoles; Smart watches & Apple Watch®
","false","true","Please call to verify drop-off procedures and directions to the location.  For prepaid shipping labels, visit http://www.911cellphonebank.org/drop-off-locations.asp - click on "print shipping label."","","false","false","false","false"
"Walmart Supercenter","","601 E Leffler St","Dodgeville","","WI","53533","6089352723","0","","https://www.walmart.com/","42.9737083","-90.120108","32.2558196198704","","false","false","","","false","false","false","false"
"Fillmore County Resource Recovery Center","","927 Highway 52 and Highway 16 East","Preston","","MN","55965","5077654704","0","","http://www.co.fillmore.mn.us/","42.7758023","-91.1001979","32.5372080543168","","false","false","","","false","false","false","false"
"Platteville","Goodwill Industries of South Central Wisconsin","2001 Progressive Pkwy","Platteville","Grant","WI","53818","6083485492","0","","http://www.goodwillscwi.org/donate_dell_reconnect.php","42.7333","-90.3766","33.4559659767248","Electronics; Computer (Recycling); Computer Monitors; DVD Players/Blu-Ray Players/DVRs; Laptop Computers; Computer Peripherals; Printers/Scanners/Fax Machines; Small Electronics; Small Televisions; Tablets; Televisions; VCRs; Video Game Consoles; PlayStation Consoles","false","true","E-cycle Wisconsin collection site. ","","false","false","false","false"
"Faherty Curbside Program","","","Mineral Point","","WI","53565","6083489586","0","","","42.859997","-90.1798473","33.5422994847655","","false","false","","","false","false","false","false"
"First Capitol Salvage Inc","First Capitol Salvage Inc","419 Union St","Belmont","Lafayette","WI","53510","6087625308","0","Monday: 8:00 AM - 5:00 PM Tuesday: 8:00 AM - 5:00 PM Wednesday: 8:00 AM - 5:00 PM Thursday: 8:00 AM - 5:00 PM Friday: 8:00 AM - 5:00 PM Saturday: 8:00 AM - 11:00 AM ","","42.73695","-90.33727","34.294032477813","Aluminum Cans; Car; Ferrous Metals (Steel or Iron); Lawn Equipment; Non-ferrous (Copper/Brass/Tin); Wire; Scrap Metal; Computer (Recycling); Computer Monitors; DVD Players/Blu-Ray Players/DVRs; Electronics; Laptop Computers; Computer Peripherals; Printers/Scanners/Fax Machines; Small Electronics; Small Televisions; Tablets; Televisions; VCRs; Video Game Consoles; PlayStation Consoles","false","true","","","false","false","false","false"
"Johnson Recycling","Johnson Recycling","S3948 State Highway 80","Hillsboro","Vernon","WI","54634","6084893536","0","Monday: 8:00 AM - 4:00 PM Tuesday: 8:00 AM - 4:00 PM Wednesday: 8:00 AM - 4:00 PM Thursday: 8:00 AM - 4:00 PM Friday: 8:00 AM - 4:00 PM Saturday: 8:00 AM - 12:00 PM ","null","43.60492","-90.36913","35.7588779411466","Plastic #1 (PETE); Plastic #2 (HDPE); Plastic #2 (Color HDPE); Aluminum Cans; Cardboard; Newspapers; Phone books; Tin or Steel Cans; Computer (Recycling); Computer Monitors; DVD Players/Blu-Ray Players/DVRs; Electronics; Laptop Computers; Computer Peripherals; Printers/Scanners/Fax Machines; Small Electronics; Small Televisions; Tablets; Televisions; VCRs; Video Game Consoles; PlayStation Consoles","false","true","","","false","false","false","false"
"USPS Post Office Box Lobby Recycling Program","US Post Office","200 W Main St","Dickeyville","Grant","WI","53808","8002758777","0","","https://www.usps.com/","42.62792","-90.59595","36.6077840267751","Catalogs; Greeting Cards; Magazines; Paper (Mixed)","false","true","","","false","false","false","false"
"Clayton County Recycling Inc","","11645 Echo Avenue","Monona","","IA","52159","5635394757","0","","","43.0585521","-91.4306852","36.848066107203","","false","false","","","false","false","false","false"
"Clayton County Recycling Inc","Clayton County Recycling Inc","11645 Echo Ave","Monona","Clayton","IA","52159","5635394757","0","Monday: 7:00 AM - 5:00 PM Tuesday: 7:00 AM - 5:00 PM Wednesday: 7:00 AM - 5:00 PM Thursday: 7:00 AM - 5:00 PM Friday: 7:00 AM - 5:00 PM Saturday: 7:00 AM - 11:00 PM ","http://www.ccrrecycling.com/","43.05367","-91.4297","36.8605849357253","Aluminum; Car; Ferrous Metals (Steel or Iron); Large Household Appliances; Non-ferrous (Copper/Brass/Tin); Scrap Metal; Video Game Consoles; PlayStation Consoles","false","true","","","false","false","false","false"
"L & M Gas & Go","L & M Gas & Go","226 Railroad Ave NW","New Albin","Allamakee","IA","52160","5635444265","0","","","43.49735","-91.28984","37.6603751970031","Lead Acid (Pb) Batteries; Used Motor Oil; Oil Filters; Video Game Consoles; PlayStation Consoles","false","true","","","false","false","false","false"
"Bodensteiner Implement","Bodensteiner Implement","24125 IA-13 ","Elkader","Clayton County","IA","52043","5632452470","0","Monday: 7:30 AM - 5:00 PM Tuesday: 7:30 AM - 5:00 PM Wednesday: 7:30 AM - 5:00 PM Thursday: 7:30 AM - 5:00 PM Friday: 7:30 AM - 5:00 PM Saturday: 7:30 AM - 12:00 PM ","","42.8812623","-91.3797251","38.5695473366452","Lead Acid (Pb) Batteries; Used Motor Oil; Oil Filters; Video Game Consoles; PlayStation Consoles","false","true","","","false","false","false","false"
"Allamakee County Recycling Drop-off Site","","869 Highway 9","Waukon","","IA","52172","5635684806","0","","http://www.co.allamakee.ia.us","43.3146894","-91.4532765","39.0260109885967","","false","false","","","false","false","false","false"
"Allamakee County Household Hazardous Waste Drop-off Program","","869 Highway 9","Waukon","","IA","52172","5635684806","0","","http://www.co.allamakee.ia.us","43.3146894","-91.4532765","39.0260109885967","","false","false","","","false","false","false","false"
"Moor's Salvage - Kieler","","3604 County Highway","Kieler","","WI","53812","6085687678","0","","","42.5907822","-90.5997675","39.1148491918779","","false","false","","","false","false","false","false"
"Call2Recycle at United Building Centers","Call2Recycle at United Building Centers","24411 Highway 13","Elkader","Clayton","IA","52043","5632452515","0","","http://www.probuild.com/","42.87483","-91.38948","39.217562771095","Cell Phones; Ni-Cd Batteries; Li-Ion Batteries; Ni-MH Batteries; Ni-Zn Batteries; Small Sealed Lead Acid Batteries; Video Game Consoles; PlayStation Consoles","false","true","The U.S. EPA estimates that more than 350 million rechargeable batteries are purchased annually in the U.S. Thanks to the environmental commitment of this location, its easy and free to recycle your batteries. Bring your rechargeable batteries to this location and look for the recycling box or ask an associate how you can do your part for the environment.","","false","false","false","false"
"Elkader Service and Repair","Elkader Service and Repair","24496 Highway 13","Elkader","Clayton","IA","52043","5632452253","0","Monday: 8:00 AM - 5:00 PM Tuesday: 8:00 AM - 5:00 PM Wednesday: 8:00 AM - 5:00 PM Thursday: 8:00 AM - 5:00 PM Friday: 8:00 AM - 5:00 PM ","","42.87483","-91.38948","39.217562771095","Antifreeze; Lead Acid (Pb) Batteries; Used Motor Oil; Oil Filters; Video Game Consoles; PlayStation Consoles","false","true","","","false","false","false","false"
"Moor's Salvage - Kieler","Moor's Salvage - Kieler","3604 Co Rd H ","Cuba City","Grant County","WI","53807","6085687678","0","Monday: 8:00 AM - 4:00 PM Tuesday: 8:00 AM - 4:00 PM Wednesday: 8:00 AM - 4:00 PM Thursday: 8:00 AM - 4:00 PM Friday: 8:00 AM - 4:00 PM ","http://www.moorrecycling.com/","42.5880907","-90.5981068","39.3110521705023","Aluminum Cans; Lead Acid (Pb) Batteries; Computer (Reuse); Computer Monitors; Computer (Recycling); Large Household Appliances; Ni-Cd Batteries; Batteries (Rechargeable); Alkaline/Single-Use Batteries; DVD Players/Blu-Ray Players/DVRs; Electronics; Laptop Computers; Computer Peripherals; Printers/Scanners/Fax Machines; Small Electronics; Small Televisions; Tablets; Televisions; VCRs; Video Game Consoles; PlayStation Consoles","false","true","","","false","false","false","false"
"Jim's Full Service","Jim's Full Service","102 Rossville Rd","Waukon","Allamakee","IA","52172","5635684852","0","Monday: 6:00 AM - 6:00 PM Tuesday: 6:00 AM - 6:00 PM Wednesday: 6:00 AM - 6:00 PM Thursday: 6:00 AM - 6:00 PM Friday: 6:00 AM - 6:00 PM Saturday: 7:00 AM - 1:00 PM ","","43.26804","-91.47541","39.3207464959693","Antifreeze; Lead Acid (Pb) Batteries; Used Motor Oil; Oil Filters; Video Game Consoles; PlayStation Consoles","false","true","","","false","false","false","false"
"Jim's Full Service","","102 Rossville Road","Waukon","","IA","52172","5635684852","0","","","43.2683146","-91.4754599","39.3270264538531","","false","false","","","false","false","false","false"
"Cunningham Hardware","Cunningham Hardware","43 W Main St","Waukon","Allamakee","IA","52172","3195684553","0","","http://www.doitbest.com/","43.26934","-91.47673","39.4039341850005","Cell Phones; Ni-Cd Batteries; Li-Ion Batteries; Ni-MH Batteries; Ni-Zn Batteries; Small Sealed Lead Acid Batteries; Video Game Consoles; PlayStation Consoles","false","true","The U.S. EPA estimates that more than 350 million rechargeable batteries are purchased annually in the U.S. Thanks to the environmental commitment of this location, its easy and free to recycle your batteries. Bring your rechargeable batteries to this location and look for the recycling box or ask an associate how you can do your part for the environment.","","false","false","false","false"
"Windridge Implements","Windridge Implements","105 Gunder Rd","Elkader","Clayton","IA","52043","5632452636","0","Monday: 7:00 AM - 5:30 PM Tuesday: 7:00 AM - 5:30 PM Wednesday: 7:00 AM - 5:30 PM Thursday: 7:00 AM - 5:30 PM Friday: 7:00 AM - 5:30 PM Saturday: 7:00 AM - 12:00 PM ","","42.90626","-91.41677","39.440978138828","Lead Acid (Pb) Batteries; Video Game Consoles; PlayStation Consoles","false","true","","","false","false","false","false"
"Brown Sales & Leasing","Brown Sales & Leasing","109 Gunder Rd","Elkader","Clayton","IA","52043","5632452505","0","Monday: 8:00 AM - 8:00 PM Thursday: 8:00 AM - 8:00 PM Tuesday: 8:00 AM - 5:30 PM Wednesday: 8:00 AM - 5:30 PM Friday: 8:00 AM - 5:30 PM Saturday: 8:00 AM - 3:00 PM ","null","42.90626","-91.41677","39.440978138828","Antifreeze; Used Motor Oil; Video Game Consoles; PlayStation Consoles","false","true","","","false","false","false","false"
"McMillan Oil Company","McMillan Oil Company","24 1st St NW","Waukon","Allamakee","IA","52172","5635686034","0","Monday: 7:00 AM - 5:30 PM Tuesday: 7:00 AM - 5:30 PM Wednesday: 7:00 AM - 5:30 PM Thursday: 7:00 AM - 5:30 PM Friday: 7:00 AM - 5:30 PM Saturday: 7:00 AM - 5:00 PM ","","43.26945","-91.47774","39.4552293002259","Antifreeze; Used Motor Oil; Oil Filters; Video Game Consoles; PlayStation Consoles","false","true","","","false","false","false","false"
"Clark Tire Center","Clark Tire Center","878 Allamakee St","Waukon","Allamakee","IA","52172","5635682707","0","Monday: 8:00 AM - 5:00 PM Tuesday: 8:00 AM - 5:00 PM Wednesday: 8:00 AM - 5:00 PM Thursday: 8:00 AM - 5:00 PM Friday: 8:00 AM - 5:00 PM Saturday: 8:00 AM - 12:00 PM ","","43.2779","-91.47557","39.4712909461515","Antifreeze; Lead Acid (Pb) Batteries; Used Motor Oil; Video Game Consoles; PlayStation Consoles","false","true","","","false","false","false","false"
"McMillan Oil Company","","24 First Street Northwest","Waukon","","IA","52172","5635686034","0","","","43.2698881","-91.4779637","39.4724006852872","","false","false","","","false","false","false","false"
"Clark Tire Center","","878 Allamakee Street","Waukon","","IA","52172","5635682707","0","","","43.2788228","-91.4760078","39.5067033481729","","false","false","","","false","false","false","false"
"Schmitt Implement, Inc.","","23050 Route 52 North","Holy Cross","","IA","52053","5638702665","0","","","42.5793192","-90.9400173","41.1611821557207","","false","false","","","false","false","false","false"
"Schmitt Implement, Inc.","Schmitt Implement, Inc.","23044 Route 52 N","Holy Cross","Dubuque","IA","52053","5638702665","0","Monday: 7:30 AM - 5:00 PM Tuesday: 7:30 AM - 5:00 PM Wednesday: 7:30 AM - 5:00 PM Thursday: 7:30 AM - 5:00 PM Friday: 7:30 AM - 5:00 PM Saturday: 7:30 AM - 12:00 PM ","","42.57997","-90.94651","41.2118587244804","Used Motor Oil; Video Game Consoles; PlayStation Consoles","false","true","","","false","false","false","false"
"Cashton Recycling Center","Cashton Recycling Center","1200 N Town Rd ","Cashton","Monroe County","WI","54619","6086545160","0","Tuesday: 12:30 PM - 2:30 PM Thursday: 12:30 PM - 2:30 PM Saturday: 9:00 AM - 1:00 PM ","http://www.cashton.com/","43.747103","-90.783607","41.3444183628114","Air Conditioners; Dehumidifiers; Furniture; Large Household Appliances; Microwaves; Refrigerators; Small Televisions; Televisions; Used Motor Oil; Used Tires","false","true","","","false","false","false","false"
"Big 10 Minute Lube","Big 10 Minute Lube","2100 John F Kennedy Rd","Dubuque","Dubuque","IA","52002","5635831824","0","Monday: 8:00 AM - 6:00 PM Tuesday: 8:00 AM - 6:00 PM Wednesday: 8:00 AM - 6:00 PM Thursday: 8:00 AM - 6:00 PM Friday: 8:00 AM - 6:00 PM Saturday: 8:00 AM - 3:00 PM ","","42.5408","-90.69537","42.1663232794162","Used Motor Oil; Video Game Consoles; PlayStation Consoles","false","true","","","false","false","false","false"
"Dubuque County Drop-off Recycling Station - Flexsteel Parking Lot","","3300 Jackson Street","Dubuque","","IA","52003","5635578220","0","","https://www.dmaswa.org","42.5282529","-90.6815669","43.0517998475874","","false","false","","","false","false","false","false"
"Runick Metal Recycling","Runick Metal Recycling","W9794 WI-33 ","Wonewoc","Juneau County","WI","53968","8884645552","6084645517","Monday: 8:00 AM - 4:30 PM Tuesday: 8:00 AM - 4:30 PM Wednesday: 8:00 AM - 4:30 PM Thursday: 8:00 AM - 4:30 PM Friday: 8:00 AM - 4:30 PM Saturday: 8:00 AM - 11:30 AM ","http://www.runickmetal.com","43.6790059","-90.2549194","43.0727841563983","Aluminum Cans; Aluminum; Car; Bikes; Lead Acid (Pb) Batteries; Ferrous Metals (Steel or Iron); Large Household Appliances; Non-ferrous (Copper/Brass/Tin); Propane Tanks; Tin or Steel Cans; Used Tires; Small Appliances; Wire; Microwaves; Refrigerators; Catalytic Converters; Radiators; Motors; Industrial Equipment; Computer (Recycling); Computer Monitors; DVD Players/Blu-Ray Players/DVRs; Electronics; Laptop Computers; Computer Peripherals; Printers/Scanners/Fax Machines; Small Electronics; Small Televisions; Tablets; Televisions; VCRs; Video Game Consoles; PlayStation Consoles","false","true","","","false","false","false","false"
"Runick Metal Recycling","","W9794 Wisconsin 33","Wonewoc","","WI","53968","8884645552","0","","","43.6789185","-90.2546697","43.0743438400136","","false","false","","","false","false","false","false"
"Dubuque Regional Household Hazardous Waste Mobile Collection Program","","","Dubuque","","IA","52002","5635578220","0","","https://www.dmaswa.org","42.5287528","-90.7722974","43.1020810467529","","false","false","","","false","false","false","false"
"Postville Farmers Co-op Society","","325 Coop Drive","Postville","","IA","52162","5638647234","0","","","43.0894199","-91.5618432","43.1058631341808","","false","false","","","false","false","false","false"
"Advance Auto Parts","Advance Auto Parts","3190 Central Ave","Dubuque","Dubuque","IA","52001","5635852138","0","Monday: 7:00 AM - 9:00 PM Tuesday: 7:00 AM - 9:00 PM Wednesday: 7:00 AM - 9:00 PM Thursday: 7:00 AM - 9:00 PM Friday: 7:00 AM - 9:00 PM Saturday: 7:00 AM - 9:00 PM Sunday: 10:00 AM - 8:00 PM ","http://www.advanceautoparts.com","42.52666","-90.68196","43.1610977244066","Lead Acid (Pb) Batteries; Used Motor Oil; Video Game Consoles; PlayStation Consoles","false","true","","","false","false","false","false"
"Every's Auto & Tire Center","Every's Auto & Tire Center","309 Main St","Colesburg","Delaware","IA","52035","5638563135","0","Monday: 7:00 AM - 6:00 PM Tuesday: 7:00 AM - 6:00 PM Wednesday: 7:00 AM - 6:00 PM Thursday: 7:00 AM - 6:00 PM Friday: 7:00 AM - 6:00 PM ","","42.63855","-91.2021","43.252301269109","Lead Acid (Pb) Batteries; Used Motor Oil; Video Game Consoles; PlayStation Consoles","false","true","","","false","false","false","false"
"USPS Post Office Box Lobby Recycling Program","US Post Office","33 Bean St Ste 2","Benton","Lafayette","WI","53803","8002758777","0","","https://www.usps.com/","42.57052","-90.38309","43.4122710819485","Catalogs; Greeting Cards; Magazines; Paper (Mixed)","false","true","","","false","false","false","false"
"Postville Farmers Co-op Society","Postville Farmers Co-op Society","325 CO Op Dr","Postville","Allamakee","IA","52162","5638647234","0","Monday: 7:30 AM - 5:00 PM Tuesday: 7:30 AM - 5:00 PM Wednesday: 7:30 AM - 5:00 PM Thursday: 7:30 AM - 5:00 PM Friday: 7:30 AM - 5:00 PM Saturday: 7:30 AM - 12:00 PM ","","43.08476","-91.56958","43.5284488265765","Used Motor Oil; Video Game Consoles; PlayStation Consoles","false","true","","","false","false","false","false"
"Kohl's","","2595 Northwest Arterial","Dubuque","","IA","52002","5635854757","0","","https://corporate.kohls.com/","42.5214096","-90.7435659","43.5291300269717","","false","false","","","false","false","false","false"
"Sams Club","","4400 Asbury Rd","Dubuque","","IA","52002","5635870576","0","","https://www.samsclub.com/","42.5170172","-90.7387275","43.8239182493631","","false","false","","","false","false","false","false"
"Wireless Experts","","4840 Asbury Rd","Dubuque","","IA","52002","5635565624","0","","","42.5157265","-90.743458","43.9212994226818","","false","false","","","false","false","false","false"
"Wireless Experts","","4840 Asbury Rd","Dubuque","","IA","52002","5635565624","0","","","42.5157265","-90.743458","43.9212994226818","","false","false","","","false","false","false","false"
"Sam's Club","Sam's Club","4400 Asbury Rd","Dubuque","Dubuque","IA","52002","5635870576","0","","http://www.samsclub.com","42.5153","-90.7397","43.9440890348452","Lead Acid (Pb) Batteries; Video Game Consoles; PlayStation Consoles","false","true","","","false","false","false","false"
"Goodwill - Dubuque","Goodwill - Dubuque","2121 Holliday Dr","Dubuque","Dubuque","IA","52002","5635573158","5635573833","Monday: 9:00 AM - 10:00 PM Tuesday: 9:00 AM - 10:00 PM Wednesday: 9:00 AM - 10:00 PM Thursday: 9:00 AM - 10:00 PM Friday: 9:00 AM - 10:00 PM Saturday: 9:00 AM - 10:00 PM Sunday: 10:00 AM - 8:00 PM ","http://www.gwneia.org","42.51511","-90.7428","43.9626395737511","Books (Reuse); Clothing; CD/DVD/Blu-ray/UHD discs; Computer (Reuse); Computer Monitors; Electronics; Furniture; Household Goods; Televisions; Children's Toys; Stereo Equipment; MP3 Players; Video Game Consoles; PlayStation Consoles","false","true","This site accepts gently used items that are in good, clean, reusable condition for Goodwill Store.","","false","false","false","false"
"Tri-State Independent Blind Association Phone Fund Collection Site","","3333 Asbury Road","Dubuque","","IA","52002","5635568746","0","","","42.512596","-90.7227693","44.1111238960246","","false","false","","","false","false","false","false"
"Lorraine's, Inc.","Lorraine's, Inc.","275 E Main St","Reedsburg","Sauk","WI","53959","6085242049","0","","http://www.radioshack.com/","43.53249","-90.00697","44.1248626048217","Cell Phones; Ni-Cd Batteries; Li-Ion Batteries; Ni-MH Batteries; Ni-Zn Batteries; Small Sealed Lead Acid Batteries; Computer (Recycling); Computer Monitors; DVD Players/Blu-Ray Players/DVRs; Electronics; Laptop Computers; Computer Peripherals; Printers/Scanners/Fax Machines; Small Electronics; Small Televisions; Tablets; Televisions; VCRs; Video Game Consoles; PlayStation Consoles","false","true","The U.S. EPA estimates that more than 350 million rechargeable batteries are purchased annually in the U.S. Thanks to the environmental commitment of this location, its easy and free to recycle your batteries. Bring your rechargeable batteries to this location and look for the recycling box or ask an associate how you can do your part for the environment.","","false","false","false","false"
"Ender's Diagnostic Center","Ender's Diagnostic Center","2098 Central Ave","Dubuque","Dubuque","IA","52001","5635565085","0","Monday: 8:00 AM - 5:00 PM Tuesday: 8:00 AM - 5:00 PM Wednesday: 8:00 AM - 5:00 PM Thursday: 8:00 AM - 5:00 PM Friday: 8:00 AM - 5:00 PM Saturday: 8:00 AM - 2:00 PM ","","42.51155","-90.67002","44.2288943983856","Lead Acid (Pb) Batteries; Used Motor Oil; Video Game Consoles; PlayStation Consoles","false","true","","","false","false","false","false"
