name,description,address,city,region,province,postal_code,phone,fax,hours,url,latitude,longitude,distance,materials,pickup,dropoff,notes,groups,curbside,municipal,national,event_only
"Wilson County Convenience Center - Watertown","","235 S Commerce Rd","Watertown","","TN","37184","6152373185","0","","https://www.wilsoncountytn.gov","36.107579","-86.1332316","1.29757663995069","","false","false","","","false","false","false","false"
"Wilson County Convenience Center - Bairds Mill","","3761 Murfreesboro Rd","Lebanon","","TN","37090","6154490067","0","","https://www.wilsoncountytn.gov","36.1120554","-86.3284544","10.421496203698","","false","false","","","false","false","false","false"
"Walmart Supercenter","","615 S Cumberland St","Lebanon","","TN","37087","6154440471","0","","https://www.walmart.com/","36.1919491","-86.2909178","10.7882095600287","","false","false","","","false","false","false","false"
"Walmart Tire and Lube Express","","615 S Cumberland St","Lebanon","","TN","37087","6154440471","0","","https://www.walmart.com/cp/ideas/8932632","36.1919491","-86.2909178","10.7882095600287","","false","false","","","false","false","false","false"
"Nike Reuse-A-Shoe Drop-Off","Nike Reuse-A-Shoe Drop-Off","530 Outlet Village Blvd","Lebanon","Wilson","TN","37090","6154433521","0","","http://www.nikereuseashoe.com/","36.17858","-86.3036","10.7921511093122","Shoes; Video Game Consoles; PlayStation Consoles","false","true","Nike's Reuse-A-Shoe program collects old, worn-out athletic shoes for recycling, transforming them into Nike Grind, a material used in creating athletic and playground surfaces as well as select Nike products.","","false","false","false","false"
"Walmart","Walmart","615 S Cumberland St","Lebanon","Wilson","TN","37087","6154440471","0","","http://www.walmart.com","36.18924","-86.29567","10.8735741740982","Lead Acid (Pb) Batteries; Plastic Shopping Bags; Food Storage Bags; Video Game Consoles; PlayStation Consoles","false","true","","","false","false","false","false"
"Walmart Tire & Lube Express","Walmart Tire & Lube Express","615 S Cumberland St","Lebanon","Wilson","TN","37087","6154440471","0","","http://www.walmart.com/catalog/catalog.gsp?cat=495843","36.18924","-86.29567","10.8735741740982","Lead Acid (Pb) Batteries; Used Motor Oil; Oil Filters; Video Game Consoles; PlayStation Consoles","false","true","","","false","false","false","false"
"Call2Recycle at Lowe's","Call2Recycle at Lowe's","634 S Cumberland St","Lebanon","Wilson","TN","37087","6155477236","0","Monday: 6:00 AM - 10:00 PM Tuesday: 6:00 AM - 10:00 PM Wednesday: 6:00 AM - 10:00 PM Thursday: 6:00 AM - 10:00 PM Friday: 6:00 AM - 10:00 PM Saturday: 6:00 AM - 10:00 PM Sunday: 8:00 AM - 8:00 PM ","http://www.lowes.com/","36.18938","-86.29581","10.885713725101","Cell Phones; Compact Fluorescent Lights; Ni-Cd Batteries; Plastic Shopping Bags; Li-Ion Batteries; Ni-MH Batteries; Ni-Zn Batteries; Small Sealed Lead Acid Batteries; Video Game Consoles; PlayStation Consoles; Batteries (Rechargeable); Cell Phone Batteries; Li-Ion Batteries; Ni-Cd Batteries; Ni-MH Batteries; Small Sealed Lead Acid Batteries; Cell Phones","false","true","As an environmentally-committed retailer, Lowes offers a recycling center near store entrances to give consumers a free and easy way to properly dispose of rechargeable batteries, cell phones, CFLs and plastic shopping bags; materials that otherwise could be potentially harmful to the environment.  Look for the recycling center or ask a store associate for more details.","Call2Recycle","false","false","false","false"
"Absolute Wireless","","702 S Cumberland St","Lebanon","","TN","37087","6154530550","0","","","36.1889319","-86.2964854","10.8958573804187","","false","false","","","false","false","false","false"
"DeKalb County Convenience Center - Liberty","","Hwy 53","Liberty","","TN","37095","6155975175","0","","","36.0044713","-85.980285","10.9005435783671","","false","false","","","false","false","false","false"
"Nike Factory Store","","530 Outlet Village Boulevard","Lebanon","","TN","37090","6154433521","0","","https://www.nike.com/us/en_us/c/better-world/stories/2012/09/reuse-a-shoe","36.1784925","-86.3063069","10.9140544211845","","false","false","","","false","false","false","false"
"Lowe's","","634 S Cumberland St","Lebanon","","TN","37087","6155477236","0","","https://newsroom.lowes.com/responsibility/operational-excellence/","36.1914383","-86.297417","11.0446905101663","","false","false","","","false","false","false","false"
"Goodwill","","634 S Cumberland St","Lebanon","","TN","37087","0","0","","https://giveit2goodwill.org/","36.1914383","-86.297417","11.0446905101663","","false","false","","","false","false","false","false"
"OfficeMax","","415 S Cumberland St","Lebanon","","TN","37087","6155470071","0","","","36.198116","-86.2916256","11.0981242404231","","false","false","","","false","false","false","false"
"OfficeMax","OfficeMax","415 S Cumberland St","Lebanon","Wilson","TN","37087","6155470071","0","Monday: 8:00 AM - 9:00 PM Tuesday: 8:00 AM - 9:00 PM Wednesday: 8:00 AM - 9:00 PM Thursday: 8:00 AM - 9:00 PM Friday: 8:00 AM - 9:00 PM Saturday: 9:00 AM - 9:00 PM Sunday: 11:00 AM - 6:00 PM ","http://www.officemax.com","36.20011","-86.29211","11.2105246287091","Inkjet Cartridge Refilling; Inkjet Printer Cartridges; Laser Toner Cartridges; Video Game Consoles; PlayStation Consoles","false","true","","","false","false","false","false"
"Fast Lube & Oil Change, Inc","Fast Lube & Oil Change, Inc","327 S Cumberland St","Lebanon","Wilson","TN","37087","6154497211","0","Monday: 7:30 AM - 5:30 PM Tuesday: 7:30 AM - 5:30 PM Wednesday: 7:30 AM - 5:30 PM Thursday: 7:30 AM - 5:30 PM Friday: 7:30 AM - 5:30 PM Saturday: 7:30 AM - 5:30 PM ","","36.2011","-86.292","11.2521698977572","Used Motor Oil; Video Game Consoles; PlayStation Consoles","false","true","","","false","false","false","false"
"DeKalb County Convenience Center - Snow Hill","","Hwy 70 West","Liberty","","TN","37095","6155975175","0","","","36.0083691","-85.969102","11.2901946838417","","false","false","","","false","false","false","false"
"USPS Post Office Box Lobby Recycling Program","US Post Office","12017 Milton St","Milton","Rutherford","TN","37118","8002758777","0","","https://www.usps.com/","35.92959","-86.18214","11.3428609865924","Catalogs; Greeting Cards; Magazines; Paper (Mixed)","false","true","","","false","false","false","false"
"US Post Office","US Post Office","226 E Gay St","Lebanon","Wilson","TN","37087","0","0","","https://www.usps.com/ship/recycle-through-usps.htm","36.20652","-86.28848","11.3684924972432","Inkjet Printer Cartridges; Video Game Consoles; PlayStation Consoles","false","true","Free, postage-paid Mail Back envelopes can be found on display in the lobby. There is no limit to the number of envelopes customers may take. The contents of the envelope must weigh less than 13 ounces and the envelope must be able to seal completely. For more details visit<a href="http://www.maxback.com/mxb-postoffice-collaboration" target="_blank">MaxBack</a>.","","false","false","false","false"
"AutoZone","AutoZone","323-B N Cumberland","Lebanon","Wilson County","TN","37087","6154491450","0","","http://www.autozone.com","36.2113043","-86.2896142","11.6473514721454","Lead Acid (Pb) Batteries; Used Motor Oil; Video Game Consoles; PlayStation Consoles","false","true","Most AutoZone stores accept used motor oil, transmission fluid, gear oil and automotive batteries. Call to see what your local store is currently accepting.","","false","false","false","false"
"Home Depot","","955 Hartmann Dr","Lebanon","","TN","37087","6154445472","0","","https://ecooptions.homedepot.com/","36.1859497","-86.3222684","11.9406491017767","","false","false","","","false","false","false","false"
"Home Depot","Home Depot","955 S Hartmann Dr","Lebanon","Wilson","TN","37090","6154445472","0","","http://www.homedepot.com","36.197","-86.31352","11.9873480920354","Compact Fluorescent Lights; Batteries (Rechargeable); Video Game Consoles; PlayStation Consoles; Batteries (Rechargeable); Cell Phone Batteries; Li-Ion Batteries; Ni-Cd Batteries; Ni-MH Batteries; Small Sealed Lead Acid Batteries","false","true","Home Depot accepts compact fluorescent bulbs and used power tool rechargeable batteries. Look for the orange drop boxes, usually located near the front entrance near the customer service desk.","Call2Recycle","false","false","false","false"
"Call2Recycle at the Home Depot","Call2Recycle at the Home Depot","955 S Hartmann Drive","Lebanon","Wilson","TN","37090","6154445472","0","","http://www.homedepot.com/","36.197","-86.31352","11.9873480920354","Cell Phones; Compact Fluorescent Lights; Ni-Cd Batteries; Li-Ion Batteries; Ni-MH Batteries; Ni-Zn Batteries; Small Sealed Lead Acid Batteries; Video Game Consoles; PlayStation Consoles","false","true","The Home Depot accepts used rechargeable batteries and compact fluorescent bulbs. Look for the orange drop boxes, usually located near the front entrance near the customer service desk, or ask a store associate for more details.","","false","false","false","false"
"Smith County Recycling Drop-Off Site - Pope's Hill Convenience Center","","524 Lebanon Hwy","Carthage","","TN","37030","6157351544","0","","","36.251934","-86.037361","12.6132656732371","","false","false","","","false","false","false","false"
"Goodwill","","1031 W Main St","Lebanon","","TN","37087","6154531199","0","","https://giveit2goodwill.org/","36.2135377","-86.3165802","12.8459354735794","","false","false","","","false","false","false","false"
"Wilson County Convenience Center - Lebanon","","921 West Baddour Parkway","Lebanon","","TN","37087","6154490027","0","","https://www.wilsoncountytn.gov","36.2184731","-86.311522","12.8665155454747","","false","false","","","false","false","false","false"
"O'Reilly Auto Parts","null","1212 West Main Street","Lebanon","","TN","37087","6154449253","0","","http://oreillyauto.custhelp.com/app/error/error_id/6","36.2123986","-86.3207997","12.972601930358","","false","false","","","false","false","false","false"
"Walgreens","Walgreens","1303 W Main St","Lebanon","Wilson","TN","37087","6154494330","0","","http://www.walgreens.com","36.21326","-86.3214","13.0366445652435","Cell Phones; Inkjet Cartridge Refilling; Inkjet Printer Cartridges; Video Game Consoles; PlayStation Consoles","false","true","","","false","false","false","false"
"Advance Auto Parts","Advance Auto Parts","1323 W Main St","Lebanon","Wilson","TN","37087","6154447318","0","Monday: 7:00 AM - 9:00 PM Tuesday: 7:00 AM - 9:00 PM Wednesday: 7:00 AM - 9:00 PM Thursday: 7:00 AM - 9:00 PM Friday: 7:00 AM - 9:00 PM Saturday: 7:00 AM - 9:00 PM Sunday: 10:00 AM - 8:00 PM ","http://www.advanceautoparts.com","36.21452","-86.32502","13.2468716633032","Lead Acid (Pb) Batteries; Used Motor Oil; Video Game Consoles; PlayStation Consoles","false","true","","","false","false","false","false"
"Fast Lube & Oil Change, Inc","Fast Lube & Oil Change, Inc","1327 W Main St","Lebanon","Wilson","TN","37087","6154444111","0","Monday: 7:30 AM - 5:30 PM Tuesday: 7:30 AM - 5:30 PM Wednesday: 7:30 AM - 5:30 PM Thursday: 7:30 AM - 5:30 PM Friday: 7:30 AM - 5:30 PM Saturday: 7:30 AM - 5:30 PM ","","36.21452","-86.32502","13.2468716633032","Transmission Fluid; Used Motor Oil; Video Game Consoles; PlayStation Consoles","false","true","","","false","false","false","false"
"Lascassas Convenience Center","Lascassas Convenience Center","6883 Lascassas Pike ","Lascassas","Rutherford County","TN","37085","6158987739","0","Tuesday: 9:30 AM - 5:00 PM Wednesday: 9:30 AM - 5:00 PM Friday: 9:30 AM - 5:00 PM Sunday: 7:30 AM - 3:00 PM Saturday: 7:30 AM - 3:00 PM ","http://www.rutherfordcountytn.gov/","35.9282803","-86.2701033","13.2669772352925","Aluminum; Aluminum Cans; Cardboard; Carpet Padding; Glass (Brown); Glass (Clear); Glass (Green); Magazines; Newspapers; Plastic #1 (PETE); Plastic #2 (HDPE); Scrap Metal","false","true","","","false","false","false","false"
"Verizon Wireless","Verizon Wireless","1424 W Main St","Lebanon","Wilson","TN","37087","8666444532","0","","http://www.verizonwireless.com/","36.21575","-86.32914","13.4774808971278","Cell Phones; Cell Phone Batteries; Video Game Consoles; PlayStation Consoles","false","true","<A Href="https://www.trade-in.vzw.com/home.aspx">
The Verizon Wireless Trade-In Program</A> allows you to trade in your used handset or tablet in a convenient and responsible way. 
<P>
<P>
Verizon Wireless works every day to protect our environment and give our customers opportunities to do the same. <A Href="http://aboutus.vzw.com/Green_Initiative/overview.html">Click here</A> for more examples of the earth-friendly initiatives and programs Verizon Wireless is proud to offer and support.","","false","false","false","false"
"Call2Recycle at RadioShack","Call2Recycle at RadioShack","1416 W Main St","Lebanon","Wilson","TN","37087","6154444434","0","","http://www.radioshack.com/","36.21582","-86.32933","13.4887147180137","Cell Phones; Ni-Cd Batteries; Li-Ion Batteries; Ni-MH Batteries; Ni-Zn Batteries; Small Sealed Lead Acid Batteries; Video Game Consoles; PlayStation Consoles","false","true","As the first national retailer to partner with Call2Recycle, RadioShack is at the forefront of the rechargeable battery recycling cause and is pleased to offer battery recycling at thousands of convenient RadioShack locations for free.  Simply drop them off at your local RadioShack and theyll take care of the rest.  Ask a store associate for more details.","","false","false","false","false"
"RadioShack","RadioShack","1416 W Main St","Lebanon","Wilson","TN","37087","6154444434","0","Monday: 10:00 AM - 8:00 PM Tuesday: 10:00 AM - 8:00 PM Wednesday: 10:00 AM - 8:00 PM Thursday: 10:00 AM - 8:00 PM Friday: 10:00 AM - 9:00 PM Saturday: 10:00 AM - 9:00 PM Sunday: 10:00 AM - 7:00 PM ","http://www.radioshack.com","36.21582","-86.32933","13.4887147180137","Cell Phones; Ni-Cd Batteries; Batteries (Rechargeable); Cell Phone Batteries; Video Game Consoles; PlayStation Consoles","false","true","","","false","false","false","false"
"Cartridge World","","1416 West Main Street","Lebanon","","TN","37087","6155470061","0","","","36.2153068","-86.3304589","13.5145680326333","","false","false","","","false","false","false","false"
"Tractor Supply","null","1455-B West Main Street","Lebanon","","TN","37087","6154494466","0","","https://www.tractorsupply.com/","36.2183801","-86.3308628","13.6677763064607","","false","false","","","false","false","false","false"
"Tractor Supply","Tractor Supply","1455 W Main St Ste B","Lebanon","Wilson","TN","37087","6154494466","0","","http://www.tractorsupply.com","36.21734","-86.33309","13.7170912620351","Transmission Fluid; Used Motor Oil; Video Game Consoles; PlayStation Consoles","false","true","","","false","false","false","false"
"Smith County Recycling Drop-Off Site - Gordonsville Convenience Center","","171 Lancaster Hwy ","Gordonsville","","TN","38563","6156836743","0","","","36.1685034","-85.9088905","14.1571323334432","","false","false","","","false","false","false","false"
"Wilson County Landfill","","378 Dump Rd","Lebanon","","TN","37087","6154448360","0","","https://www.wilsoncountytn.gov","36.262135","-86.289042","14.3498544708914","","false","false","","","false","false","false","false"
"Publix","","1703 West Main St","Lebanon","","TN","37087","6154442581","0","","https://sustainability.publix.com/storefront/customer-recycling/","36.2234698","-86.3450429","14.500816013025","","false","false","","","false","false","false","false"
"Smith County Recycling Drop-Off Site - Helm's Bend Convenience Center","","38 Helms Bend Ln","Gordonsville","","TN","38563","6157356639","0","","","36.2065794","-85.9132549","15.1391929233771","","false","false","","","false","false","false","false"
"O'Reilly Auto Parts","null","575 Carthage Bypass","Carthage","","TN","37030","6157351406","0","","http://oreillyauto.custhelp.com/app/error/error_id/6","36.2484675","-85.9546995","15.1568337758059","","false","false","","","false","false","false","false"
"Bennett's Service Station","Bennett's Service Station","102 Main St N","Carthage","Smith","TN","37030","6157359911","0","","","36.24817","-85.9515","15.2668051269239","Used Motor Oil; Video Game Consoles; PlayStation Consoles","false","true","","","false","false","false","false"
"Smith County Recycling Drop-Off Site - Carthage Convenience Center","","140 Dixon Springs Hwy","Carthage","","TN","37030","6157359639","0","","","36.2716964","-85.9709979","15.7770266930216","","false","false","","","false","false","false","false"
"Firestone Complete Auto Care","","2829 Lebanon Rd","Nashville","","TN","37214","6158897154","0","","https://www.firestonecompleteautocare.com/","36.2298083","-86.3682041","15.7855532208799","","false","false","","","false","false","false","false"
"Advance Auto Parts","Advance Auto Parts","72 Dixon Springs Hwy","Carthage","Smith","TN","37030","6157359797","0","Monday: 7:00 AM - 9:00 PM Tuesday: 7:00 AM - 9:00 PM Wednesday: 7:00 AM - 9:00 PM Thursday: 7:00 AM - 9:00 PM Friday: 7:00 AM - 9:00 PM Saturday: 7:00 AM - 9:00 PM Sunday: 10:00 AM - 8:00 PM ","http://www.advanceautoparts.com","36.26747","-85.9625","15.844708874336","Lead Acid (Pb) Batteries; Used Motor Oil; Video Game Consoles; PlayStation Consoles","false","true","","","false","false","false","false"
"Walmart","Walmart","1 Myers St","Carthage","Smith","TN","37030","6157352049","0","","http://www.walmart.com","36.26429","-85.95608","15.9092669728901","Lead Acid (Pb) Batteries; Plastic Shopping Bags; Food Storage Bags; Video Game Consoles; PlayStation Consoles","false","true","","","false","false","false","false"
"Walter Hill Convenience Center","Walter Hill Convenience Center","870 E Jefferson Pike ","Murfreesboro","Rutherford County","TN","37130","6158987739","0","Tuesday: 9:30 AM - 5:00 PM Wednesday: 9:30 AM - 5:00 PM Friday: 9:30 AM - 5:00 PM Sunday: 7:30 AM - 3:00 PM Saturday: 7:30 AM - 3:00 PM ","http://www.rutherfordcountytn.gov/","35.9411803","-86.3606322","15.9339911531012","Aluminum; Aluminum Cans; Cardboard; Carpet Padding; Glass (Brown); Glass (Clear); Glass (Green); Magazines; Newspapers; Plastic #1 (PETE); Plastic #2 (HDPE); Scrap Metal","false","true","","","false","false","false","false"
"Rutherford County Convenience Center - Walter Hill","","5362 Lebanon Pike","Murfreesboro","","TN","37129","6158987739","0","","http://rutherfordcountytn.gov/environmental/recycle.htm","35.940101","-86.3780212","16.7318368995741","","false","false","","","false","false","false","false"
"Ground Up Recycling","","5776 East Division Street","Mount Juliet","","TN","37122","6154172938","0","","http://www.rockwoodrecycling.com","36.1900076","-86.4210334","16.9279547559798","","false","false","","","false","false","false","false"
"Metro Nashville and Davidson County Recycling Drop-Off Site - Hermitage Hobby Lobby","","4101 Lebanon Road","Hermitage","","TN","37076","6158801000","0","","https://www.nashville.gov/Public-Works/Neighborhood-Services/Recycling.aspx","36.2357427","-86.3906078","17.0318926928187","","false","false","","","false","false","false","false"
"Short Mountain Sanctuary","Short Mountain Sanctuary","247 Sanctuary Ln","Liberty","Cannon","TN","37095","6155634397","0","","http://www.shinglerecycling.org/","35.87852","-85.9833","17.1876009632641","Books (Reuse); Brick(s); Carpet; Ceiling Tiles; Ceramic Tiles; Clothing; Concrete (Set); Construction Materials; Construction Materials (Reuse); Gift Bags; Drywall; Furniture; Household Goods; Lawn Equipment; Linoleum; Bed Mattresses; Musical Instruments; Ornaments; Porcelain; Roofing Materials; Shingles; Stone; Miscellaneous Tools; VHS & Cassette Tapes; Windows; Wood; Video Game Consoles; PlayStation Consoles","true","true","For more information on shingle recycling visit <a href="http://www.shinglerecycling.org/index.php" target="_blank">ShingleRecycling.org</a>","","false","false","false","false"
"Rutherford County Household Hazardous Waste Collection Event","","","Murfreesboro","","TN","37130","6155424633","0","","http://rutherfordcountytn.gov","35.8807375","-86.317392","17.463166589579","","false","false","","","false","false","false","false"
"Publix","","3415 Memorial Boulevard","Murfreesboro","","TN","37129","6158496254","0","","https://sustainability.publix.com/storefront/customer-recycling/","35.9121468","-86.3861161","18.330802901683","","false","false","","","false","false","false","false"
"Wilson County Convenience Center - Martha","","1530 Powell Grove Road","Lebanon","","TN","37087","6154496038","0","","https://www.wilsoncountytn.gov","36.2312585","-86.4234716","18.3808565601434","","false","false","","","false","false","false","false"
"Cannon County Convenience Center","","210 Alexander Dr","Woodbury","","TN","37190","6155634922","0","","http://cannontn.com","35.8318983","-86.0678073","18.3820928814809","","false","false","","","false","false","false","false"
"911 Cell Phone Bank - Cape Coral Police","911 Cell Phone Bank - Cape Coral Police","110 Alexander Dr","Woodbury","Cannon","TN","37190","8662907864","0","","http://www.911cellphonebank.org/","35.83116","-86.07058","18.3966820916336","Cell Phones; Cameras; Laptop Computers; MP3 Players; Video Games; Video Game Consoles; Smart watches & Apple Watch®
","false","true","Please call to verify drop-off procedures and directions to the location.  For prepaid shipping labels, visit http://www.911cellphonebank.org/drop-off-locations.asp - click on "print shipping label."","","false","false","false","false"
"Woodbury Auto Express","Woodbury Auto Express","718 W Main St ","Woodbury","Cannon County","TN","37190","6155635320","0","Monday: 8:00 AM - 5:00 PM Tuesday: 8:00 AM - 5:00 PM Wednesday: 8:00 AM - 5:00 PM Thursday: 8:00 AM - 5:00 PM Friday: 8:00 AM - 5:00 PM Saturday: 12:00 PM - 5:00 PM ","","35.8282429","-86.0772779","18.5145683524437","Antifreeze; Used Motor Oil; Oil Filters; Video Game Consoles; PlayStation Consoles","false","true","","","false","false","false","false"
"Cranor Road Convenience Center","Cranor Road Convenience Center","1567 Cranor Rd ","Murfreesboro","Rutherford County","TN","37130","6158987739","0","Tuesday: 9:30 AM - 5:00 PM Wednesday: 9:30 AM - 5:00 PM Friday: 9:30 AM - 5:00 PM Sunday: 7:30 AM - 3:00 PM Saturday: 7:30 AM - 3:00 PM ","http://www.rutherfordcountytn.gov/","35.8444585","-86.2760466","18.559513521833","Aluminum; Aluminum Cans; Cardboard; Carpet Padding; Glass (Brown); Glass (Clear); Glass (Green); Magazines; Newspapers; Plastic #1 (PETE); Plastic #2 (HDPE); Scrap Metal; Tin or Steel Cans","false","true","","","false","false","false","false"
"Rutherford County Convenience Center - Cranor Road","","1567 Cranor Road","Murfreesboro","","TN","37130","6158987739","0","","http://rutherfordcountytn.gov/environmental/recycle.htm","35.8443267","-86.2765271","18.5785970901749","","false","false","","","false","false","false","false"
"O'Reilly Auto Parts","null","301 McMinnville Highway","Woodbury","","TN","37190","6155634014","0","","http://oreillyauto.custhelp.com/app/error/error_id/6","35.827806","-86.0650278","18.6932845212906","","false","false","","","false","false","false","false"
"Davenport's Service Station","Davenport's Service Station","335 E Main St ","Woodbury","Cannon County","TN","37190","6155638889","0","Monday: 5:00 AM - 7:30 PM Tuesday: 5:00 AM - 7:30 PM Wednesday: 5:00 AM - 7:30 PM Thursday: 5:00 AM - 7:30 PM Friday: 5:00 AM - 8:00 PM Saturday: 6:00 AM - 7:30 PM ","","35.8271526","-86.0655411","18.7304555024413","Used Motor Oil; Video Game Consoles; PlayStation Consoles","false","true","","","false","false","false","false"
"Chattanooga Goodwill Industries Inc. - Dell Reconnect Donation Site","","109 Lester Street","Woodbury","","TN","37190","0","0","","https://goodwillchatt.org/","35.8251594","-86.0699654","18.8086699377201","","false","false","","","false","false","false","false"
"Call2Recycle at ToolServe","Call2Recycle at ToolServe","3761 Highway 109 N Ste C","Lebanon","Wilson","TN","37087","6152427500","0","","http://www.call2recycle.org/","36.23607","-86.43002","18.866382391674","Cell Phones; Ni-Cd Batteries; Li-Ion Batteries; Ni-MH Batteries; Ni-Zn Batteries; Small Sealed Lead Acid Batteries; Video Game Consoles; PlayStation Consoles","false","true","The U.S. EPA estimates that more than 350 million rechargeable batteries are purchased annually in the U.S. Thanks to the environmental commitment of this location, its easy and free to recycle your batteries. Bring your rechargeable batteries to this location and look for the recycling box or ask an associate how you can do your part for the environment.","","false","false","false","false"
"Interstate Batteries of Music City","Interstate Batteries of Music City","3729 Highway 109 N","Lebanon","Wilson","TN","37087","6154492555","0","Monday: 8:00 AM - 5:00 PM Tuesday: 8:00 AM - 5:00 PM Wednesday: 8:00 AM - 5:00 PM Thursday: 8:00 AM - 5:00 PM Friday: 8:00 AM - 5:00 PM ","http://www.ibsa.com/www_2001/content/distributors/music_city/index.htm?mscssid=j2xngftvmdod9jeo37871bx4kjg1b8t5&js=1","36.23607","-86.43002","18.866382391674","Lead Acid (Pb) Batteries; Other Batteries; Video Game Consoles; PlayStation Consoles","false","true","","","false","false","false","false"
"Leanna Convenience Center","Leanna Convenience Center","4303 Sulphur Springs Rd","Murfreesboro","Rutherford","TN","37129","6158987739","0","Tuesday: 9:30 AM - 5:00 PM Wednesday: 9:30 AM - 5:00 PM Friday: 9:30 AM - 5:00 PM Sunday: 7:30 AM - 3:00 PM Saturday: 7:30 AM - 3:00 PM ","http://www.rutherfordcountytn.gov/","35.9358","-86.43106","19.3048763089917","Aluminum; Aluminum Cans; Magazines; Newspapers; Scrap Metal","false","true","","","false","false","false","false"
"O'Reilly Auto Parts","null","664 West Broad Street","Smithville","","TN","37166","6155974155","0","","http://oreillyauto.custhelp.com/app/error/error_id/6","35.9605456","-85.8376657","19.3197476614639","","false","false","","","false","false","false","false"
"Rutherford County Convenience Center - Leanna","","4303 Sulphur Springs Rd","Murfreesboro","","TN","37129","6158987739","0","","http://rutherfordcountytn.gov/environmental/recycle.htm","35.9335978","-86.431107","19.3920438413887","","false","false","","","false","false","false","false"
"Smith County Recycling Drop-Off Site - Defeated (Devil's Elbow) Convenience Center","","210 Defeated Creek Hwy","Pleasant Shade","","TN","37145","6157743394","0","","","36.3231528","-85.9380348","19.7259437987593","","false","false","","","false","false","false","false"
"Rutherford County Convenience Center - Lascassas","","6883 Lascassas Hwy","Lascassas","","TN","37085","6158987739","0","","http://rutherfordcountytn.gov/environmental/recycle.htm","35.8645879","-86.3630666","19.8683346647198","","false","false","","","false","false","false","false"
"Walmart Supercenter","","515 W Broad St","Smithville","","TN","37166","6152157550","0","","https://www.walmart.com/","35.9547567","-85.8299059","19.8908661558632","","false","false","","","false","false","false","false"
"Walmart Tire and Lube Express","","515 W Broad St","Smithville","","TN","37166","6152157550","0","","https://www.walmart.com/cp/ideas/8932632","35.9547567","-85.8299059","19.8908661558632","","false","false","","","false","false","false","false"
"Walmart","Walmart","515 W Broad St","Smithville","Dekalb","TN","37166","6152157550","0","","http://www.walmart.com","35.95796","-85.82376","20.0918278360294","Lead Acid (Pb) Batteries; Plastic Shopping Bags; Food Storage Bags; Video Game Consoles; PlayStation Consoles","false","true","","","false","false","false","false"
"O'Reilly Auto Parts","null","1910 Memorial Boulevard","Murfreesboro","","TN","37129","6152173869","0","","http://oreillyauto.custhelp.com/app/error/error_id/6","35.8750711","-86.384671","20.0925746831575","","false","false","","","false","false","false","false"
"North Central Recycling","North Central Recycling","480 Trousdale Way","Hartsville","Trousdale","TN","37074","6153744776","0","Monday: 8:30 AM - 3:30 PM Tuesday: 8:30 AM - 3:30 PM Wednesday: 8:30 AM - 3:30 PM Thursday: 8:30 AM - 3:30 PM Friday: 8:30 AM - 3:30 PM ","","36.38429","-86.13821","20.2806494810607","Plastic #1 (PETE); Plastic #2 (HDPE); Plastic #2 (Color HDPE); Plastic #3 (PVC); Plastic #4 (LDPE); Plastic #5 (Polypropylene); Plastic #6 (Polystyrene); Plastic #7; Aluminum Cans; Aluminum; Glass (Blue); Books (Reuse); Book Recycling; Glass (Brown); Brown Paper Bags; Cardboard; Catalogs; Glass (Clear); Computer Paper; Drink Boxes; Glass (Green); Greeting Cards; Magazines; Milk Cartons; Paper (Mixed); Newspapers; Non-ferrous (Copper/Brass/Tin); Phone books; Tin or Steel Cans; Office Paper; Video Game Consoles; PlayStation Consoles","false","true","","","false","false","false","false"
"Putnam County Convenience Center - Buffalo Valley","","3340 Medley Amonette Rd","Buffalo Valley","","TN","38548","9318583547","0","","https://putnamcountytn.gov/index.php?p=departments&s=solidwaste","36.1427095","-85.7820963","20.4945120068092","","false","false","","","false","false","false","false"
"The Rocking Horse, Kids Consignments","The Rocking Horse, Kids Consignments","402 W Northfield Blvd Ste A","Murfreesboro","Rutherford","TN","37129","6158955889","0","Monday: 10:00 AM - 6:00 PM Tuesday: 10:00 AM - 6:00 PM Wednesday: 10:00 AM - 6:00 PM Thursday: 10:00 AM - 6:00 PM Friday: 10:00 AM - 6:00 PM Saturday: 10:00 AM - 5:00 PM ","http://www.rutherfordcounty.org/recycle","35.87175","-86.39113","20.5054698771117","Clothing; Musical Instruments; Children's Toys; Video Game Consoles; PlayStation Consoles","false","true","This site accepts clean kid's clothing and some other items for sale on consignment Monday to Wednesday 10am to 5:30pm.","","false","false","false","false"
"Walgreens","Walgreens","106 W Northfield Blvd","Murfreesboro","Rutherford","TN","37129","6158901583","0","","http://www.walgreens.com","35.86825","-86.38764","20.5547573468918","Cell Phones; Inkjet Cartridge Refilling; Inkjet Printer Cartridges; Video Game Consoles; PlayStation Consoles","false","true","","","false","false","false","false"
"Goodwill","","3519 Stewarts Ferry Pike.","Mt. Juliet","","TN","37122","0","0","","https://giveit2goodwill.org/","36.1241894","-86.5098527","20.5718364668477","","false","false","","","false","false","false","false"
"Weakley Lane Convenience Center","Weakley Lane Convenience Center","135 Weakley Ln","Smyrna","Rutherford","TN","37167","6158987739","0","Tuesday: 9:30 AM - 5:00 PM Wednesday: 9:30 AM - 5:00 PM Friday: 9:30 AM - 5:00 PM Sunday: 7:30 AM - 3:00 PM Saturday: 7:30 AM - 3:00 PM ","http://www.rutherfordcountytn.gov/","36.00326","-86.49619","20.6018735218505","Aluminum; Aluminum Cans; Cardboard; Carpet Padding; Glass (Brown); Glass (Clear); Glass (Green); Magazines; Newspapers; Plastic #1 (PETE); Plastic #2 (HDPE); Scrap Metal","false","true","","","false","false","false","false"
"Rutherford County Convenience Center - Weakley Lane","","135 Weakley Ln","Smyrna","","TN","37167","6158987739","0","","http://rutherfordcountytn.gov/environmental/recycle.htm","35.9989072","-86.497925","20.7849295054088","","false","false","","","false","false","false","false"
"Goodwill","","135 Weakley Ln","Smyrna","","TN","37167","0","0","","https://giveit2goodwill.org/","35.9989072","-86.497925","20.7849295054088","","false","false","","","false","false","false","false"
"Walgreens","Walgreens","206 Crossings Ln","Mount Juliet","Wilson","TN","37122","6157587250","0","","http://www.walgreens.com","36.16939","-86.50384","20.8213122264487","Cell Phones; Inkjet Printer Cartridges; Video Game Consoles; PlayStation Consoles","false","true","","","false","false","false","false"
"Advance Auto Parts","Advance Auto Parts","625 S Congress Blvd","Smithville","Dekalb","TN","37166","6155972886","0","Monday: 7:00 AM - 9:00 PM Tuesday: 7:00 AM - 9:00 PM Wednesday: 7:00 AM - 9:00 PM Thursday: 7:00 AM - 9:00 PM Friday: 7:00 AM - 9:00 PM Saturday: 7:00 AM - 9:00 PM Sunday: 10:00 AM - 8:00 PM ","http://www.advanceautoparts.com","35.95433","-85.81116","20.8333203786976","Lead Acid (Pb) Batteries; Used Motor Oil; Video Game Consoles; PlayStation Consoles","false","true","","","false","false","false","false"
"RRR Tech Recycling","","","Murfreesboro","","TN","37129","6154285604","0","","http://www.rrrtech.com/index.html","35.9173416","-86.4490926","20.8584464572772","","false","false","","","false","false","false","false"
"Trek Bicycle Murfreesboro","Trek Bicycle Murfreesboro","1644 Memorial Blvd","Murfreesboro","Rutherford ","TN","37130","6155381980","0","","","35.863724557088","-86.3898364052703","20.8707100047374","E-Bike Batteries","false","true","Call or Check Online for Hours","Call2Recycle","false","false","false","false"
"Walmart Tire & Lube Express","Walmart Tire & Lube Express","570 Enon Springs Rd E","Smyrna","Rutherford","TN","37167","6153551029","0","","http://www.walmart.com/catalog/catalog.gsp?cat=495843","35.97293","-86.48859","20.9229970414577","Lead Acid (Pb) Batteries; Used Motor Oil; Oil Filters; Video Game Consoles; PlayStation Consoles","false","true","","","false","false","false","false"
"Walmart","Walmart","570 Enon Springs Rd E","Smyrna","Rutherford","TN","37167","6153551029","0","","http://www.walmart.com","35.97293","-86.48859","20.9229970414577","Lead Acid (Pb) Batteries; Plastic Shopping Bags; Food Storage Bags; Video Game Consoles; PlayStation Consoles","false","true","","","false","false","false","false"
"Walgreens","Walgreens","806 Nissan Dr","Smyrna","Rutherford","TN","37167","6153557546","0","","http://www.walgreens.com","35.97671","-86.49251","21.0252081935701","Cell Phones; Inkjet Printer Cartridges; Video Game Consoles; PlayStation Consoles","false","true","","","false","false","false","false"
"O'Reilly Auto Parts","","234 Broadway","Hartsville","","TN","37074","6153742157","0","","http://oreillyauto.custhelp.com/app/error/error_id/6","36.3951625","-86.1654396","21.0646587183026","","false","false","","","false","false","false","false"
"Best Buy","Best Buy","401 S Mt Juliet Rd","Mount Juliet","Wilson County","TN","37122","6157549200","0","","https://www.bestbuy.com/recycle","36.1667026","-86.5102586","21.1207570177277","Large Household Appliances; Refrigerators; Televisions; AC Power Plugs; Batteries (Rechargeable); Cables & Connectors; Car Audio/Video Equipment; Cell Phone Batteries; Cell Phones; Computer (Recycling); Hard Drives; Computer Monitors; Cameras; DVD Players/Blu-Ray Players/DVRs; Electronics; E-Readers; GPS Units; Headphones; Inkjet Printer Cartridges; Laptop Computers; Laser Toner Cartridges; Li-Ion Batteries; MP3 Players; Network Equipment; Ni-Cd Batteries; Ni-MH Batteries; Ni-Zn Batteries; Computer Peripherals; Portable Media Players; Printers/Scanners/Fax Machines; Small Electronics; Small Sealed Lead Acid Batteries; Stereo Equipment; Tablets; Telephones; UPS Batteries/Backup Systems; VCRs; Video Game Systems; Blu-Ray Players; Digital Converter Boxes; Small Televisions; Video Game Consoles; PlayStation Consoles","true","true","2 TVs per visit, 3 e-waste items per day; $25 fee for TVs and Monitors; $19.99 pick-up fee with delivery; $99.99 standalone pickup fee; ","Sony, Vizio, OEM","false","false","false","false"
"Staples","","401 South Mount Juliet Road","Mount Juliet","","TN","37122","6157735000","0","","https://www.staples.com/sbd/cre/marketing/sustainability-center/recycling-services/","36.1667026","-86.5102586","21.1207570177277","Alkaline/Single-Use Batteries; Batteries (Rechargeable); Cell Phone Batteries; Li-Ion Batteries; Ni-Cd Batteries; Ni-MH Batteries; Small Sealed Lead Acid Batteries; Alkaline/Single-Use Batteries; Button Batteries; Non-rechargeable lithium batteries; Cell Phones","false","true","","Call2Recycle","false","false","false","false"
"Target Store","null","401 S Mount Juliet Rd","Mount Juliet","","TN","37122","6157732800","0","","https://corporate.target.com/corporate-responsibility/planet","36.1667026","-86.5102586","21.1207570177277","","false","false","","","false","false","false","false"
"JCPenney","null","401 S Mount Juliet Rd","Mt Juliet","","TN","37122","6157587800","0","","https://www.jcpenney.com/","36.1667026","-86.5102586","21.1207570177277","","false","false","","","false","false","false","false"
"Best Buy","null","401 S Mt Juliet Rd","Mount Juliet","","TN","37122","6157549200","0","","https://www.bestbuy.com/site/services/recycling/pcmcat149900050025.c?id=pcmcat149900050025","36.1667026","-86.5102586","21.1207570177277","","false","false","","","false","false","false","false"
"Aluminum Resources Inc","Aluminum Resources Inc","789 Swan Dr","Smyrna","Rutherford","TN","37167","6153556500","6153556567","","http://www.aluminumresources.com/","36.00168","-86.50582","21.1484284729771","Aluminum; Non-ferrous (Copper/Brass/Tin); Video Game Consoles; PlayStation Consoles","false","true","","","false","false","false","false"
"Publix","","665 South Mount Juliet Road","Mount Juliet","","TN","37122","6157730250","0","","https://sustainability.publix.com/storefront/customer-recycling/","36.1614431","-86.512445","21.152825583819","","false","false","","","false","false","false","false"
"Tractor Supply","Tractor Supply","2310 Mercury BLVD","Murfreesboro","Rutherford County","TN","37130","6158491974","0","","http://www.tractorsupply.com","35.8347518","-86.3511242","21.1551965380536","Transmission Fluid; Used Motor Oil; Video Game Consoles; PlayStation Consoles","false","true","","","false","false","false","false"
"Wilson County Convenience Center - Norene","","10684 Cainesville Road","Lebanon","","TN","37087","6152862574","0","","https://www.wilsoncountytn.gov","36.0636277","-86.2444548","5.93434862976583","","false","false","","","false","false","false","false"
"Wilson County Convenience Center - Statesville","","9290 Statesville Road","Watertown","","TN","37184","6154644711","0","","https://www.wilsoncountytn.gov","35.9955492","-86.085305","7.34232027678577","","false","false","","","false","false","false","false"
