name,description,address,city,region,province,postal_code,phone,fax,hours,url,latitude,longitude,distance,materials,pickup,dropoff,notes,groups,curbside,municipal,national,event_only
"Washington County Recycling Drop-off Location","","315 Laurel Valley Rd","Trout Dale","","VA","24378","2765251300","0","","https://www.washcova.com","36.6771211","-81.5883507","11.125553499357","","false","false","","","false","false","false","false"
"Johnson County Convenience Center","","398 Industrial Park Drive","Mountain City","","TN","37683","4237276921","0","","http://www.johnsoncountytn.org/","36.4470718","-81.8809395","11.684074123413","","false","false","","","false","false","false","false"
"Smyth County Recycle Drop-off Location","","Loves Mill Rd","Chilhowie","","VA","24319","2767833298","0","","http://www.smythcounty.org","36.7424478","-81.6949747","11.8560714264345","","false","false","","","false","false","false","false"
"MXI Environmental Services","MXI Environmental Services","17600 Jeb Stuart Hwy","Abingdon","Washington","VA","24211","2760628115","0","","","36.69821","-81.90779","12.4327337303096","Antifreeze; Used Motor Oil; Oil Filters; Video Game Consoles; PlayStation Consoles","false","true","","","false","false","false","false"
"Washington County Recycling Drop-off Location","","27263 Porter Ln","Abingdon","","VA","24211","2765251300","0","","https://www.washcova.com","36.7159883","-81.8874778","12.5584831759034","","false","false","","","false","false","false","false"
"McQueen Farm and Equipment","McQueen Farm and Equipment","10537 Highway 421 N","Shady Valley","Johnson","TN","37688","4237392441","0","Monday: 9:00 AM - 5:00 PM Tuesday: 9:00 AM - 5:00 PM Wednesday: 9:00 AM - 5:00 PM Thursday: 9:00 AM - 5:00 PM Friday: 9:00 AM - 5:00 PM Saturday: 8:30 AM - 12:00 PM ","","36.49991","-81.94972","12.5598133562008","Used Motor Oil; Oil Filters; Video Game Consoles; PlayStation Consoles","false","true","","","false","false","false","false"
"Call2Recycle at Lowe's","Call2Recycle at Lowe's","24500 Falcon Place Blvd","Abingdon","Washington","VA","24211","2766234032","0","Monday: 6:00 AM - 10:00 PM Tuesday: 6:00 AM - 10:00 PM Wednesday: 6:00 AM - 10:00 PM Thursday: 6:00 AM - 10:00 PM Friday: 6:00 AM - 10:00 PM Saturday: 6:00 AM - 10:00 PM Sunday: 8:00 AM - 8:00 PM ","http://www.lowes.com/","36.71115","-81.91177","13.2132079529841","Cell Phones; Compact Fluorescent Lights; Ni-Cd Batteries; Plastic Shopping Bags; Li-Ion Batteries; Ni-MH Batteries; Ni-Zn Batteries; Small Sealed Lead Acid Batteries; Video Game Consoles; PlayStation Consoles","false","true","As an environmentally-committed retailer, Lowes offers a recycling center near store entrances to give consumers a free and easy way to properly dispose of rechargeable batteries, cell phones, CFLs and plastic shopping bags; materials that otherwise could be potentially harmful to the environment.  Look for the recycling center or ask a store associate for more details.","","false","false","false","false"
"Lowe's","","24500 Falcon Place Blvd","Abingdon","","VA","24211","2766234032","0","","https://newsroom.lowes.com/responsibility/operational-excellence/","36.7111601","-81.9319981","14.0260932796752","Batteries (Rechargeable); Cell Phone Batteries; Li-Ion Batteries; Ni-Cd Batteries; Ni-MH Batteries; Small Sealed Lead Acid Batteries; Cell Phones","false","true","","Call2Recycle","false","false","false","false"
"USPS Post Office Box Lobby Recycling Program","US Post Office","29063 Walker Ln","Meadowview","Washington","VA","24361","8002758777","0","","https://www.usps.com/","36.76195","-81.8614","14.4410335100148","Catalogs; Greeting Cards; Magazines; Paper (Mixed)","false","true","","","false","false","false","false"
"Ashe County Convenience Center - Bina","","244 McNeil Rd","Warrensville","","NC","28693","3363844980","0","","http://www.ashecountygov.com/departments/environmental-services/convenience-centers","36.4789097","-81.5038862","14.8990572272269","","false","false","","","false","false","false","false"
"Washington County Recycling Drop-off Location","","21635 Spoon Gap Rd","Abingdon","","VA","24211","2765251300","0","","https://www.washcova.com","36.642007","-81.9996461","14.9124043960958","","false","false","","","false","false","false","false"
"Goodwill Industries of Tenneva Area - Chilhowie","Goodwill Industries of Tenneva Area - Chilhowie","1205 Lee Hwy ","Chilhowie","Smyth County","VA","24319","2766460388","0","Sunday: 1:00 AM - 6:00 PM Monday: 9:00 AM - 8:00 PM Tuesday: 9:00 AM - 8:00 PM Wednesday: 9:00 AM - 8:00 PM Thursday: 9:00 AM - 8:00 PM Friday: 9:00 AM - 8:00 PM Saturday: 9:00 AM - 8:00 PM ","http://www.goodwilltnva.org/","36.7924736","-81.6923149","15.268023677417","Bikes; Books (Reuse); Car Donation; CD/DVD/Blu-ray/UHD discs; Cell Phones; Children's Toys; Clothing; Computer (Recycling); Computer (Reuse); Computer Monitors; Electronics; Eyeglasses; Furniture; Gift Bags; Household Goods; Lawn Equipment; Miscellaneous Tools; MP3 Players; Musical Instruments; Office Equipment; Office Furniture; Ornaments; Reusable Appliance Donation; Sporting Goods; Telephones; VHS & Cassette Tapes; Video Game Consoles; PlayStation Consoles","false","true","This site will accept household items that are in good clean condition.  All tools, equipment, electronics, and machines must be in good, working condition.","","false","false","false","false"
"The UPS Store","The UPS Store","448 Cummings St","Abingdon","Washington","VA","24210","2766239045","0","Monday: 8:00 AM - 7:00 PM Tuesday: 8:00 AM - 7:00 PM Wednesday: 8:00 AM - 7:00 PM Thursday: 8:00 AM - 7:00 PM Friday: 8:00 AM - 7:00 PM Saturday: 9:00 AM - 5:00 PM ","http://www.upsstore.com","36.70561","-81.97519","15.6641550794491","Packing Materials; Packing Peanut (Reuse); Video Game Consoles; PlayStation Consoles","false","true","","","false","false","false","false"
"Advance Auto Parts","Advance Auto Parts","400 Cummings St","Abingdon","Washington","VA","24210","2766231974","0","Monday: 7:00 AM - 9:00 PM Tuesday: 7:00 AM - 9:00 PM Wednesday: 7:00 AM - 9:00 PM Thursday: 7:00 AM - 9:00 PM Friday: 7:00 AM - 9:00 PM Saturday: 7:00 AM - 9:00 PM Sunday: 10:00 AM - 8:00 PM ","http://www.advanceautoparts.com","36.70561","-81.97519","15.6641550794491","Lead Acid (Pb) Batteries; Used Motor Oil; Video Game Consoles; PlayStation Consoles","false","true","","","false","false","false","false"
"Electronics RS Dealer","Electronics RS Dealer","406 Cummings St","Abingdon","Washington","VA","24210","2766199656","0","","http://www.radioshack.com/","36.70561","-81.97519","15.6641550794491","Cell Phones; Ni-Cd Batteries; Li-Ion Batteries; Ni-MH Batteries; Ni-Zn Batteries; Small Sealed Lead Acid Batteries; Video Game Consoles; PlayStation Consoles","false","true","The U.S. EPA estimates that more than 350 million rechargeable batteries are purchased annually in the U.S. Thanks to the environmental commitment of this location, its easy and free to recycle your batteries. Bring your rechargeable batteries to this location and look for the recycling box or ask an associate how you can do your part for the environment.","","false","false","false","false"
"Berry Iron & Metal","Berry Iron & Metal","325 Whitetop Rd ","Chilhowie","","VA","24319","2766463181","2766463464","Monday: 7:30 AM - 4:30 PM Tuesday: 7:30 AM - 4:30 PM Wednesday: 7:30 AM - 4:30 PM Thursday: 7:30 AM - 4:30 PM Friday: 7:30 AM - 4:30 PM ","http://www.berryironandmetal.com","36.796837","-81.6807573","15.6944402278633","Aluminum Cans; Aluminum; Car; Ferrous Metals (Steel or Iron); Lawn Equipment; Non-ferrous (Copper/Brass/Tin); Scrap Metal; Video Game Consoles; PlayStation Consoles","false","true","","","false","false","false","false"
"Habitat for Humanity","Habitat for Humanity","136 E Main St","Abingdon","Washington","VA","24210","2766289590","0","","http://www.habitat.org","36.71168","-81.97136","15.737696458468","Carpet; Ceiling Tiles; Ceramic Tiles; Construction Materials (Reuse); Gift Bags; Household Goods; Linoleum; Ornaments; Porcelain; Reusable Appliance Donation; Roofing Materials; Windows; Video Game Consoles; PlayStation Consoles","false","true","Please call for further information regarding additional items that may be donated.","","false","false","false","false"
"USPS Post Office Box Lobby Recycling Program","US Post Office","195 Old Stage Rd","Chilhowie","Smyth","VA","24319","8002758777","0","","https://www.usps.com/","36.80057","-81.6842","15.9052023730848","Catalogs; Greeting Cards; Magazines; Paper (Mixed)","false","true","","","false","false","false","false"
"Washington County Household Hazardous Waste Collection Event","","","Abingdon ","","VA","24210","2766231044","0","","https://www.washcova.com/government/","36.7098335","-81.9773482","15.9303156971117","","false","false","","","false","false","false","false"
"USPS Post Office Box Lobby Recycling Program","US Post Office","300 W Main St ","Abingdon","Washington County","VA","24210","8002758777","0","","https://www.usps.com/","36.7083693","-81.9807088","16.0239203818664","Catalogs; Greeting Cards; Magazines; Paper (Mixed)","false","true","","","false","false","false","false"
"Keep America Beautiful Cars to Donate","","","Abingdon","","VA","24212","8554262474","0","","https://www.kab.org/?pagename=car_donation","36.71","-81.98","16.0566223498326","","false","false","","","false","false","false","false"
"Watauga County Convenience Center - Zionville","","8600 Old US Highway 421","Zionville","","NC","28698","8282654852","0","","http://www.wataugacounty.org/App_Pages/Dept/Sanitation/recycling.aspx","36.3386965","-81.7399543","16.3546846375535","","false","false","","","false","false","false","false"
"Washington County Recycling Drop-off Location","","9528 Old Mill Rd ","Glade Spring","","VA","24340","2765251300","0","","https://www.washcova.com","36.8100908","-81.7917302","16.4305836507561","","false","false","","","false","false","false","false"
"Smyth County Transfer Station and Recycling Drop-off Location","","1042 Hwy 107","Chilhowie","","VA","24319","2766462907","0","","http://www.smythcounty.org/","36.8135501","-81.695613","16.6703391603239","","false","false","","","false","false","false","false"
"Verizon Wireless","Verizon Wireless","1060 W Main St","Abingdon","Washington","VA","24210","2762068650","0","","http://www.verizonwireless.com/","36.69792","-82.01157","17.0850727585917","Cell Phones; Cell Phone Batteries; Video Game Consoles; PlayStation Consoles","false","true","<A Href="https://www.trade-in.vzw.com/home.aspx">
The Verizon Wireless Trade-In Program</A> allows you to trade in your used handset or tablet in a convenient and responsible way. 
<P>
<P>
Verizon Wireless works every day to protect our environment and give our customers opportunities to do the same. <A Href="http://aboutus.vzw.com/Green_Initiative/overview.html">Click here</A> for more examples of the earth-friendly initiatives and programs Verizon Wireless is proud to offer and support.","","false","false","false","false"
"Ashe County Household Hazardous Waste Facility","","311 Doggett Road","West Jefferson","","NC","28640","3368467198","0","","http://www.ashecountygov.com/departments/environmental-services/hazardous-waste","36.4125123","-81.4893337","18.0703997681605","","false","false","","","false","false","false","false"
"Ashe County Dogget Road Recycling Center HHW Drop-Off Site","","311 Doggett Rd","West Jefferson","","NC","28694","3362463721","0","","http://www.ashecountygov.com/departments/environmental-services/hazardous-waste","36.4125123","-81.4893337","18.0703997681605","","false","false","","","false","false","false","false"
"Call2Recycle at Lowe's","Call2Recycle at Lowe's","158 Lowes Dr","West Jefferson","Ashe","NC","28694","3368461829","0","Monday: 6:00 AM - 10:00 PM Tuesday: 6:00 AM - 10:00 PM Wednesday: 6:00 AM - 10:00 PM Thursday: 6:00 AM - 10:00 PM Friday: 6:00 AM - 10:00 PM Saturday: 6:00 AM - 10:00 PM Sunday: 8:00 AM - 8:00 PM ","http://www.lowes.com/","36.39559","-81.5028","18.2665936635161","Cell Phones; Compact Fluorescent Lights; Ni-Cd Batteries; Plastic Shopping Bags; Li-Ion Batteries; Ni-MH Batteries; Ni-Zn Batteries; Small Sealed Lead Acid Batteries; Computer (Recycling); Electronics; Laptop Computers; Printers/Scanners/Fax Machines; Small Televisions; Tablets; Televisions; Video Game Consoles; PlayStation Consoles; Batteries (Rechargeable); Cell Phone Batteries; Li-Ion Batteries; Ni-Cd Batteries; Ni-MH Batteries; Small Sealed Lead Acid Batteries; Cell Phones","false","true","As an environmentally-committed retailer, Lowes offers a recycling center near store entrances to give consumers a free and easy way to properly dispose of rechargeable batteries, cell phones, CFLs and plastic shopping bags; materials that otherwise could be potentially harmful to the environment.  Look for the recycling center or ask a store associate for more details.","Call2Recycle","false","false","false","false"
"Keep America Beautiful Cars to Donate","","","West Jefferson","","NC","28694","8554262474","0","","https://www.kab.org/?pagename=car_donation","36.4037364","-81.4928829","18.3040920610547","","false","false","","","false","false","false","false"
"Ashe County Convenience Center - Highway 16N","","2839 Old Highway 16","Crumpler","","NC","28617","3369824827","0","","http://www.ashecountygov.com/departments/environmental-services/convenience-centers","36.452873","-81.4482629","18.4695573146339","","false","false","","","false","false","false","false"
"Smyth County Recycle Drop-off Location","","Browns Subdivision Rd ","Marion","","VA","24354","2767833298","0","","http://www.smythcounty.org","36.8134029","-81.5838748","18.6813699603172","","false","false","","","false","false","false","false"
"Washington County Recycling Drop-off Location","","15625 Hearst Rd","Bristol","","VA","24202","2765251300","0","","https://www.washcova.com","36.6116708","-82.0802836","18.8278360890145","","false","false","","","false","false","false","false"
"USPS Post Office Box Lobby Recycling Program","US Post Office","93 Ripshin Rd","Troutdale","Grayson","VA","24378","8002758777","0","","https://www.usps.com/","36.70238","-81.43948","19.0204450534885","Catalogs; Greeting Cards; Magazines; Paper (Mixed)","false","true","","","false","false","false","false"
"AutoZone","AutoZone","1368 Mount Jefferson Rd","West Jefferson","Ashe","NC","28694","3362463199","0","","http://www.autozone.com","36.39712","-81.4804","19.1291661893362","Lead Acid (Pb) Batteries; Used Motor Oil; Computer (Recycling); Electronics; Laptop Computers; Printers/Scanners/Fax Machines; Small Televisions; Tablets; Televisions; Video Game Consoles; PlayStation Consoles","false","true","Most AutoZone stores accept used motor oil, transmission fluid, gear oil and automotive batteries. Call to see what your local store is currently accepting.","","false","false","false","false"
"Smyth County Recycle Drop-off Location","","Old Quarry Rd ","Saltville","","VA","24370","2767833298","0","","http://www.smythcounty.org","36.8533565","-81.751423","19.2091688685592","","false","false","","","false","false","false","false"
"Goodwill","null","1291 Mt Jefferson Rd ","West Jefferson","Ashe County","NC","28694","3362190244","0","","http://www.goodwill.com","36.3942604","-81.480718","19.2437514006846","Computer (Recycling); Electronics; Laptop Computers; Printers/Scanners/Fax Machines; Small Televisions; Tablets; Televisions; Video Game Consoles; PlayStation Consoles","false","true","","Sony, Vizio, OEM, OEM Indiv, OEM Private Sites","false","false","false","false"
"Goodwill Industries of  the Southern Piedmont - Dell Reconnect Donation Site","","130 South Hwy 16","Denver","","NC","28037","0","0","","https://goodwillsp.org/","36.4373281","-81.4391962","19.4242198051104","","false","false","","","false","false","false","false"
"Washington County Recycling Drop-off Location","","25345 N Fork River Rd ","Abingdon","","VA","24210","2765251300","0","","https://www.washcova.com","36.8198834","-81.9235595","19.6061895471314","","false","false","","","false","false","false","false"
"Watauga County Household Hazardous Waste Collection Program","","","Vilas","","NC","28692","8282644852","0","","http://www.wataugacounty.org/","36.2964442","-81.8115051","19.6354838795119","","false","false","","","false","false","false","false"
"Lowe's","","158 Lowes Drive","West Jefferson","","NC","28694","3368461829","0","","https://newsroom.lowes.com/responsibility/operational-excellence/","36.3840712","-81.4809325","19.7006792210714","","false","false","","","false","false","false","false"
"Ashe County Convenience Center - Baldwin","","6311 U.S. 221","West Jefferson","","NC","28694","3368775397","0","","http://www.ashecountygov.com/departments/environmental-services/convenience-centers","36.3438185","-81.531292","19.8880995458319","","false","false","","","false","false","false","false"
"Target","Target","16600 Highlands Center Blvd","Bristol","Washington","VA","24202","2766426300","0","","http://www.target.com/","36.64609","-82.09776","20.224031678607","Aluminum Cans; Cell Phones; Inkjet Printer Cartridges; MP3 Players; Plastic #1 (PETE); Plastic #2 (HDPE); Plastic Shopping Bags; Video Game Consoles; PlayStation Consoles","false","true","","","false","false","false","false"
"Keep America Beautiful Cars to Donate","","","Bristol","","TN","37620","8554262474","0","","https://www.kab.org/?pagename=car_donation","36.5421738","-82.1060683","20.2301869605181","","false","false","","","false","false","false","false"
"Watauga County Convenience Center - Green Valley","","6165 Nc Highway 194 N","Boone","","NC","28607","8282654852","0","","http://www.wataugacounty.org/App_Pages/Dept/Sanitation/recycling.aspx","36.289447","-81.649328","20.4431781960713","","false","false","","","false","false","false","false"
"Best Buy","Best Buy","16680 Highlands Center Blvd ","Bristol","Washington County","VA","24202","2766696163","0","","https://www.bestbuy.com/recycle","36.6369741","-82.1081305","20.6448247578618","Large Household Appliances; Refrigerators; Televisions; AC Power Plugs; Batteries (Rechargeable); Cables & Connectors; Car Audio/Video Equipment; Cell Phone Batteries; Cell Phones; Computer (Recycling); Hard Drives; Computer Monitors; Cameras; DVD Players/Blu-Ray Players/DVRs; Electronics; E-Readers; GPS Units; Headphones; Inkjet Printer Cartridges; Laptop Computers; Laser Toner Cartridges; Li-Ion Batteries; MP3 Players; Network Equipment; Ni-Cd Batteries; Ni-MH Batteries; Ni-Zn Batteries; Computer Peripherals; Portable Media Players; Printers/Scanners/Fax Machines; Small Electronics; Small Sealed Lead Acid Batteries; Stereo Equipment; Tablets; Telephones; UPS Batteries/Backup Systems; VCRs; Video Game Systems; Blu-Ray Players; Digital Converter Boxes; Small Televisions; Video Game Consoles; PlayStation Consoles","true","true","2 TVs per visit, 3 e-waste items per day; $25 fee for TVs and Monitors; $19.99 pick-up fee with delivery; $99.99 standalone pickup fee; ","Sony, Vizio, OEM","false","false","false","false"
"Target Store","null","16600 Highlands Center Blvd","Bristol","","VA","24202","2766426300","0","","https://corporate.target.com/corporate-responsibility/planet","36.6361812","-82.1099809","20.7341955550917","","false","false","","","false","false","false","false"
"Home Depot","","3481 Lee Hwy","Bristol","","VA","24202","2764661015","0","","https://ecooptions.homedepot.com/","36.6341","-82.1149144","20.9742107056344","Batteries (Rechargeable); Cell Phone Batteries; Li-Ion Batteries; Ni-Cd Batteries; Ni-MH Batteries; Small Sealed Lead Acid Batteries","false","true","","Call2Recycle","false","false","false","false"
"Home Depot","Home Depot","3481 Lee Hwy","Bristol","Bristol City","VA","24202","2764661015","0","","http://www.homedepot.com","36.63674","-82.11596","21.0667037215501","Compact Fluorescent Lights; Batteries (Rechargeable); Video Game Consoles; PlayStation Consoles","false","true","Home Depot accepts compact fluorescent bulbs and used power tool rechargeable batteries. Look for the orange drop boxes, usually located near the front entrance near the customer service desk.","","false","false","false","false"
"Call2Recycle at the Home Depot","Call2Recycle at the Home Depot","3481 Lee Hwy","Bristol","Bristol City","VA","24202","2764661015","0","","http://www.homedepot.com/","36.63674","-82.11596","21.0667037215501","Cell Phones; Compact Fluorescent Lights; Ni-Cd Batteries; Li-Ion Batteries; Ni-MH Batteries; Ni-Zn Batteries; Small Sealed Lead Acid Batteries; Video Game Consoles; PlayStation Consoles","false","true","The Home Depot accepts used rechargeable batteries and compact fluorescent bulbs. Look for the orange drop boxes, usually located near the front entrance near the customer service desk, or ask a store associate for more details.","","false","false","false","false"
"US Post Office","US Post Office","142 Palmer Ave ","Saltville","Smyth County","VA","24370","8002758777","0","","","36.8801025","-81.7642268","21.0826186943072","Catalogs; Greeting Cards; Magazines; Paper (Mixed)","false","true","","","false","false","false","false"
"Smyth County Recycle Drop-off Location","","Camp Road ","Saltville","","VA","24370","2767833298","0","","http://www.smythcounty.org","36.8815031","-81.7620635","21.1732162372715","","false","false","","","false","false","false","false"
"Ashe County Landfill","","739 Fred Pugh Rd","Crumpler","","NC","28617","3368463721","0","","http://ashecountygov.info/?page_id=148","36.518452","-81.368319","21.213866056299","","false","false","","","false","false","false","false"
"Wise Recycling","","8 Coronet Drive","Bristol","","VA","24201","2766695109","0","","http://wiserecycling.com/","36.6200132","-82.1244963","21.3355442227114","","false","false","","","false","false","false","false"
"Call2Recycle at Verizon Wireless","Call2Recycle at Verizon Wireless","5 Clear Creek Rd","Bristol","Bristol City","VA","24202","8666444532","0","","http://www.verizon.com/","36.63438","-82.12174","21.3494059232457","Cell Phones; Ni-Cd Batteries; Li-Ion Batteries; Ni-MH Batteries; Ni-Zn Batteries; Small Sealed Lead Acid Batteries; Video Game Consoles; PlayStation Consoles","false","true","The U.S. EPA estimates that more than 350 million rechargeable batteries are purchased annually in the U.S. Thanks to the environmental commitment of this location, its easy and free to recycle your batteries. Bring your rechargeable batteries to this location and look for the recycling box or ask an associate how you can do your part for the environment.","","false","false","false","false"
"Verizon Wireless","Verizon Wireless","5 Clear Creek Rd","Bristol","Bristol City","VA","24202","8666444532","0","","http://www.verizonwireless.com/","36.63438","-82.12174","21.3494059232457","Cell Phones; Cell Phone Batteries; Video Game Consoles; PlayStation Consoles","false","true","<A Href="https://www.trade-in.vzw.com/home.aspx">
The Verizon Wireless Trade-In Program</A> allows you to trade in your used handset or tablet in a convenient and responsible way. 
<P>
<P>
Verizon Wireless works every day to protect our environment and give our customers opportunities to do the same. <A Href="http://aboutus.vzw.com/Green_Initiative/overview.html">Click here</A> for more examples of the earth-friendly initiatives and programs Verizon Wireless is proud to offer and support.","","false","false","false","false"
"Sprint Store","null","3177 Linden Dr Ste 1-2","Bristol","","VA","24202","2766697271","0","","https://newsroom.sprint.com/csr/device-donations/","36.6301722","-82.1236307","21.3995892428242","","false","false","","","false","false","false","false"
"Walmart Supercenter","","13245 Lee Hwy","Bristol","","VA","24202","2764660290","0","","https://www.walmart.com/","36.634782","-82.1242685","21.4923132450708","","false","false","","","false","false","false","false"
"Advance Auto Parts","Advance Auto Parts","3124 Lee Hwy","Bristol","Bristol City","VA","24202","2766693763","0","Monday: 7:00 AM - 9:00 PM Tuesday: 7:00 AM - 9:00 PM Wednesday: 7:00 AM - 9:00 PM Thursday: 7:00 AM - 9:00 PM Friday: 7:00 AM - 9:00 PM Saturday: 7:00 AM - 9:00 PM Sunday: 10:00 AM - 8:00 PM ","http://www.advanceautoparts.com","36.6322","-82.12515","21.5073851561218","Lead Acid (Pb) Batteries; Used Motor Oil; Video Game Consoles; PlayStation Consoles","false","true","","","false","false","false","false"
"Jiffy Lube 2806","Jiffy Lube 2806","3150 Lee Hwy","Bristol","Bristol City","VA","24202","2764664007","0","","","36.6322","-82.12525","21.5128384225189","Used Motor Oil; Video Game Consoles; PlayStation Consoles","false","true","","","false","false","false","false"
"Office Depot","Office Depot","3106 Lee Hwy","Bristol","Bristol City","VA","24202","2764663711","0","Monday: 8:00 AM - 9:00 PM Tuesday: 8:00 AM - 9:00 PM Wednesday: 8:00 AM - 9:00 PM Thursday: 8:00 AM - 9:00 PM Friday: 8:00 AM - 9:00 PM Saturday: 9:00 AM - 9:00 PM Sunday: 10:00 AM - 7:00 PM ","http://www.officedepot.com/","36.6322","-82.12525","21.5128384225189","Cell Phones; Computer Monitors; Electronics; Inkjet Printer Cartridges; Ni-Cd Batteries; Office Equipment; Batteries (Rechargeable); Laser Toner Cartridges; MP3 Players; Small Televisions; Video Game Consoles; PlayStation Consoles","false","true","Office Depot offers electronics recycling for a small fee. Visit their Web site for more details and store locations. Recycle cell phones, PDAs, rechargeable batteries and ink and toner cartridges for FREE!","","false","false","false","false"
"Sams Club","","13249 Lee Hwy","Bristol","","VA","24202","2764667390","0","","https://www.samsclub.com/","36.6359003","-82.1259692","21.5995816790963","","false","false","","","false","false","false","false"
"Lowe's","","13255 Lee Hwy","Bristol","","VA","24202","2764669000","0","","https://newsroom.lowes.com/responsibility/operational-excellence/","36.6370185","-82.1276699","21.7070008995569","","false","false","","","false","false","false","false"
"USPS Post Office Box Lobby Recycling Program","US Post Office","200 Pearl Ave","Marion","Smyth","VA","24354","8002758777","0","","https://www.usps.com/","36.83182","-81.51619","21.7476595295757","Catalogs; Greeting Cards; Magazines; Paper (Mixed)","false","true","","","false","false","false","false"
"Washington County Recycling Drop-off Location","","30608 Poor Valley Rd","Saltville","","VA","24370","2765251300","0","","https://www.washcova.com","36.8820014","-81.8342303","21.7663755996933","","false","false","","","false","false","false","false"
"Walmart Tire & Lube Express","Walmart Tire & Lube Express","13245 Lee Hwy","Bristol","Washington","VA","24202","2764660290","0","","http://www.walmart.com/catalog/catalog.gsp?cat=495843","36.63124","-82.13066","21.7962219814326","Lead Acid (Pb) Batteries; Used Motor Oil; Oil Filters; Video Game Consoles; PlayStation Consoles","false","true","","","false","false","false","false"
"Walmart","Walmart","13245 Lee Hwy","Bristol","Washington","VA","24202","2764660290","0","","http://www.walmart.com","36.63124","-82.13066","21.7962219814326","Lead Acid (Pb) Batteries; Plastic Shopping Bags; Food Storage Bags; Video Game Consoles; PlayStation Consoles","false","true","","","false","false","false","false"
"Call2Recycle at Lowe's","Call2Recycle at Lowe's","401 MERCHANT TRACE ","Bristol","Washington","VA","24202","2764667280","0","Monday: 6:00 AM - 10:00 PM Tuesday: 6:00 AM - 10:00 PM Wednesday: 6:00 AM - 10:00 PM Thursday: 6:00 AM - 10:00 PM Friday: 6:00 AM - 10:00 PM Saturday: 6:00 AM - 10:00 PM Sunday: 8:00 AM - 8:00 PM ","http://www.lowes.com/","36.63124","-82.13066","21.7962219814326","Cell Phones; Compact Fluorescent Lights; Ni-Cd Batteries; Plastic Shopping Bags; Li-Ion Batteries; Ni-MH Batteries; Ni-Zn Batteries; Small Sealed Lead Acid Batteries; Video Game Consoles; PlayStation Consoles; Batteries (Rechargeable); Cell Phone Batteries; Li-Ion Batteries; Ni-Cd Batteries; Ni-MH Batteries; Small Sealed Lead Acid Batteries; Cell Phones","false","true","As an environmentally-committed retailer, Lowes offers a recycling center near store entrances to give consumers a free and easy way to properly dispose of rechargeable batteries, cell phones, CFLs and plastic shopping bags; materials that otherwise could be potentially harmful to the environment.  Look for the recycling center or ask a store associate for more details.","Call2Recycle","false","false","false","false"
"Wise Recycling","Wise Recycling","3006 Lee Hwy","Bristol","Bristol City","VA","24202","5406695109","0","Monday: 8:00 AM - 4:30 PM Tuesday: 8:00 AM - 4:30 PM Wednesday: 8:00 AM - 4:30 PM Thursday: 8:00 AM - 4:30 PM Friday: 8:00 AM - 4:30 PM Saturday: 8:00 AM - 4:00 PM ","http://www.wiserecycling.com","36.63219","-82.13058","21.8034425013304","Aluminum Cans; Non-ferrous (Copper/Brass/Tin); Video Game Consoles; PlayStation Consoles","false","true","This site is located next to the former Lowes Building.","","false","false","false","false"
"Marion Frame and Alignment","Marion Frame and Alignment","318 Chatham Hill Rd ","Marion","Smyth County","VA","24354","5407839056","0","","","36.8373875","-81.5166041","22.0487823100472","Used Motor Oil; Video Game Consoles; PlayStation Consoles","false","true","","","false","false","false","false"
"Best Buy","","Center St","Bristol","","VA","24201","2766696163","0","","https://www.bestbuy.com/site/services/recycling/pcmcat149900050025.c?id=pcmcat149900050025","36.6091608","-82.1402329","22.1095068729604","","false","false","","","false","false","false","false"
"AutoZone","AutoZone","10 Bonham Rd","Bristol","Bristol City","VA","24202","2766694476","0","","http://www.autozone.com","36.62995","-82.13818","22.191714896805","Lead Acid (Pb) Batteries; Used Motor Oil; Video Game Consoles; PlayStation Consoles","false","true","Most AutoZone stores accept used motor oil, transmission fluid, gear oil and automotive batteries. Call to see what your local store is currently accepting.","","false","false","false","false"
"Halsey Farm Service","null","809 Old Mill Rd","Mouth of Wilson","Grayson","VA","24363","2765794522","0","","null","36.5797","-81.34389","22.1950447819982","Used Motor Oil; Video Game Consoles; PlayStation Consoles","false","true","","","false","false","false","false"
"Holly Help Spay-Neuter Fund Drop-off Site","Holly Help Spay-Neuter Fund Drop-off Site","2671 Lee Hwy ","Bristol","","VA","24202","2764665375","0","Monday: 9:00 AM - 5:00 PM Tuesday: 9:00 AM - 5:00 PM Wednesday: 9:00 AM - 5:00 PM Thursday: 9:00 AM - 5:00 PM Friday: 9:00 AM - 5:00 PM ","http://www.hollyhelp.org","36.6315047","-82.1408273","22.3545858268433","Aluminum Cans; Cell Phones; Inkjet Printer Cartridges; Non-ferrous (Copper/Brass/Tin); Laser Toner Cartridges; Video Game Consoles; PlayStation Consoles","false","true","The drop-off site is located at Family Pet Grooming, and is to benefit the Holly Help Spay-Neuter Fund. All materials collected are recycled, and the money gained is used to help pay for the spay and neutering of dogs and cats in the local Community. For more information on the Holly Help Spay-Neuter Fund, please visit the website.","","false","false","false","false"
"Watauga County Convenience Center - Bethel","","4859 Bethel Rd","Sugar Grove","","NC","28679","8282654852","0","","http://www.wataugacounty.org/App_Pages/Dept/Sanitation/recycling.aspx","36.2684069","-81.8726121","22.3842882131017","","false","false","","","false","false","false","false"
"AutoZone","AutoZone","135 Dabny Dr","Marion","Smyth","VA","24354","2767834287","0","","http://www.autozone.com","36.83948","-81.50707","22.4716348289546","Lead Acid (Pb) Batteries; Used Motor Oil; Video Game Consoles; PlayStation Consoles","false","true","Most AutoZone stores accept used motor oil, transmission fluid, gear oil and automotive batteries. Call to see what your local store is currently accepting.","","false","false","false","false"
"Butler Service Station","Butler Service Station","16308 Highway 67 W","Butler","Carter","TN","37640","4237682223","0","Monday: 8:00 AM - 5:00 PM Tuesday: 8:00 AM - 5:00 PM Wednesday: 8:00 AM - 5:00 PM Thursday: 8:00 AM - 5:00 PM Friday: 8:00 AM - 5:00 PM ","","36.34769","-82.03535","22.5782913209118","Used Motor Oil; Oil Filters; Video Game Consoles; PlayStation Consoles","false","true","","","false","false","false","false"
"City of Bristol Integrated Solid Waste Management Facility","City of Bristol Integrated Solid Waste Management Facility","2125 Shakesville Rd","Bristol","Bristol City","VA","24201","2766457380","0","Monday: 7:00 AM - 4:00 PM Tuesday: 7:00 AM - 4:00 PM Wednesday: 7:00 AM - 4:00 PM Thursday: 7:00 AM - 4:00 PM Friday: 7:00 AM - 4:00 PM ","http://www.bristolva.org/WasteDisposal.htm","36.60313","-82.15191","22.7156842057969","Computer Monitors; Construction Materials; Large Household Appliances; Used Tires; Wood; Video Game Consoles; PlayStation Consoles","false","true","This site is open on selected Saturdays for Compost and Mulch during the growing season 8am to noon.","","false","false","false","false"
"City of Bristol Integrated Solid Waste Management Facility","","2125 Shakesville Road","Bristol","","VA","24201","2766453791","0","","http://www.bristolva.org","36.601158","-82.1525201","22.7386248556256","","false","false","","","false","false","false","false"
"Ashe County Convenience Center - Bear Creek","","198 Bare Creek Rd","Jefferson","","NC","28640","3362462947","0","","http://www.ashecountygov.com/departments/environmental-services/convenience-centers","36.3923513","-81.4036488","22.7409096522809","","false","false","","","false","false","false","false"
"Smyth County Recycle Drop-off Location","","Upper Poor Valley Road ","Saltville","","VA","24370","2767833298","0","","http://www.smythcounty.org","36.9050558","-81.736625","22.7800914387929","","false","false","","","false","false","false","false"
"Advance Auto Parts","Advance Auto Parts","1048 N Main St","Marion","Smyth","VA","24354","2767838884","0","Monday: 7:00 AM - 9:00 PM Tuesday: 7:00 AM - 9:00 PM Wednesday: 7:00 AM - 9:00 PM Thursday: 7:00 AM - 9:00 PM Friday: 7:00 AM - 9:00 PM Saturday: 7:00 AM - 9:00 PM Sunday: 10:00 AM - 8:00 PM ","http://www.advanceautoparts.com","36.84324","-81.50295","22.8156034670141","Lead Acid (Pb) Batteries; Used Motor Oil; Video Game Consoles; PlayStation Consoles","false","true","","","false","false","false","false"
"Walgreens","Walgreens","1102 N Main St","Marion","Smyth","VA","24354","2767817811","0","","http://www.walgreens.com","36.844","-81.50161","22.9015847476792","Cell Phones; Inkjet Printer Cartridges; Video Game Consoles; PlayStation Consoles","false","true","","","false","false","false","false"
"Walmart","Walmart","1193 N Main St","Marion","Smyth","VA","24354","2767834244","0","","http://www.walmart.com","36.84454","-81.50101","22.9512630461848","Lead Acid (Pb) Batteries; Plastic Shopping Bags; Food Storage Bags; Video Game Consoles; PlayStation Consoles","false","true","","","false","false","false","false"
"Smyth County Recycle Drop-off Location","","Hwy 16","Sugar Grove ","","VA","24375","2767833298","0","","http://www.smythcounty.org","36.7757239","-81.4123805","23.0003451468115","","false","false","","","false","false","false","false"
"USPS Post Office Box Lobby Recycling Program","US Post Office","5444 Sugar Grove Hwy","Sugar Grove","Smyth","VA","24375","8002758777","0","","https://www.usps.com/","36.77595","-81.41222","23.0168281561474","Catalogs; Greeting Cards; Magazines; Paper (Mixed)","false","true","","","false","false","false","false"
"Necessary Oil Company","Necessary Oil Company","1300 Georgia Ave ","Bristol","Sullivan County","TN","37620","4237644533","0","Monday: 7:00 AM - 6:00 PM Tuesday: 7:00 AM - 6:00 PM Wednesday: 7:00 AM - 6:00 PM Thursday: 7:00 AM - 6:00 PM Friday: 7:00 AM - 6:00 PM ","null","36.5807051","-82.1639058","23.3064295087878","Antifreeze; Transmission Fluid; Used Motor Oil; Oil Filters","false","true","","","false","false","false","false"
"Washington County Recycling Drop-off Location","","11450 Porterfield Hwy","Abingdon","","VA","24210","2765251300","0","","https://www.washcova.com","36.7766806","-82.0816728","23.3182713129475","","false","false","","","false","false","false","false"
"Tractor Supply","Tractor Supply","1591 N Main St","Marion","Smyth","VA","24354","2767810880","0","","http://www.tractorsupply.com","36.84806","-81.4904","23.4949255885064","Transmission Fluid; Used Motor Oil; Video Game Consoles; PlayStation Consoles","false","true","","","false","false","false","false"
"City of Bristol Household Hazardous Waste Collection Event","","","Bristol","","VA","24201","2766453791","0","","http://va-bristol.civicplus.com/438/Household-Hazardous-Waste","36.6159085","-82.1659243","23.5769651709135","","false","false","","","false","false","false","false"
"Gateway Service Center","Gateway Service Center","1460 Lee Hwy","Bristol","Bristol City","VA","24201","2766698165","0","","","36.61327","-82.17329","23.9625077528741","Used Motor Oil; Oil Filters; Video Game Consoles; PlayStation Consoles","false","true","","","false","false","false","false"
"Walgreens","Walgreens","1460 Lee Hwy","Bristol","Bristol City","VA","24201","2766420738","0","","http://www.walgreens.com","36.61327","-82.17329","23.9625077528741","Cell Phones; Inkjet Printer Cartridges; Video Game Consoles; PlayStation Consoles","false","true","","","false","false","false","false"
"911 Cell Phone Bank - Buchanon County Sheriff","911 Cell Phone Bank - Buchanon County Sheriff","417 Cumberland St","Bristol","Bristol City","VA","24201","8662907864","0","","http://www.911cellphonebank.org/","36.5966","-82.18036","24.2582584139798","Cell Phones; Cameras; Laptop Computers; MP3 Players; Video Games; Video Game Consoles; Smart watches & Apple Watch®
","false","true","Please call to verify drop-off procedures and directions to the location.  For prepaid shipping labels, visit http://www.911cellphonebank.org/drop-off-locations.asp - click on "print shipping label."","","false","false","false","false"
"Burke County Recycling Center - South Mountain Baptist Church","","692 Nc Highway 105 Byp","Boone","","NC","28607","8284394391","0","","","36.2220002","-81.7185894","24.4562731965505","","false","false","","","false","false","false","false"
"Holly Help Spay-Neuter Fund Drop-off Site","Holly Help Spay-Neuter Fund Drop-off Site","636 Anderson St","Bristol","Sullivan","TN","37620","2764665375","0","Sunday: 12:00 AM - 11:59 PM Monday: 12:00 AM - 11:59 PM Tuesday: 12:00 AM - 11:59 PM Wednesday: 12:00 AM - 11:59 PM Thursday: 12:00 AM - 11:59 PM Friday: 12:00 AM - 11:59 PM Saturday: 12:00 AM - 11:59 PM ","http://www.hollyhelp.org","36.59203","-82.18474","24.4846748554589","Aluminum Cans; Cell Phones; Inkjet Printer Cartridges; Non-ferrous (Copper/Brass/Tin); Laser Toner Cartridges; Video Game Consoles; PlayStation Consoles","false","true","The drop-off site is located at Ferguson Animal Hospital, and is to benefit the Holly Help Spay-Neuter Fund. All materials collected are recycled, and the money gained is used to help pay for the spay and neutering of dogs and cats in the local Community. For more information please visit the website.","","false","false","false","false"
"Bristol Transfer Station","","804 Raytheon Rd","Bristol","","TN","37620","4233236439","0","","","36.5473079","-82.1839973","24.5004875749693","","false","false","","","false","false","false","false"
"USPS Post Office Box Lobby Recycling Program","US Post Office","211 N Reynolds St","Damascus","Washington","VA","24236","8002758777","0","","https://www.usps.com/","36.63475","-81.79021","4.83936102078263","Catalogs; Greeting Cards; Magazines; Paper (Mixed)","false","true","","","false","false","false","false"
"Washington County Recycling Drop-off Location","","41074 Green Cove Rd","Damascus","","VA","24236","2765251300","0","","https://www.washcova.com","36.61923","-81.6517002","5.9432799461906","","false","false","","","false","false","false","false"
"Washington County Recycling Drop-off Location","","30077 Drowning Ford Rd","Damascus","","VA","24236","2765251300","0","","https://www.washcova.com","36.650703","-81.8379304","7.36705690412685","","false","false","","","false","false","false","false"
"AutoZone","AutoZone","145 E Main St","Mountain City","Johnson","TN","37683","4237276882","0","","http://www.autozone.com","36.4743","-81.80322","7.72221348818553","Lead Acid (Pb) Batteries; Used Motor Oil; Video Game Consoles; PlayStation Consoles","false","true","Most AutoZone stores accept used motor oil, transmission fluid, gear oil and automotive batteries. Call to see what your local store is currently accepting.","","false","false","false","false"
"Washington County Recycling Drop-off Location","","17201 Liberty Hall Dr","Meadowview","","VA","24361","2765251300","0","","https://www.washcova.com","36.7088721","-81.7843661","9.49127158416985","","false","false","","","false","false","false","false"
