name,description,address,city,region,province,postal_code,phone,fax,hours,url,latitude,longitude,distance,materials,pickup,dropoff,notes,groups,curbside,municipal,national,event_only
"Advance Auto Parts","Advance Auto Parts","126 Bear Creek Pike","Columbia","Maury","TN","38401","9313814908","0","Monday: 7:30 AM - 9:00 PM Tuesday: 7:30 AM - 9:00 PM Wednesday: 7:30 AM - 9:00 PM Thursday: 7:30 AM - 9:00 PM Friday: 7:30 AM - 9:00 PM Saturday: 7:30 AM - 9:00 PM Sunday: 9:00 AM - 7:00 PM ","http://www.advanceautoparts.com","35.63475","-87.01181","1.28341370914056","Lead Acid (Pb) Batteries; Used Motor Oil; Video Game Consoles; PlayStation Consoles","false","true","","","false","false","false","false"
"O'Reilly Auto Parts","null","875 Nashville Highway","Columbia","","TN","38401","9313885146","0","","http://oreillyauto.custhelp.com/app/error/error_id/6","35.6308139","-87.0246706","1.82520393406924","","false","false","","","false","false","false","false"
"Walgreens","Walgreens","805 Nashville Hwy","Columbia","Maury","TN","38401","9313803065","0","","http://www.walgreens.com","35.62892","-87.02658","1.9003005434528","Cell Phones; Inkjet Printer Cartridges; Video Game Consoles; PlayStation Consoles","false","true","","","false","false","false","false"
"Target","Target","1033 Crossings Blvd","Spring Hill","Maury","TN","37174","9314891030","0","","http://www.target.com/","35.7353","-86.87482","10.1761124841752","Aluminum Cans; Cell Phones; Inkjet Printer Cartridges; MP3 Players; Plastic #1 (PETE); Plastic #2 (HDPE); Plastic Shopping Bags; Video Game Consoles; PlayStation Consoles","false","true","","","false","false","false","false"
"Walgreens","Walgreens","4932 Main St","Spring Hill","Maury","TN","37174","6153021048","0","","http://www.walgreens.com","35.70331","-86.83474","10.4596285240778","Cell Phones; Inkjet Printer Cartridges; Video Game Consoles; PlayStation Consoles","false","true","","","false","false","false","false"
"Call2Recycle at Lowe's","Call2Recycle at Lowe's","2000 Belshire Way","Spring Hill","Williamson","TN","37174","6153024140","0","Monday: 6:00 AM - 10:00 PM Tuesday: 6:00 AM - 10:00 PM Wednesday: 6:00 AM - 10:00 PM Thursday: 6:00 AM - 10:00 PM Friday: 6:00 AM - 10:00 PM Saturday: 6:00 AM - 10:00 PM Sunday: 8:00 AM - 8:00 PM ","http://www.lowes.com/","35.76679","-86.92304","10.635829904182","Cell Phones; Compact Fluorescent Lights; Ni-Cd Batteries; Plastic Shopping Bags; Li-Ion Batteries; Ni-MH Batteries; Ni-Zn Batteries; Small Sealed Lead Acid Batteries; Video Game Consoles; PlayStation Consoles","false","true","As an environmentally-committed retailer, Lowes offers a recycling center near store entrances to give consumers a free and easy way to properly dispose of rechargeable batteries, cell phones, CFLs and plastic shopping bags; materials that otherwise could be potentially harmful to the environment.  Look for the recycling center or ask a store associate for more details.","","false","false","false","false"
"Lowe's","","2000 Belshire Way","Spring Hill","","TN","37174","6153024140","0","","https://newsroom.lowes.com/responsibility/operational-excellence/","35.7686288","-86.9214038","10.7879086750496","Batteries (Rechargeable); Cell Phone Batteries; Li-Ion Batteries; Ni-Cd Batteries; Ni-MH Batteries; Small Sealed Lead Acid Batteries; Cell Phones","false","true","","Call2Recycle","false","false","false","false"
"Maury County Convenience Center - Theta","","2100 Gravel Hill Road","Columbia","","TN","38401","9313810303","0","","http://www.maurycounty-tn.gov","35.7780994","-87.0444642","11.0383343781412","","false","false","","","false","false","false","false"
"Marshall County Convenience Center - Old Columbia Road","","3026 Old Columbia Rd","Lewisburg","","TN","37091","9313599475","0","","http://www.marshallcountyrecycles.com/index.html","35.49535","-86.87432","11.1143277859643","","false","false","","","false","false","false","false"
"Sonoco Products","","1323 N. Main Street ","Mt. Pleasant","","Tn","","9313793263","0","","https://www.sonoco.com/","35.560775","-87.175776","11.1375529286462","","false","false","","","false","false","false","false"
"Tegrant Corporation","","1323 N Main St","Mt Pleasant","","TN","38474","9313793263","0","","","35.560775","-87.175776","11.1375529286462","","false","false","","","false","false","false","false"
"Goodwill","","1008 Nasdaq St.","Spring Hill","","TN","37174","6153927766","0","","https://giveit2goodwill.org/","35.7721405","-86.9142577","11.1664112812856","","false","false","","","false","false","false","false"
"Publix","","4935 Main Street","Spring Hill","","TN","37174","6153024068","0","","https://sustainability.publix.com/storefront/customer-recycling/","35.7752227","-86.918391","11.2735851980406","","false","false","","","false","false","false","false"
"Cartridge World","","4935 Main Street","Spring Hill","","TN","37174","6153020252","0","","","35.7752227","-86.918391","11.2735851980406","","false","false","","","false","false","false","false"
"Home Depot","","Columbia Pike","Spring Hill","","TN","37174","9314861138","0","","https://ecooptions.homedepot.com/","35.7760088","-86.9156923","11.3810761722038","","false","false","","","false","false","false","false"
"Tennessee Aluminum Processors Inc","Tennessee Aluminum Processors Inc","7207 Hoover Mason Rd","Mount Pleasant","Maury","TN","38474","9313795836","0","Sunday: 7:00 AM - 4:00 PM Monday: 7:00 AM - 4:00 PM Tuesday: 7:00 AM - 4:00 PM Wednesday: 7:00 AM - 4:00 PM Thursday: 7:00 AM - 4:00 PM Friday: 7:00 AM - 4:00 PM Saturday: 7:00 AM - 4:00 PM ","http://www.tap-rsi.com","35.54576","-87.1735","11.4705287372086","Aluminum; Video Game Consoles; PlayStation Consoles","false","true","","","false","false","false","false"
"Tractor Supply","","4709 Traders Way","Thompsons Station","","TN","37179","6157909709","0","","https://www.tractorsupply.com/","35.7835499","-86.9152146","11.8738864347118","","false","false","","","false","false","false","false"
"Tractor Supply","Tractor Supply","4709 Traders Way","Thompsons Station","Williamson","TN","37179","6157909709","0","","http://www.tractorsupply.com","35.7782","-86.89917","11.9025183654028","Transmission Fluid; Used Motor Oil; Video Game Consoles; PlayStation Consoles","false","true","","","false","false","false","false"
"Advance Auto Parts","Advance Auto Parts","4701 Traders Way","Thompsons Station","Williamson","TN","37179","6155914867","0","Monday: 7:00 AM - 9:00 PM Tuesday: 7:00 AM - 9:00 PM Wednesday: 7:00 AM - 9:00 PM Thursday: 7:00 AM - 9:00 PM Friday: 7:00 AM - 9:00 PM Saturday: 7:00 AM - 9:00 PM Sunday: 10:00 AM - 8:00 PM ","http://www.advanceautoparts.com","35.7782","-86.89917","11.9025183654028","Lead Acid (Pb) Batteries; Used Motor Oil; Video Game Consoles; PlayStation Consoles","false","true","","","false","false","false","false"
"Thompson Station Convenience Center","Thompson Station Convenience Center","1515 Thompson's Station Rd W ","Thompson's Station","Williamson County","TN","37179","6157909642","0","Monday: 7:00 AM - 5:00 PM Tuesday: 7:00 AM - 5:00 PM Wednesday: 7:00 AM - 5:00 PM Thursday: 7:00 AM - 5:00 PM Friday: 7:00 AM - 5:00 PM ","http://www.williamsoncounty-tn.gov/","35.796396","-86.910387","12.7988137909032","Plastic #1 (PETE); Plastic #2 (HDPE); Plastic #2 (Color HDPE); Aluminum Cans; Glass (Blue); Glass (Brown); Brown Paper Bags; Cardboard; Catalogs; Chipboard; Christmas Trees; Glass (Clear); Computer Paper; Glass (Green); Greeting Cards; Magazines; Paper (Mixed); Newspapers; Tin or Steel Cans; Office Paper","false","true","","","false","false","false","false"
"Williamson County Convenience Center - Thompson's Station","","515B Thompson Station Rd. W","Thompson's Station","","TN","37179","6157909642","0","","http://www.williamsoncounty-tn.gov","35.8053817","-86.9213247","13.1781559694863","","false","false","","","false","false","false","false"
"Advance Auto Parts","Advance Auto Parts","301 N Main St","Mount Pleasant","Maury","TN","38474","9313799407","0","Monday: 7:00 AM - 9:00 PM Tuesday: 7:00 AM - 9:00 PM Wednesday: 7:00 AM - 9:00 PM Thursday: 7:00 AM - 9:00 PM Friday: 7:00 AM - 9:00 PM Saturday: 7:00 AM - 9:00 PM Sunday: 10:00 AM - 8:00 PM ","http://www.advanceautoparts.com","35.53762","-87.20534","13.3188901865312","Lead Acid (Pb) Batteries; Used Motor Oil; Video Game Consoles; PlayStation Consoles","false","true","","","false","false","false","false"
"Smelter Service Corp","Smelter Service Corp","400 Arrow Mines Rd","Mount Pleasant","Maury","TN","38474","9313797765","0","Monday: 8:00 AM - 4:30 PM Tuesday: 8:00 AM - 4:30 PM Wednesday: 8:00 AM - 4:30 PM Thursday: 8:00 AM - 4:30 PM Friday: 8:00 AM - 4:30 PM ","http://www.smelterservice.com","35.52706","-87.20615","13.7011320807719","Aluminum Cans; Aluminum; Video Game Consoles; PlayStation Consoles","false","true","","","false","false","false","false"
"Maury County Convenience Center - Mount Pleasant","","450 Arrow Mine Road","Mount Pleasant","","TN","38474","9313790330","0","","http://www.maurycounty-tn.gov","35.523609","-87.205872","13.8057439530993","","false","false","","","false","false","false","false"
"Williamson County Convenience Center - Bethesda","","4905 Bethesda Rd","Bethesda","","TN","37179","6157902321","0","","http://www.williamsoncounty-tn.gov","35.7658758","-86.7992005","14.6618974588565","","false","false","","","false","false","false","false"
"Bethesda Convenience Center","Bethesda Convenience Center","4905 Bethesda Rd","Thompsons Station","Williamson","TN","37179","6157902321","0","Monday: 7:00 AM - 5:00 PM Tuesday: 7:00 AM - 5:00 PM Wednesday: 7:00 AM - 5:00 PM Thursday: 7:00 AM - 5:00 PM Friday: 7:00 AM - 5:00 PM ","http://www.williamsoncounty-tn.gov/","35.76245","-86.79362","14.7413106607462","Plastic #1 (PETE); Plastic #2 (HDPE); Plastic #2 (Color HDPE); Aluminum Cans; Glass (Blue); Glass (Brown); Brown Paper Bags; Cardboard; Catalogs; Chipboard; Christmas Trees; Glass (Clear); Computer Paper; Glass (Green); Greeting Cards; Magazines; Paper (Mixed); Newspapers; Tin or Steel Cans; Office Paper","false","true","","","false","false","false","false"
"Walmart","Walmart","1334 N Ellington Pkwy","Lewisburg","Marshall","TN","37091","9313599568","0","","http://www.walmart.com","35.47407","-86.80102","14.9635863224961","Lead Acid (Pb) Batteries; Plastic Shopping Bags; Food Storage Bags; Video Game Consoles; PlayStation Consoles","false","true","","","false","false","false","false"
"Goodwill Superstore","Goodwill Superstore","1804 Mooresville Hwy","Lewisburg","Marshall","TN","37091","9313593180","0","Monday: 9:00 AM - 8:00 PM Tuesday: 9:00 AM - 8:00 PM Wednesday: 9:00 AM - 8:00 PM Thursday: 9:00 AM - 8:00 PM Friday: 9:00 AM - 8:00 PM Saturday: 9:00 AM - 8:00 PM Sunday: 12:00 PM - 6:00 PM ","http://www.goodwillmidten.org/attended.htm","35.45443","-86.82143","15.1777095377976","Bikes; Books (Reuse); Clothing; CD/DVD/Blu-ray/UHD discs; Computer (Reuse); Electronics; Gift Bags; Household Goods; Lawn Equipment; Musical Instruments; Office Equipment; Ornaments; Reusable Appliance Donation; Sporting Goods; Telephones; Televisions; Miscellaneous Tools; Children's Toys; Car Donation; VHS & Cassette Tapes; MP3 Players; Video Game Consoles; PlayStation Consoles","false","true","This site is located in the Marshall County Plaza. This site accepts gently used items in good clean condition.","","false","false","false","false"
"Maury County Convenience Center - Santa Fe","","5712 Fly Hollow Road","Santa Fe","","TN","38482","9316823811","0","","http://www.maurycounty-tn.gov","35.7946144","-87.1643692","15.2089575724686","","false","false","","","false","false","false","false"
"Walmart Supercenter","","1334 N Ellington Parkway","Lewisburg","","TN","37091","9313599568","0","","https://www.walmart.com/","35.4711267","-86.7914299","15.4954451562064","","false","false","","","false","false","false","false"
"Marshall County Recycling Drop-Off Site - Walmart","","1334 N Ellington Pkwy","Lewisburg","","TN","37091","9313590547","0","","http://www.marshallcountyrecycles.com/index.html","35.4711267","-86.7914299","15.4954451562064","","false","false","","","false","false","false","false"
"AutoZone","AutoZone","856 N Ellington Pkwy","Lewisburg","Marshall","TN","37091","9313593665","0","","http://www.autozone.com","35.46601","-86.78857","15.8548501685887","Lead Acid (Pb) Batteries; Used Motor Oil; Video Game Consoles; PlayStation Consoles","false","true","Most AutoZone stores accept used motor oil, transmission fluid, gear oil and automotive batteries. Call to see what your local store is currently accepting.","","false","false","false","false"
"Hickman County Convenience Center - Shady Grove","","4766 Hwy 50","Williamsport","","TN","38487","9315382537","0","","https://www.hickmancountytn.com/departments_solidwaste.htm","35.7204466","-87.2525622","16.0082640212797","","false","false","","","false","false","false","false"
"Marshall County Recycling Drop-Off Site - Walgreens","","758 N Ellington Pkwy","Lewisburg","","TN","37091","9313590547","0","","http://www.marshallcountyrecycles.com/index.html","35.4610326","-86.7816168","16.3753978258277","","false","false","","","false","false","false","false"
"Walgreens","Walgreens","758 N Ellington Pkwy","Lewisburg","Marshall","TN","37091","9313596204","0","","http://www.walgreens.com","35.46014","-86.78135","16.4287403630347","Cell Phones; Inkjet Printer Cartridges; Video Game Consoles; PlayStation Consoles","false","true","","","false","false","false","false"
"AutoZone","AutoZone","4837 Main St","Spring Hill","Maury","TN","37174","6155952518","0","","http://www.autozone.com","35.84766","-86.88389","16.638253138311","Lead Acid (Pb) Batteries; Used Motor Oil; Video Game Consoles; PlayStation Consoles","false","true","Most AutoZone stores accept used motor oil, transmission fluid, gear oil and automotive batteries. Call to see what your local store is currently accepting.","","false","false","false","false"
"Marshall County Recycling Drop-Off Site - Chapel Hill City Park","","City Park","Chapel Hill ","","TN","37034","9313590547","0","","http://www.marshallcountyrecycles.com/index.html","35.5879705","-86.6993867","16.6963240696482","","false","false","","","false","false","false","false"
"O'Reilly Auto Parts","null","139 South Horton Parkway","Chapel Hill","","TN","37034","9313643713","0","","http://oreillyauto.custhelp.com/app/error/error_id/6","35.6252985","-86.6941145","16.8040987773676","","false","false","","","false","false","false","false"
"Advance Auto Parts","Advance Auto Parts","450 N Ellington Pkwy","Lewisburg","Marshall","TN","37091","9312706886","0","Monday: 7:00 AM - 9:00 PM Tuesday: 7:00 AM - 9:00 PM Wednesday: 7:00 AM - 9:00 PM Thursday: 7:00 AM - 9:00 PM Friday: 7:00 AM - 9:00 PM Saturday: 7:00 AM - 9:00 PM Sunday: 10:00 AM - 8:00 PM ","http://www.advanceautoparts.com","35.45488","-86.77828","16.8049982582654","Lead Acid (Pb) Batteries; Used Motor Oil; Video Game Consoles; PlayStation Consoles","false","true","","","false","false","false","false"
"Marshall County Convenience Center - Chapel Hill Convenience Center","","2200 Hwy 99","Chapel Hill","","TN","37034","9313643522","0","","http://www.marshallcountyrecycles.com/index.html","35.6264499","-86.6933407","16.8481022942649","","false","false","","","false","false","false","false"
"Tractor Supply","","150 The Acres","Lewisburg","","TN","37091","9313596131","0","","https://www.tractorsupply.com/","35.4484504","-86.778005","17.1277911916344","","false","false","","","false","false","false","false"
"Tractor Supply","Tractor Supply","150 The Acres","Lewisburg","Marshall","TN","37091","9313596131","0","","http://www.tractorsupply.com","35.44847","-86.77753","17.1457189331755","Transmission Fluid; Used Motor Oil; Video Game Consoles; PlayStation Consoles","false","true","","","false","false","false","false"
"Walmart Tire & Lube Express","Walmart Tire & Lube Express","1334 N Ellington Pkwy,","Lewisburg","Marshall","TN","37091","9313599568","0","","http://www.walmart.com/catalog/catalog.gsp?cat=495843","35.44847","-86.77753","17.1457189331755","Lead Acid (Pb) Batteries; Used Motor Oil; Oil Filters; Video Game Consoles; PlayStation Consoles","false","true","","","false","false","false","false"
"Goodwill Industries of Middle Tennessee Inc.","Goodwill Industries of Middle Tennessee Inc.","130 The Acres","Lewisburg","Marshall","TN","37091","9313597484","0","Sunday: 11:00 AM - 8:00 PM Monday: 9:00 AM - 8:00 PM Tuesday: 9:00 AM - 8:00 PM Wednesday: 9:00 AM - 8:00 PM Thursday: 9:00 AM - 8:00 PM Friday: 9:00 AM - 8:00 PM Saturday: 9:00 AM - 8:00 PM ","http://www.goodwillmidten.org/attended.htm","35.44847","-86.77753","17.1457189331755","Bikes; Books (Reuse); Car Donation; CD/DVD/Blu-ray/UHD discs; Children's Toys; Clothing; Computer (Reuse); Hard Drives; Electronics; Gift Bags; Household Goods; Lawn Equipment; Miscellaneous Tools; MP3 Players; Musical Instruments; Office Equipment; Ornaments; Reusable Appliance Donation; Sporting Goods; Telephones; Televisions; VHS & Cassette Tapes; Video Game Consoles; PlayStation Consoles","false","true","","","false","false","false","false"
"Goodwill","","130 The Acres Shopping Center","Lewisburg","","TN","37091","9313597484","0","","https://giveit2goodwill.org/","35.4474432","-86.7783463","17.1636242498404","","false","false","","","false","false","false","false"
"USPS Post Office Box Lobby Recycling Program","US Post Office","2017 Hoovers Rd","Duck River","Hickman","TN","38454","8002758777","0","","https://www.usps.com/","35.72211","-87.27846","17.3844058289937","Catalogs; Greeting Cards; Magazines; Paper (Mixed)","false","true","","","false","false","false","false"
"Marshall County Household Hazardous Waste Collection Facility","","611 Hawkins Drive","Lewisburg","","TN","37091","9313590547","0","","http://www.marshallcountyrecycles.com/index.html","35.437013","-86.766143","18.1590105481488","","false","false","","","false","false","false","false"
"Williamson County Landfill & Convenience Center - Franklin","","5750 Pinewood Rd","Franklin","","TN","37064","6157905848","0","","http://www.williamsoncounty-tn.gov","35.8770832","-87.0843555","18.2269634784521","","false","false","","","false","false","false","false"
"Williamson County Convenience Center - Leiper's Fork/ Hillsboro","","5406 Pinewood Rd.","Hillsboro","","TN","37064","6157909556","0","","http://www.williamsoncounty-tn.gov","35.8903768","-87.013918","18.4523483336899","","false","false","","","false","false","false","false"
"Hubert's Recycling","Hubert's Recycling","2577 Mount Lebanon Rd","Lewisburg","Marshall","TN","37091","9313647105","0","Monday: 8:30 AM - 4:00 PM Tuesday: 8:30 AM - 4:00 PM Wednesday: 8:30 AM - 4:00 PM Thursday: 8:30 AM - 4:00 PM Friday: 8:30 AM - 4:00 PM ","null","35.53779","-86.68173","18.4903167974363","Aluminum Cans; Lead Acid (Pb) Batteries; Non-ferrous (Copper/Brass/Tin); Video Game Consoles; PlayStation Consoles","false","true","","","false","false","false","false"
"Williamson County Landfill & Convenience Center","Williamson County Landfill & Convenience Center","5750 Pinewood Rd","Franklin","Williamson","TN","37064","6157900742","0","Monday: 7:00 AM - 5:00 PM Tuesday: 7:00 AM - 5:00 PM Wednesday: 7:00 AM - 5:00 PM Thursday: 7:00 AM - 5:00 PM Friday: 7:00 AM - 5:00 PM ","http://www.williamsoncounty-tn.gov/","35.88538","-87.0668","18.5345603238382","Plastic #1 (PETE); Plastic #2 (HDPE); Plastic #2 (Color HDPE); Plastic #3 (PVC); Plastic #4 (LDPE); Plastic #5 (Polypropylene); Aluminum Cans; Aluminum; Glass (Brown); Brown Paper Bags; Cardboard; Christmas Trees; Glass (Clear); Glass (Green); Magazines; Paper (Mixed); Newspapers; Paperboard; Tin or Steel Cans; Office Paper","false","true","","","false","false","false","false"
"Southall/Mile End Convenience Center","Southall/Mile End Convenience Center","1140 Mile End Rd ","Franklin","Williamson County","TN","37064","6157940183","0","Monday: 7:00 AM - 5:00 PM Tuesday: 7:00 AM - 5:00 PM Wednesday: 7:00 AM - 5:00 PM Thursday: 7:00 AM - 5:00 PM Friday: 7:00 AM - 5:00 PM ","http://www.williamsoncounty-tn.gov/","35.888947","-86.9271119","18.6898560630331","Plastic #1 (PETE); Plastic #2 (HDPE); Plastic #2 (Color HDPE); Aluminum Cans; Glass (Blue); Glass (Brown); Brown Paper Bags; Cardboard; Catalogs; Chipboard; Christmas Trees; Glass (Clear); Computer Paper; Glass (Green); Greeting Cards; Magazines; Paper (Mixed); Newspapers; Tin or Steel Cans; Office Paper","false","true","","","false","false","false","false"
"Williamson County Convenience Center - Southall/ Mile End","","1140 Mile End Rd.","Southall","","TN","37064","6157940183","0","","http://www.williamsoncounty-tn.gov","35.8889742","-86.927226","18.6904281730199","","false","false","","","false","false","false","false"
"Williamson County Convenience Center - College Grove","","6520 Arno-College Grove Rd","College Grove","","TN","37046","6153687181","0","","http://www.williamsoncounty-tn.gov","35.7912122","-86.71741","19.322513895458","","false","false","","","false","false","false","false"
"Tractor Supply","","1101 Hillview Lane","Franklin","","TN","37064","6157910791","0","","https://www.tractorsupply.com/","35.8906914","-86.8777783","19.5429766804177","","false","false","","","false","false","false","false"
"Tractor Supply","Tractor Supply","1101 Hillview Ln","Franklin","Williamson","TN","37064","6157910791","0","","http://www.tractorsupply.com","35.89122","-86.879","19.5548697658268","Transmission Fluid; Used Motor Oil; Video Game Consoles; PlayStation Consoles","false","true","","","false","false","false","false"
"Target Store","","3064 Columbia Ave","Franklin","","TN","37064","6154722052","0","","https://corporate.target.com/corporate-responsibility/planet","35.892735","-86.8811476","19.6148288426899","","false","false","","","false","false","false","false"
"ExpertTire Store","ExpertTire Store","507 N Garden St","Columbia","Maury","TN","38401","9313889898","0","","http://www.firestone.com","35.61781","-87.03522","2.38915652491973","Lead Acid (Pb) Batteries; Used Motor Oil; Video Game Consoles; PlayStation Consoles","false","true","","","false","false","false","false"
"Expert Tire","","507 N Garden St","Columbia","","TN","38401","9313889898","0","","https://www.firestonecompleteautocare.com/","35.6183966","-87.0353787","2.39123740148692","","false","false","","","false","false","false","false"
"Keep America Beautiful Cars to Donate","","","Columbia","","TN","38401","8554262474","0","","https://www.kab.org/?pagename=car_donation","35.6150716","-87.0352831","2.43268183693226","","false","false","","","false","false","false","false"
"Gibson Brothers","Gibson Brothers","1203 School St","Columbia","Maury","TN","38401","9313882260","0","Monday: 7:00 AM - 4:00 PM Tuesday: 7:00 AM - 4:00 PM Wednesday: 7:00 AM - 4:00 PM Thursday: 7:00 AM - 4:00 PM Friday: 7:00 AM - 4:00 PM ","","35.60802","-87.0411","2.89679789672856","Aluminum Cans; Ferrous Metals (Steel or Iron); Clothes Hangers (Metal); Non-ferrous (Copper/Brass/Tin); Tin or Steel Cans; Video Game Consoles; PlayStation Consoles","false","true","","","false","false","false","false"
"Tractor Supply","Tractor Supply","130 Ashwood Drive","Columbia","Maury","TN","38401","9313801234","0","","http://www.tractorsupply.com","35.59281","-87.04001","3.38629348561795","Transmission Fluid; Used Motor Oil; Video Game Consoles; PlayStation Consoles","false","true","","","false","false","false","false"
"Tractor Supply","","2211 Carmack Boulevard","Columbia","","TN","38401","9313802801","0","","https://www.tractorsupply.com/","35.5912939","-87.0397972","3.44447702791569","","false","false","","","false","false","false","false"
"AT&T Wireless","AT&T Wireless","618 S James Campbell Blvd","Columbia","Maury","TN","38401","9313882414","0","","http://www.att.com/","35.62743","-87.05486","3.4645584304965","Cell Phones; Ni-Cd Batteries; Batteries (Rechargeable); Cell Phone Batteries; Tablets; Li-Ion Batteries; Video Game Consoles; PlayStation Consoles","false","true","Receive an AT&T Promotion Card worth the trade-in value of your smartphone, tablet, or netbook. You can also donate the trade-in value to Cell Phones for Soldiers.","","false","false","false","false"
"Express Oil Change","","616 South James M. Campbell Boulevard","Columbia","","TN","38401","9313810086","0","","https://www.expressoil.com/","35.627514","-87.055944","3.52569313301998","","false","false","","","false","false","false","false"
"O'Reilly Auto Parts","null","2300 Carmack Boulevard","Columbia","","TN","38401","9314902215","0","","http://oreillyauto.custhelp.com/app/error/error_id/6","35.5903272","-87.0412289","3.54901219159818","","false","false","","","false","false","false","false"
"Walmart Supercenter","","2200 Brookmeade Dr","Columbia","","TN","38401","9313816892","0","","https://www.walmart.com/","35.5990704","-87.0513407","3.68002649920552","","false","false","","","false","false","false","false"
"Walmart Tire and Lube Express","","2200 Brookmeade Dr","Columbia","","TN","38401","9313816892","0","","https://www.walmart.com/cp/ideas/8932632","35.5990704","-87.0513407","3.68002649920552","","false","false","","","false","false","false","false"
"Walmart Tire & Lube Express","Walmart Tire & Lube Express","2200 Brookmeade Dr","Columbia","Maury","TN","38401","9313816892","0","","http://www.walmart.com/catalog/catalog.gsp?cat=495843","35.59968","-87.0519","3.68862499879717","Lead Acid (Pb) Batteries; Used Motor Oil; Oil Filters; Video Game Consoles; PlayStation Consoles","false","true","","","false","false","false","false"
"Walmart","Walmart","2200 Brookmeade Dr","Columbia","Maury","TN","38401","9313816892","0","","http://www.walmart.com","35.59968","-87.0519","3.68862499879717","Lead Acid (Pb) Batteries; Plastic Shopping Bags; Food Storage Bags; Video Game Consoles; PlayStation Consoles","false","true","","","false","false","false","false"
"Advance Auto Parts","Advance Auto Parts","300 S James Campbell Blvd","Columbia","Maury","TN","38401","9313885539","0","Monday: 7:00 AM - 9:00 PM Tuesday: 7:00 AM - 9:00 PM Wednesday: 7:00 AM - 9:00 PM Thursday: 7:00 AM - 9:00 PM Friday: 7:00 AM - 9:00 PM Saturday: 7:00 AM - 9:00 PM Sunday: 10:00 AM - 8:00 PM ","http://www.advanceautoparts.com","35.59055","-87.04682","3.78327792770788","Lead Acid (Pb) Batteries; Used Motor Oil; Video Game Consoles; PlayStation Consoles","false","true","","","false","false","false","false"
"AutoZone","AutoZone","219 S James Campbell Blvd","Columbia","Maury","TN","38401","9313811235","0","","http://www.autozone.com","35.5902","-87.04686","3.79980292643713","Lead Acid (Pb) Batteries; Used Motor Oil; Video Game Consoles; PlayStation Consoles","false","true","Most AutoZone stores accept used motor oil, transmission fluid, gear oil and automotive batteries. Call to see what your local store is currently accepting.","","false","false","false","false"
"Verizon Wireless","Verizon Wireless","375 S James Campbell Blvd","Columbia","Maury","TN","38401","8666444532","0","","http://www.verizonwireless.com/","35.59088","-87.04819","3.83108810717926","Cell Phones; Cell Phone Batteries; Video Game Consoles; PlayStation Consoles","false","true","<A Href="https://www.trade-in.vzw.com/home.aspx">
The Verizon Wireless Trade-In Program</A> allows you to trade in your used handset or tablet in a convenient and responsible way. 
<P>
<P>
Verizon Wireless works every day to protect our environment and give our customers opportunities to do the same. <A Href="http://aboutus.vzw.com/Green_Initiative/overview.html">Click here</A> for more examples of the earth-friendly initiatives and programs Verizon Wireless is proud to offer and support.","","false","false","false","false"
"Express Oil Change","Express Oil Change","616 James M Campbell Blvd S ","Columbia","Maury County","TN","38401","9313810086","0","","http://www.expressoil.com","35.5933473","-87.0524712","3.93319391247348","Used Motor Oil; Oil Filters; Video Game Consoles; PlayStation Consoles","false","true","","","false","false","false","false"
"Maury County Convenience Center - Carter's Creek","","314 Carters Creek Pike","Columbia","","TN","38401","9313800543","0","","http://www.maurycounty-tn.gov","35.679341","-87.012544","3.98455864849597","","false","false","","","false","false","false","false"
"Goodwill","","314 Carters Creek Pike","Columbia","","TN","38401","0","0","","https://giveit2goodwill.org/","35.679341","-87.012544","3.98455864849597","","false","false","","","false","false","false","false"
"Call2Recycle at Lowe's","Call2Recycle at Lowe's","2000 Hillary Dr","Columbia","Maury","TN","38401","9313809499","0","","http://www.lowes.com/","35.59606","-87.05662","4.03957535549656","Cell Phones; Compact Fluorescent Lights; Ni-Cd Batteries; Plastic Shopping Bags; Li-Ion Batteries; Ni-MH Batteries; Ni-Zn Batteries; Small Sealed Lead Acid Batteries; Video Game Consoles; PlayStation Consoles","false","true","As an environmentally-committed retailer, Lowes offers a recycling center near store entrances to give consumers a free and easy way to properly dispose of rechargeable batteries, cell phones, CFLs and plastic shopping bags; materials that otherwise could be potentially harmful to the environment.  Look for the recycling center or ask a store associate for more details.","","false","false","false","false"
"OfficeMax","OfficeMax","805 Eagle Ct","Columbia","Maury","TN","38401","9318408778","0","Monday: 8:00 AM - 9:00 PM Tuesday: 8:00 AM - 9:00 PM Wednesday: 8:00 AM - 9:00 PM Thursday: 8:00 AM - 9:00 PM Friday: 8:00 AM - 9:00 PM Saturday: 9:00 AM - 9:00 PM Sunday: 11:00 AM - 6:00 PM ","http://www.officemax.com","35.5953","-87.05746","4.10611680238472","Inkjet Printer Cartridges; Laser Toner Cartridges; Video Game Consoles; PlayStation Consoles","false","true","This location features Phoenix Ink refill kiosks.","","false","false","false","false"
"Walgreens","Walgreens","1202 James M Campbell Blvd S ","Columbia","Maury County","TN","38401","9313800599","0","","http://www.walgreens.com","35.5999448","-87.0615374","4.17133694735922","Cell Phones; Inkjet Cartridge Refilling; Inkjet Printer Cartridges; Video Game Consoles; PlayStation Consoles","false","true","","","false","false","false","false"
"Absolute Wireless","","1202 S James Campbell Blvd","Columbia","","TN","38401","9318405600","0","","","35.6022507","-87.0627383","4.17381669939992","","false","false","","","false","false","false","false"
"OfficeMax","","805 Eagle Ct","Columbia","","TN","38401","9318408778","0","","","35.5948924","-87.0586012","4.17588157178149","","false","false","","","false","false","false","false"
"Lowe's","","2000 Hillary Dr","Columbia","","TN","38401","9313809499","0","","https://newsroom.lowes.com/responsibility/operational-excellence/","35.5946761","-87.0602405","4.26399830049109","Batteries (Rechargeable); Cell Phone Batteries; Li-Ion Batteries; Ni-Cd Batteries; Ni-MH Batteries; Small Sealed Lead Acid Batteries; Cell Phones","false","true","","Call2Recycle","false","false","false","false"
"Maury County Solid Waste Drop-off Site","","1233 Lawson White Dr","Columbia","","TN","38401","9313756401","0","","http://www.maurycounty-tn.gov","35.6439669","-87.0652361","4.27099675403438","","false","false","","","false","false","false","false"
"911 Cell Phone Bank - MB Real Estate","911 Cell Phone Bank - MB Real Estate","1300 Lawson White Dr","Columbia","Maury","TN","38401","8662907864","0","","http://www.911cellphonebank.org/","35.64372","-87.06572","4.29120628615813","Cell Phones; Cameras; Laptop Computers; MP3 Players; Video Games; Video Game Consoles; Smart watches & Apple Watch®
","false","true","Please call to verify drop-off procedures and directions to the location.  For prepaid shipping labels, visit http://www.911cellphonebank.org/drop-off-locations.asp - click on "print shipping label."","","false","false","false","false"
"Ace Hardware","Ace Hardware","1202 S James Campbell Blvd Ste 5","Columbia","Maury","TN","38401","9313881272","0","","http://www.acehardware.com/","35.59995","-87.06773","4.49278286476562","Cell Phones; Ni-Cd Batteries; Li-Ion Batteries; Ni-MH Batteries; Ni-Zn Batteries; Small Sealed Lead Acid Batteries; Video Game Consoles; PlayStation Consoles","false","true","The U.S. EPA estimates that more than 350 million rechargeable batteries are purchased annually in the U.S. Thanks to the environmental commitment of this location, its easy and free to recycle your batteries. Bring your rechargeable batteries to this location and look for the recycling box or ask an associate how you can do your part for the environment.","","false","false","false","false"
"Call2Recycle at RadioShack","Call2Recycle at RadioShack","800 S James Campbell Blvd Ste 35","Columbia","Maury","TN","38401","6153887782","0","","http://www.radioshack.com/","35.57","-87.05206","4.97142476351496","Cell Phones; Ni-Cd Batteries; Li-Ion Batteries; Ni-MH Batteries; Ni-Zn Batteries; Small Sealed Lead Acid Batteries; Video Game Consoles; PlayStation Consoles","false","true","As the first national retailer to partner with Call2Recycle, RadioShack is at the forefront of the rechargeable battery recycling cause and is pleased to offer battery recycling at thousands of convenient RadioShack locations for free.  Simply drop them off at your local RadioShack and theyll take care of the rest.  Ask a store associate for more details.","","false","false","false","false"
"RadioShack","RadioShack","800 S James Campbell Blvd Ste 35","Columbia","Maury","TN","38401","9313887782","0","Monday: 10:00 AM - 9:00 PM Tuesday: 10:00 AM - 9:00 PM Wednesday: 10:00 AM - 9:00 PM Thursday: 10:00 AM - 9:00 PM Friday: 10:00 AM - 9:00 PM Saturday: 10:00 AM - 9:00 PM Sunday: 1:00 AM - 6:00 PM ","http://www.radioshack.com","35.57","-87.05206","4.97142476351496","Cell Phones; Ni-Cd Batteries; Batteries (Rechargeable); Video Game Consoles; PlayStation Consoles","false","true","This site is located in the Columbia-Shady Brook Mall.","","false","false","false","false"
"Goodwill","","1412 Trotwood Ave","Columbia","","TN","38401","9312400484","0","","https://giveit2goodwill.org/","35.5995173","-87.0767864","4.979474573227","","false","false","","","false","false","false","false"
"Maury County Convenience Center - Glendale","","1406 Fountain Heights Road","Columbia","","TN","38401","9313819827","0","","http://www.maurycounty-tn.gov","35.541917","-86.9843387","5.68138298517858","","false","false","","","false","false","false","false"
"Maury County Convenience Center - Highway 31","","3105 Neeley Hollow Road","Columbia","","TN","38401","9313801971","0","","http://www.maurycounty-tn.gov","35.549802","-87.044566","5.86873633839461","","false","false","","","false","false","false","false"
"Maury County Convenience Center - Chickasaw Trace","","1419 Santa Fe Pike","Columbia","","TN","38401","9313885810","0","","http://www.maurycounty-tn.gov","35.667761","-87.087298","6.0869449118167","","false","false","","","false","false","false","false"
"Maury County Convenience Center - Bear Creek","","1984 Bear Creek Pike","Columbia","","TN","38401","9313801784","0","","http://www.maurycounty-tn.gov","35.6414972","-86.8623532","7.45546506358367","","false","false","","","false","false","false","false"
"Maury County Convenience Center - Tindell Lane","","2481 Tindell Lane","Columbia","","TN","38401","9313880060","0","","http://www.maurycounty-tn.gov","35.632695","-87.140681","8.29761579463272","","false","false","","","false","false","false","false"
"Wireless Direct LLC","","Crossings Blvd","Spring Hill","","TN","37174","9314863559","0","","","35.7397978","-86.9428194","8.49928632163505","","false","false","","","false","false","false","false"
"Target Store","","1033 Crossings Blvd","Spring Hill","","TN","37174","9314891030","0","","https://corporate.target.com/corporate-responsibility/planet","35.7413853","-86.9372836","8.71005580803435","","false","false","","","false","false","false","false"
"Spring Hill Auto Lube","Spring Hill Auto Lube","5406 Main St","Spring Hill","Maury","TN","37174","9314861983","0","Monday: 8:00 AM - 5:30 PM Tuesday: 8:00 AM - 5:30 PM Wednesday: 8:00 AM - 5:30 PM Thursday: 8:00 AM - 5:30 PM Friday: 8:00 AM - 5:30 PM Saturday: 8:00 AM - 2:00 PM ","","35.7456","-86.93675","8.9927172722922","Used Motor Oil; Video Game Consoles; PlayStation Consoles","false","true","","","false","false","false","false"
"Home Depot","Home Depot","5411 Main St","Spring Hill","Maury","TN","37174","9314861138","0","","http://www.homedepot.com","35.74788","-86.93384","9.19824992362451","Compact Fluorescent Lights; Batteries (Rechargeable); Video Game Consoles; PlayStation Consoles","false","true","Home Depot accepts compact fluorescent bulbs and used power tool rechargeable batteries. Look for the orange drop boxes, usually located near the front entrance near the customer service desk.","","false","false","false","false"
"Call2Recycle at the Home Depot","Call2Recycle at the Home Depot","5411 Columbia Hwy","Spring Hill","Maury","TN","37174","9314861138","0","","http://www.homedepot.com/","35.74788","-86.93384","9.19824992362451","Cell Phones; Compact Fluorescent Lights; Ni-Cd Batteries; Li-Ion Batteries; Ni-MH Batteries; Ni-Zn Batteries; Small Sealed Lead Acid Batteries; Video Game Consoles; PlayStation Consoles; Batteries (Rechargeable); Cell Phone Batteries; Li-Ion Batteries; Ni-Cd Batteries; Ni-MH Batteries; Small Sealed Lead Acid Batteries","false","true","The Home Depot accepts used rechargeable batteries and compact fluorescent bulbs. Look for the orange drop boxes, usually located near the front entrance near the customer service desk, or ask a store associate for more details.","Call2Recycle","false","false","false","false"
"City of Spring Hill Christmas Tree Recycling Event","","543 Maury Hill Street","Spring Hill","","TN","37174","9313840137","0","","https://www.springhilltn.org","35.7513158","-86.9350042","9.39685983954256","","false","false","","","false","false","false","false"
"Goodwill Industries of Middle Tennessee Inc.","Goodwill Industries of Middle Tennessee Inc.","1008 Nasdaq St","Spring Hill","Williamson","TN","37174","6153927766","0","Sunday: 11:00 AM - 8:00 PM Monday: 9:00 AM - 8:00 PM Tuesday: 9:00 AM - 8:00 PM Wednesday: 9:00 AM - 8:00 PM Thursday: 9:00 AM - 8:00 PM Friday: 9:00 AM - 8:00 PM Saturday: 9:00 AM - 8:00 PM ","http://www.goodwillmidten.org/attended.htm","35.75471","-86.92652","9.78926484318321","Bikes; Books (Reuse); Car Donation; CD/DVD/Blu-ray/UHD discs; Children's Toys; Clothing; Computer (Reuse); DVD Players/Blu-Ray Players/DVRs; Electronics; Gift Bags; Household Goods; Lawn Equipment; Miscellaneous Tools; MP3 Players; Musical Instruments; Office Equipment; Ornaments; Reusable Appliance Donation; Shoes; Sporting Goods; Telephones; Televisions; VCRs; VHS & Cassette Tapes; Video Game Consoles; PlayStation Consoles","false","true","","","false","false","false","false"
