name,description,address,city,region,province,postal_code,phone,fax,hours,url,latitude,longitude,distance,materials,pickup,dropoff,notes,groups,curbside,municipal,national,event_only
"Overton County Convenience Center - Anderson","","1603 Cedar Chapel Road","Monterey","","TN","38574","9314453927","0","","http://www.overtoncountytn.com/index.php?option=com_content&task=view&id=28&Itemid=39","36.1903674","-85.2413704","10.2603379903608","","false","false","","","false","false","false","false"
"Fentress County Recycling Drop-off Site - Woodyard Transfer Station","","3275 S York Hwy","Jamestown","","TN","38556","9318795988","0","","","36.3615763","-84.9439837","10.28736503273","","false","false","","","false","false","false","false"
"Woodyard Transfer Station","","3275 S York Hwy","Jamestown","","TN","38556","9318795988","0","","","36.3615763","-84.9439837","10.28736503273","","false","false","","","false","false","false","false"
"Jamestown Recycling Center","","3273 S York Hwy","Jamestown","","TN","38556","9318791135","0","","","36.3615966","-84.943992","10.287605223333","","false","false","","","false","false","false","false"
"Pall Mall Convience Center","","3280 S York Hwy","Jamestown","","TN","38556","9318791712","0","","","36.3658856","-84.9455012","10.3548229379707","","false","false","","","false","false","false","false"
"PSC Metals Inc.","PSC Metals Inc.","15178 Highway 127 N","Crossville","Cumberland","TN","38571","9317070743","9317070763","Monday: 8:00 AM - 4:00 PM Tuesday: 8:00 AM - 4:00 PM Wednesday: 8:00 AM - 4:00 PM Thursday: 8:00 AM - 4:00 PM Friday: 8:00 AM - 4:00 PM Saturday: 8:00 AM - 11:59 PM ","http://www.pscmetals.com/","36.15043","-85.03293","10.6656150623488","Ferrous Metals (Steel or Iron); Non-ferrous (Copper/Brass/Tin); Video Game Consoles; PlayStation Consoles","false","true","","","false","false","false","false"
"PSC Metals, Inc.","","15178 Highway 127 N","Crossville","","TN","38572","9317070743","0","","https://www.pscmetals.com/","36.149988","-85.0330694","10.690708126156","","false","false","","","false","false","false","false"
"Cumberland County Convenience Center - Mayland","","464 Jim Garrett Rd","Crossville","","TN","38571","9314849328","0","","https://cumberlandcountytn.gov","36.1146334","-85.1614424","12.649939557783","","false","false","","","false","false","false","false"
"Advance Auto Parts","Advance Auto Parts","1149 W Main St","Livingston","Overton","TN","38570","9318230711","0","Monday: 7:00 AM - 9:00 PM Tuesday: 7:00 AM - 9:00 PM Wednesday: 7:00 AM - 9:00 PM Thursday: 7:00 AM - 9:00 PM Friday: 7:00 AM - 9:00 PM Saturday: 7:00 AM - 9:00 PM Sunday: 10:00 AM - 8:00 PM ","http://www.advanceautoparts.com","36.39012","-85.30401","12.8372998515023","Lead Acid (Pb) Batteries; Used Motor Oil; Video Game Consoles; PlayStation Consoles","false","true","","","false","false","false","false"
"Coleman Brothers Exxon","Coleman Brothers Exxon","919 E Main St ","Livingston","Overton County","TN","38570","6158239010","0","Monday: 8:00 AM - 4:30 PM Tuesday: 8:00 AM - 4:30 PM Wednesday: 8:00 AM - 4:30 PM Thursday: 8:00 AM - 4:30 PM Friday: 8:00 AM - 4:30 PM Saturday: 8:00 AM - 2:00 PM ","","36.387841","-85.307989","12.9455841615074","Used Motor Oil; Video Game Consoles; PlayStation Consoles","false","true","","","false","false","false","false"
"Overton County Convenience Center - Livingston","","245 Industrial Park Drive","Livingston","","TN","38570","9318238665","0","","http://www.overtoncountytn.com/index.php?option=com_content&task=view&id=28&Itemid=39","36.3503721","-85.3297472","12.9894082869638","","false","false","","","false","false","false","false"
"Livingston Convenience Center","Livingston Convenience Center","245 Industrial Park Dr","Livingston","Overton","TN","38570","9318238665","0","Monday: 8:00 AM - 4:30 PM Tuesday: 8:00 AM - 4:30 PM Wednesday: 8:00 AM - 4:30 PM Thursday: 8:00 AM - 4:30 PM Friday: 8:00 AM - 4:30 PM Saturday: 8:00 AM - 2:00 PM ","http://www.overtoncountytn.com/","36.3501","-85.33201","13.1036171456633","Plastic #1 (PETE); Plastic #2 (HDPE); Plastic #2 (Color HDPE); Aluminum Cans; Aluminum; Glass (Brown); Lead Acid (Pb) Batteries; Cardboard; Catalogs; Cell Phones; Glass (Clear); CD/DVD/Blu-ray/UHD discs; Computer Monitors; Computer Paper; Computer (Recycling); Electronics; Ferrous Metals (Steel or Iron); Hard Drives; Video Game Systems; Greeting Cards; Inkjet Printer Cartridges; Large Household Appliances; Magazines; Paper (Mixed); Newspapers; Ni-Cd Batteries; Non-ferrous (Copper/Brass/Tin); Office Equipment; Unused Paint; Phone books; Batteries (Rechargeable); Alkaline/Single-Use Batteries; Telephones; Televisions; Tin or Steel Cans; Used Motor Oil; Used Tires; VHS & Cassette Tapes; Office Paper; Windows; Wood; Stereo Equipment; Printers/Scanners/Fax Machines; MP3 Players","false","true","This facility also accepts construction/demolition debries for a fee of $50.00 per ton.","","false","false","false","false"
"Lester's Tire & Auto","Lester's Tire & Auto","400 S Main St ","Jamestown","Fentress County","TN","38556","9318797012","0","Monday: 8:00 AM - 5:00 PM Tuesday: 8:00 AM - 5:00 PM Wednesday: 8:00 AM - 5:00 PM Thursday: 8:00 AM - 5:00 PM Friday: 8:00 AM - 5:00 PM ","null","36.421664","-84.932638","13.2103961254829","Transmission Fluid; Used Motor Oil; Video Game Consoles; PlayStation Consoles","false","true","","","false","false","false","false"
"Call2Recycle at Commercial Tool Service","Call2Recycle at Commercial Tool Service","319 Oakley St","Livingston","Overton","TN","38570","9314031810","0","","http://www.call2recycle.org/","36.38646","-85.32175","13.5646824227406","Cell Phones; Ni-Cd Batteries; Li-Ion Batteries; Ni-MH Batteries; Ni-Zn Batteries; Small Sealed Lead Acid Batteries; Video Game Consoles; PlayStation Consoles","false","true","The U.S. EPA estimates that more than 350 million rechargeable batteries are purchased annually in the U.S. Thanks to the environmental commitment of this location, its easy and free to recycle your batteries. Bring your rechargeable batteries to this location and look for the recycling box or ask an associate how you can do your part for the environment.","","false","false","false","false"
"Advance Auto Parts","","334 Main St N","Jamestown","","TN","38556","9318791028","0","","http://shop.advanceautoparts.com/webapp/wcs/stores/servlet/home___","36.4324576","-84.9328521","13.7161583289201","","false","false","","","false","false","false","false"
"Advance Auto Parts","Advance Auto Parts","334 N Main St","Jamestown","Fentress","TN","38556","9318791028","0","Monday: 7:00 AM - 9:00 PM Tuesday: 7:00 AM - 9:00 PM Wednesday: 7:00 AM - 9:00 PM Thursday: 7:00 AM - 9:00 PM Friday: 7:00 AM - 9:00 PM Saturday: 7:00 AM - 9:00 PM Sunday: 10:00 AM - 8:00 PM ","http://www.advanceautoparts.com","36.43741","-84.93821","13.7531391055914","Lead Acid (Pb) Batteries; Used Motor Oil; Video Game Consoles; PlayStation Consoles","false","true","","","false","false","false","false"
"Walgreens","Walgreens","515 E Central Ave","Jamestown","Fentress","TN","38556","9318794884","0","","http://www.walgreens.com","36.42698","-84.92539","13.7556054005893","Cell Phones; Inkjet Printer Cartridges; Video Game Consoles; PlayStation Consoles","false","true","","","false","false","false","false"
"Walmart","Walmart","539 E Central Ave","Jamestown","Fentress","TN","38556","9318794767","0","","http://www.walmart.com","36.42698","-84.92539","13.7556054005893","Lead Acid (Pb) Batteries; Plastic Shopping Bags; Food Storage Bags; Video Game Consoles; PlayStation Consoles","false","true","","","false","false","false","false"
"Fentress County Recycling Drop-off Site - Fairgrounds Convenience Center","","515 Fairgrounds Road","Jamestown","","TN","38556","9318793838","0","","","36.4408808","-84.9427002","13.7605937735998","","false","false","","","false","false","false","false"
"Fairgrounds Convenience Center","","515 Fairgrounds Rd","Jamestown","","TN","38556","9318793838","0","","","36.4408808","-84.9427002","13.7605937735998","","false","false","","","false","false","false","false"
"Walmart Supercenter","","539 E Central Ave","Jamestown","","TN","38556","9318794767","0","","https://www.walmart.com/","36.4262302","-84.9220768","13.8575665850858","","false","false","","","false","false","false","false"
"O'Reilly Auto Parts","null"," 1160 West Main","Livingston","","TN","38570","9318235521","0","","http://oreillyauto.custhelp.com/app/error/error_id/6","36.377301","-85.3383759","14.1104695284634","","false","false","","","false","false","false","false"
"Cooper Recycling Center","Cooper Recycling Center","964 Airport Rd","Livingston","Overton","TN","38570","9318231045","0","Monday: 7:30 AM - 4:30 PM Tuesday: 7:30 AM - 4:30 PM Wednesday: 7:30 AM - 4:30 PM Thursday: 7:30 AM - 4:30 PM Friday: 7:30 AM - 4:30 PM ","","36.41748","-85.32008","14.6339253712432","Lead Acid (Pb) Batteries; Cardboard; Ferrous Metals (Steel or Iron); Large Household Appliances; Non-ferrous (Copper/Brass/Tin); Video Game Consoles; PlayStation Consoles","false","true","","","false","false","false","false"
"Overton County Convenience Center - Rickman","","3549 Rickman Road","Rickman","","TN","38580","9314983942","0","","http://www.overtoncountytn.com/index.php?option=com_content&task=view&id=28&Itemid=39","36.266631","-85.3732833","14.8984071128305","","false","false","","","false","false","false","false"
"Fentress County Recycling Drop-off Site - Hwy 154 Convenience Center","","2075 Pickett Park Hwy","Jamestown","","TN","38556","9318796580","0","","","36.4666218","-84.8949273","16.8758598730871","","false","false","","","false","false","false","false"
"Hwy. 154 Convenience Center","","2075 Pickett Park Hwy","Jamestown","","TN","38556","9318796580","0","","","36.4666218","-84.8949273","16.8758598730871","","false","false","","","false","false","false","false"
"Putnam County Convenience Center - Brotherton","","7200 Brotherton Mountain Rd","Cookeville","","TN","38506","9315373811","0","","https://putnamcountytn.gov/index.php?p=departments&s=solidwaste","36.1894031","-85.3847014","16.9991959459226","","false","false","","","false","false","false","false"
"Overton County Convenience Center - Allons","","688 Old Celina Road","Allons","","TN","38541","9318233676","0","","http://www.overtoncountytn.com/index.php?option=com_content&task=view&id=28&Itemid=39","36.4557931","-85.353327","17.7175701656368","","false","false","","","false","false","false","false"
"Overton County Convenience Center - Independence","","1809 Willowgrove Highway","Allons","","TN","38541","9318233499","0","","http://www.overtoncountytn.com/index.php?option=com_content&task=view&id=28&Itemid=39","36.4969234","-85.3006682","17.7362380158491","","false","false","","","false","false","false","false"
"Fentress County Recycling Drop-off Site - Mt. Helen Convenience Center","","4029 Stockton Rd","Jamestown","","TN","38556","9318791117","0","","","36.3823058","-84.7941417","18.5219970956014","","false","false","","","false","false","false","false"
"Mt. Helen Convenience Center","","4029 Stockton Rd","Jamestown","","TN","38556","9318791117","0","","","36.3823058","-84.7941417","18.5219970956014","","false","false","","","false","false","false","false"
"Overton County Convenience Center - Hardy's Chapel","","115 Hardys Chapel Rd","Cookeville","","TN","38506","9314454737","0","","http://www.overtoncountytn.com/index.php?option=com_content&task=view&id=28&Itemid=39","36.3169897","-85.440386","18.5989918500773","","false","false","","","false","false","false","false"
"Pickett County Household Hazardous Waste Program","Pickett County Household Hazardous Waste Program","3065 Gib Moles Rd ","Byrdstown","Pickett County","TN","38549","9318643158","0","Monday: 6:30 AM - 3:00 PM Tuesday: 6:30 AM - 3:00 PM Thursday: 6:30 AM - 3:00 PM Friday: 6:30 AM - 3:00 PM Saturday: 6:30 AM - 11:00 AM ","null","36.562542","-85.119354","18.6668809621134","Antifreeze; Brake Fluid; Degreasers; Fertilizer; Gasoline and Unwanted Fuels; Herbicides; Household Cleaners; Insecticides; Unused Paint; Paint Thinner; Pesticides; Photography Chemicals; Pool Chemicals; Solvents; Transmission Fluid; Outdated Medications; Video Game Consoles; PlayStation Consoles","false","true","","","false","false","false","false"
"Fentress County Recycling Drop-off Site - Pall Mall Convenience Center","","3280 N York Hwy","Pall Mall","","TN","38577","9318791712","0","","","36.5537108","-84.9850298","19.2916364826067","","false","false","","","false","false","false","false"
"Overton County Convenience Center - Hilham","","195 Fisk Cemetary Road","Hilham","","TN","38568","9318231270","0","","http://www.overtoncountytn.com/index.php?option=com_content&task=view&id=28&Itemid=39","36.4067588","-85.434416","19.8185305084902","","false","false","","","false","false","false","false"
"Cumberland County Convenience Center - Baker's","","2089 W Creston Road","Crossville","","TN","38571","9314849328","0","","https://cumberlandcountytn.gov","35.9972848","-85.1094676","20.3981701106418","","false","false","","","false","false","false","false"
"Putnam County Convenience Center - Bangham","","5795 Hilham Rd","Cookeville","","TN","38506","9315285693","0","","https://putnamcountytn.gov/index.php?p=departments&s=solidwaste","36.2442709","-85.4715858","20.5409167389957","","false","false","","","false","false","false","false"
"Putnam County Convenience Center - Monterey","","2730 Old Walton Rd ","Cookeville","","TN","38506","9318393482","0","","https://putnamcountytn.gov/index.php?p=departments&s=solidwaste","36.1776286","-85.4497778","20.6486908631617","","false","false","","","false","false","false","false"
"Walmart Tire & Lube Express","Walmart Tire & Lube Express","589 W Main St","Cookeville","Putnam","TN","38506","9315373880","0","","http://www.walmart.com/catalog/catalog.gsp?cat=495843","36.18491","-85.45716","20.8435274297411","Lead Acid (Pb) Batteries; Used Motor Oil; Oil Filters; Video Game Consoles; PlayStation Consoles","false","true","","","false","false","false","false"
"Walmart","Walmart","589 W Main St","Cookeville","Putnam","TN","38506","9315373880","0","","http://www.walmart.com","36.18491","-85.45716","20.8435274297411","Lead Acid (Pb) Batteries; Plastic Shopping Bags; Food Storage Bags; Video Game Consoles; PlayStation Consoles","false","true","","","false","false","false","false"
"AutoZone","AutoZone","632 Main St","Cookeville","Putnam","TN","38506","9315379096","0","","http://www.autozone.com","36.18342","-85.45834","20.9419777096765","Lead Acid (Pb) Batteries; Used Motor Oil; Video Game Consoles; PlayStation Consoles","false","true","Most AutoZone stores accept used motor oil, transmission fluid, gear oil and automotive batteries. Call to see what your local store is currently accepting.","","false","false","false","false"
"Walmart Supercenter","","589 W Main St","Algood","","TN","38506","9315373880","0","","https://www.walmart.com/","36.1857083","-85.4597971","20.9613039140699","","false","false","","","false","false","false","false"
"Walmart Tire and Lube Express","","589 W Main St","Algood","","TN","38506","9315373880","0","","https://www.walmart.com/cp/ideas/8932632","36.1857083","-85.4597971","20.9613039140699","","false","false","","","false","false","false","false"
"Ground Up Recycling","","3610 Dacco Quarry Road","Cookeville","","TN","38506","8887584577","0","","http://www.rockwoodrecycling.com","36.1401589","-85.4381659","21.2151011004552","","false","false","","","false","false","false","false"
"Shelley's Recycling","Shelley's Recycling","3276 Mullins Rd","Byrdstown","Pickett","TN","38549","9318646313","0","Monday: 7:00 AM - 4:30 PM Tuesday: 7:00 AM - 4:30 PM Wednesday: 7:00 AM - 4:30 PM Thursday: 7:00 AM - 4:30 PM Friday: 7:00 AM - 4:30 PM ","null","36.60102","-85.09418","21.3274142987572","Aluminum Cans; Non-ferrous (Copper/Brass/Tin); Video Game Consoles; PlayStation Consoles","false","true","","","false","false","false","false"
"Putnam County Convenience Center - Dacco","","3000 Dacco Quarry Rd","Cookeville","","TN","38506","9315289094","0","","https://putnamcountytn.gov/index.php?p=departments&s=solidwaste","36.1390304","-85.4441457","21.5435206432964","","false","false","","","false","false","false","false"
"Call2Recycle at Lowe's","Call2Recycle at Lowe's","2431 N. Main","Crossville","Cumberland","TN","38555","9317075900","0","","http://www.lowes.com/","35.98436","-85.03903","21.6331684032588","Cell Phones; Compact Fluorescent Lights; Ni-Cd Batteries; Plastic Shopping Bags; Li-Ion Batteries; Ni-MH Batteries; Ni-Zn Batteries; Small Sealed Lead Acid Batteries; Video Game Consoles; PlayStation Consoles; Batteries (Rechargeable); Cell Phone Batteries; Li-Ion Batteries; Ni-Cd Batteries; Ni-MH Batteries; Small Sealed Lead Acid Batteries; Cell Phones","false","true","As an environmentally-committed retailer, Lowes offers a recycling center near store entrances to give consumers a free and easy way to properly dispose of rechargeable batteries, cell phones, CFLs and plastic shopping bags; materials that otherwise could be potentially harmful to the environment.  Look for the recycling center or ask a store associate for more details.","Call2Recycle","false","false","false","false"
"Walmart Supercenter","","168 Obed Plaza","Crossville","","TN","38555","9314849745","0","","https://www.walmart.com/","35.9832684","-85.0368496","21.7292142633295","","false","false","","","false","false","false","false"
"Walmart Tire and Lube Express","","168 Obed Plaza","Crossville","","TN","38555","9314849745","0","","https://www.walmart.com/cp/ideas/8932632","35.9832684","-85.0368496","21.7292142633295","","false","false","","","false","false","false","false"
"Staples","Staples","2547 North Main St","Crossville","Cumberland County","TN","38555","9317070533","0","Monday: 9:00 AM - 8:00 PM Tuesday: 9:00 AM - 8:00 PM Wednesday: 9:00 AM - 8:00 PM Thursday: 9:00 AM - 8:00 PM Friday: 9:00 AM - 8:00 PM Saturday: 10:00 AM - 7:00 PM Sunday: 11:00 AM - 6:00 PM ","https://www.staples.com/recycle","35.9822418","-85.0399904","21.7678561471304","AC Power Plugs; Batteries (Rechargeable); Cables & Connectors; Cell Phone Batteries; Cell Phones; Computer (Recycling); Hard Drives; Computer Monitors; Cameras; DVD Players/Blu-Ray Players/DVRs; Electronics; E-Readers; GPS Units; Headphones; Inkjet Printer Cartridges; Laptop Computers; Laser Toner Cartridges; Li-Ion Batteries; MP3 Players; Network Equipment; Ni-Cd Batteries; Ni-MH Batteries; Ni-Zn Batteries; Computer Peripherals; Portable Media Players; Printers/Scanners/Fax Machines; Small Electronics; Small Sealed Lead Acid Batteries; Stereo Equipment; Tablets; Telephones; UPS Batteries/Backup Systems; VCRs; Video Game Systems; Blu-Ray Players; Digital Converter Boxes; Video Game Consoles; PlayStation Consoles; Alkaline/Single-Use Batteries; Batteries (Rechargeable); Cell Phone Batteries; Li-Ion Batteries; Ni-Cd Batteries; Ni-MH Batteries; Small Sealed Lead Acid Batteries; Alkaline/Single-Use Batteries; Button Batteries; Non-rechargeable lithium batteries; Cell Phones","false","true","NO TVs; Limit 6 CEDs per day; ","Sony, Vizio, OEM, Call2Recycle","false","false","false","false"
"Staples","","2547 North Main Street","Crossville","","TN","38555","9317070533","0","","https://www.staples.com/sbd/cre/marketing/sustainability-center/recycling-services/","35.9822418","-85.0399904","21.7678561471304","Alkaline/Single-Use Batteries","false","true","","","false","false","false","false"
"Walmart","Walmart","168 Obed Plz Ste 108","Crossville","Cumberland","TN","38555","9314849745","0","","http://www.walmart.com","35.98247","-85.03674","21.7845714851262","Lead Acid (Pb) Batteries; Plastic Shopping Bags; Food Storage Bags; Video Game Consoles; PlayStation Consoles","false","true","","","false","false","false","false"
"Lowe's","","2431 North Main Street","Crossville","","TN","38555","9317075900","0","","https://newsroom.lowes.com/responsibility/operational-excellence/","35.9798445","-85.0388189","21.9423582650108","","false","false","","","false","false","false","false"
"Texaco Express Lube","Texaco Express Lube","2356 N Main St ","Crossville","Cumberland County","TN","38555","9314562222","0","Monday: 8:00 AM - 5:00 PM Tuesday: 8:00 AM - 5:00 PM Wednesday: 8:00 AM - 5:00 PM Thursday: 8:00 AM - 5:00 PM Friday: 8:00 AM - 5:00 PM Saturday: 8:00 AM - 5:00 PM ","null","35.9797778","-85.0384593","21.9504195607229","Used Motor Oil; Video Game Consoles; PlayStation Consoles","false","true","Please call before visiting this facility for the amount of recyclables accepted.","","false","false","false","false"
"Crossville Outlet Center 1","Crossville Outlet Center 1","228 Interstate Dr","Crossville","Cumberland","TN","38555","8583244111","0","","http://www.ecoatm.com/","35.98169","-85.02163","22.0061087998684","Cell Phones; Tablets; MP3 Players; Video Game Consoles; PlayStation Consoles","false","true","ecoATM is an automated, consumer self-serve kiosk that quickly buys back and recycles old phones, mp3 players and tablets.
</br>
Call or email <a href="mailto:max@ecoATM.com">customer support</a> with questions.","","false","false","false","false"
"Call2Recycle at Verizon Wireless","Call2Recycle at Verizon Wireless","2009 N Main St","Crossville","Cumberland","TN","38555","8666444532","0","","http://www.verizon.com/","35.97785","-85.03869","22.0793017360179","Cell Phones; Ni-Cd Batteries; Li-Ion Batteries; Ni-MH Batteries; Ni-Zn Batteries; Small Sealed Lead Acid Batteries; Video Game Consoles; PlayStation Consoles","false","true","The U.S. EPA estimates that more than 350 million rechargeable batteries are purchased annually in the U.S. Thanks to the environmental commitment of this location, its easy and free to recycle your batteries. Bring your rechargeable batteries to this location and look for the recycling box or ask an associate how you can do your part for the environment.","","false","false","false","false"
"Verizon Wireless","Verizon Wireless","2009 N Main St","Crossville","Cumberland","TN","38555","8666444532","0","","http://www.verizonwireless.com/","35.97785","-85.03869","22.0793017360179","Cell Phones; Cell Phone Batteries; Video Game Consoles; PlayStation Consoles","false","true","<A Href="https://www.trade-in.vzw.com/home.aspx">
The Verizon Wireless Trade-In Program</A> allows you to trade in your used handset or tablet in a convenient and responsible way. 
<P>
<P>
Verizon Wireless works every day to protect our environment and give our customers opportunities to do the same. <A Href="http://aboutus.vzw.com/Green_Initiative/overview.html">Click here</A> for more examples of the earth-friendly initiatives and programs Verizon Wireless is proud to offer and support.","","false","false","false","false"
"Cumberland County Convenience Center - Pleasant Hill","","15 Claysville Rd","Crossville","","TN","38571","9314849328","0","","https://cumberlandcountytn.gov","35.9700607","-85.1172796","22.2852312670971","","false","false","","","false","false","false","false"
"O'Reilly Auto Parts","null","950 East 10th Street ","Cookeville","","TN","38501","9315201166","0","","http://oreillyauto.custhelp.com/app/error/error_id/6","36.1763328","-85.4839201","22.4491087124625","","false","false","","","false","false","false","false"
"Cumberland County Convenience Center - Industrial Park","","82 Cox Ave","Crossville","","TN","38555","9314849328","0","","https://cumberlandcountytn.gov","35.9743865","-85.0145365","22.5866823181911","","false","false","","","false","false","false","false"
"Swift Construction Company, Inc.","Swift Construction Company, Inc.","2550 Highway 70 E","Cookeville","Putnam","TN","38506","9315269298","0","Monday: 9:00 AM - 5:00 PM Tuesday: 9:00 AM - 5:00 PM Wednesday: 9:00 AM - 5:00 PM Thursday: 9:00 AM - 5:00 PM Friday: 9:00 AM - 5:00 PM ","","36.11511","-85.45068","22.7114830131201","Used Motor Oil; Video Game Consoles; PlayStation Consoles","false","true","","","false","false","false","false"
"Cumberland County - Crossville Recycling Center","","96 Marietta Street","Crossville","","TN","38555","9314849328","0","","https://cumberlandcountytn.gov","35.9644508","-85.0457945","22.9283803447272","","false","false","","","false","false","false","false"
"Call2Recycle at Cumberland County Solid Waste","Call2Recycle at Cumberland County Solid Waste","96 Maryetta St","Crossville","Cumberland","TN","38555","9314849328","0","","http://www.co.cumberland.nc.us/","35.96337","-85.04976","22.9700006839179","Cell Phones; Ni-Cd Batteries; Li-Ion Batteries; Ni-MH Batteries; Ni-Zn Batteries; Small Sealed Lead Acid Batteries; Video Game Consoles; PlayStation Consoles","false","true","The U.S. EPA estimates that more than 350 million rechargeable batteries are purchased annually in the U.S. Thanks to the environmental commitment of this location, its easy and free to recycle your rechargeable batteries. Look for the recycling box or ask a staff member how you can do your part for the environment.","","false","false","false","false"
"Cumberland County Convenience Center - Peavine Road","","67 Bean Pot Campground Rd","Crossville","","TN","38571","9314849328","0","","https://cumberlandcountytn.gov","35.9787039","-84.9656004","23.0864730802961","","false","false","","","false","false","false","false"
"Walgreens","Walgreens","82 Elmore Rd","Crossville","Cumberland","TN","38555","9314565023","0","","http://www.walgreens.com","35.96233","-85.03632","23.1583427257827","Cell Phones; Inkjet Cartridge Refilling; Inkjet Printer Cartridges; Video Game Consoles; PlayStation Consoles","false","true","","","false","false","false","false"
"Cumberland County Convenience Center - Airport","","12 Old Highway 70","Crossville","","TN","38572","9314849328","0","","https://cumberlandcountytn.gov","35.9554591","-85.1230562","23.303389515485","","false","false","","","false","false","false","false"
"Tractor Supply","Tractor Supply","135 Highland Sq","Crossville","Cumberland","TN","38555","9314846484","0","","http://www.tractorsupply.com","35.95812","-85.04497","23.367743289199","Transmission Fluid; Used Motor Oil; Video Game Consoles; PlayStation Consoles","false","true","","","false","false","false","false"
"Tractor Supply","null","135 Highland SQ","Crossville","","TN","38555","9314846484","0","","https://www.tractorsupply.com/","35.958088","-85.0427505","23.3888107826501","","false","false","","","false","false","false","false"
"Firestone Complete Auto Care Store","Firestone Complete Auto Care Store","713 S Jefferson Ave","Cookeville","Putnam","TN","38501","9315454388","0","","http://www.firestonecompleteautocare.com/","36.17216","-85.50081","23.4318521073457","Lead Acid (Pb) Batteries; Used Motor Oil; Video Game Consoles; PlayStation Consoles","false","true","","","false","false","false","false"
"OfficeMax","OfficeMax","575B SOUTH JEFFERSON AVE.","Cookeville","Putnam","TN","38501","9315251428","0","Monday: 8:00 AM - 9:00 PM Tuesday: 8:00 AM - 9:00 PM Wednesday: 8:00 AM - 9:00 PM Thursday: 8:00 AM - 9:00 PM Friday: 8:00 AM - 9:00 PM Saturday: 9:00 AM - 9:00 PM Sunday: 12:00 PM - 6:00 PM ","http://www.officemax.com","36.17006","-85.50004","23.4439835882619","Inkjet Cartridge Refilling; Inkjet Printer Cartridges; Laser Toner Cartridges; Video Game Consoles; PlayStation Consoles","false","true","This location features Phoenix Ink refill kiosks.","","false","false","false","false"
"Tractor Supply","Tractor Supply","575 S Jefferson Ave Ste A","Cookeville","Putnam","TN","38501","9315284213","0","","http://www.tractorsupply.com","36.17006","-85.50004","23.4439835882619","Transmission Fluid; Used Motor Oil; Video Game Consoles; PlayStation Consoles","false","true","","","false","false","false","false"
"CGrafiks Computer Service Center","CGrafiks Computer Service Center","430 County Garage Rd","Crossville","Cumberland","TN","38555","9313350398","0","Monday: 9:00 AM - 5:00 PM Tuesday: 9:00 AM - 5:00 PM Wednesday: 9:00 AM - 5:00 PM Thursday: 9:00 AM - 5:00 PM Friday: 9:00 AM - 5:00 PM Saturday: 12:00 PM - 6:00 PM ","http://Www.CGrafiks.Com","35.96083","-85.01547","23.487757477844","Computer Monitors; Computer (Recycling); Electronics; Office Equipment; MP3 Players; Video Game Consoles; PlayStation Consoles","true","true","","","false","false","false","false"
"King's Truck Service","King's Truck Service","1974 Browns Mill Rd","Cookeville","Putnam","TN","38506","9315281789","0","Monday: 7:00 AM - 5:00 PM Tuesday: 7:00 AM - 5:00 PM Wednesday: 7:00 AM - 5:00 PM Thursday: 7:00 AM - 5:00 PM Friday: 7:00 AM - 5:00 PM Saturday: 7:00 AM - 5:00 PM ","","36.12369","-85.47344","23.4886439590091","Used Motor Oil; Video Game Consoles; PlayStation Consoles","false","true","","","false","false","false","false"
"Advance Auto Parts","Advance Auto Parts","1160 West Ave","Crossville","Cumberland","TN","38555","9317078080","0","Monday: 7:00 AM - 9:00 PM Tuesday: 7:00 AM - 9:00 PM Wednesday: 7:00 AM - 9:00 PM Thursday: 7:00 AM - 9:00 PM Friday: 7:00 AM - 9:00 PM Saturday: 7:00 AM - 9:00 PM Sunday: 10:00 AM - 8:00 PM ","http://www.advanceautoparts.com","35.95649","-85.03997","23.5223374313331","Lead Acid (Pb) Batteries; Used Motor Oil; Video Game Consoles; PlayStation Consoles","false","true","","","false","false","false","false"
"911 Cell Phone Bank - Quality Cellular","911 Cell Phone Bank - Quality Cellular","421 E Spring St","Cookeville","Putnam","TN","38501","8662907864","0","","http://www.911cellphonebank.org/","36.16173","-85.49837","23.5728604508207","Cell Phones; Cameras; Laptop Computers; MP3 Players; Video Games; Video Game Consoles; Smart watches & Apple Watch®
","false","true","Please call to verify drop-off procedures and directions to the location.  For prepaid shipping labels, visit http://www.911cellphonebank.org/drop-off-locations.asp - click on "print shipping label."","","false","false","false","false"
"AutoZone","AutoZone","1075 West Ave","Crossville","Cumberland","TN","38555","9314564545","0","","http://www.autozone.com","35.95405","-85.03849","23.7020735537455","Lead Acid (Pb) Batteries; Used Motor Oil; Video Game Consoles; PlayStation Consoles","false","true","Most AutoZone stores accept used motor oil, transmission fluid, gear oil and automotive batteries. Call to see what your local store is currently accepting.","","false","false","false","false"
"RadioShack","RadioShack","874 West Ave","Crossville","Cumberland","TN","38555","9314841511","0","","http://www.radioshack.com","35.95371","-85.03745","23.7347727200678","Ni-Cd Batteries; Batteries (Rechargeable); Video Game Consoles; PlayStation Consoles","false","true","","","false","false","false","false"
"Hi Fi Village, Inc.","Hi Fi Village, Inc.","874 West Ave","Crossville","Cumberland","TN","38555","9314841511","0","","http://www.radioshack.com/","35.95371","-85.03745","23.7347727200678","Cell Phones; Ni-Cd Batteries; Li-Ion Batteries; Ni-MH Batteries; Ni-Zn Batteries; Small Sealed Lead Acid Batteries; Video Game Consoles; PlayStation Consoles","false","true","The U.S. EPA estimates that more than 350 million rechargeable batteries are purchased annually in the U.S. Thanks to the environmental commitment of this location, its easy and free to recycle your batteries. Bring your rechargeable batteries to this location and look for the recycling box or ask an associate how you can do your part for the environment.","","false","false","false","false"
"Hi-Fi Village, Inc.","Hi-Fi Village, Inc.","874 West Ave","Crossville","Cumberland","TN","38555","6154841511","0","","http://www.call2recycle.org/","35.95371","-85.03745","23.7347727200678","Cell Phones; Ni-Cd Batteries; Li-Ion Batteries; Ni-MH Batteries; Ni-Zn Batteries; Small Sealed Lead Acid Batteries; Video Game Consoles; PlayStation Consoles","false","true","The U.S. EPA estimates that more than 350 million rechargeable batteries are purchased annually in the U.S. Thanks to the environmental commitment of this location, its easy and free to recycle your batteries. Bring your rechargeable batteries to this location and look for the recycling box or ask an associate how you can do your part for the environment.","","false","false","false","false"
"Batteries Plus Bulbs","","560 S. Jefferson Avenue","Cookeville","","TN","38501","9314529095","0","","https://www.batteriesplus.com/store-locator/tn/804?utm_source=local&utm_medium=earth911","36.1508616","-85.4990167","23.9050455109449","","false","false","","","false","false","false","false"
"Walmart Supercenter","","768 S Jefferson Ave","Cookeville","","TN","38501","9315200232","0","","https://www.walmart.com/","36.1451176","-85.497165","23.9774947844683","","false","false","","","false","false","false","false"
"Walmart Tire and Lube Express","","768 S Jefferson Ave","Cookeville","","TN","38501","9315200232","0","","https://www.walmart.com/cp/ideas/8932632","36.1451176","-85.497165","23.9774947844683","","false","false","","","false","false","false","false"
"Lowe's","","510 Neal St","Cookeville","","TN","38501","9316464100","0","","https://newsroom.lowes.com/responsibility/operational-excellence/","36.1389466","-85.4952328","24.0657182646789","Batteries (Rechargeable); Cell Phone Batteries; Li-Ion Batteries; Ni-Cd Batteries; Ni-MH Batteries; Small Sealed Lead Acid Batteries; Cell Phones","false","true","","Call2Recycle","false","false","false","false"
"Tractor Supply","","575-A South Jefferson Avenue","Cookeville","","TN","38501","9315284213","0","","https://www.tractorsupply.com/","36.150217","-85.5021585","24.0831474815561","","false","false","","","false","false","false","false"
"OfficeMax","","575 S Jefferson Ave","Cookeville","","TN","38501","9315251428","0","","","36.150217","-85.5021585","24.0831474815561","","false","false","","","false","false","false","false"
"Goodwill","","575 S Jefferson Ave","Cookeville","","TN","38501","9315208968","0","","https://giveit2goodwill.org/","36.150217","-85.5021585","24.0831474815561","","false","false","","","false","false","false","false"
"Cumberland County Convenience Center - Woody","","Highway 127 North","Crossville","","TN","38571","9314849328","0","","https://cumberlandcountytn.gov","35.9489635","-85.0269089","24.1611551445455","","false","false","","","false","false","false","false"
"Firestone Complete Auto Care","","713 S Jefferson Ave","Cookeville","","TN","38501","9315281069","0","","https://www.firestonecompleteautocare.com/","36.146005","-85.501633","24.1773417906113","","false","false","","","false","false","false","false"
"Walmart Tire & Lube Express","Walmart Tire & Lube Express","768 S Jefferson Ave","Cookeville","Putnam","TN","38501","9315200232","0","","http://www.walmart.com/catalog/catalog.gsp?cat=495843","36.14455","-85.50085","24.1802297824441","Lead Acid (Pb) Batteries; Used Motor Oil; Oil Filters; Video Game Consoles; PlayStation Consoles","false","true","","","false","false","false","false"
"Overton County Convenience Center - Hanging Limb","","216 Floyd Padgett Lane","Crawford","","TN","38554","9314463495","0","","http://www.overtoncountytn.com/index.php?option=com_content&task=view&id=28&Itemid=39","36.2380221","-85.1577736","4.68525545719634","","false","false","","","false","false","false","false"
"Hanging Limb Convenience","Hanging Limb Convenience","104 Water Tank Rd ","Crawford","Overton County","TN","38554","9314453495","0","","","36.236447","-85.1598514","4.84169180661614","Aluminum Cans; Aluminum; Glass (Clear); Ferrous Metals (Steel or Iron); Non-ferrous (Copper/Brass/Tin); Tin or Steel Cans; Windows; Video Game Consoles; PlayStation Consoles","false","true","","","false","false","false","false"
"Fentress County Recycling Drop-off Site - Grimsley Convenience Center","","119 Conatser Road","Grimsley","","TN","38565","9318635349","0","","","36.2577508","-84.9849536","7.24793854549388","","false","false","","","false","false","false","false"
"Grimsley Convenience Center","","119 Conatser Rd","Grimsley","","TN","38565","9318635349","0","","","36.2577508","-84.9849536","7.24793854549388","","false","false","","","false","false","false","false"
"Fentress County Recycling Drop-off Site - Clarkrange Convenience Center","","6800 S York Hwy","Clarkrange","","TN","38553","9318633303","0","","","36.1936286","-85.0207584","8.37654690038758","","false","false","","","false","false","false","false"
"Clarkrange Convenience Center","","6800 S York Hwy","Clarkrange","","TN","38553","9318633303","0","","","36.1936286","-85.0207584","8.37654690038758","","false","false","","","false","false","false","false"
"USPS Post Office Box Lobby Recycling Program","US Post Office","1105 Clarkrange Monterey Hwy","Clarkrange","Fentress","TN","38553","8002758777","0","","https://www.usps.com/","36.18572","-85.02876","8.591348322115","Catalogs; Greeting Cards; Magazines; Paper (Mixed)","false","true","","","false","false","false","false"
"Overton County Convenience Center - Alpine","","122 Winton Lane","Alpine","","TN","38543","9318238807","0","","http://www.overtoncountytn.com/index.php?option=com_content&task=view&id=28&Itemid=39","36.4004","-85.1985759","9.00623466555281","","false","false","","","false","false","false","false"
"Fentress County Recycling Drop-off Site - West Fentress Convenience Center","","3128 Livingston Hwy","Jamestown","","TN","38556","9318791089","0","","","36.4161574","-85.0366782","9.41238028468474","","false","false","","","false","false","false","false"
"West Fentress Convenience Center","","3128 Livingston Hwy","Jamestown","","TN","38556","9318791089","0","","","36.4161574","-85.0366782","9.41238028468474","","false","false","","","false","false","false","false"
"West Fentress Convenience Center","West Fentress Convenience Center","3122 Livingston Hwy","Jamestown","Fentress","TN","38556","9318791135","0","","null","36.4153233","-85.0263879","9.61596637653405","Plastic #1 (PETE); Plastic #2 (HDPE); Plastic #2 (Color HDPE); Aluminum Cans; Car; Automobile Parts; Glass (Blue); Book Recycling; Glass (Brown); Brown Paper Bags; Lead Acid (Pb) Batteries; Cardboard; Catalogs; Glass (Clear); Computer Paper; Ferrous Metals (Steel or Iron); Glass (Green); Greeting Cards; Large Household Appliances; Magazines; Paper (Mixed); Newspapers; Non-ferrous (Copper/Brass/Tin); Tin or Steel Cans; Office Paper; Used Motor Oil; Video Game Consoles; PlayStation Consoles","false","true","","","false","false","false","false"
