name,description,address,city,region,province,postal_code,phone,fax,hours,url,latitude,longitude,distance,materials,pickup,dropoff,notes,groups,curbside,municipal,national,event_only
"USPS Post Office Box Lobby Recycling Program","US Post Office","8 W Main St","Sparta","Morrow","OH","43350","8002758777","0","","https://www.usps.com/","40.39463","-82.70102","0.891730726122524","Catalogs; Greeting Cards; Magazines; Paper (Mixed)","false","true","","","false","false","false","false"
"Marengo Recycling Drop-Off","","6506 State Highway 229","Marengo","","OH","43334","4199471545","0","","http://www.morrowcountyhealth.org","40.3965844","-82.7070608","1.18424086746942","","false","false","","","false","false","false","false"
"Croton Recycling Drop-Off Site","","26 Smith St","Hartford","","OH","43013","7406705125","0","","http://www.cflpswd.org/","40.2382113","-82.6878619","10.0331604109203","","false","false","","","false","false","false","false"
"Knox County Recycling Center","","301 Columbus Rd","Mt Vernon","","OH","43050","7403932057","0","","http://www.co.knox.oh.us/offices/","40.3758218","-82.5023041","10.0346280704479","","false","false","","","false","false","false","false"
"Knox County / Mount Vernon Christmas Tree Recycling Drop-off Event - Rumpke Recycling Site","","301 Columbus Rd","Mount Vernon","","OH","43050","7403927275","0","","https://www.co.knox.oh.us/","40.3758218","-82.5023041","10.0346280704479","","false","false","","","false","false","false","false"
"Fredericktown Recycling Drop-Off Site","","182 S Main St","Fredericktown","","OH","43019","7403936704","0","","http://www.co.knox.oh.us/offices/","40.4711865","-82.5404274","10.0470325810688","","false","false","","","false","false","false","false"
"Ross Brothers Salvage, Inc. Drop-Off","Ross Brothers Salvage, Inc. Drop-Off","106 Tilden Ave","Mount Vernon","Knox","OH","43050","7403979334","0","Monday: 8:00 AM - 4:30 PM Tuesday: 8:00 AM - 4:30 PM Wednesday: 8:00 AM - 4:30 PM Thursday: 8:00 AM - 4:30 PM Friday: 8:00 AM - 4:30 PM ","","40.4064","-82.49859","10.3372281840063","Aluminum Cans; Aluminum; Car; Ferrous Metals (Steel or Iron); Large Household Appliances; Non-ferrous (Copper/Brass/Tin); Tin or Steel Cans; Video Game Consoles; PlayStation Consoles","false","true","","","false","false","false","false"
"Miller Township Mobile Recycling Drop-Off","","13520 Sycamore Rd","Mt Vernon","","OH","43050","7403936704","0","","http://www.co.knox.oh.us/offices/","40.3121132","-82.512622","10.6847158284721","","false","false","","","false","false","false","false"
"Licking/Knox Goodwill Industries Inc. - Dell Reconnect Donation Site","","60 B Parrott Street","Mount Vernon","","OH","43050","7403930081","0","","http://www.goodwillnewark.com","40.3744792","-82.4895737","10.7088191184112","","false","false","","","false","false","false","false"
"G.R. Smith Hardware","G.R. Smith Hardware","101 S Mulberry St","Mount Vernon","Knox","OH","43050","7403975747","0","","http://www.grsmith.doitbest.com/","40.39203","-82.48709","10.8369257431863","Cell Phones; Ni-Cd Batteries; Li-Ion Batteries; Ni-MH Batteries; Ni-Zn Batteries; Small Sealed Lead Acid Batteries; Video Game Consoles; PlayStation Consoles","false","true","The U.S. EPA estimates that more than 350 million rechargeable batteries are purchased annually in the U.S. Thanks to the environmental commitment of this location, its easy and free to recycle your batteries. Bring your rechargeable batteries to this location and look for the recycling box or ask an associate how you can do your part for the environment.","","false","false","false","false"
"USPS Post Office Box Lobby Recycling Program","US Post Office","101 W High St","Mount Vernon","Knox","OH","43050","8002758777","0","","https://www.usps.com/","40.39417","-82.48698","10.8516847289631","Catalogs; Greeting Cards; Magazines; Paper (Mixed)","false","true","","","false","false","false","false"
"US Post Office","USPS Discarded Lobby Mail Recycling Program","101 W High St","Mount Vernon","Knox","OH","43050","0","0","","","40.39417","-82.48698","10.8516847289631","Video Game Consoles; PlayStation Consoles","false","true","","","false","false","false","false"
"Berlin Township Mobile Recycling Drop-Off","","20517 Old Mansfield Rd","Fredericktown","","OH","43050","7403936704","0","","http://www.co.knox.oh.us/offices/","40.4268053","-82.4877704","11.1914553552855","","false","false","","","false","false","false","false"
"Knox County Household Hazardous Waste Collection Program","","125 Fairgrounds Rd","Mt Vernon","","OH","43050","7402234150","0","","http://www.co.knox.oh.us/offices/","40.4160169","-82.473265","11.7640048240315","","false","false","","","false","false","false","false"
"Goodwill Industries","Goodwill Industries","855 Coshocton Ave","Mount Vernon","Knox","OH","43050","7403929991","0","Monday: 9:00 AM - 9:00 PM Tuesday: 9:00 AM - 9:00 PM Wednesday: 9:00 AM - 9:00 PM Thursday: 9:00 AM - 9:00 PM Friday: 9:00 AM - 9:00 PM Saturday: 9:00 AM - 9:00 PM Sunday: 11:00 AM - 7:00 PM ","http://locator.goodwill.org","40.39927","-82.4603","12.2787506223567","Bikes; Books (Reuse); Cell Phones; Clothing; CD/DVD/Blu-ray/UHD discs; Computer (Reuse); Computer Monitors; Electronics; Gift Bags; Eyeglasses; Furniture; Household Goods; Lawn Equipment; Bed Mattresses; Musical Instruments; Ornaments; Reusable Appliance Donation; Sporting Goods; Telephones; Televisions; Miscellaneous Tools; Children's Toys; Car Donation; VHS & Cassette Tapes; MP3 Players; Video Game Consoles; PlayStation Consoles","false","true","This site accepts clean, gently used items.  All appliances and electronics must be in working condition.","","false","false","false","false"
"Firestone Complete Auto Care Store","Firestone Complete Auto Care Store","855 Coshocton Ave","Mount Vernon","Knox","OH","43050","7403263118","0","","http://www.firestonecompleteautocare.com/","40.39927","-82.4603","12.2787506223567","Lead Acid (Pb) Batteries; Used Motor Oil; Video Game Consoles; PlayStation Consoles","false","true","","","false","false","false","false"
"Firestone Complete Auto Care","","855 Coshocton Rd","Mount Vernon","","OH","43050","7403975601","0","","https://www.firestonecompleteautocare.com/","40.400589","-82.4586897","12.3714536242776","","false","false","","","false","false","false","false"
"Licking/Knox Goodwill Industries Inc. - Dell Reconnect Donation Site","","855 Coshocton Avenue","Mount Vernon","","OH","43050","7403929991","0","","http://www.goodwillnewark.com","40.400589","-82.4586897","12.3714536242776","","false","false","","","false","false","false","false"
"Advance Auto Parts","Advance Auto Parts","945 Coshocton Ave","Mount Vernon","Knox","OH","43050","7403934211","0","Monday: 7:00 AM - 9:00 PM Tuesday: 7:00 AM - 9:00 PM Wednesday: 7:00 AM - 9:00 PM Thursday: 7:00 AM - 9:00 PM Friday: 7:00 AM - 9:00 PM Saturday: 7:00 AM - 9:00 PM Sunday: 10:00 AM - 8:00 PM ","http://www.advanceautoparts.com","40.40088","-82.45426","12.6053749447595","Lead Acid (Pb) Batteries; Used Motor Oil; Video Game Consoles; PlayStation Consoles","false","true","","","false","false","false","false"
"AutoZone","AutoZone","1030 Coshocton Ave","Mount Vernon","Knox","OH","43050","7403972008","0","","http://www.autozone.com","40.40069","-82.45325","12.6570488044709","Lead Acid (Pb) Batteries; Used Motor Oil; Video Game Consoles; PlayStation Consoles","false","true","Most AutoZone stores accept used motor oil, transmission fluid, gear oil and automotive batteries. Call to see what your local store is currently accepting.","","false","false","false","false"
"Monro","Monro","1014 Coshocton Ave","Mount Vernon","Knox","OH","43050","7403928250","0","Monday: 7:30 AM - 7:00 PM Tuesday: 7:30 AM - 7:00 PM Wednesday: 7:30 AM - 7:00 PM Thursday: 7:30 AM - 7:00 PM Friday: 7:30 AM - 7:00 PM Saturday: 7:30 AM - 4:00 PM ","http://monro.com","40.40069","-82.45325","12.6570488044709","Used Motor Oil; Video Game Consoles; PlayStation Consoles","false","true","","","false","false","false","false"
"Call2Recycle at Lowe's","Call2Recycle at Lowe's","1010 Coshocton Ave","Mount Vernon","Knox","OH","43050","7403935350","0","Monday: 6:00 AM - 10:00 PM Tuesday: 6:00 AM - 10:00 PM Wednesday: 6:00 AM - 10:00 PM Thursday: 6:00 AM - 10:00 PM Friday: 6:00 AM - 10:00 PM Saturday: 6:00 AM - 10:00 PM Sunday: 8:00 AM - 8:00 PM ","http://www.lowes.com/","40.40069","-82.45325","12.6570488044709","Cell Phones; Compact Fluorescent Lights; Ni-Cd Batteries; Plastic Shopping Bags; Li-Ion Batteries; Ni-MH Batteries; Ni-Zn Batteries; Small Sealed Lead Acid Batteries; Video Game Consoles; PlayStation Consoles; Batteries (Rechargeable); Cell Phone Batteries; Li-Ion Batteries; Ni-Cd Batteries; Ni-MH Batteries; Small Sealed Lead Acid Batteries; Cell Phones","false","true","As an environmentally-committed retailer, Lowes offers a recycling center near store entrances to give consumers a free and easy way to properly dispose of rechargeable batteries, cell phones, CFLs and plastic shopping bags; materials that otherwise could be potentially harmful to the environment.  Look for the recycling center or ask a store associate for more details.","Call2Recycle","false","false","false","false"
"Lowe's","","1010 Coshocton Avenue","Mount Vernon","","OH","43050","7403935350","0","","https://newsroom.lowes.com/responsibility/operational-excellence/","40.3988791","-82.4519187","12.7158161155381","","false","false","","","false","false","false","false"
"Napa Auto Parts","Napa Auto Parts","34 Rainbow Ave","Sunbury","Delaware","OH","43074","7409653800","0","Monday: 8:00 AM - 6:00 PM Tuesday: 8:00 AM - 6:00 PM Wednesday: 8:00 AM - 6:00 PM Thursday: 8:00 AM - 6:00 PM Friday: 8:00 AM - 6:00 PM Saturday: 8:00 AM - 4:00 PM ","http://www.napaautoparts.com","40.24656","-82.85754","12.8361031494584","Lead Acid (Pb) Batteries; Video Game Consoles; PlayStation Consoles","false","true","","","false","false","false","false"
"Tractor Supply","","1401 Coshocton Avenue","Mount Vernon","","OH","43050","7403979012","0","","https://www.tractorsupply.com/","40.4032623","-82.4487023","12.9127502552532","","false","false","","","false","false","false","false"
"Mulch 1st","","725 Kintner Pkwy","Sunbury","","OH","43074","7409656482","0","","http://www.mulch1st.com/","40.2581738","-82.874788","12.9162472526916","","false","false","","","false","false","false","false"
"Tractor Supply","Tractor Supply","1401 Coshocton Ave","Mount Vernon","Knox","OH","43050","7403979012","0","","http://www.tractorsupply.com","40.40309","-82.44858","12.9179053832368","Transmission Fluid; Used Motor Oil; Video Game Consoles; PlayStation Consoles","false","true","","","false","false","false","false"
"Kroger","Kroger","1401 Coshocton Ave","Mount Vernon","Knox","OH","43050","7403976661","0","Sunday: 12:00 AM - 11:59 PM Monday: 12:00 AM - 11:59 PM Tuesday: 12:00 AM - 11:59 PM Wednesday: 12:00 AM - 11:59 PM Thursday: 12:00 AM - 11:59 PM Friday: 12:00 AM - 11:59 PM Saturday: 12:00 AM - 11:59 PM ","http://www.kroger.com","40.40309","-82.44858","12.9179053832368","Plastic Shopping Bags; Food Storage Bags; Video Game Consoles; PlayStation Consoles","false","true","","","false","false","false","false"
"Call2Recycle at RadioShack","Call2Recycle at RadioShack","1490 Coshocton Ave Ste A","Mount Vernon","Knox","OH","43050","7403933042","0","","http://www.radioshack.com/","40.40226","-82.44582","13.056563258264","Cell Phones; Ni-Cd Batteries; Li-Ion Batteries; Ni-MH Batteries; Ni-Zn Batteries; Small Sealed Lead Acid Batteries; Video Game Consoles; PlayStation Consoles","false","true","As the first national retailer to partner with Call2Recycle, RadioShack is at the forefront of the rechargeable battery recycling cause and is pleased to offer battery recycling at thousands of convenient RadioShack locations for free.  Simply drop them off at your local RadioShack and theyll take care of the rest.  Ask a store associate for more details.","","false","false","false","false"
"USPS Post Office Box Lobby Recycling Program","US Post Office","267 W Granville St","Sunbury","Delaware","OH","43074","8002758777","0","","https://www.usps.com/","40.23866","-82.85388","13.1179137913274","Catalogs; Greeting Cards; Magazines; Paper (Mixed)","false","true","","","false","false","false","false"
"US Post Office","USPS Discarded Lobby Mail Recycling Program","267 W Granville St","Sunbury","Delaware","OH","43074","0","0","","","40.23866","-82.85388","13.1179137913274","Video Game Consoles; PlayStation Consoles","false","true","","","false","false","false","false"
"Advance Auto Parts","Advance Auto Parts","400 W Cherry St","Sunbury","Delaware","OH","43074","7409650835","0","Monday: 7:00 AM - 9:00 PM Tuesday: 7:00 AM - 9:00 PM Wednesday: 7:00 AM - 9:00 PM Thursday: 7:00 AM - 9:00 PM Friday: 7:00 AM - 9:00 PM Saturday: 7:00 AM - 9:00 PM Sunday: 10:00 AM - 8:00 PM ","http://www.advanceautoparts.com","40.24571","-82.86492","13.1447167069009","Lead Acid (Pb) Batteries; Used Motor Oil; Video Game Consoles; PlayStation Consoles","false","true","","","false","false","false","false"
"Verizon Wireless","Verizon Wireless","1558 Coshocton Ave","Mount Vernon","Knox","OH","43050","8666444532","0","","http://www.verizonwireless.com/","40.40199","-82.44332","13.1856568429142","Cell Phones; Cell Phone Batteries; Video Game Consoles; PlayStation Consoles","false","true","<A Href="https://www.trade-in.vzw.com/home.aspx">
The Verizon Wireless Trade-In Program</A> allows you to trade in your used handset or tablet in a convenient and responsible way. 
<P>
<P>
Verizon Wireless works every day to protect our environment and give our customers opportunities to do the same. <A Href="http://aboutus.vzw.com/Green_Initiative/overview.html">Click here</A> for more examples of the earth-friendly initiatives and programs Verizon Wireless is proud to offer and support.","","false","false","false","false"
"Preferred Wireless, LLC","","101 W Cherry St","Sunbury","","OH","43074","7409659555","0","","","40.2440723","-82.863852","13.1883706733414","","false","false","","","false","false","false","false"
"Staples","Staples","1558 E. Coshocton Rd.","Mt. Vernon","Knox County","OH","43050","7403922155","0","Monday: 8:00 AM - 9:00 PM Tuesday: 8:00 AM - 9:00 PM Wednesday: 8:00 AM - 9:00 PM Thursday: 8:00 AM - 9:00 PM Friday: 8:00 AM - 9:00 PM Saturday: 9:00 AM - 9:00 PM Sunday: 11:00 AM - 6:00 PM ","https://www.staples.com/recycle","40.4018615","-82.4430308","13.1999530772605","AC Power Plugs; Batteries (Rechargeable); Cables & Connectors; Cell Phone Batteries; Cell Phones; Computer (Recycling); Hard Drives; Computer Monitors; Cameras; DVD Players/Blu-Ray Players/DVRs; Electronics; E-Readers; GPS Units; Headphones; Inkjet Printer Cartridges; Laptop Computers; Laser Toner Cartridges; Li-Ion Batteries; MP3 Players; Network Equipment; Ni-Cd Batteries; Ni-MH Batteries; Ni-Zn Batteries; Computer Peripherals; Portable Media Players; Printers/Scanners/Fax Machines; Small Electronics; Small Sealed Lead Acid Batteries; Stereo Equipment; Tablets; Telephones; UPS Batteries/Backup Systems; VCRs; Video Game Systems; Blu-Ray Players; Digital Converter Boxes; Video Game Consoles; PlayStation Consoles","false","true","NO TVs; Limit 6 CEDs per day; ","Sony, Vizio, OEM","false","false","false","false"
"Pak Mail Center US527","","1558 Coshocton Ave","Mt Vernon","","OH","43050","7403926245","0","","https://www.pakmail.com/","40.4018615","-82.4430308","13.1999530772605","","false","false","","","false","false","false","false"
"Staples","null","1558 E. Coshocton Rd.","Mt. Vernon","","OH","43050","7403922155","0","","https://www.staples.com/sbd/cre/marketing/sustainability-center/recycling-services/","40.4018615","-82.4430308","13.1999530772605","","false","false","","","false","false","false","false"
"DKMM Solid Waste District Household Hazardous Waste Collection","","195 South Main Street","Mount Gilead","","OH","43338","7402234150","0","","","40.5431394","-82.8330954","13.2772554882454","","false","false","","","false","false","false","false"
"Walmart Tire & Lube Express","Walmart Tire & Lube Express","1575 Coshocton Ave","Mount Vernon","Knox","OH","43050","7403923800","0","","http://www.walmart.com/catalog/catalog.gsp?cat=495843","40.40416","-82.44158","13.2919258340692","Lead Acid (Pb) Batteries; Used Motor Oil; Oil Filters; Video Game Consoles; PlayStation Consoles","false","true","","","false","false","false","false"
"Walmart","Walmart","1575 Coshocton Ave","Mount Vernon","Knox","OH","43050","7403923800","0","","http://www.walmart.com","40.40416","-82.44158","13.2919258340692","Lead Acid (Pb) Batteries; Plastic Shopping Bags; Food Storage Bags; Video Game Consoles; PlayStation Consoles","false","true","","","false","false","false","false"
"Marion Goodwill Industries Inc. - Dell Reconnect Donation Site","","149 State Route 3","Sunbury","","OH","43074","7409659675","0","","http://mariongoodwill.org/","40.2454352","-82.869354","13.3206031899672","","false","false","","","false","false","false","false"
"Call2Recycle at Whiston Pharmacy","Call2Recycle at Whiston Pharmacy","25 S Main St","Mount Gilead","Morrow","OH","43338","4192955593","0","","http://www.whistonpharmacy.com/","40.5481","-82.82874","13.4401784828866","Cell Phones; Ni-Cd Batteries; Li-Ion Batteries; Ni-MH Batteries; Ni-Zn Batteries; Small Sealed Lead Acid Batteries; Video Game Consoles; PlayStation Consoles","false","true","The U.S. EPA estimates that more than 350 million rechargeable batteries are purchased annually in the U.S. Thanks to the environmental commitment of this location, its easy and free to recycle your batteries. Bring your rechargeable batteries to this location and look for the recycling box or ask an associate how you can do your part for the environment.","","false","false","false","false"
"Monroe Township Mobile Recycling Drop-Off","","Allen Rd","Mt Vernon","","OH","43050","7403936704","0","","http://www.co.knox.oh.us/offices/","40.4015391","-82.4382584","13.4478591103531","","false","false","","","false","false","false","false"
"Franklin Township Recycling Drop-Off","","Rte 95","Mt Gilead","","OH","43338","4199471545","0","","http://www.morrowcountyhealth.org","40.5490413","-82.8274336","13.4590064520277","","false","false","","","false","false","false","false"
"911 Cell Phone Bank - Mpi Wireless","911 Cell Phone Bank - Mpi Wireless","80 N Walnut St Ste E","Mount Gilead","Morrow","OH","43338","8662907864","0","","http://www.911cellphonebank.org/","40.55027","-82.82685","13.5152074841327","Cell Phones; Cameras; Laptop Computers; MP3 Players; Video Games; Video Game Consoles; Smart watches & Apple Watch®
","false","true","Please call to verify drop-off procedures and directions to the location.  For prepaid shipping labels, visit http://www.911cellphonebank.org/drop-off-locations.asp - click on "print shipping label."","","false","false","false","false"
"Beck's Auto Wrecking","","6946 Township Road 91","Shauck","","OH","43349","4193623551","0","","","40.5794092","-82.6877493","13.5459558163879","","false","false","","","false","false","false","false"
"Cardington Township Recycling Drop-Off","","4064 County Road 132","Cardington","","OH","43315","4199471545","0","","http://www.morrowcountyhealth.org","40.508359","-82.897656","13.8086069957775","","false","false","","","false","false","false","false"
"Marion Goodwill Industries Inc. - Dell Reconnect Donation Site","","527 West Marion Rd.","Mt. Gilead","","OH","43338","4197517323","0","","http://mariongoodwill.org/","40.547275","-82.8449621","13.8660064363467","","false","false","","","false","false","false","false"
"Mid-Ohio Recycling & Sanitation","","Hpm St","Mt Gilead","","OH","43338","4199471545","0","","http://www.morrowcountyhealth.org","40.5492996","-82.8412872","13.8707294120617","","false","false","","","false","false","false","false"
"AutoZone","AutoZone"," 515 W Marion St","Mount Gilead","Morrow","OH","43338","4199461035","0","","http://www.autozone.com","40.54881","-82.84587","13.9801205058509","Lead Acid (Pb) Batteries; Used Motor Oil; Video Game Consoles; PlayStation Consoles","false","true","Most AutoZone stores accept used motor oil, transmission fluid, gear oil and automotive batteries. Call to see what your local store is currently accepting.","","false","false","false","false"
"Direct Tools Factory Outlet","Direct Tools Factory Outlet","400 South Wilson Road","Sunbury","Delaware ","OH","43074","5679087010","0","","","40.2608491","-82.9258657","14.9168381134153","Batteries (Rechargeable); Cell Phone Batteries; Cell Phones; Li-Ion Batteries; Ni-Cd Batteries; Ni-MH Batteries; Small Sealed Lead Acid Batteries","false","true","Call or Check Online for Hours","Call2Recycle","false","false","false","false"
"USPS Post Office Box Lobby Recycling Program","US Post Office","PO Box 9998","Edison","Morrow","OH","43320","8002758777","0","","https://www.usps.com/","40.55815","-82.86257","15.0167957573166","Catalogs; Greeting Cards; Magazines; Paper (Mixed)","false","true","","","false","false","false","false"
"USPS Post Office Box Lobby Recycling Program","US Post Office","107 Chase Ave","Gambier","Knox","OH","43022","8002758777","0","","https://www.usps.com/","40.377","-82.39749","15.5435678672031","Catalogs; Greeting Cards; Magazines; Paper (Mixed)","false","true","","","false","false","false","false"
"US Post Office","USPS Discarded Lobby Mail Recycling Program","107 Chase Ave","Gambier","Knox","OH","43022","0","0","","","40.377","-82.39749","15.5435678672031","Video Game Consoles; PlayStation Consoles","false","true","","","false","false","false","false"
"Liberty Township Recycling Drop-Off Site","","Sportsman Club Road Northwest","Johnstown","","OH","43031","7406705125","0","","http://www.cflpswd.org/","40.1591855","-82.6666266","15.5506984737154","","false","false","","","false","false","false","false"
"Liberty Township Recycling Drop-Off Site","","Sportsman Club Road Northwest","Johnstown","","OH","43031","7406705125","0","","http://www.cflpswd.org/","40.1591855","-82.6666266","15.5506984737154","","false","false","","","false","false","false","false"
"Licking/Knox Goodwill Industries Inc. - Dell Reconnect Donation Site","","715 Coshocton Street","Johnstown","","OH","43031","7409672926","0","","http://www.goodwillnewark.com","40.1457523","-82.7008203","16.4234760065455","","false","false","","","false","false","false","false"
"Licking/Knox Goodwill Industries Inc. - Dell Reconnect Donation Site","","41 Columbus Road","Utica","","OH","43080","7408929991","0","","http://www.goodwillnewark.com","40.2300936","-82.4537385","16.4526117911679","","false","false","","","false","false","false","false"
"Monroe Township Recycling Drop-Off Site","","599 S Main St","Johnstown","","OH","43031","7406705125","0","","http://www.cflpswd.org/","40.1443124","-82.6767808","16.5387151086707","","false","false","","","false","false","false","false"
"Lar's Auto Wrecking","","7583 Township Road 81","Shauck","","OH","43349","4193626461","0","","","40.6231994","-82.6527252","16.7015149286901","","false","false","","","false","false","false","false"
"Johnsville Recycling Drop-Off","","7476 County Road 242","Bellville","","OH","44813","4199471545","0","","http://www.morrowcountyhealth.org","40.6236214","-82.6564321","16.7071082594403","","false","false","","","false","false","false","false"
"Goodwill Industries","Goodwill Industries","41 Columbus Rd","Utica","Licking","OH","43080","7408929123","0","Monday: 9:00 AM - 6:00 PM Tuesday: 9:00 AM - 6:00 PM Wednesday: 9:00 AM - 6:00 PM Thursday: 9:00 AM - 6:00 PM Friday: 9:00 AM - 6:00 PM Saturday: 9:00 AM - 6:00 PM Sunday: 12:00 PM - 5:00 PM ","http://locator.goodwill.org","40.24015","-82.40905","17.9235797817838","Bikes; Books (Reuse); Cell Phones; Clothing; CD/DVD/Blu-ray/UHD discs; Computer (Reuse); Computer Monitors; Electronics; Gift Bags; Eyeglasses; Furniture; Household Goods; Lawn Equipment; Bed Mattresses; Musical Instruments; Ornaments; Reusable Appliance Donation; Sporting Goods; Telephones; Televisions; Miscellaneous Tools; Children's Toys; Car Donation; VHS & Cassette Tapes; MP3 Players; Video Game Consoles; PlayStation Consoles","false","true","This site accepts clean, gently used items.  All appliances and electronics must be in working condition.  This site does not accept computer towers.","","false","false","false","false"
"Howard Recycling Drop-Off Site","","113 Hasbrouck Cir","Howard","","OH","43028","7403934193","0","","http://www.co.knox.oh.us/offices/","40.4103512","-82.3513347","18.0583987202782","","false","false","","","false","false","false","false"
"Galion Recycling Drop-Off","","5353 County Road 29","Galion","","OH","44833","4199471545","0","","http://www.morrowcountyhealth.org","40.6404964","-82.7575682","18.0877259787907","","false","false","","","false","false","false","false"
"Ohio Computer Recycling","Ohio Computer Recycling","1748 US-42 ","Delaware","Delaware County","OH","43015","7403638496","0","Monday: 8:00 AM - 3:00 PM Tuesday: 8:00 AM - 3:00 PM Wednesday: 8:00 AM - 3:00 PM Thursday: 8:00 AM - 3:00 PM Friday: 8:00 AM - 3:00 PM Saturday: 8:00 AM - 3:00 PM ","http://www.ohiodropoff.com","40.3169649","-83.0312888","18.4086507302218","Cell Phones; Computer Monitors; Computer (Recycling); Electronics; Office Equipment; Telephones; Laptop Computers; MP3 Players; Video Game Consoles; PlayStation Consoles","false","true","This site is located between Home Road and Lewis Center Road.","","false","false","false","false"
"Richland County-Christmas Tree Drop Off Program-Bellville/Jefferson- Township Garage","","School St & E Ogle St","Bellville","","OH","44813","4197745861","0","","http://www.richlandrecycles.com/","40.618115","-82.508222","18.8930563889134","","false","false","","","false","false","false","false"
"Verizon Wireless","Verizon Wireless","1100 Sunbury Road Retail 702","Delaware","Delaware","OH","43015","8666444532","0","","http://www.verizonwireless.com/","40.29293","-83.03177","18.9180755699515","Cell Phones; Cell Phone Batteries; Video Game Consoles; PlayStation Consoles","false","true","<A Href="https://www.trade-in.vzw.com/home.aspx">
The Verizon Wireless Trade-In Program</A> allows you to trade in your used handset or tablet in a convenient and responsible way. 
<P>
<P>
Verizon Wireless works every day to protect our environment and give our customers opportunities to do the same. <A Href="http://aboutus.vzw.com/Green_Initiative/overview.html">Click here</A> for more examples of the earth-friendly initiatives and programs Verizon Wireless is proud to offer and support.","","false","false","false","false"
"USPS Post Office Box Lobby Recycling Program","US Post Office","105 Bell St","Bellville","Richland","OH","44813","8002758777","0","","https://www.usps.com/","40.62219","-82.51246","19.0233287340883","Catalogs; Greeting Cards; Magazines; Paper (Mixed)","false","true","","","false","false","false","false"
"OfficeMax","","1000 Sunbury Rd","Delaware","","OH","43015","7403638198","0","","","40.2916019","-83.0355502","19.1364663382012","","false","false","","","false","false","false","false"
"Kohl's","","980 Sunbury Road","Delaware","","OH","43015","7403622482","0","","https://corporate.kohls.com/","40.2917268","-83.0363054","19.1711273486956","","false","false","","","false","false","false","false"
"Delaware County Transfer Station","","888 U.S. 42","Delaware","","OH","43015","7403697700","0","","https://delawarehealth.org/","40.3130268","-83.0449033","19.1714072078886","","false","false","","","false","false","false","false"
"Ohio Drop Off - Ohio Mulch Delaware","","883 US 42 North","Delaware","","OH","43015","7403638496","0","","http://www.ohiodropoff.com/DELAWARE.htm","40.3139496","-83.0467097","19.2473174638717","","false","false","","","false","false","false","false"
"Harrison Township Mobile Recycling Drop-Off","","23439 Newcastle Rd","Gambier","","OH","43022","7403936704","0","","http://www.co.knox.oh.us/offices/","40.3560116","-82.3279042","19.2954992402145","","false","false","","","false","false","false","false"
"R & J's Hot Spot","R & J's Hot Spot","18 S Market St ","Martinsburg","Knox County","OH","43037","7403936704","0","","http://www.co.knox.oh.us/offices/recycling/","40.2688912","-82.3540968","19.5108338258254","Plastic #1 (PETE); Plastic #2 (HDPE); Plastic #2 (Color HDPE); Aluminum Cans; Aluminum; Glass (Brown); Lead Acid (Pb) Batteries; Cardboard; Catalogs; Glass (Clear); Computer (Recycling); Ferrous Metals (Steel or Iron); Gift Boxes; Glass (Green); Magazines; Newspapers; Non-ferrous (Copper/Brass/Tin); Plastics (Other); Paperboard; Phone books; Tin or Steel Cans; Office Paper","false","true","","","false","false","false","false"
"Martinsburg Recycling Drop-Off Site","","18 S Market St","Martinsburg","","OH","43080","7403934193","0","","http://www.co.knox.oh.us/offices/","40.2688772","-82.3537852","19.5262317874532","","false","false","","","false","false","false","false"
"Iberia Recycling Drop-Off","","8587 County Road 20","Iberia","","OH","44833","4199471545","0","","http://www.morrowcountyhealth.org","40.667519","-82.7185219","19.6777126813599","","false","false","","","false","false","false","false"
"Ohio Drop Off - Ohio Mulch Frost Road","","6300 Frost Rd","Westerville","","OH","43082","6145680222","0","","http://www.ohiodropoff.com/columbus.htm","40.1517236","-82.9164967","19.8836004177813","","false","false","","","false","false","false","false"
"Franklin County Christmas Tree Drop off - Ohio Mulch - Westerville","","6300 Frost Rd","Westerville","","OH","43082","6145680222","0","","https://www.swaco.org/","40.1517236","-82.9164967","19.8836004177813","","false","false","","","false","false","false","false"
"USPS Post Office Box Lobby Recycling Program","US Post Office","14 W Elm St","Butler","Richland","OH","44822","8002758777","0","","https://www.usps.com/","40.58858","-82.42621","19.9271854304566","Catalogs; Greeting Cards; Magazines; Paper (Mixed)","false","true","","","false","false","false","false"
"Home Depot","Home Depot","6017 Maxtown Rd","Westerville","Delaware","OH","43082","6147943651","0","","http://www.homedepot.com","40.15399","-82.92336","19.9758083893288","Compact Fluorescent Lights; Batteries (Rechargeable); Video Game Consoles; PlayStation Consoles","false","true","Home Depot accepts compact fluorescent bulbs and used power tool rechargeable batteries. Look for the orange drop boxes, usually located near the front entrance near the customer service desk.","","false","false","false","false"
"Call2Recycle at the Home Depot","Call2Recycle at the Home Depot","6017 Maxtown Rd","Westerville","Delaware","OH","43082","6147943651","0","","http://www.homedepot.com/","40.15399","-82.92336","19.9758083893288","Cell Phones; Compact Fluorescent Lights; Ni-Cd Batteries; Li-Ion Batteries; Ni-MH Batteries; Ni-Zn Batteries; Small Sealed Lead Acid Batteries; Video Game Consoles; PlayStation Consoles","false","true","The Home Depot accepts used rechargeable batteries and compact fluorescent bulbs. Look for the orange drop boxes, usually located near the front entrance near the customer service desk, or ask a store associate for more details.","","false","false","false","false"
"Marion Goodwill Industries Inc. - Dell Reconnect Donation Site","","7107 Northgate Way","Westerville","","OH","43082","6145234100","0","","http://mariongoodwill.org/","40.150154","-82.9188084","20.0433119415531","","false","false","","","false","false","false","false"
"Richland County-Christmas Tree Drop Off Program-Butler Village- Village Garage","","Traxler St","Butler","","OH","44822","4197745861","0","","http://www.richlandrecycles.com/","40.591865","-82.425209","20.1257486639077","","false","false","","","false","false","false","false"
"Trek Bicycle Westerville Northgate","Trek Bicycle Westerville Northgate","5985 Maxtown Rd","Westerville","Delaware ","OH","43082","6149018735","0","","","40.14879695","-82.9191894499964","20.130745385306","E-Bike Batteries","false","true","Call or Check Online for Hours","Call2Recycle","false","false","false","false"
"Post Net","","7385 OH-3","Westerville","","OH","43082","6147941500","0","","https://www.postnet.com/","40.1490285","-82.9199448","20.1415148399197","","false","false","","","false","false","false","false"
"Home Depot","","6017 Maxtown Rd","Westerville","","OH","43082","6147943651","0","","https://ecooptions.homedepot.com/","40.1476698","-82.9189991","20.1876230275466","Batteries (Rechargeable); Cell Phone Batteries; Li-Ion Batteries; Ni-Cd Batteries; Ni-MH Batteries; Small Sealed Lead Acid Batteries","false","true","","Call2Recycle","false","false","false","false"
"Westerville Ace Hardware","Westerville Ace Hardware","1220 County Line Rd","Westerville","Franklin ","OH","43081","6143920647","0","","","40.1314421962626","-82.8871984132798","20.2026882213948","Batteries (Rechargeable); Cell Phone Batteries; Cell Phones; Li-Ion Batteries; Ni-Cd Batteries; Ni-MH Batteries; Small Sealed Lead Acid Batteries","false","true","Call or Check Online for Hours","Call2Recycle","false","false","false","false"
"USPS Post Office Box Lobby Recycling Program","US Post Office","7088 Columbus Rd","Mount Liberty","Knox","OH","43048","8002758777","0","","https://www.usps.com/","40.35017","-82.63004","4.01844102874143","Catalogs; Greeting Cards; Magazines; Paper (Mixed)","false","true","","","false","false","false","false"
"US Post Office","USPS Discarded Lobby Mail Recycling Program","7088 Columbus Rd","Mount Liberty","Knox","OH","43048","0","0","","","40.35017","-82.63004","4.01844102874143","Video Game Consoles; PlayStation Consoles","false","true","","","false","false","false","false"
"Liberty Township Mobile Recycling Drop-Off","","8019 New Delaware Rd","Mt Vernon","","OH","43050","7403936704","0","","http://www.co.knox.oh.us/offices/","40.3744011","-82.6046747","4.67461615151686","","false","false","","","false","false","false","false"
"Centerburg Recycling Drop-Off Site","","3895 Columbus Rd","Centerburg","","OH","43011","7403936704","0","","http://www.co.knox.oh.us/offices/","40.3002382","-82.7033503","5.77175182621237","","false","false","","","false","false","false","false"
"Marengo Recycling Drop-Off","","8 N Main St","Marengo","","OH","43334","4199471545","0","","http://www.morrowcountyhealth.org","40.4015628","-82.8104501","6.32174321865329","","false","false","","","false","false","false","false"
"Marengo United Methodist Church","Marengo United Methodist Church","8 N Main St ","Marengo","Morrow County","OH","43334","4199471545","0","","http://www.morrowcountyhealth.org/","40.4012744","-82.8108141","6.33661231941506","Plastic #1 (PETE); Plastic #2 (HDPE); Plastic #2 (Color HDPE); Aerosol Spray Cans; Aluminum Cans; Glass (Brown); Cardboard; Catalogs; Glass (Clear); Gift Boxes; Glass (Green); Greeting Cards; Magazines; Paper (Mixed); Newspapers; Ni-Cd Batteries; Non-ferrous (Copper/Brass/Tin); Wood Pallets; Paperboard; Phone books; Tin or Steel Cans; Used Motor Oil; Office Paper","false","true","Open the 4th weekend of each month, Friday afternoon through Monday morning.","","false","false","false","false"
"Marengo Recycling Drop-Off","","49 Hickory Dr","Marengo","","OH","43334","4199471545","0","","http://www.morrowcountyhealth.org","40.402883","-82.811559","6.39746663659778","","false","false","","","false","false","false","false"
"Chesterville Recycling Drop-Off","","3675 Rte 314","Chesterville","","OH","43338","4199471545","0","","http://www.morrowcountyhealth.org","40.4823139","-82.6815733","6.86016795637828","","false","false","","","false","false","false","false"
"Knox County Yard Waste Facility","","Thayer Rd","Mount Vernon","","OH","43050","7403936704","0","","http://www.co.knox.oh.us/offices/","40.3460689","-82.534064","8.74018368884679","","false","false","","","false","false","false","false"
"Fulton Recycling Drop-Off","","109 E Main St","Fulton","","OH","43321","4199471545","0","","http://www.morrowcountyhealth.org","40.4630824","-82.8274889","8.97638620693771","","false","false","","","false","false","false","false"
"Fulton County HHW Day","","","Fulton","","OH","43321","4197825442","0","","https://www.defiance-county.com//4cswd/hhw-event.php","40.4625582","-82.8297285","9.0477821268021","","false","false","","","false","false","false","false"
"Green Machine Shingle Recycling, LLC","Green Machine Shingle Recycling, LLC","10439 Sparta Rd","Fredericktown","Knox","OH","43019","6143741344","0","","http://www.shinglerecycling.org/","40.4708","-82.55487","9.43557150382917","Shingles; Video Game Consoles; PlayStation Consoles","false","true","For more information on shingle recycling visit <a href="http://www.shinglerecycling.org/index.php" target="_blank">ShingleRecycling.org</a>","","false","false","false","false"
"Rumpke Buy-Back Center","Rumpke Buy-Back Center","301 Columbus Rd","Mount Vernon","Knox","OH","43050","8008288171","0","Monday: 9:00 AM - 4:00 PM Tuesday: 9:00 AM - 4:00 PM Wednesday: 9:00 AM - 4:00 PM Thursday: 9:00 AM - 4:00 PM Friday: 9:00 AM - 4:00 PM Saturday: 9:00 AM - 11:59 PM ","http://rumpke.com/recycling/recycle-for-cash","40.376","-82.50307","9.99372402906492","Aluminum Cans; Cardboard; Office Paper; Scrap Metal; Video Game Consoles; PlayStation Consoles","false","true","Please call for a current list of acceptable items and prices.","","false","false","false","false"
