name,description,address,city,region,province,postal_code,phone,fax,hours,url,latitude,longitude,distance,materials,pickup,dropoff,notes,groups,curbside,municipal,national,event_only
"Recycle Midwest Inc.","","St Clair Ave","Cleveland","","OH","44108","2164819490","0","","","41.5404947","-81.6088793","0.326767004830506","","false","false","","","false","false","false","false"
"USPS Post Office Box Lobby Recycling Program","US Post Office","630 E 105th St","Cleveland","Cuyahoga","OH","44108","8002758777","0","","https://www.usps.com/","41.5402","-81.61563","0.450130577099065","Catalogs; Greeting Cards; Magazines; Paper (Mixed)","false","true","","","false","false","false","false"
"US Post Office","USPS Discarded Lobby Mail Recycling Program","630 E 105th St","Cleveland","Cuyahoga","OH","44108","0","0","","","41.5402","-81.61563","0.450130577099065","Video Game Consoles; PlayStation Consoles","false","true","","","false","false","false","false"
"Corey United Methodist Church","","1117 East 105th Street","Cleveland","","OH","44108","3305351001","0","","http://www.rivervalleypaper.com/community_recycling_program/","41.526411","-81.615028","0.712648864871401","","false","false","","","false","false","false","false"
"St. Martin De Porres Center","St. Martin De Porres Center","1264 E 123rd St","Cleveland","Cuyahoga","OH","44108","2162684006","0","Monday: 9:00 AM - 1:00 PM Tuesday: 9:00 AM - 1:00 PM Wednesday: 9:00 AM - 1:00 PM Thursday: 9:00 AM - 1:00 PM ","http://www.cuyahogaswd.org","41.52358","-81.60104","0.943246019026644","Books (Reuse); Clothing; Gift Bags; Household Goods; Ornaments; Sporting Goods; Children's Toys; Video Game Consoles; PlayStation Consoles","false","true","Pick-up may be available. Please call for a complete list of items accepted and additional information.","","false","false","false","false"
"Family Transitional Housing, Inc.","Family Transitional Housing, Inc.","1251 Ansel Rd","Cleveland","Cuyahoga","OH","44108","2162292221","0","Monday: 9:00 AM - 5:00 PM Tuesday: 9:00 AM - 5:00 PM Wednesday: 9:00 AM - 5:00 PM Thursday: 9:00 AM - 5:00 PM Friday: 9:00 AM - 5:00 PM ","http://www.cuyahogaswd.org","41.5217","-81.62373","1.22749763742328","Clothing; Computer (Reuse); Gift Bags; Furniture; Household Goods; Ornaments; Reusable Appliance Donation; Sporting Goods; Children's Toys; Video Game Consoles; PlayStation Consoles","false","true","This site will accept baby items and school supplies. Please call before visiting this site to ensure that your items will be accepted.","","false","false","false","false"
"Famicos Foundation","Famicos Foundation","1325 Ansel Rd","Cleveland","Cuyahoga","OH","44106","2167916476","0","Monday: 8:30 AM - 5:00 PM Tuesday: 8:30 AM - 5:00 PM Wednesday: 8:30 AM - 5:00 PM Thursday: 8:30 AM - 5:00 PM Friday: 8:30 AM - 5:00 PM ","http://www.cuyahogaswd.org","41.52014","-81.62108","1.24151611681513","Computer (Reuse); Construction Materials (Reuse); Gift Bags; Household Goods; Office Equipment; Office Supplies; Ornaments; Paint Donation; Reusable Appliance Donation; Children's Toys; Video Game Consoles; PlayStation Consoles","false","true","","","false","false","false","false"
"Saint Philomena Church","","13824 Euclid Avenue","Cleveland","","OH","44112","3305351001","0","","http://www.rivervalleypaper.com/community_recycling_program/","41.5256406","-81.5861609","1.38398258723732","","false","false","","","false","false","false","false"
"O'Reilly Auto Parts","null","14325 Euclid Avenue","East Cleveland","","OH","44112","2162490660","0","","http://oreillyauto.custhelp.com/app/error/error_id/6","41.5305552","-81.5828627","1.41123143776155","","false","false","","","false","false","false","false"
"Murray's Discount Auto Parts","Murray's Discount Auto Parts","14325 Euclid Ave","Cleveland","Cuyahoga","OH","44112","2162490660","0","","http://www.cskauto.com","41.53003","-81.58253","1.43746963387344","Lead Acid (Pb) Batteries; Used Motor Oil; Video Game Consoles; PlayStation Consoles","false","true","","","false","false","false","false"
"Aluminum Cans for Burned Children - East Cleveland Fire Station #2 Drop-Off Box","Aluminum Cans for Burned Children - East Cleveland Fire Station #2 Drop-Off Box","14301 Shaw Ave","East Cleveland","Cuyahoga","OH","44112","2165310509","0","Sunday: 12:00 AM - 11:59 PM Monday: 12:00 AM - 11:59 PM Tuesday: 12:00 AM - 11:59 PM Wednesday: 12:00 AM - 11:59 PM Thursday: 12:00 AM - 11:59 PM Friday: 12:00 AM - 11:59 PM Saturday: 12:00 AM - 11:59 PM ","http://www.cuyahogaswd.org/business/guide_cans.shtml","41.54041","-81.58214","1.43782684347498","Aluminum Cans; Video Game Consoles; PlayStation Consoles","false","true","Proceeds benefit the Aluminum Cans for Burned Children charity.","","false","false","false","false"
"Hill House","Hill House","11101 Magnolia Dr","Cleveland","Cuyahoga","OH","44106","2167213030","0","Monday: 9:00 AM - 5:00 PM Tuesday: 9:00 AM - 5:00 PM Wednesday: 9:00 AM - 5:00 PM Thursday: 9:00 AM - 5:00 PM Friday: 9:00 AM - 5:00 PM ","http://www.cuyahogaswd.org","41.51455","-81.60827","1.4671623216836","Gift Bags; Household Goods; Ornaments; Video Game Consoles; PlayStation Consoles","false","true","This site will accept office equipment and supplies. Pick-up service may be available. Please call for additional information.","","false","false","false","false"
"Cleveland Music School Settlement","Cleveland Music School Settlement","11125 Magnolia Dr","Cleveland","Cuyahoga","OH","44106","2164215806","0","Monday: 9:00 AM - 6:00 PM Tuesday: 9:00 AM - 6:00 PM Wednesday: 9:00 AM - 6:00 PM Thursday: 9:00 AM - 6:00 PM Friday: 9:00 AM - 6:00 PM ","http://www.cuyahogaswd.org","41.51455","-81.60827","1.4671623216836","Computer (Reuse); Musical Instruments; Children's Toys; Video Game Consoles; PlayStation Consoles","false","true","This site will accept arts and crafts supplies. Please call 216-721-1940 for musical instrument donations. For all other items and additional information, please call 216-421-5806.","","false","false","false","false"
"Walgreens","Walgreens","14525 Euclid Ave","Cleveland","Cuyahoga","OH","44112","2168511472","0","","http://www.walgreens.com","41.53238","-81.58086","1.48656677296855","Cell Phones; Inkjet Printer Cartridges; Video Game Consoles; PlayStation Consoles","false","true","","","false","false","false","false"
"E-Scrap Solutions LLC","E-Scrap Solutions LLC","7510 Bittern Ave","Cleveland","Cuyahoga","OH","44103","2164310796","0","","http://www.escraprecycling.com","41.53339","-81.63798","1.49525204706215","Cell Phones; Computer Monitors; Computer (Recycling); Inkjet Printer Cartridges; Office Equipment; Telephones; Stereo Equipment; Printers/Scanners/Fax Machines; Laptop Computers; Computer Peripherals; Speakers; Video Game Consoles; PlayStation Consoles","true","true","","","false","false","false","false"
"E-Scrap Solutions","","7510 Bittern Ave","Cleveland","","OH","44103","2164310796","0","","https://www.escraprecycling.com/","41.5334805","-81.6380077","1.49599997717722","","false","false","","","false","false","false","false"
"USPS Post Office Box Lobby Recycling Program","US Post Office","1700 Shaw Ave","Cleveland","Cuyahoga","OH","44112","8002758777","0","","https://www.usps.com/","41.53809","-81.57737","1.65614521317216","Catalogs; Greeting Cards; Magazines; Paper (Mixed)","false","true","","","false","false","false","false"
"US Post Office","USPS Discarded Lobby Mail Recycling Program","1700 Shaw Ave","Cleveland","Cuyahoga","OH","44112","0","0","","","41.53809","-81.57737","1.65614521317216","Video Game Consoles; PlayStation Consoles","false","true","","","false","false","false","false"
"AutoZone","AutoZone","15103 Euclid Ave","Cleveland","Cuyahoga","OH","44112","2168519352","0","","http://www.autozone.com","41.5365","-81.57608","1.71586021873148","Lead Acid (Pb) Batteries; Used Motor Oil; Video Game Consoles; PlayStation Consoles","false","true","Most AutoZone stores accept used motor oil, transmission fluid, gear oil and automotive batteries. Call to see what your local store is currently accepting.","","false","false","false","false"
"Cleveland Hearing and Speech Center","Cleveland Hearing and Speech Center","11635 Euclid Ave","Cleveland","Cuyahoga","OH","44106","2162318787","0","Monday: 8:30 AM - 5:00 PM Tuesday: 8:30 AM - 5:00 PM Wednesday: 8:30 AM - 5:00 PM Thursday: 8:30 AM - 5:00 PM Friday: 8:30 AM - 5:00 PM ","http://www.cuyahogaswd.org","41.51143","-81.60229","1.71989368687698","Books (Reuse); Computer (Reuse); Construction Materials (Reuse); Gift Bags; Household Goods; Lawn Equipment; Magazines; Musical Instruments; Office Equipment; Office Supplies; Ornaments; Paint Donation; Sporting Goods; Children's Toys; Car Donation; Video Game Consoles; PlayStation Consoles","false","true","This site will accept arts and crafts supplies, medical supplies and equipment, school supplies, and hearing aids. Pick-up may be available. Please call before visiting this site and for additional information.","","false","false","false","false"
"AutoZone","AutoZone","7510 Superior Ave ","Cleveland","Cuyahoga County","OH","44103","2163914762","0","","http://www.autozone.com","41.5191345","-81.6360719","1.80194131048633","Lead Acid (Pb) Batteries; Used Motor Oil; Video Game Consoles; PlayStation Consoles","false","true","Most AutoZone stores accept used motor oil, transmission fluid, gear oil and automotive batteries. Call to see what your local store is currently accepting.","","false","false","false","false"
"Northern Ohio Scrap Svc Corp","","786 E 140th","Cleveland","","OH","44110","2164692582","0","","","41.5580154","-81.5904869","1.81720029123119","","false","false","","","false","false","false","false"
"Lake Erie Preparatory School","","14405 St. Clair Avenue","Cleveland","","OH","44110","3305351001","0","","http://www.rivervalleypaper.com/community_recycling_program/","41.5521493","-81.5813206","1.83441331103412","","false","false","","","false","false","false","false"
"The UPS Store","The UPS Store","11459 Mayfield Rd","Cleveland","Cuyahoga","OH","44106","2164217200","0","Monday: 8:30 AM - 7:00 PM Tuesday: 8:30 AM - 7:00 PM Wednesday: 8:30 AM - 7:00 PM Thursday: 8:30 AM - 7:00 PM Friday: 8:30 AM - 7:00 PM Saturday: 10:00 AM - 4:00 PM ","http://www.upsstore.com","41.50934","-81.6046","1.84198733102485","Plastics (Other); Packing Peanut (Reuse); Video Game Consoles; PlayStation Consoles","false","true","","","false","false","false","false"
"Shred Nations","Shred Nations (inside The UPS Store)","11457 Mayfield Rd","Cleveland","Cuyahoga","OH","44106","2166093098","0","Monday: 8:30 AM - 7:00 PM Tuesday: 8:30 AM - 7:00 PM Wednesday: 8:30 AM - 7:00 PM Thursday: 8:30 AM - 7:00 PM Friday: 8:30 AM - 7:00 PM Saturday: 10:00 AM - 4:00 PM ","http://www.shrednations.com/dropoff/location/cleveland/7c2eabb1-4f0d-1e55-8213-544fabf8a59d","41.50899","-81.60372","1.87236951670137","Cell Phones; Computer (Recycling); Laptop Computers; Small Televisions; Documents to Shred; Video Game Consoles; PlayStation Consoles","true","true","Shred Nations offers document shredding, hard drive destruction, electronics recycling and more. Visit website for quotes and full list of services offered in your area. ","","false","false","false","false"
"Cleveland Sight Center","Cleveland Sight Center","1909 E 101st St","Cleveland","Cuyahoga","OH","44106","2167918118","0","Monday: 8:30 AM - 5:00 PM Tuesday: 8:30 AM - 5:00 PM Wednesday: 8:30 AM - 5:00 PM Thursday: 8:30 AM - 5:00 PM Friday: 8:30 AM - 5:00 PM ","http://www.cuyahogaswd.org","41.50569","-81.61665","2.11344695177055","Eyeglasses; Video Game Consoles; PlayStation Consoles","false","true","Please call for other drop-off locations and additional information.","","false","false","false","false"
"Christian Family Outreach","Christian Family Outreach","8219 Hough Ave","Cleveland","Cuyahoga","OH","44103","2164213818","0","Monday: 7:00 AM - 6:00 PM Tuesday: 7:00 AM - 6:00 PM Wednesday: 7:00 AM - 6:00 PM Thursday: 7:00 AM - 6:00 PM Friday: 7:00 AM - 6:00 PM ","","41.50941","-81.63059","2.12996779567848","Bikes; Books (Reuse); Cell Phones; Clothing; CD/DVD/Blu-ray/UHD discs; Computer (Reuse); Computer Monitors; Electronics; Gift Bags; Furniture; Household Goods; Lawn Equipment; Musical Instruments; Office Supplies; Ornaments; Reusable Appliance Donation; Sporting Goods; Telephones; Televisions; Miscellaneous Tools; Children's Toys; VHS & Cassette Tapes; MP3 Players; Video Game Consoles; PlayStation Consoles","false","true","This site will accept arts and crafts supplies and school supplies. Pick-up may be available. Please call for a complete list of items accepted and for additional information.","","false","false","false","false"
"Lexington-Bell Community Center","Lexington-Bell Community Center","7724 Lexington Ave","Cleveland","Cuyahoga","OH","44103","2163914100","0","Monday: 8:00 AM - 6:00 PM Tuesday: 8:00 AM - 6:00 PM Wednesday: 8:00 AM - 6:00 PM Thursday: 8:00 AM - 6:00 PM Friday: 8:00 AM - 6:00 PM ","http://www.cuyahogaswd.org","41.51096","-81.63389","2.13639528058297","Clothing; CD/DVD/Blu-ray/UHD discs; Computer (Reuse); Computer Monitors; Gift Bags; Furniture; Household Goods; Musical Instruments; Office Equipment; Office Supplies; Ornaments; Reusable Appliance Donation; Sporting Goods; Children's Toys; Car Donation; VHS & Cassette Tapes; Video Game Consoles; PlayStation Consoles","false","true","This site will accept arts and crafts supplies, baby items, nonperishable food, and school supplies. Pick-up may be available. Please call for additional information.","","false","false","false","false"
"USPS Post Office Box Lobby Recycling Program","US Post Office","1950 E 101st St","Cleveland","Cuyahoga","OH","44106","8002758777","0","","https://www.usps.com/","41.50493","-81.61716","2.16993029107914","Catalogs; Greeting Cards; Magazines; Paper (Mixed)","false","true","","","false","false","false","false"
"US Post Office","USPS Discarded Lobby Mail Recycling Program","1950 E 101st St","Cleveland","Cuyahoga","OH","44106","0","0","","","41.50493","-81.61716","2.16993029107914","Video Game Consoles; PlayStation Consoles","false","true","","","false","false","false","false"
"USPS Post Office Box Lobby Recycling Program","US Post Office","890 E 152nd St","Cleveland","Cuyahoga","OH","44110","8002758777","0","","https://www.usps.com/","41.5551","-81.57587","2.18201769020688","Catalogs; Greeting Cards; Magazines; Paper (Mixed)","false","true","","","false","false","false","false"
"US Post Office","USPS Discarded Lobby Mail Recycling Program","890 E 152nd St","Cleveland","Cuyahoga","OH","44110","0","0","","","41.5551","-81.57587","2.18201769020688","Video Game Consoles; PlayStation Consoles","false","true","","","false","false","false","false"
"Orca House","Orca House","1905 E 89th St","Cleveland","Cuyahoga","OH","44106","2162313772","0","Monday: 8:00 AM - 5:00 PM Tuesday: 8:00 AM - 5:00 PM Wednesday: 8:00 AM - 5:00 PM Thursday: 8:00 AM - 5:00 PM Friday: 8:00 AM - 5:00 PM ","http://www.cuyahogaswd.org","41.50515","-81.62396","2.24852418783344","Books (Reuse); Clothing; Computer (Reuse); Gift Bags; Furniture; Household Goods; Office Supplies; Ornaments; Reusable Appliance Donation; Sporting Goods; Televisions; Children's Toys; VHS & Cassette Tapes; Video Game Consoles; PlayStation Consoles","false","true","This site will accept arts and crafts supplies and baby items. Please call before visiting this site and for additional information.  All appliances and electronics must be in working condition.","","false","false","false","false"
"Children's Museum of Cleveland","Children's Museum of Cleveland","10730 Euclid Ave","Cleveland","Cuyahoga","OH","44106","2167917114","0","Tuesday: 10:00 AM - 4:45 PM Wednesday: 10:00 AM - 4:45 PM Thursday: 10:00 AM - 4:45 PM Friday: 10:00 AM - 4:45 PM Saturday: 10:00 AM - 4:45 PM Sunday: 12:00 PM - 4:45 PM ","http://www.cuyahogaswd.org","41.50305","-81.61159","2.26408689324306","Clothing; Computer (Reuse); Electronics; Lawn Equipment; Musical Instruments; Children's Toys; MP3 Players; Video Game Consoles; PlayStation Consoles","false","true","This site will accept arts and crafts supplies.  For more information please contact Britt Dvorin at extension 14.","","false","false","false","false"
"Kay Dee Air and Electric Tool Repair","Kay Dee Air and Electric Tool Repair","5466 Lake Ct","Cleveland","Cuyahoga","OH","44114","2168812565","0","","http://kaydeetools.com/","41.52708","-81.6532","2.35141088430948","Cell Phones; Ni-Cd Batteries; Li-Ion Batteries; Ni-MH Batteries; Ni-Zn Batteries; Small Sealed Lead Acid Batteries; Video Game Consoles; PlayStation Consoles","false","true","The U.S. EPA estimates that more than 350 million rechargeable batteries are purchased annually in the U.S. Thanks to the environmental commitment of this location, its easy and free to recycle your batteries. Bring your rechargeable batteries to this location and look for the recycling box or ask an associate how you can do your part for the environment.","","false","false","false","false"
"Aluminum Cans for Burned Children - Cleveland Fire Station #31 Drop-Off Box","Aluminum Cans for Burned Children - Cleveland Fire Station #31 Drop-Off Box","747 E 152nd St ","Cleve","Cuyahoga County","OH","44110","2165310509","0","Sunday: 12:00 AM - 11:59 PM Monday: 12:00 AM - 11:59 PM Tuesday: 12:00 AM - 11:59 PM Wednesday: 12:00 AM - 11:59 PM Thursday: 12:00 AM - 11:59 PM Friday: 12:00 AM - 11:59 PM Saturday: 12:00 AM - 11:59 PM ","http://www.cuyahogaswd.org/business/guide_cans.shtml","41.558728","-81.5751","2.37324142292725","Aluminum Cans; Video Game Consoles; PlayStation Consoles","false","true","Proceeds benefit the Aluminum Cans for Burned Children charity.","","false","false","false","false"
"Goodrich-Gannett Neighborhood Center","Goodrich-Gannett Neighborhood Center","1368 E 55th St","Cleveland","Cuyahoga","OH","44103","2164321717","0","Monday: 9:00 AM - 6:00 PM Tuesday: 9:00 AM - 6:00 PM Wednesday: 9:00 AM - 6:00 PM Thursday: 9:00 AM - 6:00 PM Friday: 9:00 AM - 6:00 PM ","https://tcfonline.clevelandfoundation.org/catalog/org.shtml?org_id=7908","41.52168","-81.65219","2.42530464054992","Clothing; Construction Materials (Reuse); Gift Bags; Household Goods; Lawn Equipment; Office Equipment; Office Supplies; Ornaments; Paint Donation; Sporting Goods; Children's Toys; VHS & Cassette Tapes; Video Game Consoles; PlayStation Consoles","false","true","This site will accept arts and crafts supplies, baby items, nonperishable foods, medical supplies and equipment, and school supplies. Pick-up services may be available. Please call for additional information.","","false","false","false","false"
"Walgreens","Walgreens","3020 Mayfield Rd","Cleveland","Cuyahoga","OH","44118","2169324759","0","","http://www.walgreens.com","41.51432","-81.57193","2.43353357198054","Cell Phones; Inkjet Cartridge Refilling; Inkjet Printer Cartridges; Video Game Consoles; PlayStation Consoles","false","true","","","false","false","false","false"
"Heights Youth Center","Heights Youth Center","1925 Coventry Rd","Cleveland Heights","Cuyahoga","OH","44118","2169329785","0","Monday: 9:00 AM - 4:00 PM Tuesday: 9:00 AM - 4:00 PM Wednesday: 9:00 AM - 4:00 PM Thursday: 9:00 AM - 4:00 PM Friday: 9:00 AM - 4:00 PM ","http://www.cuyahogaswd.org","41.50763","-81.57964","2.47502356267065","Bikes; Books (Reuse); Computer (Reuse); Musical Instruments; Sporting Goods; Children's Toys; Video Game Consoles; PlayStation Consoles","false","true","This site will accept arts and crafts supplies and children's magazines. Pick-up services may be available. Please call for additional information.","","false","false","false","false"
"Monro","Monro","1477 E 55th St","Cleveland","Cuyahoga","OH","44103","2164314415","0","Monday: 7:30 AM - 7:00 PM Tuesday: 7:30 AM - 7:00 PM Wednesday: 7:30 AM - 7:00 PM Thursday: 7:30 AM - 7:00 PM Friday: 7:30 AM - 7:00 PM Saturday: 7:30 AM - 4:00 PM ","http://monro.com","41.51868","-81.65144","2.48154922500203","Used Motor Oil; Video Game Consoles; PlayStation Consoles","false","true","","","false","false","false","false"
"Fatima Family Center","Fatima Family Center","6707 Quimby Ave ","Cleve","Cuyahoga County","OH","44103","2163910505","0","Monday: 10:00 AM - 6:00 PM Tuesday: 10:00 AM - 6:00 PM Wednesday: 10:00 AM - 6:00 PM Thursday: 10:00 AM - 6:00 PM Friday: 10:00 AM - 6:00 PM ","http://www.cuyahogaswd.org","41.5098062","-81.6427933","2.49604624561357","Books (Reuse); Clothing; Gift Bags; Eyeglasses; Household Goods; Musical Instruments; Ornaments; Sporting Goods; Children's Toys; Video Game Consoles; PlayStation Consoles","false","true","This site will accept arts and crafts supplies, baby items, cars, nonperishable food, and school supplies. Please call 216-391-0506 for additional information.","","false","false","false","false"
"American Iron & Metal Cleveland LLC","American Iron & Metal Cleveland LLC","1240 Marquette St","Cleveland","Cuyahoga","OH","44114","2162660509","0","","http://www.scrapmetal.net/en/","41.52383","-81.65485","2.49897054825858","Aluminum; Electronics; Ferrous Metals (Steel or Iron); Non-ferrous (Copper/Brass/Tin); High-Temp Alloys; Special Metals; Video Game Consoles; PlayStation Consoles","true","true","","","false","false","false","false"
"Call2Recycle at RadioShack","Call2Recycle at RadioShack","8061 Euclid Ave","Cleveland","Cuyahoga","OH","44103","2164219630","0","","http://www.radioshack.com/","41.50384","-81.6325","2.51292748898468","Cell Phones; Ni-Cd Batteries; Li-Ion Batteries; Ni-MH Batteries; Ni-Zn Batteries; Small Sealed Lead Acid Batteries; Video Game Consoles; PlayStation Consoles","false","true","As the first national retailer to partner with Call2Recycle, RadioShack is at the forefront of the rechargeable battery recycling cause and is pleased to offer battery recycling at thousands of convenient RadioShack locations for free.  Simply drop them off at your local RadioShack and theyll take care of the rest.  Ask a store associate for more details.","","false","false","false","false"
"RadioShack","RadioShack","8061 Euclid Ave","Cleveland","Cuyahoga","OH","44103","2164219630","0","Monday: 9:00 AM - 8:00 PM Tuesday: 9:00 AM - 8:00 PM Wednesday: 9:00 AM - 8:00 PM Thursday: 9:00 AM - 8:00 PM Friday: 9:00 AM - 8:00 PM Saturday: 9:00 AM - 8:00 PM Sunday: 11:00 AM - 6:00 PM ","http://www.radioshack.com","41.50384","-81.6325","2.51292748898468","Ni-Cd Batteries; Batteries (Rechargeable); Video Game Consoles; PlayStation Consoles","false","true","","","false","false","false","false"
"Firestone Complete Auto Care Store","Firestone Complete Auto Care Store","12420 Cedar Rd","Cleveland","Cuyahoga","OH","44106","2169230831","0","","http://www.firestonecompleteautocare.com/","41.50075","-81.59402","2.54467494847944","Lead Acid (Pb) Batteries; Used Motor Oil; Video Game Consoles; PlayStation Consoles","false","true","","","false","false","false","false"
"Firestone Complete Auto Care","","12420 Cedar Rd","Cleveland Heights","","OH","44106","2162292550","0","","https://www.firestonecompleteautocare.com/","41.500744","-81.5936325","2.55134331325378","","false","false","","","false","false","false","false"
"USPS Post Office Box Lobby Recycling Program","US Post Office","1650 E 55th St","Cleveland","Cuyahoga","OH","44103","8002758777","0","","https://www.usps.com/","41.5142","-81.65235","2.68197193469405","Catalogs; Greeting Cards; Magazines; Paper (Mixed)","false","true","","","false","false","false","false"
"US Post Office","USPS Discarded Lobby Mail Recycling Program","1650 E 55th St","Cleveland","Cuyahoga","OH","44103","0","0","","","41.5142","-81.65235","2.68197193469405","Video Game Consoles; PlayStation Consoles","false","true","","","false","false","false","false"
"Beachwood Recycling Drop-Off Site","","2525 Fairmount Blvd","Beachwood","","OH","44122","2162921922","0","","https://cuyahogarecycles.org/what_do_i_do_with","41.498554","-81.590624","2.74595105760206","","false","false","","","false","false","false","false"
"Saint Timothy Missionary Baptist Church","","7101 Carnegie Road","Cleveland","","OH","44103","3305351001","0","","http://www.rivervalleypaper.com/community_recycling_program/","41.5020663","-81.6392547","2.79882538013851","","false","false","","","false","false","false","false"
"Recycle Midwest Inc.","Recycle Midwest Inc.","16419 Saint Clair Ave","Cleveland","Cuyahoga","OH","44110","2164819490","0","","null","41.56096","-81.56568","2.84643155185102","Plastic #1 (PETE); Plastic #2 (HDPE); Plastic #2 (Color HDPE); Aluminum Cans; Glass (Blue); Book Recycling; Glass (Brown); Carpet; Glass (Clear); Computer Paper; Ferrous Metals (Steel or Iron); Glass (Green); Greeting Cards; Magazines; Paper (Mixed); Non-ferrous (Copper/Brass/Tin); Tin or Steel Cans; Office Paper; Video Game Consoles; PlayStation Consoles","false","true","","","false","false","false","false"
"Ohio Mattress Recycling","Ohio Mattress Recycling","948 Wayside Rd","Cleveland","Cuyahoga","OH","44110","4408563685","0","","http://www.ohiomattressrecovery.com/","41.55795","-81.56145","2.90776898417377","Carpet; Bed Mattresses; Video Game Consoles; PlayStation Consoles","true","true","This company accepts mattresses and carpet in any condition.  Call to arrange pick up.","","false","false","false","false"
"Greater Cleveland Ecology Association Drop-Off","Greater Cleveland Ecology Association Drop-Off","16569 Saint Clair Ave","East Cleveland","Cuyahoga","OH","44110","2166871266","0","","","41.56168","-81.56473","2.91572056420802","Plastic #2 (HDPE); Brush; Grass Clippings; Leaves; Tree Trimmings; Weeds; Yard Waste; Video Game Consoles; PlayStation Consoles","false","true","","","false","false","false","false"
"OfficeMax","OfficeMax","3462 Mayfield Rd","East Cleveland","Cuyahoga","OH","44118","2162979789","0","Monday: 8:00 AM - 9:00 PM Tuesday: 8:00 AM - 9:00 PM Wednesday: 8:00 AM - 9:00 PM Thursday: 8:00 AM - 9:00 PM Friday: 8:00 AM - 9:00 PM Saturday: 9:00 AM - 9:00 PM Sunday: 11:00 AM - 6:00 PM ","http://www.officemax.com","41.5202","-81.55683","2.91671220626659","Cell Phones; Inkjet Printer Cartridges; Laser Toner Cartridges; Video Game Consoles; PlayStation Consoles","false","true","This site is located next to Home Depot.","","false","false","false","false"
"Home Depot","Home Depot","3460 Mayfield Rd","Cleveland","Cuyahoga","OH","44118","2162971303","0","","http://www.homedepot.com","41.5202","-81.55683","2.91671220626659","Compact Fluorescent Lights; Batteries (Rechargeable); Video Game Consoles; PlayStation Consoles","false","true","Home Depot accepts compact fluorescent bulbs and used power tool rechargeable batteries. Look for the orange drop boxes, usually located near the front entrance near the customer service desk.","","false","false","false","false"
"Call2Recycle at the Home Depot","Call2Recycle at the Home Depot","3460 Mayfield Rd Severance Town Ctr","Cleveland Heights","Cuyahoga","OH","44118","2162971303","0","","http://www.homedepot.com/","41.5202","-81.55683","2.91671220626659","Cell Phones; Compact Fluorescent Lights; Ni-Cd Batteries; Li-Ion Batteries; Ni-MH Batteries; Ni-Zn Batteries; Small Sealed Lead Acid Batteries; Video Game Consoles; PlayStation Consoles","false","true","The Home Depot accepts used rechargeable batteries and compact fluorescent bulbs. Look for the orange drop boxes, usually located near the front entrance near the customer service desk, or ask a store associate for more details.","","false","false","false","false"
"Call2Recycle at RadioShack","Call2Recycle at RadioShack","3578 Mayfield Rd","Cleveland","Cuyahoga","OH","44118","2163813200","0","","http://www.radioshack.com/","41.52031","-81.55652","2.92883859889792","Cell Phones; Ni-Cd Batteries; Li-Ion Batteries; Ni-MH Batteries; Ni-Zn Batteries; Small Sealed Lead Acid Batteries; Video Game Consoles; PlayStation Consoles","false","true","As the first national retailer to partner with Call2Recycle, RadioShack is at the forefront of the rechargeable battery recycling cause and is pleased to offer battery recycling at thousands of convenient RadioShack locations for free.  Simply drop them off at your local RadioShack and theyll take care of the rest.  Ask a store associate for more details.","","false","false","false","false"
"Monro","Monro","17625 Euclid Ave","Cleveland","Cuyahoga","OH","44112","2165319924","0","Monday: 7:30 AM - 7:00 PM Tuesday: 7:30 AM - 7:00 PM Wednesday: 7:30 AM - 7:00 PM Thursday: 7:30 AM - 7:00 PM Friday: 7:30 AM - 7:00 PM Saturday: 7:30 AM - 4:00 PM ","http://monro.com","41.55252","-81.55713","2.9327137045659","Used Motor Oil; Video Game Consoles; PlayStation Consoles","false","true","","","false","false","false","false"
"RadioShack","RadioShack","3578 Mayfield Rd","Cleveland","Cuyahoga","OH","44118","2163813200","0","Monday: 9:00 AM - 9:00 PM Tuesday: 9:00 AM - 9:00 PM Wednesday: 9:00 AM - 9:00 PM Thursday: 9:00 AM - 9:00 PM Friday: 9:00 AM - 9:00 PM Saturday: 9:00 AM - 9:00 PM Sunday: 11:00 AM - 6:00 PM ","http://www.radioshack.com","41.52028","-81.55594","2.95754131281057","Ni-Cd Batteries; Batteries (Rechargeable); Video Game Consoles; PlayStation Consoles","false","true","","","false","false","false","false"
"World Resource Recovery Systems Inc","World Resource Recovery Systems Inc","16700 Saint Clair Ave","Cleveland","Cuyahoga","OH","44110","2164866446","0","","null","41.56252","-81.5633","3.00970360814629","Ferrous Metals (Steel or Iron); Non-ferrous (Copper/Brass/Tin); Video Game Consoles; PlayStation Consoles","false","true","","","false","false","false","false"
"Rags Recycling Inc.","","2070 East 61st Place","Cleveland","","OH","44103","2163610575","0","","","41.5019801","-81.6484689","3.09327811361536","","false","false","","","false","false","false","false"
"Art Studio, Incorporated","Art Studio, Incorporated","12200 Fairhill Rd","Cleveland","Cuyahoga","OH","44120","2167919303","0","Monday: 7:30 AM - 6:00 PM Tuesday: 7:30 AM - 6:00 PM Wednesday: 7:30 AM - 6:00 PM Thursday: 7:30 AM - 6:00 PM Friday: 7:30 AM - 6:00 PM ","http://www.cuyahogaswd.org","41.49169","-81.59762","3.1044949803001","Paint Donation; Video Game Consoles; PlayStation Consoles","false","true","This site will accept arts and crafts supplies and office equipment and supplies.","","false","false","false","false"
"G & M Pallet Drop-Off","G & M Pallet Drop-Off","4201 Lakeside Ave E","Cleveland","Cuyahoga","OH","44114","2168811414","0","","http://www.gmpallet.com","41.51945","-81.66555","3.12306035768075","Wood Pallets; Video Game Consoles; PlayStation Consoles","false","true","We recycle all unusable lumber parts and pallets.  All unrepairable pallets are stripped for the reusable lumber.  Anything that can be reused is ground for mulch.  No pallet material is sent to the landfills.","","false","false","false","false"
"Cleveland Recycling Drop-Off Site","","4150 S Marginal Rd","Cleveland","","OH","44114","2166643717","0","","http://www.city.cleveland.oh.us/CityofCleveland/Home/Government/CityAgencies/ParksRecreationandProperties/Waste/","41.5211755","-81.6664551","3.12625429425198","","false","false","","","false","false","false","false"
"Alternaterm Pregnancy Services","Alternaterm Pregnancy Services","2026 Lee Rd","Cleveland","Cuyahoga","OH","44118","2163714848","0","Tuesday: 9:00 AM - 3:00 PM Wednesday: 9:00 AM - 3:00 PM Thursday: 9:00 AM - 8:00 PM Friday: 9:00 AM - 12:00 PM ","http://www.cuyahogaswd.org","41.50447","-81.56557","3.12753408593284","Clothing; Children's Toys; Video Game Consoles; PlayStation Consoles","false","true","This site is also open on the second and fourth Saturday of each month from 9am to noon. This site will accept baby items, strollers, cribs, and car seats. Please call before visiting this site and for additional information.","","false","false","false","false"
"The Salvation Army","null","5005 Euclid Avenue","Cleveland","Cuyahoga County","OH","44103","8007287825","0","Sunday:  -  Monday: 10:00 AM - 5:00 PM Tuesday: 10:00 AM - 5:00 PM Wednesday: 10:00 AM - 5:00 PM Thursday: 10:00 AM - 5:00 PM Friday: 10:00 AM - 5:00 PM Saturday: 10:00 AM - 5:00 PM ","http://www.salvationarmyusa.org","41.5049102","-81.6540128","3.14800060129721","Bikes; Books (Reuse); CD/DVD/Blu-ray/UHD discs; Cell Phones; Children's Toys; Clothing; Computer (Reuse); Hard Drives; Computer Monitors; Cameras; DVD Players/Blu-Ray Players/DVRs; Electronics; E-Readers; Furniture; Gift Bags; Headphones; Household Goods; Laptop Computers; Lawn Equipment; Miscellaneous Tools; MP3 Players; Musical Instruments; Network Equipment; Ornaments; Computer Peripherals; Portable Media Players; Printers/Scanners/Fax Machines; Reusable Appliance Donation; Small Appliances; Small Electronics; Small Televisions; Sporting Goods; Stereo Equipment; Tablets; Telephones; Televisions; VCRs; VHS & Cassette Tapes; Video Game Systems; Blu-Ray Players; Digital Converter Boxes; Video Game Consoles; PlayStation Consoles","false","true","","Sony, Vizio, OEM, Salvation Army","false","false","false","false"
"Walmart","Walmart","3606 Mayfield Rd","Cleveland","Cuyahoga","OH","44118","2163821657","0","","http://www.walmart.com","41.51987","-81.55195","3.16055499648257","Lead Acid (Pb) Batteries; Plastic Shopping Bags; Food Storage Bags; Video Game Consoles; PlayStation Consoles","false","true","","","false","false","false","false"
"Lube Stop","","2100 Lee Rd","Cleveland","","OH","44118","2163219990","0","","https://www.lubestop.com/","41.5025213","-81.5660227","3.20575147542196","","false","false","","","false","false","false","false"
"911 Cell Phone Bank - Rhino Wireless","911 Cell Phone Bank - Rhino Wireless","1814 E 40th St","Cleveland","Cuyahoga","OH","44103","8662907864","0","","http://www.911cellphonebank.org/","41.50869","-81.65963","3.20847244566697","Cell Phones; Cameras; Laptop Computers; MP3 Players; Video Games; Video Game Consoles; Smart watches & Apple Watch®
","false","true","Please call to verify drop-off procedures and directions to the location.  For prepaid shipping labels, visit http://www.911cellphonebank.org/drop-off-locations.asp - click on "print shipping label."","","false","false","false","false"
"RET3","RET3","1814 E 40th St","Cleveland","Cuyahoga","OH","44103","2163619991","0","Monday: 8:00 AM - 3:00 PM Tuesday: 8:00 AM - 3:00 PM Wednesday: 8:00 AM - 3:00 PM Thursday: 8:00 AM - 3:00 PM Friday: 8:00 AM - 3:00 PM ","http://www.ret3.org/","41.50869","-81.65963","3.20847244566697","Cell Phones; Computer Monitors; Computer (Recycling); Printers/Scanners/Fax Machines; Memory (RAM), Flash Card/Drive; Laptop Computers; Cables & Connectors; Cameras; Servers; Wire; VCRs; DVD Players/Blu-Ray Players/DVRs; Network Equipment; Video Game Consoles; PlayStation Consoles","false","true","The building is located between Chester Ave. and Payne in the Midtown corridor. The entrance is located at the rear of the building.","","false","false","false","false"
"Lube Stop Pennzoil","Lube Stop Pennzoil","2100 Lee Rd","Cleveland","Cuyahoga","OH","44118","2163219990","0","Monday: 8:00 AM - 7:00 PM Tuesday: 8:00 AM - 7:00 PM Wednesday: 8:00 AM - 7:00 PM Thursday: 8:00 AM - 7:00 PM Friday: 8:00 AM - 7:00 PM Saturday: 8:00 AM - 6:00 PM ","","41.50248","-81.56588","3.21294699713457","Transmission Fluid; Used Motor Oil; Video Game Consoles; PlayStation Consoles","false","true","","","false","false","false","false"
"Cleveland Public Works Garage","","5600 Carnegie Ave","Cleveland","","OH","44103","2166643717","0","","http://www.city.cleveland.oh.us/CityofCleveland/Home/Government/CityAgencies/ParksRecreationandProperties/Waste/","41.5011721","-81.6509389","3.21979484640489","","false","false","","","false","false","false","false"
"RET3 Job Corp","","1814 East 40th Street","Cleveland","","OH","44103","2163619991","0","","https://cuyahogarecycles.org/computer_recycling","41.5085763","-81.6599254","3.22546931919661","","false","false","","","false","false","false","false"
"Home Depot","","3460 Mayfield Rd","Cleveland Heights","","OH","44118","2162971303","0","","https://ecooptions.homedepot.com/","41.5157968","-81.5525166","3.24259439565399","Batteries (Rechargeable); Cell Phone Batteries; Li-Ion Batteries; Ni-Cd Batteries; Ni-MH Batteries; Small Sealed Lead Acid Batteries","false","true","","Call2Recycle","false","false","false","false"
"Cleveland Recycling Drop-Off Site","","4415 Euclid Ave","Cleveland","","OH","44103","2166643717","0","","http://www.city.cleveland.oh.us/CityofCleveland/Home/Government/CityAgencies/ParksRecreationandProperties/Waste/","41.5042124","-81.6560469","3.25827038687748","","false","false","","","false","false","false","false"
"All City Recycling Drop-Off Site","All City Recycling Drop-Off Site","17149 Saint Clair Ave","East Cleveland","Cuyahoga","OH","44110","2164815575","0","Monday: 7:00 AM - 4:30 PM Tuesday: 7:00 AM - 4:30 PM Wednesday: 7:00 AM - 4:30 PM Thursday: 7:00 AM - 4:30 PM Friday: 7:00 AM - 4:30 PM Saturday: 7:00 AM - 12:00 PM ","","41.56523","-81.55995","3.26160636122873","Aluminum Cans; Car; Lead Acid (Pb) Batteries; Ferrous Metals (Steel or Iron); Large Household Appliances; Clothes Hangers (Metal); Non-ferrous (Copper/Brass/Tin); Tin or Steel Cans; Video Game Consoles; PlayStation Consoles","false","true","","","false","false","false","false"
"All City Recycling Drop-Off Site","","17149 Saint Clair Avenue","East Cleveland","","OH","44110","2164815575","0","","","41.5654574","-81.5601871","3.26188733126617","","false","false","","","false","false","false","false"
"Hanna Pallet Drop-Off","","5604 Cedar Ave","Cleveland","","OH","44103","2163915000","0","","","41.5003289","-81.6510698","3.26777059833613","","false","false","","","false","false","false","false"
"The Centers for Families and Children","The Centers for Families and Children","4500 Euclid Ave","Cleveland","Cuyahoga","OH","44103","2164327200","0","Monday: 8:00 AM - 5:00 PM Tuesday: 8:00 AM - 5:00 PM Wednesday: 8:00 AM - 5:00 PM Thursday: 8:00 AM - 5:00 PM Friday: 8:00 AM - 5:00 PM ","http://www.thecentersohio.org/","41.50373","-81.65573","3.26859602813057","Books (Reuse); Computer (Reuse); Construction Materials (Reuse); Magazines; Musical Instruments; Office Equipment; Office Supplies; Paint Donation; Video Game Consoles; PlayStation Consoles","false","true","This site accepts arts and crafts supplies. Pick-up services may be available. Please call before visiting this site and for additional information.","","false","false","false","false"
"OfficeMax","","3462 Mayfield Rd","Cleveland Heights","","OH","44118","2162979789","0","","","41.5190054","-81.550032","3.27442855963308","","false","false","","","false","false","false","false"
"USPS Post Office Box Lobby Recycling Program","US Post Office","3 Severance Cir","Cleveland Heights","Cuyahoga","OH","44118","8002758777","0","","https://www.usps.com/","41.50905","-81.55645","3.29645264465589","Catalogs; Greeting Cards; Magazines; Paper (Mixed)","false","true","","","false","false","false","false"
"US Post Office","US Post Office","3 Severance Cir","Cleveland Heights","Cuyahoga","OH","44118","0","0","","https://www.usps.com/ship/recycle-through-usps.htm","41.50905","-81.55645","3.29645264465589","Inkjet Printer Cartridges; Video Game Consoles; PlayStation Consoles","false","true","Free, postage-paid Mail Back envelopes can be found on display in the lobby. There is no limit to the number of envelopes customers may take. The contents of the envelope must weigh less than 13 ounces and the envelope must be able to seal completely. For more details visit<a href="http://www.maxback.com/mxb-postoffice-collaboration" target="_blank">MaxBack</a>.","","false","false","false","false"
"University of Cleveland Preparatory School","","1906 East 40th Street","Cleveland","","OH","44103","3305351001","0","","http://www.rivervalleypaper.com/community_recycling_program/","41.5057799","-81.6588129","3.29680262173115","","false","false","","","false","false","false","false"
"City Mission","City Mission","5310 Carnegie Ave","Cleveland","Cuyahoga","OH","44103","2164313510","0","Monday: 9:00 AM - 4:00 PM Tuesday: 9:00 AM - 4:00 PM Wednesday: 9:00 AM - 4:00 PM Thursday: 9:00 AM - 4:00 PM Friday: 9:00 AM - 4:00 PM ","http://www.thecitymission.org/home","41.50099","-81.65296","3.29990235381805","Books (Reuse); Clothing; Gift Bags; Household Goods; Lawn Equipment; Office Equipment; Office Supplies; Ornaments; Paint Donation; Reusable Appliance Donation; Children's Toys; Car Donation; Video Game Consoles; PlayStation Consoles","false","true","This site will accept arts and crafts supplies, baby items, food, and school supplies. Pick-up may be available for all items except clothing. Please call for additional information.","","false","false","false","false"
"Advance Iron & Metal","Advance Iron & Metal","7007 Quincy Ave","Cleveland","Cuyahoga","OH","44104","2164321160","0","Monday: 8:30 AM - 5:00 PM Tuesday: 8:30 AM - 5:00 PM Wednesday: 8:30 AM - 5:00 PM Thursday: 8:30 AM - 5:00 PM Friday: 8:30 AM - 5:00 PM Saturday: 8:00 AM - 3:00 PM ","","41.49404","-81.64075","3.31213334548102","Aluminum Cans; Ferrous Metals (Steel or Iron); Large Household Appliances; Clothes Hangers (Metal); Non-ferrous (Copper/Brass/Tin); Tin or Steel Cans; Video Game Consoles; PlayStation Consoles","false","true","","","false","false","false","false"
"Walmart ","","3606 Mayfield Rd","Cleveland","","OH","44118","2163821657","0","","https://www.walmart.com/","41.5178097","-81.549783","3.31652548491505","","false","false","","","false","false","false","false"
"Recovery Resources","Recovery Resources","3950 Chester Ave","Cleveland","Cuyahoga","OH","44114","2164314131","0","Monday: 8:00 AM - 5:00 PM Tuesday: 8:00 AM - 5:00 PM Wednesday: 8:00 AM - 5:00 PM Thursday: 8:00 AM - 5:00 PM Friday: 8:00 AM - 5:00 PM ","http://www.cuyahogaswd.org","41.50486","-81.65882","3.33741336112153","Books (Reuse); Clothing; Gift Bags; Household Goods; Ornaments; Sporting Goods; Children's Toys; Video Game Consoles; PlayStation Consoles","false","true","Please call for a complete list of items accepted and additional information.","","false","false","false","false"
"East Side Metals Corp","East Side Metals Corp","16800 S Waterloo Rd","Cleveland","Cuyahoga","OH","44110","2164867788","0","Monday: 8:00 AM - 5:00 PM Tuesday: 8:00 AM - 5:00 PM Wednesday: 8:00 AM - 5:00 PM Thursday: 8:00 AM - 5:00 PM Friday: 8:00 AM - 5:00 PM ","http://www.eastsidemetals.com/","41.57089","-81.56331","3.39511678003166","Aluminum Cans; Aluminum; Ferrous Metals (Steel or Iron); Non-ferrous (Copper/Brass/Tin); Wire; Catalytic Converters; Scrap Metal; Radiators; High-Temp Alloys; Special Metals; Video Game Consoles; PlayStation Consoles","true","true","","","false","false","false","false"
"East Side Metals Corp.","","16800 South Waterloo Road","Cleveland","","OH","44110","2164867788","0","","","41.5708076","-81.5631561","3.39662925863756","","false","false","","","false","false","false","false"
"Al's Salvage Co","Al's Salvage Co","6531 Quincy Ave","Cleveland","Cuyahoga","OH","44104","2163619911","0","","","41.4938","-81.64432","3.42086201354797","Ferrous Metals (Steel or Iron); Non-ferrous (Copper/Brass/Tin); Video Game Consoles; PlayStation Consoles","false","true","","","false","false","false","false"
"Firestone Complete Auto Care Store","Firestone Complete Auto Care Store","3917 Prospect Ave E","Cleveland","Cuyahoga","OH","44115","2165022147","0","","http://www.firestonecompleteautocare.com/","41.50256","-81.65838","3.42437823190974","Lead Acid (Pb) Batteries; Used Motor Oil; Video Game Consoles; PlayStation Consoles","false","true","","","false","false","false","false"
"Firestone Complete Auto Care","","3917 Prospect Ave","Cleveland","","OH","44115","2164320880","0","","https://www.firestonecompleteautocare.com/","41.502622","-81.6585989","3.42992900755911","","false","false","","","false","false","false","false"
"Goodwill Industries","Goodwill Industries","2295 E 55th St","Cleveland","Cuyahoga","OH","44103","2164318300","0","Monday: 8:30 AM - 5:00 PM Tuesday: 8:30 AM - 5:00 PM Wednesday: 8:30 AM - 5:00 PM Thursday: 8:30 AM - 5:00 PM Friday: 8:30 AM - 5:00 PM Saturday: 8:30 AM - 5:00 PM Sunday: 11:00 AM - 5:00 PM ","http://locator.goodwill.org/","41.49656","-81.65117","3.47047259989856","Bikes; Books (Reuse); Cell Phones; Clothing; CD/DVD/Blu-ray/UHD discs; Computer (Reuse); Computer Monitors; Electronics; Gift Bags; Eyeglasses; Furniture; Household Goods; Lawn Equipment; Bed Mattresses; Musical Instruments; Ornaments; Reusable Appliance Donation; Sporting Goods; Telephones; Televisions; Miscellaneous Tools; Children's Toys; Car Donation; VHS & Cassette Tapes; MP3 Players; Video Game Consoles; PlayStation Consoles","false","true","This site accepts clean, gently used items.  All electronics and appliances must be in working condition.","","false","false","false","false"
"Call2Recycle at Sutton Industrial Hardware","Call2Recycle at Sutton Industrial Hardware","3848 Prospect Ave E","Cleveland","Cuyahoga","OH","44115","2166968340","0","","http://www.suttonhardware.com/","41.50166","-81.65917","3.49644361562294","Cell Phones; Ni-Cd Batteries; Li-Ion Batteries; Ni-MH Batteries; Ni-Zn Batteries; Small Sealed Lead Acid Batteries; Video Game Consoles; PlayStation Consoles","false","true","The U.S. EPA estimates that more than 350 million rechargeable batteries are purchased annually in the U.S. Thanks to the environmental commitment of this location, its easy and free to recycle your batteries. Bring your rechargeable batteries to this location and look for the recycling box or ask an associate how you can do your part for the environment.","","false","false","false","false"
"Walgreens","Walgreens","15609 Lake Shore Blvd","Cleveland","Cuyahoga","OH","44110","2163833803","0","","http://www.walgreens.com","41.57875","-81.57198","3.53951372461109","Cell Phones; Inkjet Printer Cartridges; Video Game Consoles; PlayStation Consoles","false","true","","","false","false","false","false"
"Aluminum Cans for Burned Children - Cleveland Fire Training Station Drop-Off Box","Aluminum Cans for Burned Children - Cleveland Fire Training Station Drop-Off Box","3201 Lakeside Ave E","Cleveland","Cuyahoga","OH","44114","2165310509","0","Sunday: 12:00 AM - 11:59 PM Monday: 12:00 AM - 11:59 PM Tuesday: 12:00 AM - 11:59 PM Wednesday: 12:00 AM - 11:59 PM Thursday: 12:00 AM - 11:59 PM Friday: 12:00 AM - 11:59 PM Saturday: 12:00 AM - 11:59 PM ","http://www.cuyahogaswd.org/business/guide_cans.shtml","41.51561","-81.6723","3.5466031963422","Aluminum Cans; Video Game Consoles; PlayStation Consoles","false","true","Proceeds benefit the Aluminum Cans for Burned Children charity.","","false","false","false","false"
"Great Eastern Metals","","18901 Euclid Ave","Euclid","","OH","44117","2164814043","0","","","41.5595638","-81.5483299","3.55279912723073","","false","false","","","false","false","false","false"
"Walgreens","Walgreens","19001 Euclid Ave","Euclid","Cuyahoga","OH","44117","2165311466","0","","http://www.walgreens.com","41.55902","-81.54732","3.58218421473586","Cell Phones; Inkjet Printer Cartridges; Video Game Consoles; PlayStation Consoles","false","true","","","false","false","false","false"
"Friendly Inn Settlement, Inc.","Friendly Inn Settlement, Inc.","2382 Unwin Rd","Cleveland","Cuyahoga","OH","44104","2164317656","0","Monday: 9:00 AM - 6:00 PM Tuesday: 9:00 AM - 6:00 PM Wednesday: 9:00 AM - 6:00 PM Thursday: 9:00 AM - 6:00 PM Friday: 9:00 AM - 6:00 PM ","http://friendlyinn.org/","41.49624","-81.65503","3.61532619622107","Books (Reuse); Clothing; Computer (Reuse); Gift Bags; Household Goods; Musical Instruments; Office Equipment; Office Supplies; Ornaments; Sporting Goods; Car Donation; VHS & Cassette Tapes; Video Game Consoles; PlayStation Consoles","false","true","This site will accept arts and crafts supplies, baby items, and school supplies.","","false","false","false","false"
"Zygote Press","","1410 East 30th Street","Cleveland","","OH","44114","3305351001","0","","http://www.rivervalleypaper.com/community_recycling_program/","41.5112462","-81.6716081","3.64387512661924","","false","false","","","false","false","false","false"
