name,description,address,city,region,province,postal_code,phone,fax,hours,url,latitude,longitude,distance,materials,pickup,dropoff,notes,groups,curbside,municipal,national,event_only
"RadioShack","RadioShack","422 Main Ave ","Flagler","Kit Carson County","CO","80815","7197654481","0","Monday: 8:30 AM - 5:30 PM Tuesday: 8:30 AM - 5:30 PM Wednesday: 8:30 AM - 5:30 PM Thursday: 8:30 AM - 5:30 PM Friday: 8:30 AM - 5:30 PM Saturday: 8:30 AM - 11:59 PM ","http://www.radioshack.com","39.2933043","-103.067323","11.0857164869905","Ni-Cd Batteries; Batteries (Rechargeable); Computer (Recycling); Computer Monitors; Electronics; Laptop Computers; Computer Peripherals; Small Electronics; Small Televisions; Televisions; Video Game Consoles; PlayStation Consoles","false","true","","","false","false","false","false"
"Call2Recycle at Stone Communications, Llc","Call2Recycle at Stone Communications, Llc","422 Main Ave ","Flagler","Kit Carson County","CO","80815","7197654481","0","","http://www.radioshack.com/","39.2933043","-103.067323","11.0857164869905","Cell Phones; Ni-Cd Batteries; Li-Ion Batteries; Ni-MH Batteries; Ni-Zn Batteries; Small Sealed Lead Acid Batteries; Computer (Recycling); Computer Monitors; Electronics; Laptop Computers; Computer Peripherals; Small Electronics; Small Televisions; Televisions; Video Game Consoles; PlayStation Consoles","false","true","The U.S. EPA estimates that more than 350 million rechargeable batteries are purchased annually in the U.S. Thanks to the environmental commitment of this location, its easy and free to recycle your batteries. Bring your rechargeable batteries to this location and look for the recycling box or ask an associate how you can do your part for the environment.","","false","false","false","false"
"RadioShack","","422 Main Ave","Flagler","","CO","80815","7197654481","0","","","39.2932995","-103.0673608","11.0876889698674","","false","false","","","false","false","false","false"
"Flagler Ace Hardware & Building Supply","Flagler Ace Hardware & Building Supply","423 Main Ave ","Flagler","Kit Carson County","CO","80815","7197654648","0","Monday: 8:00 AM - 8:00 PM Tuesday: 8:00 AM - 8:00 PM Wednesday: 8:00 AM - 8:00 PM Thursday: 8:00 AM - 8:00 PM Friday: 8:00 AM - 8:00 PM Saturday: 9:00 AM - 8:00 PM Sunday: 10:00 AM - 6:00 PM ","http://www.acehardware.com/mystore/index.jsp?store=03086&cid=localstore03086","39.2932927","-103.0676695","11.1028555966744","Cell Phones; Compact Fluorescent Lights; Mercury Containing Items; Batteries (Rechargeable); Computer (Recycling); Computer Monitors; Electronics; Laptop Computers; Computer Peripherals; Small Electronics; Small Televisions; Televisions; Video Game Consoles; PlayStation Consoles","false","true","","","false","false","false","false"
"Flagler Ace Hardware & Building Supply","","423 Main Avenue","Flagler","","CO","80815","7197654648","0","","","39.2932002","-103.0680586","11.1244174127513","","false","false","","","false","false","false","false"
"Stratton Equity Co-Op","","341 - 1st Street","Stratton","","CO","80836","7193485326","0","","","39.3061294","-102.6028851","15.2396010293022","","false","false","","","false","false","false","false"
"Stratton Equity Co-Op","Stratton Equity Co-Op","341 1st St ","Stratton","Kit Carson County","CO","80836","7193485326","0","","http://www.strattoncoop.com/","39.3059212","-102.6029137","15.2417152957356","Cell Phones; Compact Fluorescent Lights; Mercury Containing Items; Batteries (Rechargeable); Computer (Recycling); Computer Monitors; Electronics; Laptop Computers; Computer Peripherals; Small Electronics; Small Televisions; Televisions; Video Game Consoles; PlayStation Consoles","false","true","","","false","false","false","false"
"Safeway","","111 18th St","Burlington","","CO","80807","7193468862","0","","https://shop.safeway.com/home.html","39.3013526","-102.2736595","32.6180340353747","","false","false","","","false","false","false","false"
"RadioShack","","367 14th St","Burlington","","CO","80807","7193465177","0","","","39.3041874","-102.2684281","32.870848308021","","false","false","","","false","false","false","false"
"Herrman Lumber Inc","Herrman Lumber Inc","1298 Martin Ave","Burlington","Kit Carson","CO","80807","7193465546","0","Monday: 7:00 AM - 5:00 PM Tuesday: 7:00 AM - 5:00 PM Wednesday: 7:00 AM - 5:00 PM Thursday: 7:00 AM - 5:00 PM Friday: 7:00 AM - 5:00 PM Saturday: 7:00 AM - 5:00 PM ","","39.30587","-102.26665","32.9512070520913","Cell Phones; Compact Fluorescent Lights; Mercury Containing Items; Batteries (Rechargeable); Computer (Recycling); Computer Monitors; Electronics; Laptop Computers; Computer Peripherals; Small Electronics; Small Televisions; Televisions; Video Game Consoles; PlayStation Consoles","false","true","","","false","false","false","false"
"Herman Lumber Inc","","1298 Martin Avenue","Burlington","","CO","80807","7193465546","0","","","39.3059694","-102.2663267","32.9675554954747","","false","false","","","false","false","false","false"
"Pronghorn Country Ltd","Pronghorn Country Ltd","21761 US-287 ","Limon","Lincoln County","CO","80828","7197750580","0","","http://www.acehardware.com/mystore/index.jsp?store=05281&cid=localstore05281","39.2664278","-103.6629445","42.4012328781133","Cell Phones; Compact Fluorescent Lights; Mercury Containing Items; Batteries (Rechargeable); Computer (Recycling); Computer Monitors; Electronics; Laptop Computers; Computer Peripherals; Small Electronics; Small Televisions; Televisions; Video Game Consoles; PlayStation Consoles","false","true","","","false","false","false","false"
"Pronghorn Country Ltd","","21761 Highway 40/287","Limon","","CO","80828","7197750580","0","","","39.2652967","-103.6636331","42.4500180719264","","false","false","","","false","false","false","false"
"RadioShack","","354 E Ave","Limon","","CO","80828","7197759572","0","","","39.2636105","-103.68763","43.7358605467123","","false","false","","","false","false","false","false"
"RadioShack","RadioShack","354 E Ave ","Limon","Lincoln County","CO","80828","7197759572","0","Monday: 9:00 AM - 7:00 PM Tuesday: 9:00 AM - 7:00 PM Wednesday: 9:00 AM - 7:00 PM Thursday: 9:00 AM - 7:00 PM Friday: 9:00 AM - 7:00 PM Saturday: 9:00 AM - 7:00 PM ","http://www.radioshack.com","39.2635826","-103.6876808","43.7388483906086","Ni-Cd Batteries; Batteries (Rechargeable); Computer (Recycling); Computer Monitors; Electronics; Laptop Computers; Computer Peripherals; Small Electronics; Small Televisions; Televisions; Video Game Consoles; PlayStation Consoles","false","true","","","false","false","false","false"
"Call2Recycle at Vern's TV& Radio","Call2Recycle at Vern's TV& Radio","354 E Ave ","Limon","Lincoln County","CO","80828","7197759572","0","","http://www.radioshack.com/","39.2635826","-103.6876808","43.7388483906086","Cell Phones; Ni-Cd Batteries; Li-Ion Batteries; Ni-MH Batteries; Ni-Zn Batteries; Small Sealed Lead Acid Batteries; Computer (Recycling); Computer Monitors; Electronics; Laptop Computers; Computer Peripherals; Small Electronics; Small Televisions; Televisions; Video Game Consoles; PlayStation Consoles","false","true","The U.S. EPA estimates that more than 350 million rechargeable batteries are purchased annually in the U.S. Thanks to the environmental commitment of this location, its easy and free to recycle your batteries. Bring your rechargeable batteries to this location and look for the recycling box or ask an associate how you can do your part for the environment.","","false","false","false","false"
"Cheyenne Wells Lumber","Cheyenne Wells Lumber","170 E 2nd St N ","Cheyenne Wells","Cheyenne County","CO","80810","7197675659","0","Monday: 8:00 AM - 8:00 PM Tuesday: 8:00 AM - 8:00 PM Wednesday: 8:00 AM - 8:00 PM Thursday: 8:00 AM - 8:00 PM Friday: 8:00 AM - 8:00 PM Saturday: 9:00 AM - 8:00 PM Sunday: 10:00 AM - 6:00 PM ","http://www.townofcheyennewells.com/","38.822653","-102.3476934","46.8474631918441","Cell Phones; Compact Fluorescent Lights; Mercury Containing Items; Batteries (Rechargeable); Computer (Recycling); Computer Monitors; Electronics; Laptop Computers; Computer Peripherals; Small Electronics; Small Televisions; Televisions; Video Game Consoles; PlayStation Consoles","false","true","","","false","false","false","false"
"USPS Post Office Box Lobby Recycling Program","US Post Office","90 E 1st St","Cheyenne Wells","Cheyenne","CO","80810","8002758777","0","","https://www.usps.com/","38.82156","-102.3486","46.8780349514151","Catalogs; Greeting Cards; Magazines; Paper (Mixed)","false","true","","","false","false","false","false"
"Cheyenne Wells Lumber","","170 S 2nd St E","Cheyenne Wells","","CO","80810","7197675659","0","","","38.8191465","-102.3503154","46.9553536397059","","false","false","","","false","false","false","false"
"Yuma County Landfill and Recycling Center","","15738 County Road 34","Eckley","","CO","80727","9703592467","0","","http://yumacounty.net","40.059216","-102.5155597","51.9777578814671","","false","false","","","false","false","false","false"
"Quality Farm & Ranch Center","","700 East 8th Avenue","Yuma","","CO","80759","9708485552","0","","","40.1193638","-102.7141405","53.1356101211591","","false","false","","","false","false","false","false"
"Quality Farm & Ranch Center","Quality Farm & Ranch Center","700 E 8th Ave ","Yuma","Yuma County","CO","80759","9708485552","0","Monday: 7:00 AM - 7:00 PM Tuesday: 7:00 AM - 7:00 PM Wednesday: 7:00 AM - 7:00 PM Thursday: 7:00 AM - 7:00 PM Friday: 7:00 AM - 7:00 PM Saturday: 7:00 AM - 6:00 PM Sunday: 9:00 AM - 5:00 PM ","http://www.acehardware.com/mystore/index.jsp?store=11817&cid=localstore11817","40.1193951","-102.7141815","53.1373833690651","Cell Phones; Compact Fluorescent Lights; Mercury Containing Items; Batteries (Rechargeable); Computer (Recycling); Computer Monitors; Electronics; Laptop Computers; Computer Peripherals; Small Electronics; Small Televisions; Televisions; Video Game Consoles; PlayStation Consoles","false","true","","","false","false","false","false"
"RadioShack","","120 S Main Street","Yuma","","CO","80759","9708485272","0","","","40.1246468","-102.7241731","53.4108402338043","","false","false","","","false","false","false","false"
"Foltmer Drug","Foltmer Drug","325 Main St","Wray","Yuma","CO","80758","9703324911","0","","http://www.radioshack.com/","40.07815","-102.22217","60.6228541904998","Cell Phones; Ni-Cd Batteries; Li-Ion Batteries; Ni-MH Batteries; Ni-Zn Batteries; Small Sealed Lead Acid Batteries; Computer (Recycling); Computer Monitors; Electronics; Laptop Computers; Computer Peripherals; Small Electronics; Small Televisions; Televisions; Video Game Consoles; PlayStation Consoles","false","true","The U.S. EPA estimates that more than 350 million rechargeable batteries are purchased annually in the U.S. Thanks to the environmental commitment of this location, its easy and free to recycle your batteries. Bring your rechargeable batteries to this location and look for the recycling box or ask an associate how you can do your part for the environment.","","false","false","false","false"
"RadioShack","","325 Main St","Wray","","CO","80758","9703324911","0","","","40.0784669","-102.2224518","60.6320875280233","","false","false","","","false","false","false","false"
"City of Wray Yard Waste Drop-off Site","","Adams St & W 2nd St","Wray","","CO","80758","9703324412","0","","","40.079924","-102.223445","60.6839037280538","","false","false","","","false","false","false","false"
"City of Wray Recycling Drop-Off Site","","Ash St","Wray","","CO","80758","9703324412","0","","","40.0789412","-102.2207238","60.7116946891063","","false","false","","","false","false","false","false"
"Walmart Supercenter","","2160 Commerce Rd","Goodland","","KS","67735","7858992111","0","","https://www.walmart.com/","39.3342759","-101.7283593","61.5120313566057","","false","false","","","false","false","false","false"
"Walmart","Walmart","2160 Commerce Rd","Goodland","Sherman","KS","67735","7858992111","0","","http://www.walmart.com","39.33417","-101.72634","61.620133871635","Lead Acid (Pb) Batteries; Plastic Shopping Bags; Food Storage Bags; Video Game Consoles; PlayStation Consoles","false","true","","","false","false","false","false"
"Lambrecht Recycling","Lambrecht Recycling","1021 W 16th St","Goodland","Sherman","KS","67735","7858995101","0","Monday: 8:00 AM - 5:00 PM Tuesday: 8:00 AM - 5:00 PM Wednesday: 8:00 AM - 5:00 PM Thursday: 8:00 AM - 5:00 PM Friday: 8:00 AM - 5:00 PM Saturday: 9:00 AM - 12:00 PM ","","39.34272","-101.72483","61.6821963530488","Aluminum Cans; Lead Acid (Pb) Batteries; Ferrous Metals (Steel or Iron); Non-ferrous (Copper/Brass/Tin); Video Game Consoles; PlayStation Consoles","false","true","","","false","false","false","false"
"Fixsen Electronics","Fixsen Electronics","1516 Main St","Goodland","Sherman","KS","67735","9138992164","0","","http://www.call2recycle.org/","39.34358","-101.71178","62.3776903073837","Cell Phones; Ni-Cd Batteries; Li-Ion Batteries; Ni-MH Batteries; Ni-Zn Batteries; Small Sealed Lead Acid Batteries; Video Game Consoles; PlayStation Consoles","false","true","The U.S. EPA estimates that more than 350 million rechargeable batteries are purchased annually in the U.S. Thanks to the environmental commitment of this location, its easy and free to recycle your batteries. Bring your rechargeable batteries to this location and look for the recycling box or ask an associate how you can do your part for the environment.","","false","false","false","false"
"Sherman County Household Hazardous Waste Drop-off Program","","1820 Cherry Avenue","Goodland","","KS","67735","7858904868","0","","http://www.kansasrecycles.org/programs/sherman-county","39.339101","-101.7058892","62.7009935029134","","false","false","","","false","false","false","false"
"Cheyenne County Household Hazardous Waste Roundup","","","St. Francis","","KS","67756","7853328842","0","","http://www.cheyennecounty.org/landfill.htm","39.7741861","-101.8009427","64.1343169951411","","false","false","","","false","false","false","false"
"USPS Post Office Box Lobby Recycling Program","US Post Office","117 W Bressler","Bird City","Cheyenne","KS","67731","8002758777","0","","https://www.usps.com/","39.74817","-101.5492","75.731412601851","Catalogs; Greeting Cards; Magazines; Paper (Mixed)","false","true","","","false","false","false","false"
"Walmart Supercenter","","1300 Barlow Rd","Fort Morgan","","CO","80701","9705422272","0","","https://www.walmart.com/","40.2609489","-103.7696503","78.1085407464019","","false","false","","","false","false","false","false"
"Walmart","Walmart","1300 Barlow Rd","Fort Morgan","Morgan","CO","80701","9705422272","0","","http://www.walmart.com","40.25865","-103.77692","78.2170366324951","Lead Acid (Pb) Batteries; Plastic Shopping Bags; Food Storage Bags; Computer (Recycling); Computer Monitors; Electronics; Laptop Computers; Computer Peripherals; Small Electronics; Small Televisions; Televisions; Video Game Consoles; PlayStation Consoles","false","true","","","false","false","false","false"
"Mr. D'S Ace Home Center","Mr. D'S Ace Home Center","1000 E Platte Ave","Fort Morgan","Morgan","CO","80701","9708673303","0","","","40.2539","-103.78729","78.2956331546501","Cell Phones; Compact Fluorescent Lights; Mercury Containing Items; Batteries (Rechargeable); Computer (Recycling); Computer Monitors; Electronics; Laptop Computers; Computer Peripherals; Small Electronics; Small Televisions; Televisions; Video Game Consoles; PlayStation Consoles","false","true","","","false","false","false","false"
"JCPenney","","321 Main St","Fort Morgan","","CO","80701","9708675874","0","","https://www.jcpenney.com/","40.2508021","-103.8018611","78.6071953775774","","false","false","","","false","false","false","false"
"Walgreens","Walgreens","111 E Platte Ave","Fort Morgan","Morgan","CO","80701","9705429345","0","","http://www.walgreens.com","40.25407","-103.80121","78.7617259188415","Cell Phones; Inkjet Printer Cartridges; Computer (Recycling); Computer Monitors; Electronics; Laptop Computers; Computer Peripherals; Small Electronics; Small Televisions; Televisions; Video Game Consoles; PlayStation Consoles","false","true","","","false","false","false","false"
"Goodwill Industries of Denver - Dell Reconnect Donation Site","","110 W. Platte Ave.","Fort Morgan","","CO","80701","9705428010","0","","https://www.goodwilldenver.org/","40.2536243","-103.8023366","78.7748746101208","","false","false","","","false","false","false","false"
"Safeway","","620 West Platte Avenue","Fort Morgan","","CO","80701","9708673377","0","","https://shop.safeway.com/home.html","40.2529939","-103.8101245","78.9987707093539","","false","false","","","false","false","false","false"
"Call2Recycle at Morgan County Solid Waste Dept","Call2Recycle at Morgan County Solid Waste Dept","21448 Co Rd 22 ","Fort Morgan","Morgan County","CO","80701","9708679713","0","","http://www.co.morgan.co.us/","40.2974951","-103.7347677","79.0488503153498","Cell Phones; Ni-Cd Batteries; Li-Ion Batteries; Ni-MH Batteries; Ni-Zn Batteries; Small Sealed Lead Acid Batteries; Computer (Recycling); Computer Monitors; Electronics; Laptop Computers; Computer Peripherals; Small Electronics; Small Televisions; Televisions; Video Game Consoles; PlayStation Consoles","false","true","The U.S. EPA estimates that more than 350 million rechargeable batteries are purchased annually in the U.S. Thanks to the environmental commitment of this location, its easy and free to recycle your rechargeable batteries. Look for the recycling box or ask a staff member how you can do your part for the environment.","","false","false","false","false"
"MORGAN COUNTY LANDFILL","null","21448 Co Rd 22 ","Fort Morgan","Morgan County","CO","80701","9708679713","0","","https://www.colorado.gov/morgancounty","40.3094321","-103.7305539","79.5960964542906","Computer (Recycling); Computer Monitors; Electronics; Laptop Computers; Computer Peripherals; Small Electronics; Small Televisions; Televisions; Video Game Consoles; PlayStation Consoles","false","true","$15 for TV 32"" and smaller, $35 for TVs 33"" and large; County Residents Only","Sony, Vizio, OEM, OEM Indiv, OEM Municipal sites","false","false","false","false"
"City of Ft Morgan Landfill and Recycling Drop-off Site","","21448 County Road 22","Fort Morgan","","CO","80701","9708679713","0","","https://www.cityoffortmorgan.com/399/Sanitation-Department","40.3094321","-103.7305539","79.5960964542906","","false","false","","","false","false","false","false"
"City of Ft Morgan Landfill","City of Ft Morgan Landfill","21448 Morgan County Rd 22","Fort Morgan ","Morgan","CO","80701","9708679713","0","Monday: 8:00 AM - 4:00 PM Wednesday: 8:00 AM - 4:00 PM Friday: 8:00 AM - 4:00 PM ","http://www.cityoffortmorgan.com/","40.3191373","-103.7454023","80.5937919057784","Ni-Cd Batteries; Non-ferrous (Copper/Brass/Tin); Batteries (Rechargeable); Used Motor Oil; Used Tires; Computer (Recycling); Computer Monitors; Electronics; Laptop Computers; Computer Peripherals; Small Electronics; Small Televisions; Televisions; Video Game Consoles; PlayStation Consoles","false","true","","","false","false","false","false"
"911 Cell Phone Bank - Elderbridge Area Agency On Aging","911 Cell Phone Bank - Elderbridge Area Agency On Aging","751 Ute Ave","Kiowa","Elbert","CO","80117","8662907864","0","","http://www.911cellphonebank.org/","39.32503","-104.43937","83.4007073788103","Cell Phones; Cameras; Laptop Computers; MP3 Players; Video Games; Video Game Consoles; Smart watches & Apple Watch®
","false","true","Please call to verify drop-off procedures and directions to the location.  For prepaid shipping labels, visit http://www.911cellphonebank.org/drop-off-locations.asp - click on "print shipping label."","","false","false","false","false"
"Southeast and East Central Recycling Association Drop-off Bin","","211 Main Street","Wiley","","CO","81092","7198294974","0","","","38.1528007","-102.720051","83.9014012561437","","false","false","","","false","false","false","false"
"Greeley County Recycling Center","","417 Ingalls Ave","Tribune","","KS","67879","6203762548","0","","http://www.greeleycounty.org/services-utilities/","38.4687817","-101.755195","86.3070198917649","","false","false","","","false","false","false","false"
"RadioShack","RadioShack","710 E Colfax Ave","Bennett","Arapahoe","CO","80102","3036443311","0","Monday: 8:00 AM - 6:00 PM Tuesday: 8:00 AM - 6:00 PM Wednesday: 8:00 AM - 6:00 PM Thursday: 8:00 AM - 6:00 PM Friday: 8:00 AM - 6:00 PM Saturday: 8:00 AM - 6:00 PM Sunday: 8:00 AM - 5:00 PM ","http://www.radioshack.com","39.7555","-104.42437","86.7065954153894","Ni-Cd Batteries; Batteries (Rechargeable); Computer (Recycling); Computer Monitors; Electronics; Laptop Computers; Computer Peripherals; Small Electronics; Small Televisions; Televisions; Video Game Consoles; PlayStation Consoles","false","true","","","false","false","false","false"
"Greatwood Lumber & Hardware","","1555 South 1st Street","Bennett","","CO","80102","3036445000","0","","","39.7359098","-104.4341655","86.7995261795968","","false","false","","","false","false","false","false"
"Greatwood Lumber & Hardware","Greatwood Lumber & Hardware","1555 S 1st St","Bennett","Arapahoe","CO","80102","3036445000","0","","http://www.acehardware.com/","39.73632","-104.43474","86.8369636337249","Cell Phones; Ni-Cd Batteries; Li-Ion Batteries; Ni-MH Batteries; Ni-Zn Batteries; Small Sealed Lead Acid Batteries; Computer (Recycling); Computer Monitors; Electronics; Laptop Computers; Computer Peripherals; Small Electronics; Small Televisions; Televisions; Video Game Consoles; PlayStation Consoles","false","true","The U.S. EPA estimates that more than 350 million rechargeable batteries are purchased annually in the U.S. Thanks to the environmental commitment of this location, its easy and free to recycle your batteries. Bring your rechargeable batteries to this location and look for the recycling box or ask an associate how you can do your part for the environment.","","false","false","false","false"
"O'Reilly Auto Parts","","350 South 1st Street","Bennett","","CO","80102","3036444050","0","","http://oreillyauto.custhelp.com/app/error/error_id/6","39.752124","-104.4324387","87.0438645023547","","false","false","","","false","false","false","false"
"O'Reilly Auto Parts","null","421 North Main ","Lamar","","CO","81052","7193367400","0","","http://oreillyauto.custhelp.com/app/error/error_id/6","38.0938239","-102.620141","88.6432380270436","","false","false","","","false","false","false","false"
"RadioShack","RadioShack","210 Main St","Sterling","Logan","CO","80751","9705228324","0","Monday: 9:00 AM - 6:00 PM Tuesday: 9:00 AM - 6:00 PM Wednesday: 9:00 AM - 6:00 PM Thursday: 9:00 AM - 6:00 PM Friday: 9:00 AM - 6:00 PM Saturday: 9:00 AM - 5:00 PM ","http://www.radioshack.com","40.62352","-103.20744","88.9531370912204","Ni-Cd Batteries; Batteries (Rechargeable); Computer (Recycling); Computer Monitors; Electronics; Laptop Computers; Computer Peripherals; Small Electronics; Small Televisions; Televisions; Video Game Consoles; PlayStation Consoles","false","true","","","false","false","false","false"
"Southeast and East Central Recycling Association Drop-off Bin","","204 S 6th St","Lamar","","CO","81052","7193363634","0","","","38.0876178","-102.622249","89.0490483665388","","false","false","","","false","false","false","false"
"RadioShack","","509 E Olive St","Lamar","","CO","81052","7193367888","0","","","38.0887975","-102.6125167","89.0516644936571","","false","false","","","false","false","false","false"
"City of Lamar Household Hazardous Waste Event","","","Lamar","","CO","81052","7193362002","0","","https://www.ci.lamar.co.us","38.0872307","-102.6207496","89.0880722893694","","false","false","","","false","false","false","false"
"Southeast and East Central Recycling Association Drop-off Bin","","South Highway 287","Lamar","","CO","81052","7195231805","0","","","38.0873099","-102.6192162","89.095625532046","","false","false","","","false","false","false","false"
"Walgreens","Walgreens","101 W Main St","Sterling","Logan","CO","80751","9705221447","0","","http://www.walgreens.com","40.62524","-103.21199","89.1169343543057","Cell Phones; Inkjet Printer Cartridges; Computer (Recycling); Computer Monitors; Electronics; Laptop Computers; Computer Peripherals; Small Electronics; Small Televisions; Televisions; Video Game Consoles; PlayStation Consoles","false","true","","","false","false","false","false"
"Walmart","Walmart","1432 E Olive St","Lamar","Prowers","CO","81052","7193360530","0","","http://www.walmart.com","38.08839","-102.60381","89.1563680553675","Lead Acid (Pb) Batteries; Plastic Shopping Bags; Food Storage Bags; Computer (Recycling); Computer Monitors; Electronics; Laptop Computers; Computer Peripherals; Small Electronics; Small Televisions; Televisions; Video Game Consoles; PlayStation Consoles","false","true","","","false","false","false","false"
"Safeway","","906 E Olive St","Lamar","","CO","81052","7193362540","0","","https://shop.safeway.com/home.html","38.0874402","-102.6081666","89.1823335416221","","false","false","","","false","false","false","false"
"Southeast and East Central Recycling Association Drop-off Bin","","906 E Olive","Lamar","","CO","81052","7193362540","0","","","38.0874402","-102.6081666","89.1823335416221","","false","false","","","false","false","false","false"
"Logan County","null","24235 US-6 ","Sterling","Logan County","CO","80751","9705228657","0","","https://www.colorado.gov/pacific/logan/logan-county-landfill","40.6384042","-103.1206704","89.1885683142543","Computer (Recycling); Computer Monitors; Electronics; Laptop Computers; Computer Peripherals; Small Electronics; Small Televisions; Televisions; Video Game Consoles; PlayStation Consoles","false","true","For fees please visit: https://www.colorado.gov/pacific/sites/default/files/E-Waste%20Recycling%20Fees.pdf; Sony branded equipment can be taken to this site for free recycling.; County Residents Only","Sony, Vizio, OEM, OEM Indiv, OEM Municipal sites","false","false","false","false"
"Logan County Landfill and Recycling Center","","24235 U.S. 6","Sterling","","CO","80751","9705228657","0","","https://www.colorado.gov/logan?page_id=109","40.6384042","-103.1206704","89.1885683142543","","false","false","","","false","false","false","false"
"Logan County Landfill and Recycling Center","","24235 U.S. 6","Sterling","","CO","80751","9705228657","0","","https://www.colorado.gov/logan?page_id=109","40.6384042","-103.1206704","89.1885683142543","","false","false","","","false","false","false","false"
"Walmart Supercenter","","1432 E Olive St","Lamar","","CO","81052","7193360530","0","","https://www.walmart.com/","38.0868012","-102.6020677","89.2802965058598","","false","false","","","false","false","false","false"
"Walmart Tire and Lube Express","","1432 E Olive St","Lamar","","CO","81052","7193360530","0","","https://www.walmart.com/cp/ideas/8932632","38.0868012","-102.6020677","89.2802965058598","","false","false","","","false","false","false","false"
"Mr. D's Ace Home Center","","1350 West Main Street","Sterling","","CO","80751","9705225104","0","","","40.6263882","-103.2322634","89.4127808988787","","false","false","","","false","false","false","false"
"Smith Wholesale Hardware","","125 South Colorado Avenue","Haxtun","","CO","80731","9707746121","0","","","40.6418219","-102.628932","89.4892636982939","","false","false","","","false","false","false","false"
"Smith Wholesale Hardware","Smith Wholesale Hardware","125 S Colorado Ave ","Haxtun","Phillips County","CO","80731","9707746121","0","","","40.6418833","-102.6285807","89.496211053334","Cell Phones; Compact Fluorescent Lights; Mercury Containing Items; Batteries (Rechargeable); Computer (Recycling); Computer Monitors; Electronics; Laptop Computers; Computer Peripherals; Small Electronics; Small Televisions; Televisions; Video Game Consoles; PlayStation Consoles","false","true","","","false","false","false","false"
"Home Depot","","1614 W Main St","Sterling","","CO","80751","9705221599","0","","https://ecooptions.homedepot.com/","40.6267464","-103.2385746","89.507369335595","Batteries (Rechargeable); Cell Phone Batteries; Li-Ion Batteries; Ni-Cd Batteries; Ni-MH Batteries; Small Sealed Lead Acid Batteries","false","true","","Call2Recycle","false","false","false","false"
"Walmart Supercenter","","1510 W Main St","Sterling","","CO","80751","9705220600","0","","https://www.walmart.com/","40.6271329","-103.2365911","89.5112047315741","","false","false","","","false","false","false","false"
"ARC Thrift Store","ARC Thrift Store","10000 E Colfax Ave","Aurora","Arapahoe","CO","80010","3033439843","0","Monday: 9:00 AM - 9:00 PM Tuesday: 9:00 AM - 9:00 PM Wednesday: 9:00 AM - 9:00 PM Thursday: 9:00 AM - 9:00 PM Friday: 9:00 AM - 9:00 PM Saturday: 8:00 AM - 9:00 PM Sunday: 10:00 AM - 6:00 PM ","http://www.arcthrift.com","39.7402","-104.4871","89.5785417416728","Books (Reuse); Clothing; Computer (Reuse); Gift Bags; Furniture; Household Goods; Ornaments; Reusable Appliance Donation; Sporting Goods; Children's Toys; Car Donation; Computer (Recycling); Computer Monitors; Electronics; Laptop Computers; Computer Peripherals; Small Electronics; Small Televisions; Televisions; Video Game Consoles; PlayStation Consoles","true","true","This store accepts gently used clothing and household items.  The proceeds generated through ARC Thrift Stores are distributed to The Arc and the Association for Community Living. To schedule a pick-up, please call 303-343-9843.","","false","false","false","false"
"JCPenney","","126 Jackson St","Sterling","","CO","80751","9705222784","0","","https://www.jcpenney.com/","40.6340141","-103.2073877","89.6635210497012","","false","false","","","false","false","false","false"
"RadioShack","","240 S Interocean Ave","Holyoke","","CO","80734","9708545000","0","","","40.5838423","-102.3025929","89.8430554613295","","false","false","","","false","false","false","false"
"Walmart","Walmart","1510 W Main St","Sterling","Logan","CO","80751","9705220600","0","","http://www.walmart.com","40.63336","-103.24012","89.971050236951","Lead Acid (Pb) Batteries; Plastic Shopping Bags; Food Storage Bags; Computer (Recycling); Computer Monitors; Electronics; Laptop Computers; Computer Peripherals; Small Electronics; Small Televisions; Televisions; Video Game Consoles; PlayStation Consoles","false","true","","","false","false","false","false"
"Call2Recycle at the Home Depot","Call2Recycle at the Home Depot","1614 W Main St","Sterling","Logan","CO","80751","9705221599","0","","http://www.homedepot.com/","40.63346","-103.28754","90.543872132481","Cell Phones; Compact Fluorescent Lights; Ni-Cd Batteries; Li-Ion Batteries; Ni-MH Batteries; Ni-Zn Batteries; Small Sealed Lead Acid Batteries; Computer (Recycling); Computer Monitors; Electronics; Laptop Computers; Computer Peripherals; Small Electronics; Small Televisions; Televisions; Video Game Consoles; PlayStation Consoles","false","true","The Home Depot accepts used rechargeable batteries and compact fluorescent bulbs. Look for the orange drop boxes, usually located near the front entrance near the customer service desk, or ask a store associate for more details.","","false","false","false","false"
"A & A Tradin' Post Elizabeth","","175 West Kiowa Avenue","Elizabeth","","CO","80107","3036469366","0","","","39.3619777","-104.6009464","91.9727141729728","","false","false","","","false","false","false","false"
"Alpine Waste/East Regional Landfill","","8201 Schumaker Rd","Bennett","","CO","80102","3037449881","0","","https://alpinewaste.com/our-services/disposal-services/","39.8456245","-104.4958201","92.3453831418371","","false","false","","","false","false","false","false"
"Safeway","","220 Elizabeth Street","Elizabeth","","CO","80107","3036460336","0","","https://shop.safeway.com/home.html","39.3600208","-104.610053","92.4604229719302","","false","false","","","false","false","false","false"
"Walmart Supercenter","","2100 Legacy Cir","Elizabeth","","CO","80107","3036462599","0","","https://www.walmart.com/","39.3601031","-104.6234288","93.1748460860265","","false","false","","","false","false","false","false"
"Wichita County Landfill HHW Collection","","401 County Road L","Leoti","","KS","67861","0","0","","","38.5393282","-101.4764823","94.3459031119446","","false","false","","","false","false","false","false"
"Safeway","","7655 McLaughlin Road","Peyton","","CO","80831","7194957300","0","","https://shop.safeway.com/home.html","38.9438631","-104.602642","96.7270625286291","","false","false","","","false","false","false","false"
"O'Reilly Auto Parts","null","7545 Mclaughlin Road","Peyton","","CO","80831","7194957614","0","","http://oreillyauto.custhelp.com/app/error/error_id/6","38.9396647","-104.6019026","96.7786819287861","","false","false","","","false","false","false","false"
"City of Colorado Springs Christmas Tree drop-off - Falcon Trailhead","","E Woodmen Rd & McLaughlin Rd","Peyton","","CO","80831","7195207878","0","","https://gazette.com","38.9405227","-104.6042767","96.8816794971822","","false","false","","","false","false","false","false"
"Walgreens","Walgreens","7392 McLaughlin Rd","Peyton","El Paso","CO","80831","7192191252","0","","http://www.walgreens.com","38.93962","-104.605","96.9379177762906","Cell Phones; Inkjet Cartridge Refilling; Inkjet Printer Cartridges; Computer (Recycling); Computer Monitors; Electronics; Laptop Computers; Computer Peripherals; Small Electronics; Small Televisions; Televisions; Video Game Consoles; PlayStation Consoles","false","true","","","false","false","false","false"
"AutoZone","","11735 Meridian Market View","Peyton","","CO","80831","7194941877","0","","https://www.autozone.com/landing/page.jsp?name=in-our-stores","38.9400826","-104.6092789","97.1467569346675","","false","false","","","false","false","false","false"
"The UPS Store 5983","","11605 Meridian Market View #124","Falcon","","CO","80831","7198864290","0","","https://locations.theupsstore.com/co/falcon/11605-meridian-market-view","38.9388838","-104.6097055","97.1941256380588","","false","false","","","false","false","false","false"
"Discover Goodwill of Southern and Western Colorado - Dell Reconnect Donation Site","","11550 Meridian Market View","Falcon","","CO","80831","7195222910","0","","https://www.discovermygoodwill.org/","38.9387116","-104.6100924","97.2175762624059","","false","false","","","false","false","false","false"
"Walmart Supercenter","","11550 Meridian Market View","Peyton","","CO","80831","7195222910","0","","https://www.walmart.com/","38.9390129","-104.6129277","97.3560735703693","","false","false","","","false","false","false","false"
"Walmart Tire and Lube Express","","11550 Meridian Market View","Peyton","","CO","80831","7195222910","0","","https://www.walmart.com/cp/ideas/8932632","38.9390129","-104.6129277","97.3560735703693","","false","false","","","false","false","false","false"
"RadioShack","RadioShack","1870 S Range Ave","Colby","Thomas","KS","67701","7854606601","0","Monday: 9:00 AM - 6:00 PM Tuesday: 9:00 AM - 6:00 PM Wednesday: 9:00 AM - 6:00 PM Thursday: 9:00 AM - 6:00 PM Friday: 9:00 AM - 6:00 PM ","http://www.radioshack.com","39.37117","-101.05496","97.4388957014595","Ni-Cd Batteries; Batteries (Rechargeable); Video Game Consoles; PlayStation Consoles","false","true","","","false","false","false","false"
"Gavon's Electronics","Gavon's Electronics","1870 S Range Ave","Colby","Thomas","KS","67701","7854606601","0","","http://www.radioshack.com/","39.37117","-101.05496","97.4388957014595","Cell Phones; Ni-Cd Batteries; Li-Ion Batteries; Ni-MH Batteries; Ni-Zn Batteries; Small Sealed Lead Acid Batteries; Video Game Consoles; PlayStation Consoles","false","true","The U.S. EPA estimates that more than 350 million rechargeable batteries are purchased annually in the U.S. Thanks to the environmental commitment of this location, its easy and free to recycle your batteries. Bring your rechargeable batteries to this location and look for the recycling box or ask an associate how you can do your part for the environment.","","false","false","false","false"
"WM Colorado Springs Landfill","null","1010 N Blaney Rd ","Colorado Springs","El Paso County","CO","80929","8669094458","0","","https://www.wmsolutions.com/locations/details","38.8439064","-104.572187","97.5432413430369","Computer (Recycling); Computer Monitors; Electronics; Laptop Computers; Computer Peripherals; Small Electronics; Small Televisions; Televisions; Video Game Consoles; PlayStation Consoles","false","true","","Sony, Vizio, OEM, OEM Indiv, OEM Private Sites","false","false","false","false"
"Firestone Complete Auto Care","","25515 E Smokey Hill Rd","Aurora","","CO","80015","3036800757","0","","https://www.firestonecompleteautocare.com/","39.5892369","-104.6905328","97.8806863197213","","false","false","","","false","false","false","false"
"Walmart Supercenter","","W Willow","Colby","","KS","67701","7854628634","0","","https://www.walmart.com/","39.3652682","-101.0459873","97.9201380420827","","false","false","","","false","false","false","false"
"United Methodist Church","United Methodist Church","950 S Franklin Ave","Colby","Thomas","KS","67701","7854622761","0","Sunday: 12:00 AM - 11:59 PM Monday: 12:00 AM - 11:59 PM Tuesday: 12:00 AM - 11:59 PM Wednesday: 12:00 AM - 11:59 PM Thursday: 12:00 AM - 11:59 PM Friday: 12:00 AM - 11:59 PM Saturday: 12:00 AM - 11:59 PM ","null","39.38518","-101.04596","97.9216114455073","Computer Paper; Greeting Cards; Paper (Mixed); Newspapers; Office Paper; Video Game Consoles; PlayStation Consoles","false","true","","","false","false","false","false"
"Walmart","Walmart","115 W Willow St","Colby","Thomas","KS","67701","7854628634","0","","http://www.walmart.com","39.37408","-101.04396","98.0260353593981","Lead Acid (Pb) Batteries; Plastic Shopping Bags; Food Storage Bags; Video Game Consoles; PlayStation Consoles","false","true","","","false","false","false","false"
"USPS Post Office Box Lobby Recycling Program","US Post Office","535 N Court Ave","Colby","Thomas","KS","67701","8002758777","0","","https://www.usps.com/","39.39836","-101.04326","98.0763816386234","Catalogs; Greeting Cards; Magazines; Paper (Mixed)","false","true","","","false","false","false","false"
"Lowe's","","24505 South Wheatlands Parkway","Aurora","","CO","80016","3034951009","0","","https://newsroom.lowes.com/responsibility/operational-excellence/","39.6017572","-104.6932449","98.1578001176158","","false","false","","","false","false","false","false"
