name,description,address,city,region,province,postal_code,phone,fax,hours,url,latitude,longitude,distance,materials,pickup,dropoff,notes,groups,curbside,municipal,national,event_only
"Jurgens Oil Company","Jurgens Oil Company","406 Main St ","Wilmot","Roberts County","SD","57279","6059384641","0","Monday: 8:00 AM - 9:00 PM Tuesday: 8:00 AM - 9:00 PM Wednesday: 8:00 AM - 9:00 PM Thursday: 8:00 AM - 9:00 PM Friday: 8:00 AM - 9:00 PM Saturday: 8:00 AM - 9:00 PM ","null","45.4097219","-96.8618525","0.19596440922371","Used Motor Oil; Video Game Consoles; PlayStation Consoles","false","true","","","false","false","false","false"
"Big Stone County Community Drop-off Site- Beardsley","","Westfall St","Beardsley","","MN","56211","3208396376","0","","http://www.bigstonecounty.org","45.5555306","-96.7095304","12.6313897655211","","false","false","","","false","false","false","false"
"Hansen Chevrolet","Hansen Chevrolet","202 2nd Ave S ","Browns Valley","Traverse County","MN","56219","3206952491","0","","null","45.5933195","-96.8296238","12.9708613881566","Used Motor Oil; Oil Filters; Computer (Recycling); Computer Monitors; DVD Players/Blu-Ray Players/DVRs; Electronics; Laptop Computers; Computer Peripherals; Printers/Scanners/Fax Machines; Small Electronics; Small Televisions; Tablets; Televisions; VCRs; Video Game Consoles; PlayStation Consoles","false","true","","","false","false","false","false"
"Call2Recycle at Roger's Electric Motor Service","Call2Recycle at Roger's Electric Motor Service","205 E 22nd Ave","Milbank","Grant","SD","57252","6054326990","0","","http://www.call2recycle.org/","45.20757","-96.66793","16.6742011953063","Cell Phones; Ni-Cd Batteries; Li-Ion Batteries; Ni-MH Batteries; Ni-Zn Batteries; Small Sealed Lead Acid Batteries; Video Game Consoles; PlayStation Consoles","false","true","The U.S. EPA estimates that more than 350 million rechargeable batteries are purchased annually in the U.S. Thanks to the environmental commitment of this location, its easy and free to recycle your batteries. Bring your rechargeable batteries to this location and look for the recycling box or ask an associate how you can do your part for the environment.","","false","false","false","false"
"Call2Recycle at Milbank Communications","Call2Recycle at Milbank Communications","901 S Dakota St","Milbank","Grant","SD","57252","6054326798","0","","http://www.milbankcommunications.com/","45.21383","-96.64077","17.1126604729647","Cell Phones; Ni-Cd Batteries; Li-Ion Batteries; Ni-MH Batteries; Ni-Zn Batteries; Small Sealed Lead Acid Batteries; Video Game Consoles; PlayStation Consoles","false","true","The U.S. EPA estimates that more than 350 million rechargeable batteries are purchased annually in the U.S. Thanks to the environmental commitment of this location, its easy and free to recycle your batteries. Bring your rechargeable batteries to this location and look for the recycling box or ask an associate how you can do your part for the environment.","","false","false","false","false"
"Big Stone County Community Drop-off Site- Barry","","Parnell St","Barry","","MN","56210","3208396376","0","","http://www.bigstonecounty.org","45.5596539","-96.5594389","18.0359740970081","","false","false","","","false","false","false","false"
"Big Stone County Community Drop-off Site- Clinton","","Hill St","Clinton","","MN","56225","3208396376","0","","http://www.bigstonecounty.org","45.4608981","-96.4383745","20.8449049175703","","false","false","","","false","false","false","false"
"Ortonville Home Services","","213 Northwest 2nd Street","Ortonville","","MN","56278","3208393192","0","","","45.3139161","-96.4521365","20.8799676865243","","false","false","","","false","false","false","false"
"Ortonville Home Services","Ortonville Home Services","213 2nd St NW","Ortonville","Big Stone","MN","56278","3208393192","0","Monday: 8:00 AM - 5:30 PM Tuesday: 8:00 AM - 5:30 PM Wednesday: 8:00 AM - 5:30 PM Thursday: 8:00 AM - 5:30 PM Friday: 8:00 AM - 5:00 PM Saturday: 8:00 AM - 5:00 PM ","null","45.30596","-96.44617","21.3304487330208","Compact Fluorescent Lights; Fluorescent Lamps/Tubes; Computer (Recycling); Computer Monitors; DVD Players/Blu-Ray Players/DVRs; Electronics; Laptop Computers; Computer Peripherals; Printers/Scanners/Fax Machines; Small Electronics; Small Televisions; Tablets; Televisions; VCRs; Video Game Consoles; PlayStation Consoles","false","true","","","false","false","false","false"
"RadioShack - Big Stone Cellular","RadioShack - Big Stone Cellular","117 2nd St NW","Ortonville","Big Stone","MN","56278","3208393264","0","Monday: 8:30 AM - 6:00 PM Tuesday: 8:30 AM - 6:00 PM Wednesday: 8:30 AM - 6:00 PM Thursday: 8:30 AM - 6:00 PM Friday: 8:30 AM - 6:00 PM Saturday: 9:00 AM - 4:00 PM Sunday: 11:00 AM - 3:00 PM ","http://www.radioshack.com","45.30527","-96.44564","21.3704999827648","Cell Phones; Ni-Cd Batteries; Batteries (Rechargeable); Computer (Recycling); Computer Monitors; DVD Players/Blu-Ray Players/DVRs; Electronics; Laptop Computers; Computer Peripherals; Printers/Scanners/Fax Machines; Small Electronics; Small Televisions; Tablets; Televisions; VCRs; Video Game Consoles; PlayStation Consoles","false","true","","","false","false","false","false"
"Big Stone County Highway Garage","","437 Minnesota St N","Ortonville","","MN","56278","3208392595","0","","http://www.bigstonecounty.org","45.314092","-96.441198","21.3821676682545","","false","false","","","false","false","false","false"
"Big Stone County Household Hazardous Waste Collection Program","","","Ortonville","","MN","56278","3208396376","0","","http://www.bigstonecounty.org","45.3047822","-96.4450624","21.4081530120383","","false","false","","","false","false","false","false"
"Big Stone County Environmental Office","","20 2nd St SE","Ortonville","","MN","56278","3208396376","0","","http://www.bigstonecounty.org","45.3046218","-96.4444209","21.441236850124","Batteries (Rechargeable); Cell Phone Batteries; Li-Ion Batteries; Ni-Cd Batteries; Ni-MH Batteries; Small Sealed Lead Acid Batteries; Cell Phones","false","true","","Call2Recycle","false","false","false","false"
"Waste Management - Ortonville Recycle America","","770 North Highway 75","Ortonville","","MN","56278","8006544306","0","","","45.3017729","-96.4296634","22.1831016320872","","false","false","","","false","false","false","false"
"Big Stone County Community Drop-off Site- Graceville","","4th St & St Joseph Ave","Graceville","","MN","56240","3208396376","0","","http://www.bigstonecounty.org","45.5709821","-96.436018","23.515307630189","","false","false","","","false","false","false","false"
"Big Stone County Community Drop-off Site- Odessa","","County Highway 28","Odessa","","MN","56276","3208396376","0","","http://www.bigstonecounty.org","45.2619238","-96.3323032","27.5794710098462","","false","false","","","false","false","false","false"
"Big Stone County Community Drop-off Site- Johnson","","1st St","Johnson","","MN","56236","3208396376","0","","http://www.bigstonecounty.org","45.5738212","-96.2943247","29.7876396807382","","false","false","","","false","false","false","false"
"Reprint Bedding","Reprint Bedding","46020 Co Hwy 10 ","Sisseton","Marshall County","SD","57262","6056983834","0","Monday: 8:30 AM - 4:30 PM Tuesday: 8:30 AM - 4:30 PM Wednesday: 8:30 AM - 4:30 PM Thursday: 8:30 AM - 4:30 PM Friday: 8:30 AM - 4:30 PM ","http://www.state.sd.us","45.7210402","-97.2863658","29.8935893716714","Plastic #1 (PETE); Plastic #2 (HDPE); Plastic #2 (Color HDPE); Aluminum Cans; Book Recycling; Cardboard; Catalogs; Computer Paper; Magazines; Newspapers; Phone books; Tin or Steel Cans; Office Paper; Video Game Consoles; PlayStation Consoles","false","true","Please call before bringing any materials to this site.","","false","false","false","false"
"Myron's Welding","Myron's Welding","14253 SD Highway 25","Webster","Day","SD","57274","6053453385","0","Sunday: 12:00 AM - 11:59 PM Monday: 12:00 AM - 11:59 PM Tuesday: 12:00 AM - 11:59 PM Wednesday: 12:00 AM - 11:59 PM Thursday: 12:00 AM - 11:59 PM Friday: 12:00 AM - 11:59 PM Saturday: 12:00 AM - 11:59 PM ","null","45.34224","-97.52001","32.2762836242638","Aluminum Cans; Car; Automobile Parts; Lead Acid (Pb) Batteries; Ferrous Metals (Steel or Iron); Non-ferrous (Copper/Brass/Tin); Used Motor Oil; Video Game Consoles; PlayStation Consoles","false","true","Please call before dropping any materials off.  This site can also be reached at (605)881-6030.  This site may make pick-up arrangements for auto bodies.  Please contact the site for additional information.","","false","false","false","false"
"Traverse County Household Hazardous Waste Collection Event","","","Wheaton","","MN","56296","3205634411","0","","https://www.co.traverse.mn.us/","45.8044052","-96.499233","32.5672859454708","","false","false","","","false","false","false","false"
"USPS Post Office Box Lobby Recycling Program","US Post Office","1107 Broadway","Wheaton","Traverse","MN","56296","8002758777","0","","https://www.usps.com/","45.80429","-96.4985","32.5796441078102","Catalogs; Greeting Cards; Magazines; Paper (Mixed)","false","true","","","false","false","false","false"
"Traverse CoOp Oil Association","Traverse CoOp Oil Association","201 5th St S","Wheaton","Traverse","MN","56296","3205638207","0","","","45.80111","-96.48983","32.623787640412","Used Motor Oil; Oil Filters; Computer (Recycling); Computer Monitors; DVD Players/Blu-Ray Players/DVRs; Electronics; Laptop Computers; Computer Peripherals; Printers/Scanners/Fax Machines; Small Electronics; Small Televisions; Tablets; Televisions; VCRs; Video Game Consoles; PlayStation Consoles","false","true","","","false","false","false","false"
"Traverse County Sheriff","","203 7th St N","Wheaton","","MN","56296","0","0","","https://www.pca.state.mn.us/living-green/managing-unwanted-medications","45.8028489","-96.4924832","32.6537957356128","","false","false","","","false","false","false","false"
"Lac Qui Parle County Recycling Drop-Off Site - Bellingham","","Main Ave","Bellingham","","MN","56212","3205983132","0","","http://www.lqpco.com/environment.php","45.1361231","-96.283775","33.7449080665943","","false","false","","","false","false","false","false"
"USPS Post Office Box Lobby Recycling Program","US Post Office","200 3rd Ave N","Marietta","Lac Qui Parle","MN","56257","8002758777","0","","https://www.usps.com/","45.01083","-96.41747","34.8670665642208","Catalogs; Greeting Cards; Magazines; Paper (Mixed)","false","true","","","false","false","false","false"
"Lac Qui Parle County Recycling Drop-Off Site - Marietta City Park","","City Park","Marietta","","MN","56257","3205983132","0","","http://www.lqpco.com/environment.php","45.0085113","-96.4133435","35.1175921117792","","false","false","","","false","false","false","false"
"Big Stone County Community Drop-off Site- Correll","","2nd St & Woods Ave","Correll","","MN","56208","3208396376","0","","http://www.bigstonecounty.org","45.2320525","-96.1607832","36.1157834335148","","false","false","","","false","false","false","false"
"Dependable Sanitation Inc.","Dependable Sanitation Inc.","717 11th St NW","Watertown","Codington","SD","57201","6058863006","0","Monday: 8:30 AM - 5:00 PM Tuesday: 8:30 AM - 5:00 PM Wednesday: 8:30 AM - 5:00 PM Thursday: 8:30 AM - 5:00 PM Friday: 8:30 AM - 5:00 PM Saturday: 8:30 AM - 12:00 PM ","","44.90912","-97.09671","36.252607573175","Plastic #1 (PETE); Plastic #2 (HDPE); Plastic #2 (Color HDPE); Aluminum Cans; Cardboard; Catalogs; Computer Paper; Greeting Cards; Magazines; Paper (Mixed); Newspapers; Phone books; Tin or Steel Cans; Office Paper; Video Game Consoles; PlayStation Consoles","true","true","This site makes pick-up arrangements for business customers.  Please contact the site for additional information.","","false","false","false","false"
"Benchmark Foam","","401 Pheasant Ridge Dr","Watertown","","SD","57201","8006583444","0","","http://benchmarkfoam.com/","44.8962847","-97.0538738","36.5042089681348","","false","false","","","false","false","false","false"
"Dependable Sanitation Inc.","","717 11th St NW","Watertown","","SD","57201","6058863006","0","","","44.9095143","-97.1359239","36.875914301024","","false","false","","","false","false","false","false"
"Mahowald Company","Mahowald Company","25 N Broadway","Watertown","Codington","SD","57201","6058863151","0","","http://www.doitbest.com/","44.90073","-97.11454","37.0830690780719","Cell Phones; Ni-Cd Batteries; Li-Ion Batteries; Ni-MH Batteries; Ni-Zn Batteries; Small Sealed Lead Acid Batteries; Video Game Consoles; PlayStation Consoles","false","true","The U.S. EPA estimates that more than 350 million rechargeable batteries are purchased annually in the U.S. Thanks to the environmental commitment of this location, its easy and free to recycle your batteries. Bring your rechargeable batteries to this location and look for the recycling box or ask an associate how you can do your part for the environment.","","false","false","false","false"
"Benchmark Foam, Inc.","Benchmark Foam, Inc.","3200 9th Ave SE","Watertown","Codington","SD","57201","6058868084","0","Monday: 8:00 AM - 5:00 PM Tuesday: 8:00 AM - 5:00 PM Wednesday: 8:00 AM - 5:00 PM Thursday: 8:00 AM - 5:00 PM Friday: 8:00 AM - 5:00 PM ","","44.8898","-97.06544","37.0846280980009","Plastic #6 (Polystyrene); Packing Peanut (Reuse); Video Game Consoles; PlayStation Consoles","false","true","Please call ahead if you are bringing in large amounts of recyclables.","","false","false","false","false"
"Tractor Supply","null","2200 9TH AVE Southeast","Watertown","","SD","57201","6058862735","0","","https://www.tractorsupply.com/","44.9033427","-97.1318057","37.2023218237092","","false","false","","","false","false","false","false"
"Tractor Supply","Tractor Supply","2200 9TH AVE Southeast","Watertown","Codington","SD","57201","6058862735","0","","http://www.tractorsupply.com","44.90285","-97.13138","37.2268441074163","Transmission Fluid; Used Motor Oil; Video Game Consoles; PlayStation Consoles","false","true","","","false","false","false","false"
"Sioux City Goodwill - Dell Reconnect Donation Site","","2318   9th  Avenue","Watertown","","SD","57201","6058866379","0","","https://www.goodwillgreatplains.org/","44.88938","-97.0769061","37.2661703041191","","false","false","","","false","false","false","false"
"Walmart","Walmart","1201 29th St SE","Watertown","Codington","SD","57201","6058820801","0","","http://www.walmart.com","44.88757","-97.06805","37.2672976255386","Lead Acid (Pb) Batteries; Plastic Shopping Bags; Food Storage Bags; Video Game Consoles; PlayStation Consoles","false","true","","","false","false","false","false"
"Walmart Tire & Lube Express","Walmart Tire & Lube Express","1201 29th St SE","Watertown","Codington","SD","57201","6058820801","0","","http://www.walmart.com/catalog/catalog.gsp?cat=495843","44.88757","-97.06805","37.2672976255386","Lead Acid (Pb) Batteries; Used Motor Oil; Oil Filters; Video Game Consoles; PlayStation Consoles","false","true","","","false","false","false","false"
"Target","Target","2000 9th Ave SE","Watertown","Codington","SD","57201","6058820717","0","","http://www.target.com/","44.88995","-97.08389","37.3257964864863","Aluminum Cans; Cell Phones; Inkjet Printer Cartridges; MP3 Players; Plastic #1 (PETE); Plastic #2 (HDPE); Plastic Shopping Bags; Video Game Consoles; PlayStation Consoles","false","true","","","false","false","false","false"
"Walmart Supercenter","","1201 29th St SE","Watertown","","SD","57201","6058820801","0","","https://www.walmart.com/","44.8866799","-97.0698144","37.3498193496621","","false","false","","","false","false","false","false"
"Walmart Tire and Lube Express","","1201 29th St SE","Watertown","","SD","57201","6058820801","0","","https://www.walmart.com/cp/ideas/8932632","44.8866799","-97.0698144","37.3498193496621","","false","false","","","false","false","false","false"
"Target Store","","2000 9th Ave SE","Watertown","","SD","57201","6058820717","0","","https://corporate.target.com/corporate-responsibility/planet","44.888298","-97.083745","37.4330260955436","","false","false","","","false","false","false","false"
"Call2Recycle at RadioShack","Call2Recycle at RadioShack","1300 9th Ave SE Ste 3","Watertown","Codington","SD","57201","6058823090","0","","http://www.radioshack.com/","44.88996","-97.09434","37.4762121701067","Cell Phones; Ni-Cd Batteries; Li-Ion Batteries; Ni-MH Batteries; Ni-Zn Batteries; Small Sealed Lead Acid Batteries; Video Game Consoles; PlayStation Consoles","false","true","As the first national retailer to partner with Call2Recycle, RadioShack is at the forefront of the rechargeable battery recycling cause and is pleased to offer battery recycling at thousands of convenient RadioShack locations for free.  Simply drop them off at your local RadioShack and theyll take care of the rest.  Ask a store associate for more details.","","false","false","false","false"
"Osco","Osco","1300 9th Ave SE","Watertown","Codington","SD","57201","6058866770","0","","","44.88996","-97.09434","37.4762121701067","Plastic #2 (HDPE); Plastic #2 (Color HDPE); Plastic #4 (LDPE); Plastic Shopping Bags; Food Storage Bags; Video Game Consoles; PlayStation Consoles","false","true","","","false","false","false","false"
"RadioShack","RadioShack","1300 9th Ave SE","Watertown","Codington","SD","57201","6058823090","0","Monday: 10:00 AM - 9:00 PM Tuesday: 10:00 AM - 9:00 PM Wednesday: 10:00 AM - 9:00 PM Thursday: 10:00 AM - 9:00 PM Friday: 10:00 AM - 9:00 PM Saturday: 10:00 AM - 9:00 PM Sunday: 12:00 PM - 5:00 PM ","http://www.radioshack.com","44.88996","-97.09434","37.4762121701067","Ni-Cd Batteries; Batteries (Rechargeable); Video Game Consoles; PlayStation Consoles","false","true","","","false","false","false","false"
"Advance Auto Parts","","618 8th St SE","Watertown","","SD","57201","6058820427","0","","http://shop.advanceautoparts.com/webapp/wcs/stores/servlet/home___","44.8904778","-97.104461","37.5945521328972","","false","false","","","false","false","false","false"
"O'Reilly Auto Parts","","930 9th Ave SE","Watertown","","SD","57201","6058865102","0","","http://oreillyauto.custhelp.com/app/error/error_id/6","44.8897524","-97.10214","37.6067112493341","","false","false","","","false","false","false","false"
"Advance Auto Parts","Advance Auto Parts","618 8th St SE","Watertown","Codington","SD","57201","6058820427","0","Monday: 7:00 AM - 9:00 PM Tuesday: 7:00 AM - 9:00 PM Wednesday: 7:00 AM - 9:00 PM Thursday: 7:00 AM - 9:00 PM Friday: 7:00 AM - 9:00 PM Saturday: 7:00 AM - 9:00 PM Sunday: 10:00 AM - 8:00 PM ","http://www.advanceautoparts.com","44.89022","-97.10498","37.6194368448019","Lead Acid (Pb) Batteries; Used Motor Oil; Video Game Consoles; PlayStation Consoles","false","true","","","false","false","false","false"
"JCPenney","","1300 9th Avenue Southeast","Watertown","","SD","57201","6058865880","0","","https://www.jcpenney.com/","44.8879436","-97.097222","37.6516895516867","","false","false","","","false","false","false","false"
"OfficeMax","","1300 9th Ave SE","Watertown","","SD","57201","6058864313","0","","","44.8879436","-97.097222","37.6516895516867","","false","false","","","false","false","false","false"
"Walgreens","Walgreens","421 9th Ave SE","Watertown","Codington","SD","57201","6058823788","0","","http://www.walgreens.com","44.89018","-97.10956","37.6930648301634","Cell Phones; Inkjet Cartridge Refilling; Inkjet Printer Cartridges; Video Game Consoles; PlayStation Consoles","false","true","","","false","false","false","false"
"Sprint","Sprint","107 9th Ave SE","Watertown","Codington","SD","57201","6058860951","0","Monday: 9:00 AM - 7:00 PM Tuesday: 9:00 AM - 7:00 PM Wednesday: 9:00 AM - 7:00 PM Thursday: 9:00 AM - 7:00 PM Friday: 9:00 AM - 7:00 PM Saturday: 11:00 AM - 4:00 PM ","http://www.sprint.com/","44.89018","-97.11507","37.7800570937886","Cell Phones; Video Game Consoles; PlayStation Consoles","false","true","","","false","false","false","false"
"Call2Recycle at Fastenal","Call2Recycle at Fastenal","1123 9th Ave SW","Watertown","Codington","SD","57201","6058821511","0","","https://www.fastenal.com/","44.89273","-97.13719","37.9813776187578","Cell Phones; Ni-Cd Batteries; Li-Ion Batteries; Ni-MH Batteries; Ni-Zn Batteries; Small Sealed Lead Acid Batteries; Video Game Consoles; PlayStation Consoles","false","true","The U.S. EPA estimates that more than 350 million rechargeable batteries are purchased annually in the U.S. Thanks to the environmental commitment of this location, its easy and free to recycle your batteries. Bring your rechargeable batteries to this location and look for the recycling box or ask an associate how you can do your part for the environment.","","false","false","false","false"
"Lac qui Parle County","Lac qui Parle County","600 W 6th Street Suite #7","Madison","Lac qui Parle ","MN","56256","3205983132","0","","","45.014395507002","-96.1932424707431","42.3438620732299","Batteries (Rechargeable); Cell Phone Batteries; Cell Phones; Li-Ion Batteries; Ni-Cd Batteries; Ni-MH Batteries; Small Sealed Lead Acid Batteries","false","true","Call or Check Online for Hours","Call2Recycle","false","false","false","false"
"LacQuiParle County Sheriff","","600 6th Avenue","Madison","","MN","56256","3205983720","0","","https://www.pca.state.mn.us/living-green/managing-unwanted-medications","45.0142848","-96.1929338","42.3603236023543","","false","false","","","false","false","false","false"
"Lac Qui Parle County Recycling Drop-Off Site - Loopy's Store","","212 6th Ave","Madison","","MN","56256","3205983132","0","","http://www.lqpco.com/environment.php","45.0104004","-96.1929524","42.5328337069298","","false","false","","","false","false","false","false"
"Steffes Garage","Steffes Garage","217 Main St ","Bristol","Day County","SD","57219","6054923654","0","Monday: 8:00 AM - 6:00 PM Tuesday: 8:00 AM - 6:00 PM Wednesday: 8:00 AM - 6:00 PM Thursday: 8:00 AM - 6:00 PM Friday: 8:00 AM - 6:00 PM ","","45.3455497","-97.7500433","43.3363468506813","Lead Acid (Pb) Batteries; Used Motor Oil; Video Game Consoles; PlayStation Consoles","false","true","","","false","false","false","false"
"Heartland Motor Company","Heartland Motor Company","301 MN-28 ","Morris","Stevens County","MN","56267","3205892223","0","","null","45.5839594","-95.9182714","47.2839196598955","Used Motor Oil; Oil Filters; Computer (Recycling); Computer Monitors; DVD Players/Blu-Ray Players/DVRs; Electronics; Laptop Computers; Computer Peripherals; Printers/Scanners/Fax Machines; Small Electronics; Small Televisions; Tablets; Televisions; VCRs; Video Game Consoles; PlayStation Consoles","false","true","","","false","false","false","false"
"Stevens County Demolition Debris Landfill","","Highway 9","Morris","","MN","56267","3205893804","0","","","45.5916196","-95.9195939","47.3589190244952","","false","false","","","false","false","false","false"
"Stevens County Curbside Recycling Program","","","Morris","","MN","56267","3205897420","0","","http://www.co.stevens.mn.us/index.aspx?nid=889","45.5919444","-95.9188889","47.3977177905996","","false","false","","","false","false","false","false"
"Stevens County Curbside Recycling Program","","","Morris","","MN","56267","3205897420","0","","http://www.co.stevens.mn.us/index.aspx?nid=889","45.5919444","-95.9188889","47.3977177905996","","false","false","","","false","false","false","false"
"Stevens County Household Hazardous Waste Collection Program","","","Morris","","MN","56267","3202086558","0","","http://www.co.stevens.mn.us/index.aspx?nid=889","45.5919444","-95.9188889","47.3977177905996","","false","false","","","false","false","false","false"
"Design Electronics","Design Electronics","513 Atlantic Ave","Morris","Stevens","MN","56267","3205851923","0","Monday: 8:30 AM - 6:00 PM Tuesday: 8:30 AM - 6:00 PM Wednesday: 8:30 AM - 6:00 PM Thursday: 8:30 AM - 7:00 PM Friday: 8:30 AM - 6:00 PM Saturday: 9:00 AM - 4:00 PM Sunday: 11:00 AM - 3:00 PM ","http://www.desrs.com/","45.58661","-95.91478","47.4937678363821","Cell Phones; Ni-Cd Batteries; Li-Ion Batteries; Ni-MH Batteries; Ni-Zn Batteries; Small Sealed Lead Acid Batteries; Computer (Recycling); Computer Monitors; DVD Players/Blu-Ray Players/DVRs; Electronics; Laptop Computers; Computer Peripherals; Printers/Scanners/Fax Machines; Small Electronics; Small Televisions; Tablets; Televisions; VCRs; Video Game Consoles; PlayStation Consoles","false","true","The U.S. EPA estimates that more than 350 million rechargeable batteries are purchased annually in the U.S. Thanks to the environmental commitment of this location, its easy and free to recycle your batteries. Bring your rechargeable batteries to this location and look for the recycling box or ask an associate how you can do your part for the environment.","","false","false","false","false"
"Michaelson's Recycling","","201 South County Road 22","Morris","","MN","56267","3205892202","0","","","45.5771138","-95.9111801","47.499143110581","","false","false","","","false","false","false","false"
"Morris Area Chamber of Commerce","","507 Atlantic Ave","Morris","","MN","56267","3205891242","0","","https://www.morrismnchamber.org/","45.586252","-95.9144921","47.5009082965809","","false","false","","","false","false","false","false"
"Stevens County Sheriff's Department","","400 Colorado Avenue","Morris","","MN","56267","3205891157","0","","https://www.pca.state.mn.us/living-green/managing-unwanted-medications","45.5877213","-95.9095013","47.7601457035676","","false","false","","","false","false","false","false"
"Chippewa County Recycling Drop-Box - Milan","","N 2nd St","Milan","","MN","56262","3202696231","0","","http://www.co.chippewa.mn.us/land3.htm","45.111067","-95.911417","50.5182899272396","","false","false","","","false","false","false","false"
"John's Machine and Diesel","John's Machine and Diesel","226 Main St ","Milan","Chippewa County","MN","56262","3207344441","0","Monday: 8:00 AM - 6:00 PM Tuesday: 8:00 AM - 6:00 PM Wednesday: 8:00 AM - 6:00 PM Thursday: 8:00 AM - 6:00 PM Friday: 8:00 AM - 6:00 PM ","","45.1098512","-95.9114498","50.5513268193067","Used Motor Oil; Oil Filters; Computer (Recycling); Computer Monitors; DVD Players/Blu-Ray Players/DVRs; Electronics; Laptop Computers; Computer Peripherals; Printers/Scanners/Fax Machines; Small Electronics; Small Televisions; Tablets; Televisions; VCRs; Video Game Consoles; PlayStation Consoles","false","true","","","false","false","false","false"
"Holland Brothers Oil Company","Holland Brothers Oil Company","822 Vander Horck St","Britton","Marshall","SD","57430","6054485172","0","Monday: 8:00 AM - 6:00 PM Tuesday: 8:00 AM - 6:00 PM Wednesday: 8:00 AM - 6:00 PM Thursday: 8:00 AM - 6:00 PM Friday: 8:00 AM - 6:00 PM ","","45.79136","-97.75236","50.601895485948","Used Motor Oil; Video Game Consoles; PlayStation Consoles","false","true","","","false","false","false","false"
"911 Cell Phone Bank - Marshall County Sheriffs Office","911 Cell Phone Bank - Marshall County Sheriffs Office","911 Vander Horck St ","Britton","Marshall County","SD","57430","8662907864","0","","http://www.911cellphonebank.org/","45.7907498","-97.7542756","50.6588524616942","Cell Phones; Cameras; Laptop Computers; MP3 Players; Video Games; Video Game Consoles; Smart watches & Apple Watch®
","false","true","Please call to verify drop-off procedures and directions to the location.  For prepaid shipping labels, visit http://www.911cellphonebank.org/drop-off-locations.asp - click on "print shipping label."","","false","false","false","false"
"Michaelson's Recycling","Michaelson's Recycling","201 County Road 22","Morris","Stevens","MN","56267","3205892202","0","Monday: 8:00 AM - 6:00 PM Tuesday: 8:00 AM - 6:00 PM Wednesday: 8:00 AM - 6:00 PM Thursday: 8:00 AM - 6:00 PM Friday: 8:00 AM - 6:00 PM ","null","45.61357","-95.85678","50.6917885740503","Aerosol Spray Cans; Aluminum Cans; Aluminum; Car; Lead Acid (Pb) Batteries; Ferrous Metals (Steel or Iron); Large Household Appliances; Clothes Hangers (Metal); Non-ferrous (Copper/Brass/Tin); Propane Tanks; Tin or Steel Cans; Computer (Recycling); Computer Monitors; DVD Players/Blu-Ray Players/DVRs; Electronics; Laptop Computers; Computer Peripherals; Printers/Scanners/Fax Machines; Small Electronics; Small Televisions; Tablets; Televisions; VCRs; Video Game Consoles; PlayStation Consoles","false","true","Sat By Appointment","","false","false","false","false"
"Lac Qui Parle County Recycling Drop-Off Site - Olson Sanitation","","175 7th St","Dawson","","MN","56232","3205983132","0","","http://www.lqpco.com/environment.php","44.9351914","-96.0557233","51.0101029570549","","false","false","","","false","false","false","false"
"Cleveland Chevrolet, Inc.","Cleveland Chevrolet, Inc.","1105 Saint Olaf Ave N","Canby","Yellow Medicine","MN","56220","5072235550","0","","null","44.71708","-96.26471","55.8506852098175","Used Motor Oil; Oil Filters; Computer (Recycling); Computer Monitors; DVD Players/Blu-Ray Players/DVRs; Electronics; Laptop Computers; Computer Peripherals; Printers/Scanners/Fax Machines; Small Electronics; Small Televisions; Tablets; Televisions; VCRs; Video Game Consoles; PlayStation Consoles","false","true","","","false","false","false","false"
"Yellow Medicine County Recycling Drop-Off Site - Canby","","401 1st St S","Canby","","MN","56220","5072237294","0","","","44.710168","-96.2810315","55.8515419875056","","false","false","","","false","false","false","false"
"Mack's Standard","Mack's Standard","120 1st Ave W","Clark","Clark","SD","57225","6055323973","0","Monday: 8:00 AM - 8:00 PM Tuesday: 8:00 AM - 8:00 PM Wednesday: 8:00 AM - 8:00 PM Thursday: 8:00 AM - 8:00 PM Friday: 8:00 AM - 8:00 PM ","","44.87773","-97.73522","56.1252849626767","Used Motor Oil; Video Game Consoles; PlayStation Consoles","false","true","","","false","false","false","false"
"Gutzmer Scrap","Gutzmer Scrap","16075 86th St SE","Wyndmere","Richland","ND","58081","7012428292","0","Monday: 8:00 AM - 2:00 PM Tuesday: 8:00 AM - 2:00 PM Wednesday: 8:00 AM - 2:00 PM Thursday: 8:00 AM - 2:00 PM ","","46.21593","-97.0591","56.7006759690078","Aluminum Cans; Aluminum; Ferrous Metals (Steel or Iron); Non-ferrous (Copper/Brass/Tin); Tin or Steel Cans; Video Game Consoles; PlayStation Consoles","false","true","","","false","false","false","false"
"USPS Post Office Box Lobby Recycling Program","US Post Office","103 Hawkins Ave","Barrett","Grant","MN","56311","8002758777","0","","https://www.usps.com/","45.91052","-95.89102","58.3630642709247","Catalogs; Greeting Cards; Magazines; Paper (Mixed)","false","true","","","false","false","false","false"
"Elbow Lake Ford & Mercury, Inc.","Elbow Lake Ford & Mercury, Inc.","29 Central Ave ","Elbow Lake","Grant County","MN","56531","2186855377","0","","","45.9915646","-95.9767547","58.7687832937051","Used Motor Oil; Oil Filters; Computer (Recycling); Computer Monitors; DVD Players/Blu-Ray Players/DVRs; Electronics; Laptop Computers; Computer Peripherals; Printers/Scanners/Fax Machines; Small Electronics; Small Televisions; Tablets; Televisions; VCRs; Video Game Consoles; PlayStation Consoles","false","true","","","false","false","false","false"
"Grant County Sheriff","","10 2nd St NE","Elbow Lake","","MN","56531","2186858280","0","","","45.9948241","-95.9768316","58.920202990994","","false","false","","","false","false","false","false"
"Leis Motors, Inc.","Leis Motors, Inc.","119 1st St SE ","Elbow Lake","Grant County","MN","56531","2186854488","0","","","45.9911418","-95.9601091","59.3349838104622","Used Motor Oil; Oil Filters; Computer (Recycling); Computer Monitors; DVD Players/Blu-Ray Players/DVRs; Electronics; Laptop Computers; Computer Peripherals; Printers/Scanners/Fax Machines; Small Electronics; Small Televisions; Tablets; Televisions; VCRs; Video Game Consoles; PlayStation Consoles","false","true","","","false","false","false","false"
"Grant County DAC - Recycling","","Main Street","Hoffman","","MN","56339","3209862996","0","","","45.8299378","-95.7916992","59.3811290766434","","false","false","","","false","false","false","false"
"Call2Recycle at Minn-Kota Communications","Call2Recycle at Minn-Kota Communications","7940 178th Ave SE","Wahpeton","Richland","ND","58075","7016429229","0","","http://www.minn-kota.net/","46.25905","-96.67851","59.5291424695028","Cell Phones; Ni-Cd Batteries; Li-Ion Batteries; Ni-MH Batteries; Ni-Zn Batteries; Small Sealed Lead Acid Batteries; Video Game Consoles; PlayStation Consoles","false","true","The U.S. EPA estimates that more than 350 million rechargeable batteries are purchased annually in the U.S. Thanks to the environmental commitment of this location, its easy and free to recycle your batteries. Bring your rechargeable batteries to this location and look for the recycling box or ask an associate how you can do your part for the environment.","","false","false","false","false"
"Waste Management","Waste Management","1016 11th Ave S","Wahpeton","Richland","ND","58075","7016428403","0","","","46.25395","-96.61575","59.7049415479906","Plastic #1 (PETE); Plastic #2 (HDPE); Plastic #2 (Color HDPE); Aluminum Cans; Cardboard; Newspapers; Phone books; Tin or Steel Cans; Office Paper; Video Game Consoles; PlayStation Consoles","true","true","Call ahead for directions to recycling bins.","","false","false","false","false"
"Wilkin County Recycle Center","","U.S. 75 & 7th St S","Breckenridge","","MN","56520","2186435815","0","","https://www.co.wilkin.mn.us","46.2574368","-96.5850864","60.2495679504679","","false","false","","","false","false","false","false"
"Wilkin County Sheriff","","515 Dacotah Ave","Breckenridge","","MN","56520","0","0","","https://www.pca.state.mn.us/living-green/managing-unwanted-medications","46.2602556","-96.5869285","60.4200045416335","","false","false","","","false","false","false","false"
"JCPenney","","413 Dakota Ave","Wahpeton","","ND","58075","7016424131","0","","https://www.jcpenney.com/","46.2636428","-96.6061203","60.4537963828558","","false","false","","","false","false","false","false"
"Wilkin County Household Hazardous Waste Collection Program","","","Breckenridge","","MN","56520","2186435815","0","","https://www.co.wilkin.mn.us","46.2627778","-96.5869443","60.5898269380672","","false","false","","","false","false","false","false"
"New Deal Tire, Inc.","New Deal Tire, Inc.","117 W US Highway 12","Groton","Brown","SD","57445","6053978473","0","Monday: 8:00 AM - 5:00 PM Tuesday: 8:00 AM - 5:00 PM Wednesday: 8:00 AM - 5:00 PM Thursday: 8:00 AM - 5:00 PM Friday: 8:00 AM - 5:00 PM Saturday: 8:00 AM - 12:00 PM ","null","45.4548","-98.11036","60.6468446219612","Inner Tubes; Used Tires; Video Game Consoles; PlayStation Consoles","false","true","Please call for disposal fees before bringing any items to this site.","","false","false","false","false"
"City of Wahpeton Compost & Yard Waste Drop-off Program","","County Highway 5","Breckenridge","","ND","56520","7014773610","0","","https://www.ndswra.org/dnn/","46.2744617","-96.5914076","61.3317284433404","","false","false","","","false","false","false","false"
"Walmart Supercenter","","1625 Commerce Dr","Wahpeton","","ND","58075","7016429086","0","","https://www.walmart.com/","46.2836633","-96.6299431","61.5907181422172","","false","false","","","false","false","false","false"
"Call2Recycle at Fastenal","Call2Recycle at Fastenal","502 Grace Ave","Breckenridge","Wilkin","MN","56520","2186431800","0","","https://www.fastenal.com/","46.28253","-96.58885","61.9023892313211","Cell Phones; Ni-Cd Batteries; Li-Ion Batteries; Ni-MH Batteries; Ni-Zn Batteries; Small Sealed Lead Acid Batteries; Computer (Recycling); Computer Monitors; DVD Players/Blu-Ray Players/DVRs; Electronics; Laptop Computers; Computer Peripherals; Printers/Scanners/Fax Machines; Small Electronics; Small Televisions; Tablets; Televisions; VCRs; Video Game Consoles; PlayStation Consoles","false","true","The U.S. EPA estimates that more than 350 million rechargeable batteries are purchased annually in the U.S. Thanks to the environmental commitment of this location, its easy and free to recycle your batteries. Bring your rechargeable batteries to this location and look for the recycling box or ask an associate how you can do your part for the environment.","","false","false","false","false"
"Walmart","Walmart","1625 Commerce St","Wahpeton","Richland","ND","58075","7016429086","0","","http://www.walmart.com","46.28733","-96.61667","61.9580544526289","Lead Acid (Pb) Batteries; Plastic Shopping Bags; Food Storage Bags; Video Game Consoles; PlayStation Consoles","false","true","","","false","false","false","false"
"RadioShack","RadioShack","1981 9th St N","Wahpeton","Richland","ND","58075","7016425452","0","Monday: 9:00 AM - 6:00 PM Tuesday: 9:00 AM - 6:00 PM Wednesday: 9:00 AM - 6:00 PM Thursday: 9:00 AM - 6:00 PM Friday: 9:00 AM - 6:00 PM Saturday: 9:00 AM - 3:00 PM ","http://www.radioshack.com","46.28838","-96.61182","62.0739913932484","Cell Phones; Ni-Cd Batteries; Batteries (Rechargeable); Cell Phone Batteries; Video Game Consoles; PlayStation Consoles","false","true","","","false","false","false","false"
"Colonial Rental","Colonial Rental","1981 9th St N","Wahpeton","Richland","ND","58075","7016425452","0","","http://www.radioshack.com/","46.28838","-96.61182","62.0739913932484","Cell Phones; Ni-Cd Batteries; Li-Ion Batteries; Ni-MH Batteries; Ni-Zn Batteries; Small Sealed Lead Acid Batteries; Video Game Consoles; PlayStation Consoles","false","true","The U.S. EPA estimates that more than 350 million rechargeable batteries are purchased annually in the U.S. Thanks to the environmental commitment of this location, its easy and free to recycle your batteries. Bring your rechargeable batteries to this location and look for the recycling box or ask an associate how you can do your part for the environment.","","false","false","false","false"
"Steves Equipment Company","Steves Equipment Company","7025 County Road 15 SW","Montevideo","Chippewa","MN","56265","3202697171","0","Monday: 8:00 AM - 6:00 PM Tuesday: 8:00 AM - 6:00 PM Wednesday: 8:00 AM - 6:00 PM Thursday: 8:00 AM - 6:00 PM Friday: 8:00 AM - 6:00 PM Saturday: 9:00 AM - 3:00 PM ","","44.94925","-95.73697","63.2331644261067","Used Motor Oil; Oil Filters; Computer (Recycling); Computer Monitors; DVD Players/Blu-Ray Players/DVRs; Electronics; Laptop Computers; Computer Peripherals; Printers/Scanners/Fax Machines; Small Electronics; Small Televisions; Tablets; Televisions; VCRs; Video Game Consoles; PlayStation Consoles","false","true","","","false","false","false","false"
"Montevideo Police Department","","103 Canton Avenue","Montevideo","","MN","56265","3202699402","0","","https://www.pca.state.mn.us/living-green/managing-unwanted-medications","44.9486546","-95.7273536","63.659858891696","","false","false","","","false","false","false","false"
"Cenex","Cenex","124 W Nichols Ave","Montevideo","Chippewa","MN","56265","3202698861","0","Monday: 7:00 AM - 5:30 PM Tuesday: 7:00 AM - 5:30 PM Wednesday: 7:00 AM - 5:30 PM Thursday: 7:00 AM - 5:30 PM Friday: 7:00 AM - 5:30 PM Saturday: 8:00 AM - 12:00 PM ","","44.94428","-95.72451","63.9324427993555","Used Motor Oil; Oil Filters; Computer (Recycling); Computer Monitors; DVD Players/Blu-Ray Players/DVRs; Electronics; Laptop Computers; Computer Peripherals; Printers/Scanners/Fax Machines; Small Electronics; Small Televisions; Tablets; Televisions; VCRs; Video Game Consoles; PlayStation Consoles","false","true","","","false","false","false","false"
"Adams Motor Company","Adams Motor Company","702 W Highway 212","Montevideo","Chippewa","MN","56265","3202699888","0","Monday: 8:00 AM - 5:30 PM Tuesday: 8:00 AM - 5:30 PM Wednesday: 8:00 AM - 5:30 PM Thursday: 8:00 AM - 5:30 PM Friday: 8:00 AM - 5:30 PM ","null","44.9359","-95.72882","64.046454448793","Used Motor Oil; Oil Filters; Computer (Recycling); Computer Monitors; DVD Players/Blu-Ray Players/DVRs; Electronics; Laptop Computers; Computer Peripherals; Printers/Scanners/Fax Machines; Small Electronics; Small Televisions; Tablets; Televisions; VCRs; Video Game Consoles; PlayStation Consoles","false","true","","","false","false","false","false"
"Olverson Transmission Service","Olverson Transmission Service","41853 175th St","Raymond","Clark","SD","57258","6055323511","0","Monday: 9:00 AM - 6:00 PM Tuesday: 9:00 AM - 6:00 PM Wednesday: 9:00 AM - 6:00 PM Thursday: 9:00 AM - 6:00 PM Friday: 9:00 AM - 6:00 PM ","null","44.88877","-97.95131","64.0471083232613","Used Motor Oil; Video Game Consoles; PlayStation Consoles","false","true","This site is located near Route 212.  Please call for more specific directions to this site.","","false","false","false","false"
"Chippewa County "Problem Materials Collection" Program","","","Montevideo","","MN","56265","3202696231","0","","http://www.co.chippewa.mn.us","44.9410447","-95.7236136","64.0835873793186","","false","false","","","false","false","false","false"
"Chippewa County Recycling Drop-Box - Montevideo","","N 11th St","Montevideo","","MN","56265","3202696231","0","","http://www.co.chippewa.mn.us/land3.htm","44.9517029","-95.7135639","64.1385200984807","","false","false","","","false","false","false","false"
