name,description,address,city,region,province,postal_code,phone,fax,hours,url,latitude,longitude,distance,materials,pickup,dropoff,notes,groups,curbside,municipal,national,event_only
"Archuleta County Recycling Facility","","9179 County Road 500","Pagosa Springs","","CO","81147","9702645660","0","","http://www.archuletacounty.org/263/Recycling","37.1574118","-107.0503766","31.6860663074571","","false","false","","","false","false","false","false"
"San Luis Valley Habitat for Humanity - Antonito Drop-Off Site","San Luis Valley Habitat for Humanity - Antonito Drop-Off Site","301 US-285 ","Antonito","Conejos County","CO","81120","7195898678","0","Sunday: 12:00 AM - 11:59 PM Monday: 12:00 AM - 11:59 PM Tuesday: 12:00 AM - 11:59 PM Wednesday: 12:00 AM - 11:59 PM Thursday: 12:00 AM - 11:59 PM Friday: 12:00 AM - 11:59 PM Saturday: 12:00 AM - 11:59 PM ","null","37.0740101","-106.0087872","34.1981495977073","Aluminum Cans; Computer (Recycling); Computer Monitors; Electronics; Laptop Computers; Computer Peripherals; Small Electronics; Small Televisions; Televisions; Video Game Consoles; PlayStation Consoles","false","true","Look for the green Can Cottage at 3rd and Main.  Please bring beer & pop cans only.","","false","false","false","false"
"Circle T Lumber","","12 Goldmine Drive","Pagosa Springs","","CO","81147","9702644154","0","","","37.2681557","-107.0300301","35.8905097998667","","false","false","","","false","false","false","false"
"Circle T Lumber","Circle T Lumber","12 Goldmine Dr ","Pagosa Springs","Archuleta County","CO","81147","9702644154","0","","","37.2681463","-107.0300443","35.8905740849234","Cell Phones; Compact Fluorescent Lights; Mercury Containing Items; Batteries (Rechargeable); Computer (Recycling); Computer Monitors; Electronics; Laptop Computers; Computer Peripherals; Small Electronics; Small Televisions; Televisions; Video Game Consoles; PlayStation Consoles","false","true","","","false","false","false","false"
"Archuleta County Recycling Facility","Archuleta County Recycling Facility","Trujillo Road (CR 500)","Pagosa Springs","Archuleta","CO","81147","9702640193","0","","http://www.archuletacounty.org/index.aspx?NID=263","37.081465","-107.19277","36.1180773775186","Plastic #1 (PETE); Plastic #2 (HDPE); Plastic #2 (Color HDPE); Aluminum Cans; Aluminum; Glass (Blue); Glass (Brown); Brown Paper Bags; Lead Acid (Pb) Batteries; Cardboard; Catalogs; Glass (Clear); Computer Paper; Drink Boxes; Gift Boxes; Glass (Green); Greeting Cards; Large Household Appliances; Magazines; Paper (Mixed); Newspapers; Ni-Cd Batteries; Non-ferrous (Copper/Brass/Tin); Paperboard; Phone books; Batteries (Rechargeable); Tin or Steel Cans; Office Paper; Computer (Recycling); Computer Monitors; Electronics; Laptop Computers; Computer Peripherals; Small Electronics; Small Televisions; Televisions; Video Game Consoles; PlayStation Consoles","false","true","This site is located 2 miles outside of Pagosa Springs on County Road 500.","","false","false","false","false"
"Pagosa Mountain Sports- Downtown","Pagosa Mountain Sports- Downtown","100 Country Center Dr ","Pagosa Springs","Archuleta County","CO","81147","9705077886","0","","null","37.2556437","-107.0766878","37.1065665280146","E-Bike Batteries","false","true","Call or Check Online for Hours","Call2Recycle","false","false","false","false"
"RadioShack","","Country Center Dr","Pagosa Springs","","CO","81147","9707313333","0","","","37.2561213","-107.0761831","37.108640344484","","false","false","","","false","false","false","false"
"Terry's Ace Hardware","","525 Navajo Trail Drive","Pagosa Springs","","CO","81147","9707314022","0","","","37.250867","-107.0858574","37.2570439277028","","false","false","","","false","false","false","false"
"Terry's Ace Hardware","Terry's Ace Hardware","525 Navajo Trail Dr","Pagosa Springs","Archuleta","CO","81147","9707314022","0","Monday: 7:30 AM - 6:00 PM Tuesday: 7:30 AM - 6:00 PM Wednesday: 7:30 AM - 6:00 PM Thursday: 7:30 AM - 6:00 PM Friday: 7:30 AM - 6:00 PM Saturday: 8:00 AM - 5:00 PM Sunday: 9:00 AM - 4:00 PM ","http://www.terrysace.com/","37.2959","-107.10973","40.3369786726373","Cell Phones; Compact Fluorescent Lights; Mercury Containing Items; Batteries (Rechargeable); Computer (Recycling); Computer Monitors; Electronics; Laptop Computers; Computer Peripherals; Small Electronics; Small Televisions; Televisions; Video Game Consoles; PlayStation Consoles","false","true","","","false","false","false","false"
"La Jara Trading Post","","16555 County Rd W","La Jara","","CO","81140","7192745857","0","","","37.2689549","-105.9539214","43.4982144625437","","false","false","","","false","false","false","false"
"La Jara Trading Post","La Jara Trading Post","16555 State Highway 136","La Jara","Conejos","CO","81140","7192745857","0","Monday: 7:30 AM - 5:00 PM Tuesday: 7:30 AM - 5:00 PM Wednesday: 7:30 AM - 5:00 PM Thursday: 7:30 AM - 5:00 PM Friday: 7:30 AM - 5:00 PM Saturday: 7:30 AM - 11:59 PM ","http://www.lajaratradingpost.com/","37.26888","-105.95093","43.6268602825724","Cell Phones; Compact Fluorescent Lights; Mercury Containing Items; Batteries (Rechargeable); Computer (Recycling); Computer Monitors; Electronics; Laptop Computers; Computer Peripherals; Small Electronics; Small Televisions; Televisions; Video Game Consoles; PlayStation Consoles","false","true","","","false","false","false","false"
"San Luis Valley Habitat for Humanity - La Jara Jacks Market Drop-Off Site","San Luis Valley Habitat for Humanity - La Jara Jacks Market Drop-Off Site","2 Spruce St ","La Jara","Conejos County","CO","81140","7195898678","0","Sunday: 12:00 AM - 11:59 PM Monday: 12:00 AM - 11:59 PM Tuesday: 12:00 AM - 11:59 PM Wednesday: 12:00 AM - 11:59 PM Thursday: 12:00 AM - 11:59 PM Friday: 12:00 AM - 11:59 PM Saturday: 12:00 AM - 11:59 PM ","","37.2800964","-105.9598623","43.7059542027615","Aluminum Cans; Computer (Recycling); Computer Monitors; Electronics; Laptop Computers; Computer Peripherals; Small Electronics; Small Televisions; Televisions; Video Game Consoles; PlayStation Consoles","false","true","Please look for the can cottage located outside of the market.  Please bring beer & pop cans only.","","false","false","false","false"
"Monte Vista Co-Op","","1901 East Highway 160","Monte Vista","","CO","81144","7198525181","0","","","37.5819991","-106.1841047","52.639472665259","","false","false","","","false","false","false","false"
"RadioShack","RadioShack","101 Chico Ct","Monte Vista","Rio Grande","CO","81144","7198523641","0","Monday: 9:00 AM - 5:00 PM Tuesday: 9:00 AM - 5:00 PM Wednesday: 9:00 AM - 5:00 PM Thursday: 9:00 AM - 5:00 PM Friday: 9:00 AM - 5:00 PM Saturday: 10:00 AM - 7:00 PM ","http://www.radioshack.com","37.5816","-106.15898","53.2068810086413","Ni-Cd Batteries; Batteries (Rechargeable); Computer (Recycling); Computer Monitors; Electronics; Laptop Computers; Computer Peripherals; Small Electronics; Small Televisions; Televisions; Video Game Consoles; PlayStation Consoles","false","true","","","false","false","false","false"
"San Luis Valley Habitat for Humanity - Monte Vista Drop-Off Site","San Luis Valley Habitat for Humanity - Monte Vista Drop-Off Site","922 2nd Ave","Monte Vista","Rio Grande","CO","81144","7195898678","0","Sunday: 12:00 AM - 11:59 PM Monday: 12:00 AM - 11:59 PM Tuesday: 12:00 AM - 11:59 PM Wednesday: 12:00 AM - 11:59 PM Thursday: 12:00 AM - 11:59 PM Friday: 12:00 AM - 11:59 PM Saturday: 12:00 AM - 11:59 PM ","","37.57919","-106.14632","53.3679504603875","Aluminum Cans; Computer (Recycling); Computer Monitors; Electronics; Laptop Computers; Computer Peripherals; Small Electronics; Small Televisions; Televisions; Video Game Consoles; PlayStation Consoles","false","true","Please look for the can cottage located outside the offices.  Please bring beer & pop cans only.","","false","false","false","false"
"Safeway","","1200 2nd Avenue","Monte Vista","","CO","81144","7198525121","0","","https://shop.safeway.com/home.html","37.5782753","-106.1421968","53.4144032896444","","false","false","","","false","false","false","false"
"RadioShack","","747 1St Ave","Monte Vista","","CO","81144","7198523641","0","","","37.5807854","-106.1483073","53.4171158948156","","false","false","","","false","false","false","false"
"O'Reilly Auto Parts","O'Reilly Auto Parts","101 West Walker Road","Alamosa","Alamosa","CO","81101","7195891601","0","","http://www.oreillyauto.com/","37.49293","-105.94582","54.4965852747771","Lead Acid (Pb) Batteries; Computer (Recycling); Computer Monitors; Electronics; Laptop Computers; Computer Peripherals; Small Electronics; Small Televisions; Televisions; Video Game Consoles; PlayStation Consoles","false","true","Most stores offer Used Oil & Battery Recycling, Battery Testing, 
Electrical & Module Testing, Loaner Tool Program, Drum / Rotor Resurfacing. Call your location for more details.","","false","false","false","false"
"AutoZone","AutoZone","7 S Craft Dr","Alamosa","Alamosa","CO","81101","7195870124","0","","http://www.autozone.com","37.46885","-105.88899","55.3527386680374","Lead Acid (Pb) Batteries; Used Motor Oil; Computer (Recycling); Computer Monitors; Electronics; Laptop Computers; Computer Peripherals; Small Electronics; Small Televisions; Televisions; Video Game Consoles; PlayStation Consoles","false","true","Most AutoZone stores accept used motor oil, transmission fluid, gear oil and automotive batteries. Call to see what your local store is currently accepting.","","false","false","false","false"
"AutoZone","","7 S Craft Dr","Alamosa","","CO","81101","7195870124","0","","https://www.autozone.com/landing/page.jsp?name=in-our-stores","37.474755","-105.8955954","55.3980053190691","","false","false","","","false","false","false","false"
"RadioShack","","3205 Main St","Alamosa","","CO","81101","7195895311","0","","","37.4786768","-105.9004676","55.4129126494506","","false","false","","","false","false","false","false"
"The UPS Store","The UPS Store","2431 Main St","Alamosa","Alamosa","CO","81101","7195891600","0","Monday: 8:00 AM - 6:00 PM Tuesday: 8:00 AM - 6:00 PM Wednesday: 8:00 AM - 6:00 PM Thursday: 8:00 AM - 6:00 PM Friday: 8:00 AM - 6:00 PM Saturday: 10:00 AM - 3:00 PM ","http://www.upsstore.com","37.47488","-105.89377","55.4730431766605","Packing Materials; Packing Peanut (Reuse); Computer (Recycling); Computer Monitors; Electronics; Laptop Computers; Computer Peripherals; Small Electronics; Small Televisions; Televisions; Video Game Consoles; PlayStation Consoles","false","true","","","false","false","false","false"
"San Luis Valley Habitat for Humanity - Jobsite","San Luis Valley Habitat for Humanity - Jobsite","619 Pikes Peak Ave","Alamosa","Alamosa","CO","81101","7195898678","0","Sunday: 12:00 AM - 11:59 PM Monday: 12:00 AM - 11:59 PM Tuesday: 12:00 AM - 11:59 PM Wednesday: 12:00 AM - 11:59 PM Thursday: 12:00 AM - 11:59 PM Friday: 12:00 AM - 11:59 PM Saturday: 12:00 AM - 11:59 PM ","","37.46656","-105.88223","55.4972360836428","Aluminum Cans; Computer (Recycling); Computer Monitors; Electronics; Laptop Computers; Computer Peripherals; Small Electronics; Small Televisions; Televisions; Video Game Consoles; PlayStation Consoles","false","true","Bring your aluminum pop & beer cans by the jobsite to recycle for Habitat for Humanity.","","false","false","false","false"
"O'Reilly Auto Parts","null","101 West Walker Road ","Alamosa","","CO","81101","7195891601","0","","http://oreillyauto.custhelp.com/app/error/error_id/6","37.4775316","-105.8962204","55.5141758290242","","false","false","","","false","false","false","false"
"San Luis Valley Habitat for Humanity - City Market Drop-Off Site","San Luis Valley Habitat for Humanity - City Market Drop-Off Site","131 Market St","Alamosa","Alamosa","CO","81101","7195898678","0","Sunday: 12:00 AM - 11:59 PM Monday: 12:00 AM - 11:59 PM Tuesday: 12:00 AM - 11:59 PM Wednesday: 12:00 AM - 11:59 PM Thursday: 12:00 AM - 11:59 PM Friday: 12:00 AM - 11:59 PM Saturday: 12:00 AM - 11:59 PM ","","37.47589","-105.89075","55.6376033280321","Aluminum Cans; Computer (Recycling); Computer Monitors; Electronics; Laptop Computers; Computer Peripherals; Small Electronics; Small Televisions; Televisions; Video Game Consoles; PlayStation Consoles","false","true","Please look for the can cottage located on the east side of the parking lot.  Please bring beer & pop cans only.  This site is located off Highway 160 West.","","false","false","false","false"
"Questa Lumber & Hardware","Questa Lumber & Hardware","PO Box 199","Questa","Taos","NM","87556","5055860414","0","","http://www.questalumber.com/","36.71823","-105.59912","55.7517587748856","Cell Phones; Compact Fluorescent Lights; Mercury Containing Items; Batteries (Rechargeable); Video Game Consoles; PlayStation Consoles","false","true","","","false","false","false","false"
"Walmart Tire and Lube Express","","Clark St","Alamosa","","CO","81101","7195899071","0","","https://www.walmart.com/cp/ideas/8932632","37.4802147","-105.8927254","55.7804859384464","","false","false","","","false","false","false","false"
"Walmart Supercenter","","Clark St","Alamosa","","CO","81101","7195899071","0","","https://www.walmart.com/","37.4802147","-105.8927254","55.7804859384464","","false","false","","","false","false","false","false"
"San Luis Valley Habitat for Humanity - Alamosa Safeway Drop-Off Site","San Luis Valley Habitat for Humanity - Alamosa Safeway Drop-Off Site","1301 Main St","Alamosa","Alamosa","CO","81101","7195873075","0","Sunday: 12:00 AM - 11:59 PM Monday: 12:00 AM - 11:59 PM Tuesday: 12:00 AM - 11:59 PM Wednesday: 12:00 AM - 11:59 PM Thursday: 12:00 AM - 11:59 PM Friday: 12:00 AM - 11:59 PM Saturday: 12:00 AM - 11:59 PM ","null","37.46825","-105.87569","55.8316129313448","Aluminum Cans; Computer (Recycling); Computer Monitors; Electronics; Laptop Computers; Computer Peripherals; Small Electronics; Small Televisions; Televisions; Video Game Consoles; PlayStation Consoles","false","true","Please look for the can cottage located under trees in the parking lot.  Please bring beer & pop cans only.","","false","false","false","false"
"Alamosa Recycling center Christmas Tree drop off","","Old Airport Rd","Alamosa","","CO","81101","7195896631","0","","","37.4538151","-105.857158","55.8509766255557","","false","false","","","false","false","false","false"
"Safeway","","1301 Main Street","Alamosa","","CO","81101","7195873075","0","","https://shop.safeway.com/home.html","37.4692283","-105.876371","55.8536945080284","","false","false","","","false","false","false","false"
"City of Alamosa Curbside Yard Waste Program","","","Alamosa","","CO","81101","7195896631","0","","","37.4694491","-105.8700214","56.1088237792338","","false","false","","","false","false","false","false"
"Questa Lumber & Hardware","","State Road 522","Questa","","NM","87556","5055860414","0","","","36.7041071","-105.5957969","56.1511593468798","","false","false","","","false","false","false","false"
"Alamosa Recycling Center","","1130 Old Airport Rd","Alamosa","","CO","81101","7195896631","0","","","37.4600843","-105.8568345","56.1655536315008","","false","false","","","false","false","false","false"
"JCPenney","","621 Main St","Alamosa","","CO","81101","7195896271","0","","https://www.jcpenney.com/","37.4685127","-105.8664123","56.2022677735503","","false","false","","","false","false","false","false"
"Blue Peaks Day Service","","330 State Avenue","Alamosa","","CO","81101","7195893123","0","","","37.4695113","-105.865131","56.3007328680338","","false","false","","","false","false","false","false"
"San Luis Valley Habitat for Humanity - Alamosa Chamber of Commerce","San Luis Valley Habitat for Humanity - Alamosa Chamber of Commerce","300 Chamber Dr ","Alamosa","Alamosa County","CO","81101","7195898678","0","","","37.4701951","-105.8624369","56.438480937799","Aluminum Cans; Inkjet Printer Cartridges; Laser Toner Cartridges; Computer (Recycling); Computer Monitors; Electronics; Laptop Computers; Computer Peripherals; Small Electronics; Small Televisions; Televisions; Video Game Consoles; PlayStation Consoles","false","true","The next time your printer runs out of ink, bring your empty cartridge by the Habitat Office in the Alamosa Chamber of Commerce.  Recycle your cartridge with Habitat for Humanity instead of tossing it away!","","false","false","false","false"
"San Luis Valley Habitat for Humanity - Villa Mall Drop-Off Site","San Luis Valley Habitat for Humanity - Villa Mall Drop-Off Site","3211 Main St","Alamosa","Alamosa","CO","81101","7195898678","0","Sunday: 12:00 AM - 11:59 PM Monday: 12:00 AM - 11:59 PM Tuesday: 12:00 AM - 11:59 PM Wednesday: 12:00 AM - 11:59 PM Thursday: 12:00 AM - 11:59 PM Friday: 12:00 AM - 11:59 PM Saturday: 12:00 AM - 11:59 PM ","null","37.51959","-105.88031","58.2451091395691","Aluminum Cans; Computer (Recycling); Computer Monitors; Electronics; Laptop Computers; Computer Peripherals; Small Electronics; Small Televisions; Televisions; Video Game Consoles; PlayStation Consoles","false","true","Please look for the can cottage located on the west side of the parking lot.  Please bring beer & pop cans only.","","false","false","false","false"
"RadioShack","","480 Wolverine Dr #3","Bayfield","","CO","81122","9708848300","0","","","37.2355243","-107.5970717","60.7514258238532","","false","false","","","false","false","false","false"
"True Value #073163","","311 Bayfield Center Drive","Bayfield","","CO","81122","9708849502","0","","https://www.truevalue.com/","37.2349717","-107.5998922","60.8796501307563","","false","false","","","false","false","false","false"
"True Value #073163","True Value #073163","311 Bayfield Center Dr ","Bayfield","La Plata County","CO","81122","9708849502","0","","http://www.truevalue.com","37.234976","-107.600012","60.8858419231741","Transmission Fluid; Used Motor Oil; Computer (Recycling); Computer Monitors; Electronics; Laptop Computers; Computer Peripherals; Small Electronics; Small Televisions; Televisions; Video Game Consoles; PlayStation Consoles","false","true","","","false","false","false","false"
"Rio Grande Ace Hardware","Rio Grande Ace Hardware","1381 Paseo del Pueblo Sur","Taos","Taos","NM","87571","5057584268","0","Monday: 8:00 AM - 6:00 PM Tuesday: 8:00 AM - 6:00 PM Wednesday: 8:00 AM - 6:00 PM Thursday: 8:00 AM - 6:00 PM Friday: 8:00 AM - 6:00 PM Saturday: 8:00 AM - 6:00 PM Sunday: 9:00 AM - 4:00 PM ","http://www.riograndeace.com/","36.43538","-105.57585","64.0837488419683","Cell Phones; Compact Fluorescent Lights; Mercury Containing Items; Batteries (Rechargeable); Video Game Consoles; PlayStation Consoles","false","true","","","false","false","false","false"
"The UPS Store","The UPS Store","1008 Paseo del Pueblo Sur","Taos","Taos","NM","87571","5057588647","0","Monday: 8:00 AM - 6:00 PM Tuesday: 8:00 AM - 6:00 PM Wednesday: 8:00 AM - 6:00 PM Thursday: 8:00 AM - 6:00 PM Friday: 8:00 AM - 6:00 PM Saturday: 9:00 AM - 4:00 PM ","http://www.upsstore.com","36.40071","-105.58418","64.9066279758535","Packing Peanut (Reuse); Video Game Consoles; PlayStation Consoles","false","true","","","false","false","false","false"
"Walmart","Walmart","926 Paseo del Pueblo Sur","Taos","Taos","NM","87571","5757581136","0","","http://www.walmart.com","36.40701","-105.57563","65.0856838173127","Lead Acid (Pb) Batteries; Plastic Shopping Bags; Food Storage Bags; Video Game Consoles; PlayStation Consoles","false","true","","","false","false","false","false"
"San Luis Valley Habitat for Humanity - Intermountain 1st Aid Drop-Off Site","San Luis Valley Habitat for Humanity - Intermountain 1st Aid Drop-Off Site","350 Worth St ","Center","Saguache County","CO","81125","7195898678","0","Monday: 9:00 AM - 4:00 PM Tuesday: 9:00 AM - 4:00 PM Wednesday: 9:00 AM - 4:00 PM Thursday: 9:00 AM - 4:00 PM Friday: 9:00 AM - 4:00 PM ","","37.7528763","-106.1083513","65.1046187491643","Inkjet Printer Cartridges; Laser Toner Cartridges; Aluminum Cans; Computer (Recycling); Computer Monitors; Electronics; Laptop Computers; Computer Peripherals; Small Electronics; Small Televisions; Televisions; Video Game Consoles; PlayStation Consoles","false","true","Please bring your aluminum beer and pop cans into Stefanie's business.  She is collecting them for Habitat for Humanity.  Habitat also recycles InkJet Cartridges.  Bring yours by the store instead of throwing it away!","","false","false","false","false"
"AutoZone","AutoZone","525 Paseo Del Pueblo Norte ","Taos","Taos County","NM","87571","5757375400","0","","http://www.autozone.com","36.4147879","-105.568031","65.1730758390045","Lead Acid (Pb) Batteries; Used Motor Oil; Video Game Consoles; PlayStation Consoles","false","true","Most AutoZone stores accept used motor oil, transmission fluid, gear oil and automotive batteries. Call to see what your local store is currently accepting.","","false","false","false","false"
"RadioShack","RadioShack","314 Paseo del Pueblo Norte Ste G","Taos","Taos","NM","87571","5057588321","0","Monday: 9:00 AM - 5:30 PM Tuesday: 9:00 AM - 5:30 PM Wednesday: 9:00 AM - 5:30 PM Thursday: 9:00 AM - 5:30 PM Friday: 9:00 AM - 5:30 PM Saturday: 9:00 AM - 11:59 PM ","http://www.radioshack.com","36.41116","-105.57029","65.1928416798015","Ni-Cd Batteries; Batteries (Rechargeable); Video Game Consoles; PlayStation Consoles","false","true","","","false","false","false","false"
"Taos Recycling Center","","201 Bertha St","Taos","","NM","87571","5757589679","0","","https://www.taosgov.com","36.384033","-105.5910555","65.1967640755445","","false","false","","","false","false","false","false"
"Call2Recycle at Randall Lumber & Hardware","Call2Recycle at Randall Lumber & Hardware","315 Paseo del Pueblo Sur","Taos","Taos","NM","87571","5757582271","0","","http://randalltaos.com/","36.40114","-105.57592","65.2825011100131","Cell Phones; Ni-Cd Batteries; Li-Ion Batteries; Ni-MH Batteries; Ni-Zn Batteries; Small Sealed Lead Acid Batteries; Video Game Consoles; PlayStation Consoles","false","true","The U.S. EPA estimates that more than 350 million rechargeable batteries are purchased annually in the U.S. Thanks to the environmental commitment of this location, its easy and free to recycle your batteries. Bring your rechargeable batteries to this location and look for the recycling box or ask an associate how you can do your part for the environment.","","false","false","false","false"
"Walmart","","926 Paseo del Pueblo sur","Taos","","NM","87571","5757581136","0","","https://www.walmart.com/","36.3876188","-105.5860935","65.2961218902287","","false","false","","","false","false","false","false"
"Albertsons","","710 Paseo del Pueblo Sur","Taos","","NM","87571","5757581250","0","","","36.392259","-105.5822458","65.3062079546291","","false","false","","","false","false","false","false"
"O'Reilly Auto Parts","O'Reilly Auto Parts","1336 Paseo del Pueblo Sur","Taos","Taos","NM","87571","5057584616","0","","http://www.oreillyauto.com/","36.37125","-105.59571","65.4619942063276","Lead Acid (Pb) Batteries; Used Motor Oil; Video Game Consoles; PlayStation Consoles","false","true","Most stores offer Used Oil & Battery Recycling, Battery Testing, 
Electrical & Module Testing, Loaner Tool Program, Drum / Rotor Resurfacing. Call your location for more details.","","false","false","false","false"
"Walmart","Walmart","1610 N Riverside Dr","Espanola","Rio Arriba","NM","87532","5057470414","0","","http://www.walmart.com","36.01237","-106.06151","67.212479011865","Lead Acid (Pb) Batteries; Plastic Shopping Bags; Food Storage Bags; Video Game Consoles; PlayStation Consoles","false","true","","","false","false","false","false"
"Walmart Tire & Lube Express","Walmart Tire & Lube Express","1610 N Riverside Dr","Espanola","Rio Arriba","NM","87532","5057470414","0","","http://www.walmart.com/catalog/catalog.gsp?cat=495843","36.01237","-106.06151","67.212479011865","Lead Acid (Pb) Batteries; Used Motor Oil; Oil Filters; Video Game Consoles; PlayStation Consoles","false","true","","","false","false","false","false"
"911 Cell Phone Bank - Councilmen Dennis Zine","911 Cell Phone Bank - Councilmen Dennis Zine","103 Gasper St ","San Luis","Costilla County","CO","81152","8662907864","0","","http://www.911cellphonebank.org/","37.1979271","-105.4254497","67.3375526004347","Cell Phones; Cameras; Laptop Computers; MP3 Players; Video Games; Video Game Consoles; Smart watches & Apple Watch®
","false","true","Please call to verify drop-off procedures and directions to the location.  For prepaid shipping labels, visit http://www.911cellphonebank.org/drop-off-locations.asp - click on "print shipping label."","","false","false","false","false"
"AutoZone","AutoZone","1330 N Riverside Dr","Espanola","Rio Arriba","NM","87532","5057530464","0","","http://www.autozone.com","35.98848","-106.06089","68.7212795501275","Lead Acid (Pb) Batteries; Used Motor Oil; Video Game Consoles; PlayStation Consoles","false","true","Most AutoZone stores accept used motor oil, transmission fluid, gear oil and automotive batteries. Call to see what your local store is currently accepting.","","false","false","false","false"
"Walgreens","Walgreens","1115 N Riverside Dr","Espanola","Rio Arriba","NM","87532","5057537005","0","","http://www.walgreens.com","35.98839","-106.06082","68.7285667633675","Cell Phones; Inkjet Cartridge Refilling; Inkjet Printer Cartridges; Video Game Consoles; PlayStation Consoles","false","true","","","false","false","false","false"
"RadioShack","RadioShack","1115 N Riverside Dr","Espanola","Rio Arriba","NM","87532","5057531144","0","Monday: 9:00 AM - 7:00 PM Tuesday: 9:00 AM - 7:00 PM Wednesday: 9:00 AM - 7:00 PM Thursday: 9:00 AM - 7:00 PM Friday: 9:00 AM - 7:00 PM Saturday: 9:00 AM - 7:00 PM Sunday: 12:00 PM - 6:00 PM ","http://www.radioshack.com","35.98839","-106.06082","68.7285667633675","Ni-Cd Batteries; Batteries (Rechargeable); Video Game Consoles; PlayStation Consoles","false","true","","","false","false","false","false"
"O'Reilly Auto Parts","O'Reilly Auto Parts","950 Riverside Drive","Espanola","Rio Arriba","NM","87532","5057531888","0","","http://www.oreillyauto.com/","35.9879","-106.06103","68.7543483100771","Lead Acid (Pb) Batteries; Used Motor Oil; Video Game Consoles; PlayStation Consoles","false","true","Most stores offer Used Oil & Battery Recycling, Battery Testing, 
Electrical & Module Testing, Loaner Tool Program, Drum / Rotor Resurfacing. Call your location for more details.","","false","false","false","false"
"RJ Automatic and Recycle","","287 County Road 222","Durango","","CO","81303","9702593494","0","","","37.22724","-107.759776","68.8965765814308","","false","false","","","false","false","false","false"
"San Luis Valley Habitat for Humanity - Creede Community Church Drop-Off Site","San Luis Valley Habitat for Humanity - Creede Community Church Drop-Off Site","410 S Main St ","Creede","Mineral County","CO","81130","7195898678","0","Sunday: 12:00 AM - 11:59 PM Monday: 12:00 AM - 11:59 PM Tuesday: 12:00 AM - 11:59 PM Wednesday: 12:00 AM - 11:59 PM Thursday: 12:00 AM - 11:59 PM Friday: 12:00 AM - 11:59 PM Saturday: 12:00 AM - 11:59 PM ","","37.8501359","-106.9263039","68.9634750459438","Aluminum Cans; Inkjet Printer Cartridges; Laser Toner Cartridges; Computer (Recycling); Computer Monitors; Electronics; Laptop Computers; Computer Peripherals; Small Electronics; Small Televisions; Televisions; Video Game Consoles; PlayStation Consoles","false","true","Please look for the can cottage on the south side of the church on the sidewalk.  Please bring beer & pop cans only.  Habitat also recycles InkJet cartridges.  Drop yours by the church instead of throwing it away!","","false","false","false","false"
"RJ Automatic and Recycle","RJ Automatic and Recycle","287 County Road 222","Durango","La Plata","CO","81303","9702593494","0","","","37.22931","-107.76291","69.1067749507972","Aluminum Cans; Automobile Parts; Lead Acid (Pb) Batteries; Ferrous Metals (Steel or Iron); Large Household Appliances; Other Batteries; Small Appliances; Computer (Recycling); Computer Monitors; Electronics; Laptop Computers; Computer Peripherals; Small Electronics; Small Televisions; Televisions; Video Game Consoles; PlayStation Consoles","true","true","This business also offers a roll-off container service that can be delivered to your property or neighborhood. Business is located 8 miles east of Durango, Colorado on CR 222, just off Hwy 160. And under special circumstances we can pick up some of the items that we buy, but at a much reduced price for you due to us taking our time and fuel costs. Call us for further details or with any questions.","","false","false","false","false"
"Call2Recycle at Lowe's","Call2Recycle at Lowe's","407 Lowder Milk Rd","Espanola","Rio Arriba","NM","87532","5053671900","0","Monday: 6:00 AM - 10:00 PM Tuesday: 6:00 AM - 10:00 PM Wednesday: 6:00 AM - 10:00 PM Thursday: 6:00 AM - 10:00 PM Friday: 6:00 AM - 10:00 PM Saturday: 6:00 AM - 10:00 PM Sunday: 8:00 AM - 8:00 PM ","http://www.lowes.com/","35.98877","-106.04108","69.1761626182211","Cell Phones; Compact Fluorescent Lights; Ni-Cd Batteries; Plastic Shopping Bags; Li-Ion Batteries; Ni-MH Batteries; Ni-Zn Batteries; Small Sealed Lead Acid Batteries; Video Game Consoles; PlayStation Consoles","false","true","As an environmentally-committed retailer, Lowes offers a recycling center near store entrances to give consumers a free and easy way to properly dispose of rechargeable batteries, cell phones, CFLs and plastic shopping bags; materials that otherwise could be potentially harmful to the environment.  Look for the recycling center or ask a store associate for more details.","","false","false","false","false"
"Tomkins True Value","Tomkins True Value","127 N Main St ","Creede","Mineral County","CO","81130","7196582240","0","","http://www.truevalue.com","37.8534385","-106.9270852","69.1945929809428","Transmission Fluid; Used Motor Oil; Computer (Recycling); Computer Monitors; Electronics; Laptop Computers; Computer Peripherals; Small Electronics; Small Televisions; Televisions; Video Game Consoles; PlayStation Consoles","false","true","","","false","false","false","false"
"Tomkins True Value","","127 North Main Street","Creede","","CO","81130","7196582240","0","","https://www.truevalue.com/","37.8537159","-106.9273294","69.2166762044588","","false","false","","","false","false","false","false"
"Azazo Recycling, LLC","Azazo Recycling, LLC","3540 Orange St # LV1","Los Alamos","Los Alamos","NM","87544","5055000569","0","","http://azazorecycling.com/","35.88778","-106.31573","70.8161088833676","Plastic #1 (PETE); Plastic #2 (HDPE); Plastic #2 (Color HDPE); Plastic #3 (PVC); Plastic #4 (LDPE); Plastic #5 (Polypropylene); Plastic #6 (Polystyrene); Plastic #7; Aluminum Cans; Cell Phones; Computer (Recycling); Non-ferrous (Copper/Brass/Tin); Holiday Lights; Small Appliances; Laptop Computers; Cables & Connectors; Microwaves; Power Supplies; UPS Batteries/Backup Systems; Computer Peripherals; VCRs; E-Readers; Video Game Consoles; PlayStation Consoles","true","true","","","false","false","false","false"
"Los Alamos County Solid Waste","Los Alamos County Solid Waste","3701 E Jemez Rd","Los Alamos","Los Alamos","NM","87544","5056628383","0","","http://www.call2recycle.org/","35.87828","-106.31868","71.4239957060871","Cell Phones; Ni-Cd Batteries; Li-Ion Batteries; Ni-MH Batteries; Ni-Zn Batteries; Small Sealed Lead Acid Batteries; Video Game Consoles; PlayStation Consoles","false","true","The U.S. EPA estimates that more than 350 million rechargeable batteries are purchased annually in the U.S. Thanks to the environmental commitment of this location, its easy and free to recycle your rechargeable batteries. Look for the recycling box or ask a staff member how you can do your part for the environment.","","false","false","false","false"
"Los Alamos County Eco Station","Los Alamos County Eco Station","3701 E Jemez Rd","Los Alamos","Los Alamos","NM","87544","5056628163","0","","http://www.losalamosnm.us/gogreen/","35.87828","-106.31868","71.4239957060871","Plastic #1 (PETE); Plastic #2 (HDPE); Plastic #2 (Color HDPE); Aluminum Cans; Cardboard; Cell Phones; Computer Monitors; Computer (Recycling); Video Game Systems; Inkjet Printer Cartridges; Paper (Mixed); Newspapers; Office Equipment; Televisions; Tin or Steel Cans; Laser Toner Cartridges; Stereo Equipment; Printers/Scanners/Fax Machines; Servers; UPS Batteries/Backup Systems; Computer Peripherals; VCRs; DVD Players/Blu-Ray Players/DVRs","false","true","E-waste recycling is free for current County residents and does not count as one of their 12 free loads.  E-waste is not accepted during quarterly bulk item pickup. Businesses are also able to recycle e-waste at a fee of $45.00 per ton.","","false","false","false","false"
"AutoZone","AutoZone","610 Central Ave","Los Alamos","Los Alamos","NM","87544","5056630903","0","","http://www.autozone.com","35.88136","-106.29368","71.5166905368289","Lead Acid (Pb) Batteries; Used Motor Oil; Video Game Consoles; PlayStation Consoles","false","true","Most AutoZone stores accept used motor oil, transmission fluid, gear oil and automotive batteries. Call to see what your local store is currently accepting.","","false","false","false","false"
"Los Alamos County Eco Station and Household Hazardous Waste Drop-off Site","","3701 E Jemez Rd","Los Alamos","","NM","87544","5056628163","0","","http://www.losalamosnm.us","35.8775356","-106.3147881","71.519322801346","","false","false","","","false","false","false","false"
"Los Alamos Co-Op Market","Los Alamos Co-Op Market","95 Entrada","Los Alamos","Los Alamos","NM","87544","5056951579","0","Monday: 7:00 AM - 9:00 PM Tuesday: 7:00 AM - 9:00 PM Wednesday: 7:00 AM - 9:00 PM Thursday: 7:00 AM - 9:00 PM Friday: 7:00 AM - 9:00 PM Saturday: 7:00 AM - 9:00 PM ","http://losalamos.coop/","35.88157","-106.29167","71.5278713271839","Glass (Brown); Glass (Clear); Glass (Green); Chip Bags; Bear Naked Packaging; Dairy Tubs; Energy Bar Wrappers; Hummus Packaging; Cereal Bags; Video Game Consoles; PlayStation Consoles","false","true","","","false","false","false","false"
"BCS Enterprises, Inc","BCS Enterprises, Inc","999 Central Ave Ste 150","Los Alamos","Los Alamos","NM","87544","5056629828","0","","http://www.radioshack.com/","35.88077","-106.29548","71.5338988483802","Cell Phones; Ni-Cd Batteries; Li-Ion Batteries; Ni-MH Batteries; Ni-Zn Batteries; Small Sealed Lead Acid Batteries; Video Game Consoles; PlayStation Consoles","false","true","The U.S. EPA estimates that more than 350 million rechargeable batteries are purchased annually in the U.S. Thanks to the environmental commitment of this location, its easy and free to recycle your batteries. Bring your rechargeable batteries to this location and look for the recycling box or ask an associate how you can do your part for the environment.","","false","false","false","false"
"Los Alamos County Convenience Center - Sullivan Field","","1925 Trinity Dr","Los Alamos","","NM","87544","5056628383","0","","","35.878785","-106.3017689","71.5901187065183","","false","false","","","false","false","false","false"
"AutoZone","null","610 Central Ave","Los Alamos","","NM","87544","5056630903","0","","https://www.autozone.com/landing/page.jsp?name=in-our-stores","35.8803198","-106.2930088","71.5951563230931","","false","false","","","false","false","false","false"
"Call2Recycle at the Home Depot","Call2Recycle at the Home Depot","1301 S Camino del Rio","Durango","La Plata","CO","81303","9702597954","0","","http://www.homedepot.com/","37.19662","-107.82633","71.7196706396448","Cell Phones; Compact Fluorescent Lights; Ni-Cd Batteries; Li-Ion Batteries; Ni-MH Batteries; Ni-Zn Batteries; Small Sealed Lead Acid Batteries; Computer (Recycling); Computer Monitors; Electronics; Laptop Computers; Computer Peripherals; Small Electronics; Small Televisions; Televisions; Video Game Consoles; PlayStation Consoles","false","true","The Home Depot accepts used rechargeable batteries and compact fluorescent bulbs. Look for the orange drop boxes, usually located near the front entrance near the customer service desk, or ask a store associate for more details.","","false","false","false","false"
"Los Alamos Home Improvement Co","Los Alamos Home Improvement Co","232 Dp Rd","Los Alamos","Los Alamos","NM","87544","5056625371","0","Monday: 7:30 AM - 5:30 PM Tuesday: 7:30 AM - 5:30 PM Wednesday: 7:30 AM - 5:30 PM Thursday: 7:30 AM - 5:30 PM Friday: 7:30 AM - 5:30 PM Saturday: 8:00 AM - 4:00 PM ","http://www.acehardware.com/mystore/index.jsp?store=02774&cid=localstore02774","35.87967","-106.28616","71.7258945672619","Cell Phones; Compact Fluorescent Lights; Mercury Containing Items; Batteries (Rechargeable); Video Game Consoles; PlayStation Consoles","false","true","","","false","false","false","false"
"Franks Supply Co Inc","Franks Supply Co Inc","268 Dp Rd","Los Alamos","Los Alamos","NM","87544","5056611100","0","","http://www.franks-supply.com/","35.87967","-106.28616","71.7258945672619","Cell Phones; Ni-Cd Batteries; Li-Ion Batteries; Ni-MH Batteries; Ni-Zn Batteries; Small Sealed Lead Acid Batteries; Video Game Consoles; PlayStation Consoles","false","true","The U.S. EPA estimates that more than 350 million rechargeable batteries are purchased annually in the U.S. Thanks to the environmental commitment of this location, its easy and free to recycle your batteries. Bring your rechargeable batteries to this location and look for the recycling box or ask an associate how you can do your part for the environment.","","false","false","false","false"
"Los Alamos Home Improvement Co","","232 Dp Road","Los Alamos","","NM","87544","5056625371","0","","","35.8794513","-106.2862796","71.739066493203","","false","false","","","false","false","false","false"
"Home Depot","","1301 S Camino Del Rio","Durango","","CO","81303","9702597954","0","","https://ecooptions.homedepot.com/","37.224112","-107.859198","74.0115474994112","Batteries (Rechargeable); Cell Phone Batteries; Li-Ion Batteries; Ni-Cd Batteries; Ni-MH Batteries; Small Sealed Lead Acid Batteries","false","true","","Call2Recycle","false","false","false","false"
"Walmart Supercenter","","1155 S Camino Del Rio","Durango","","CO","81303","9702598755","0","","https://www.walmart.com/","37.2299984","-107.8656151","74.4725120024963","","false","false","","","false","false","false","false"
"Walmart Tire and Lube Express","","1155 S Camino Del Rio","Durango","","CO","81303","9702598755","0","","https://www.walmart.com/cp/ideas/8932632","37.2299984","-107.8656151","74.4725120024963","","false","false","","","false","false","false","false"
"JCPenney","","800 S Camino Del Rio","Durango","","CO","81301","9702593800","0","","https://www.jcpenney.com/","37.2420794","-107.8693091","74.9273924298856","","false","false","","","false","false","false","false"
"USPS Post Office Box Lobby Recycling Program","US Post Office","318 Paseo del Pueblo Norte","Taos","Taos","NM","87571","8002758777","0","","https://www.usps.com/","36.36614","-105.39227","75.3271774685819","Catalogs; Greeting Cards; Magazines; Paper (Mixed)","false","true","","","false","false","false","false"
"Office Depot","Office Depot","331 S Camino del Rio","Durango","La Plata","CO","81303","9703752571","0","Monday: 8:00 AM - 9:00 PM Tuesday: 8:00 AM - 9:00 PM Wednesday: 8:00 AM - 9:00 PM Thursday: 8:00 AM - 9:00 PM Friday: 8:00 AM - 9:00 PM Saturday: 9:00 AM - 9:00 PM Sunday: 10:00 AM - 6:00 PM ","http://www.officedepot.com/","37.25222","-107.87645","75.5246897827346","Cell Phones; Computer Monitors; Electronics; Inkjet Printer Cartridges; Ni-Cd Batteries; Office Equipment; Batteries (Rechargeable); Laser Toner Cartridges; MP3 Players; Small Televisions; Computer (Recycling); Laptop Computers; Computer Peripherals; Small Electronics; Televisions; Video Game Consoles; PlayStation Consoles","false","true","Office Depot offers electronics recycling for a small fee. Visit their Web site for more details and store locations. Recycle cell phones, PDAs, rechargeable batteries and ink and toner cartridges for FREE!","","false","false","false","false"
"City of Durango Christmas Tree Drop-off Event - Santa Rita Park","","U.S. 550 & Santa Rita Dr","Durango","","CO","81301","9703757300","0","","http://www.durangogov.org/","37.2609736","-107.8773198","75.7685948015519","","false","false","","","false","false","false","false"
"Habitat for Humanity Home Supply Store","Habitat for Humanity Home Supply Store","600 E 2nd Ave","Durango","La Plata","CO","81301","9703829930","0","Monday: 10:00 AM - 5:00 PM Tuesday: 10:00 AM - 5:00 PM Wednesday: 10:00 AM - 5:00 PM Thursday: 10:00 AM - 5:00 PM Friday: 10:00 AM - 5:00 PM Saturday: 10:00 AM - 3:00 PM ","http://www.habitatdurango.org","37.27021","-107.87991","76.1168449338434","Construction Materials (Reuse); Gift Bags; Furniture; Household Goods; Office Furniture; Ornaments; Reusable Appliance Donation; Windows; Computer (Recycling); Computer Monitors; Electronics; Laptop Computers; Computer Peripherals; Small Electronics; Small Televisions; Televisions; Video Game Consoles; PlayStation Consoles","false","true","The Habitat Home Supply Store raises funds by selling merchandise and, after expenses, uses all profits to build more homes.  Habitat also provides families an opportunity to buy building materials that they may not otherwise be able to afford. This will help raise the standards of housing. By recycling goods that would have been sent to a landfill, the Habitat Home Supply Store also helps reduce waste disposal costs. If you have materials to donate, please call for more information. The Habitat Home Supply Store takes most materials and the staff will be glad to talk with you.

This site is located in downtown Durango between College and 7th Street.

Aluminum Cans May Be Dropped Off 24 Hours Per Day At The House Shaped Recycle Bin In Front Of The Store","","false","false","false","false"
"2nd Ave Sports","2nd Ave Sports","640 E. 2nd Ave","Durango","La Plata ","CO","81301","9702474511","0","","","37.2704674","-107.8800057","76.127823473529","E-Bike Batteries","false","true","Call or Check Online for Hours","Call2Recycle","false","false","false","false"
"AutoZone","AutoZone","1316 Main Ave #2","Durango","La Plata","CO","81301","9703850580","0","","http://www.autozone.com","37.27816","-107.87809","76.2108415437325","Lead Acid (Pb) Batteries; Used Motor Oil; Computer (Recycling); Computer Monitors; Electronics; Laptop Computers; Computer Peripherals; Small Electronics; Small Televisions; Televisions; Video Game Consoles; PlayStation Consoles","false","true","Most AutoZone stores accept used motor oil, transmission fluid, gear oil and automotive batteries. Call to see what your local store is currently accepting.","","false","false","false","false"
"RadioShack","","1020 Main Ave","Durango","","CO","81301","9702479158","0","","","37.274748","-107.8799571","76.2261011375739","","false","false","","","false","false","false","false"
"AutoZone","","1316 Main Ave #2","Durango","","CO","81301","9703850580","0","","https://www.autozone.com/landing/page.jsp?name=in-our-stores","37.2782647","-107.8784251","76.2306286058305","","false","false","","","false","false","false","false"
"City of Durango Recycling Drop-Off Site","","E 2nd Ave","Durango","","CO","81301","9703755004","0","","http://www.durangogov.org","37.2850008","-107.8755207","76.2432916013075","","false","false","","","false","false","false","false"
"La Plata County Household Hazardous Waste Event","","","Durango","","CO","81301","9703755004","0","","http://co-durango.civicplus.com/373/Household-Hazardous-Waste","37.27528","-107.8800667","76.2443586298066","","false","false","","","false","false","false","false"
"Mountain Bike Specialists","Mountain Bike Specialists","949 main Ave","Durango","La Plata ","CO","81301","9702474066","0","","","37.2741307","-107.8807962","76.2548552507225","E-Bike Batteries","false","true","Call or Check Online for Hours","Call2Recycle","false","false","false","false"
"US Post Office","US Post Office","222 W 8th St","Durango","La Plata","CO","81301","0","0","","https://www.usps.com/ship/recycle-through-usps.htm","37.27149","-107.88208","76.2590741826591","Inkjet Printer Cartridges; Computer (Recycling); Computer Monitors; Electronics; Laptop Computers; Computer Peripherals; Small Electronics; Small Televisions; Televisions; Video Game Consoles; PlayStation Consoles","false","true","Free, postage-paid Mail Back envelopes can be found on display in the lobby. There is no limit to the number of envelopes customers may take. The contents of the envelope must weigh less than 13 ounces and the envelope must be able to seal completely. For more details visit<a href="http://www.maxback.com/mxb-postoffice-collaboration" target="_blank">MaxBack</a>.","","false","false","false","false"
"Kroegers Ace Hardware","","8 Town Plaza","Durango","","CO","81301","9702470660","0","","","37.2747","-107.881736","76.3168584644825","","false","false","","","false","false","false","false"
"City of Durango Recycling Drop-Off Site","","30 Town Plaza","Durango","","CO","81301","9703755004","0","","http://www.durangogov.org","37.2761552","-107.8812269","76.32501855001","","false","false","","","false","false","false","false"
"O'Reilly Auto Parts","","2475 Main Ave","Durango","","CO","81301","9702477801","0","","http://oreillyauto.custhelp.com/app/error/error_id/6","37.2904393","-107.8755","76.3752159034901","","false","false","","","false","false","false","false"
"Habitat Home Supply","","3001 Main Avenue","Durango","","CO","81301","9703822215","0","","http://www.habitatdurango.org","37.2979007","-107.87241","76.4020086188708","","false","false","","","false","false","false","false"
"Habitat Home Supply","Habitat Home Supply","3001 Main Ave","Durango","La Plata","CO","81301","9703822215","0","Sunday: 12:00 AM - 11:59 PM Monday: 12:00 AM - 11:59 PM Tuesday: 12:00 AM - 11:59 PM Wednesday: 12:00 AM - 11:59 PM Thursday: 12:00 AM - 11:59 PM Friday: 12:00 AM - 11:59 PM Saturday: 12:00 AM - 11:59 PM ","http://www.habitatdurango.org","37.29847","-107.87222","76.406555629622","Aluminum Cans; Computer (Recycling); Computer Monitors; Electronics; Laptop Computers; Computer Peripherals; Small Electronics; Small Televisions; Televisions; Video Game Consoles; PlayStation Consoles","true","true","","","false","false","false","false"
"Albertsons","","311 West College Drive","Durango","","CO","81301","9703822224","0","","","37.2719913","-107.8852304","76.4337616451433","","false","false","","","false","false","false","false"
