name,description,address,city,region,province,postal_code,phone,fax,hours,url,latitude,longitude,distance,materials,pickup,dropoff,notes,groups,curbside,municipal,national,event_only
"Peninsula Recycling","","9300 SW Barney White Rd","Port Orchard","","WA","98367","3606743166","0","","http://www.wmnorthwest.com/bremerton/index.html","47.5052345","-122.7746034","12.1562628912479","","false","false","","","false","false","false","false"
"Brem-Air Disposal","Brem-Air Disposal","9300 SW Barney White Rd","Bremerton","Kitsap","WA","98312","8005929995","0","","null","47.50332","-122.76616","12.4571967513944","Plastic #1 (PETE); Plastic #2 (HDPE); Plastic #2 (Color HDPE); Plastic #3 (PVC); Plastic #4 (LDPE); Plastic #5 (Polypropylene); Plastic #6 (Polystyrene); Plastic #7; Brown Paper Bags; Glass (Clear); Paper (Mixed); Newspapers; Windows; Video Game Consoles; PlayStation Consoles","true","true","","","false","false","false","false"
"Kitsap County Household Hazardous Waste Collection Facility","","5551 Imperial Way SW","Port Orchard","","WA","98367","3603375777","0","","https://www.kitsapgov.com","47.499746","-122.7623478","12.5208093436239","Batteries (Rechargeable); Cell Phone Batteries; Li-Ion Batteries; Ni-Cd Batteries; Ni-MH Batteries; Small Sealed Lead Acid Batteries; Alkaline/Single-Use Batteries; Button Batteries; Non-rechargeable lithium batteries; Cell Phones","false","true","","Call2Recycle","false","false","false","false"
"Kitsap County Public Works Annex","Kitsap County Public Works Annex","5551 Imperial Way SW","Bremerton","Kitsap","WA","98312","3603074385","0","","http://www.call2recycle.org/","47.50013","-122.76191","12.5500051997294","Cell Phones; Ni-Cd Batteries; Li-Ion Batteries; Ni-MH Batteries; Ni-Zn Batteries; Small Sealed Lead Acid Batteries; Video Game Consoles; PlayStation Consoles","false","true","The U.S. EPA estimates that more than 350 million rechargeable batteries are purchased annually in the U.S. Thanks to the environmental commitment of this location, its easy and free to recycle your rechargeable batteries. Look for the recycling box or ask a staff member how you can do your part for the environment.","","false","false","false","false"
"Wilson Recycling","","2278 E Brockdale Rd","Shelton","","WA","98584","3604624444","0","","http://www.co.mason.wa.us","47.2484474","-123.10307","13.204013234696","","false","false","","","false","false","false","false"
"Wilson Recycling","","2278 E Brockdale Rd","Shelton","","WA","98584","3604624444","0","","http://www.wilsonrecycling.com","47.2484474","-123.10307","13.204013234696","","false","false","","","false","false","false","false"
"Wilson Recycling","Wilson Recycling","2278 E Brockdale Rd","Shelton","Mason","WA","98584","3604624444","0","Monday: 8:30 AM - 5:00 PM Tuesday: 8:30 AM - 5:00 PM Wednesday: 8:30 AM - 5:00 PM Thursday: 8:30 AM - 5:00 PM Friday: 8:30 AM - 5:00 PM ","http://wilsonrecycling.com/","47.24871","-123.10443","13.2083395957819","Air Conditioners; Aluminum; Aluminum Cans; Brown Paper Bags; Cardboard; Clothing; Computer (Recycling); Computer Monitors; Computer Paper; Drink Boxes; Electronics; Ferrous Metals (Steel or Iron); Holiday Lights; Inkjet Printer Cartridges; Laptop Computers; Large Household Appliances; Lead Acid (Pb) Batteries; Microwaves; Milk Cartons; Miscellaneous Tools; Newspapers; Office Paper; Paper (Mixed); Paper Egg Cartons; Paperboard; Computer Peripherals; Plastic #1 (PETE); Plastic #2 (HDPE); Refrigerators; Small Electronics; Small Sealed Lead Acid Batteries; Small Televisions; Televisions; Tin or Steel Cans; Unused Paper; Used Tires; Video Game Systems; Wire; Video Game Consoles; PlayStation Consoles","false","true","","","false","false","false","false"
"American Northwest Recycling","","6505 Southwest Old Clifton Road","Port Orchard","","WA","98367","3608133535","0","","https://www.americannorthwestrecycling.net/","47.4953496","-122.741205","13.3269700845876","","false","false","","","false","false","false","false"
"Angel Guild Thrift Shop","Angel Guild Thrift Shop","9013 Key Peninsula Hwy N","Lakebay","Pierce","WA","98349","2538849333","0","","null","47.33079","-122.75301","13.7458453461104","Children's Toys; Clothing; Household Goods; Jewelry; Shoes; Video Game Consoles; PlayStation Consoles","false","true","Location accepts gently-used items for reuse. No large appliances, furniture, or computers accepted.","","false","false","false","false"
"Airport Auto Wrecking","Airport Auto Wrecking","4275 WA-3 ","Bremerton","Kitsap County","WA","98312","3606742819","0","Tuesday: 8:30 AM - 5:00 PM Wednesday: 8:30 AM - 5:00 PM Thursday: 8:30 AM - 5:00 PM Friday: 8:30 AM - 5:00 PM Saturday: 8:30 AM - 4:30 PM ","http://www.airportaw.com","47.5121319","-122.7394315","13.844743998196","Aluminum Cans; Car; Ferrous Metals (Steel or Iron); Non-ferrous (Copper/Brass/Tin); Video Game Consoles; PlayStation Consoles","false","true","","","false","false","false","false"
"Airport Auto Wrecking","","4275 State Highway 3 Southwest","Port Orchard","","WA","93687","3606742819","0","","","47.5155831","-122.7359581","14.092011721717","","false","false","","","false","false","false","false"
"Key Center Transfer Station","","5900 Key Peninsula Hwy N","Lakebay","","WA","98349","2538477555","0","","http://www.lriservices.com","47.3124708","-122.7535806","14.3897569500717","","false","false","","","false","false","false","false"
"Shelton Auto Parts","","1501 W Dayton Airport Rd","Shelton","","WA","98584","3604275150","0","","","47.251367","-123.176615","14.5460816407397","","false","false","","","false","false","false","false"
"Walmart Supercenter","","100 E Wallace Kneeland Blvd","Shelton","","WA","98584","3604276226","0","","https://www.walmart.com/","47.2330777","-123.1256283","14.5720707712498","","false","false","","","false","false","false","false"
"Walmart Tire and Lube Express","","100 E Wallace Kneeland Blvd","Shelton","","WA","98584","3604276226","0","","https://www.walmart.com/cp/ideas/8932632","47.2330777","-123.1256283","14.5720707712498","","false","false","","","false","false","false","false"
"Schucks Auto Supply","Schucks Auto Supply","301 E Wallace Kneeland Blvd","Shelton","Mason","WA","98584","3604273932","0","","http://www.cskauto.com","47.23145","-123.12466","14.6595769744983","Lead Acid (Pb) Batteries; Used Motor Oil; Video Game Consoles; PlayStation Consoles","false","true","","","false","false","false","false"
"Walmart","Walmart","100 E Wallace Kneeland Blvd","Shelton","Mason","WA","98584","3604276226","0","","http://www.walmart.com","47.23166","-123.12733","14.6928349016272","Lead Acid (Pb) Batteries; Plastic Shopping Bags; Food Storage Bags; Video Game Consoles; PlayStation Consoles","false","true","","","false","false","false","false"
"Walmart Tire & Lube Express","Walmart Tire & Lube Express","100 E Wallace Kneeland Blvd","Shelton","Mason","WA","98584","3604276226","0","","http://www.walmart.com/catalog/catalog.gsp?cat=495843","47.23166","-123.12733","14.6928349016272","Lead Acid (Pb) Batteries; Used Motor Oil; Oil Filters; Video Game Consoles; PlayStation Consoles","false","true","","","false","false","false","false"
"O'Reilly Auto Parts","null","301 E Wallace Kneeland Bl","Shelton","","WA","98584","3604273932","0","","http://oreillyauto.custhelp.com/app/error/error_id/6","47.2306315","-123.1239502","14.6999317076678","","false","false","","","false","false","false","false"
"Mason County - Shelton Transfer Station","Mason County - Shelton Transfer Station","501 W Eells Hill Rd","Shelton","Mason","WA","98584","3604275271","0","Monday: 8:00 AM - 4:00 PM Tuesday: 8:00 AM - 4:00 PM Wednesday: 8:00 AM - 4:00 PM Thursday: 8:00 AM - 4:00 PM Friday: 8:00 AM - 4:00 PM Saturday: 8:00 AM - 4:00 PM ","http://www.co.mason.wa.us/utilities_waste/drop_station_recycling.php","47.25231","-123.1869","14.7577371099225","Plastic #1 (PETE); Plastic #2 (HDPE); Plastic #2 (Color HDPE); Aluminum Cans; Glass (Brown); Cardboard; Catalogs; Glass (Clear); Glass (Green); Large Household Appliances; Magazines; Milk Cartons; Newspapers; Alkaline/Single-Use Batteries; Tin or Steel Cans","false","true","This site requires proof of residency.  Please be prepared to show your driver's license.
This locations hours vary. Winter hours are Monday to Sunday 8:00AM-4:00PM and Summer hours are Monday to Sunday 8:00AM-5:00PM","","false","false","false","false"
"Shelton Autoparts","Shelton Autoparts","1501 W Dayton Airport Rd","Shelton","Mason","WA","98584","3604275150","0","Monday: 9:00 AM - 5:00 PM Tuesday: 9:00 AM - 5:00 PM Wednesday: 9:00 AM - 5:00 PM Thursday: 9:00 AM - 5:00 PM Friday: 9:00 AM - 5:00 PM Saturday: 9:00 AM - 5:00 PM ","","47.24883","-123.18324","14.8621172245143","Aluminum Cans; Aluminum; Automobile Parts; Lead Acid (Pb) Batteries; Ferrous Metals (Steel or Iron); Large Household Appliances; Non-ferrous (Copper/Brass/Tin); Tin or Steel Cans; Video Game Consoles; PlayStation Consoles","false","true","","","false","false","false","false"
"Mason County Household Hazardous Waste Collection Facility","","501 W Eells Hill Rd","Shelton","","WA","98584","3604275271","0","","","47.250185","-123.1887531","14.9279955562661","","false","false","","","false","false","false","false"
"Mason County Solid Waste Facility","","501 W Eells Hill Rd","Shelton","","WA","98584","3604275271","0","","http://www.co.mason.wa.us","47.250185","-123.1887531","14.9279955562661","","false","false","","","false","false","false","false"
"D & L Automotive","D & L Automotive","2033 Olympic Hwy N","Shelton","Mason","WA","98584","3604261467","0","Monday: 8:00 AM - 5:00 PM Tuesday: 8:00 AM - 5:00 PM Wednesday: 8:00 AM - 5:00 PM Thursday: 8:00 AM - 5:00 PM Friday: 8:00 AM - 5:00 PM ","","47.22218","-123.12059","15.1899452933094","Used Motor Oil; Video Game Consoles; PlayStation Consoles","false","true","","","false","false","false","false"
"Mason County Christmas Tree Recycling Round-Up Event","","411 N 5th St","Shelton","","WA","98584","3604279670","0","","http://www.co.mason.wa.us/","47.2158707","-123.1048283","15.3681918696901","","false","false","","","false","false","false","false"
"Mason County Sheriff's Office","","322 N 3rd St","Shelton","","WA","98584","3604279670","0","","https://www.co.thurston.wa.us/solidwaste/medicine/medicine-home.htm","47.2151477","-123.1017958","15.3751779680256","","false","false","","","false","false","false","false"
"Safeway","null","600 Franklin St","Shelton","","WA","98584","3604269978","0","","https://shop.safeway.com/home.html","47.2146302","-123.1064108","15.4719069434683","","false","false","","","false","false","false","false"
"Cut Rate Auto Parts","Cut Rate Auto Parts","128 S 1st St","Shelton","Mason","WA","98584","3604262800","0","Monday: 8:00 AM - 8:00 PM Tuesday: 8:00 AM - 8:00 PM Wednesday: 8:00 AM - 8:00 PM Thursday: 8:00 AM - 8:00 PM Friday: 8:00 AM - 8:00 PM Saturday: 8:00 AM - 8:00 PM Sunday: 8:00 AM - 5:50 PM ","","47.21209","-123.10015","15.5565895475063","Used Motor Oil; Video Game Consoles; PlayStation Consoles","false","true","","","false","false","false","false"
"Mason County Public Utility District 3","","307 W Cota St","Shelton","","WA","98584","3604268255","0","","http://www.pud3.org","47.2120055","-123.1030525","15.6000918884991","","false","false","","","false","false","false","false"
"Treasures Thrift","","W Railroad Ave","Shelton","","WA","98584","8884022665","0","","https://www.discoverbooks.com/Default.asp","47.2139941","-123.1138701","15.6203394083142","","false","false","","","false","false","false","false"
"Tozier Brothers Inc.","","110 Mill Street","Shelton","","WA","98584","3604264373","0","","https://www.truevalue.com/","47.2075412","-123.1004932","15.863393939528","","false","false","","","false","false","false","false"
"Tozier Brothers Inc.","Tozier Brothers Inc.","110 Mill St","Shelton","Mason","WA","98584","3604264373","0","","http://www.truevalue.com","47.20743","-123.10013","15.8662008631998","Transmission Fluid; Used Motor Oil; Video Game Consoles; PlayStation Consoles","false","true","","","false","false","false","false"
"Navy City Metals","","3805 State Highway 3 W","Bremerton","","WA","98312","3603738194","0","","http://navycitymetals.com","47.5285003","-122.6989364","16.0350093526881","","false","false","","","false","false","false","false"
"Navy City Metals","","3805 State Highway 3 West","Gorst","","WA","98312","3603736595","0","","","47.5285003","-122.6989364","16.0350093526881","","false","false","","","false","false","false","false"
"Mount Jupiter Auto","Mount Jupiter Auto","100 Mt Jupiter Rd ","Brinnon","Jefferson County","WA","98320","3607964000","0","","","47.6562399","-122.926451","16.1915687228585","Lead Acid (Pb) Batteries; Used Motor Oil; Oil Filters; Video Game Consoles; PlayStation Consoles","false","true","","","false","false","false","false"
"Kitsap Reclamation and Materials","Kitsap Reclamation and Materials","5902 W Sherman Heights Rd","Bremerton","Kitsap","WA","98312","3604794659","0","Monday: 7:00 AM - 4:30 PM Tuesday: 7:00 AM - 4:30 PM Wednesday: 7:00 AM - 4:30 PM Thursday: 7:00 AM - 4:30 PM Friday: 7:00 AM - 4:30 PM Saturday: 7:30 AM - 3:00 PM ","","47.53159","-122.69489","16.2974417464757","Broken Asphalt/Aggregate; Brick(s); Concrete (Set); Video Game Consoles; PlayStation Consoles","false","true","Please ensure that all materials are free from contaminants for recycling.  Please contact the site for additional information.","","false","false","false","false"
"Ace Paving","Ace Paving","7000 Werner Rd","Bremerton","Kitsap","WA","98312","3604794200","0","Monday: 7:00 AM - 4:30 PM Tuesday: 7:00 AM - 4:30 PM Wednesday: 7:00 AM - 4:30 PM Thursday: 7:00 AM - 4:30 PM Friday: 7:00 AM - 4:30 PM ","","47.55837","-122.69731","17.0867029739076","Broken Asphalt/Aggregate; Brick(s); Carpet Padding; Ceramic Tiles; Concrete (Set); Drywall; Linoleum; Glass (Other); Stone; Video Game Consoles; PlayStation Consoles","false","true","","","false","false","false","false"
"Ace Paving","","7000 Werner Rd","Bremerton","","WA","98312","3604796000","0","","https://www.afternic.com/forsale/acepaving.com?utm_source=TDFS_DASLNC&utm_medium=DASLNC&utm_campaign=TDFS_DASLNC&traffic_type=TDFS_DASLNC&traffic_id=daslnc&","47.5585278","-122.6968623","17.1101963098292","","false","false","","","false","false","false","false"
"Albertsons","","370 S West Sedgwick Road","Port Orchard","","WA","98367","3608762085","0","","","47.4964005","-122.6522916","17.3026799856905","","false","false","","","false","false","false","false"
"Call2Recycle at Lowe's","Call2Recycle at Lowe's","150 SEDGWICK RD ","Port Orchard","Kitsap","WA","98367","3603293000","0","Monday: 6:00 AM - 10:00 PM Tuesday: 6:00 AM - 10:00 PM Wednesday: 6:00 AM - 10:00 PM Thursday: 6:00 AM - 10:00 PM Friday: 6:00 AM - 10:00 PM Saturday: 6:00 AM - 10:00 PM Sunday: 8:00 AM - 8:00 PM ","http://www.lowes.com/","47.49765","-122.65207","17.3360155192599","Cell Phones; Compact Fluorescent Lights; Ni-Cd Batteries; Plastic Shopping Bags; Li-Ion Batteries; Ni-MH Batteries; Ni-Zn Batteries; Small Sealed Lead Acid Batteries; Video Game Consoles; PlayStation Consoles; Batteries (Rechargeable); Cell Phone Batteries; Li-Ion Batteries; Ni-Cd Batteries; Ni-MH Batteries; Small Sealed Lead Acid Batteries; Cell Phones","false","true","As an environmentally-committed retailer, Lowes offers a recycling center near store entrances to give consumers a free and easy way to properly dispose of rechargeable batteries, cell phones, CFLs and plastic shopping bags; materials that otherwise could be potentially harmful to the environment.  Look for the recycling center or ask a store associate for more details.","Call2Recycle","false","false","false","false"
"Morrison Sand and Gravel","Morrison Sand and Gravel","1004 SE Spencer Ave","Port Orchard","Kitsap","WA","98367","3608764701","0","Monday: 8:00 AM - 4:30 PM Tuesday: 8:00 AM - 4:30 PM Wednesday: 8:00 AM - 4:30 PM Thursday: 8:00 AM - 4:30 PM Friday: 8:00 AM - 4:30 PM Saturday: 8:00 AM - 2:00 PM ","null","47.46714","-122.63941","17.4670593081663","Brush; Tree Trimmings; Video Game Consoles; PlayStation Consoles","false","true","This drop-off site is located at Mullenix and Bethel Road.","","false","false","false","false"
"Mansker Tire Center","Mansker Tire Center","1216 Bay St","Port Orchard","Kitsap","WA","98366","3608768797","0","Monday: 8:00 AM - 6:00 PM Tuesday: 8:00 AM - 6:00 PM Wednesday: 8:00 AM - 6:00 PM Thursday: 8:00 AM - 6:00 PM Friday: 8:00 AM - 6:00 PM Saturday: 8:00 AM - 5:00 PM ","","47.53228","-122.66716","17.4908287005496","Used Tires; Video Game Consoles; PlayStation Consoles","false","true","","","false","false","false","false"
"Mason County Salvage","","1840 W Cloquallum Rd","Shelton","","WA","98584","3604268626","0","","","47.186294","-123.1196782","17.526257354383","","false","false","","","false","false","false","false"
"Albertsons","Albertsons","370 SW Sedgwick Rd","Port Orchard","Kitsap","WA","98367","3608762085","0","","","47.49844","-122.64792","17.5372725187412","Plastic Shopping Bags; Food Storage Bags; Video Game Consoles; PlayStation Consoles","false","true","","","false","false","false","false"
"Lowe's","","150 Southeast Sedgwick Road","Port Orchard","","WA","98367","3603293000","0","","https://newsroom.lowes.com/responsibility/operational-excellence/","47.5009743","-122.6458778","17.6773417992736","","false","false","","","false","false","false","false"
"USPS Post Office Box Lobby Recycling Program","US Post Office","14831 Burley Ave","Burley","Kitsap","WA","98322","8002758777","0","","https://www.usps.com/","47.41315","-122.62955","17.7645975324505","Catalogs; Greeting Cards; Magazines; Paper (Mixed)","false","true","","","false","false","false","false"
"Vintage 2 Vogue","","1351 SW Bay St","Port Orchard","","WA","98366","8884022665","0","","https://www.discoverbooks.com/Default.asp","47.5373073","-122.6640402","17.767153052341","","false","false","","","false","false","false","false"
"Mansker Tire Center","Mansker Tire Center","240 Bruenn Ave","Bremerton","Kitsap","WA","98312","3603731452","0","Monday: 7:30 AM - 6:00 PM Tuesday: 7:30 AM - 6:00 PM Wednesday: 7:30 AM - 6:00 PM Thursday: 7:30 AM - 6:00 PM Friday: 7:30 AM - 6:00 PM Saturday: 8:00 AM - 5:00 PM ","","47.56517","-122.68416","17.8551354510378","Used Tires; Video Game Consoles; PlayStation Consoles","false","true","","","false","false","false","false"
"Group Health Cooperative Port Orchard Medical Center","Group Health Cooperative Port Orchard Medical Center","1400 Pottery Ave","Port Orchard","Kitsap","WA","98366","3608955500","0","Monday: 8:00 AM - 6:00 PM Tuesday: 8:00 AM - 6:00 PM Wednesday: 8:00 AM - 6:00 PM Thursday: 8:00 AM - 6:00 PM Friday: 8:00 AM - 6:00 PM ","http://www.ghc.org/locations/index.jhtml","47.52639","-122.6524","17.9656399170868","Outdated Medications; Video Game Consoles; PlayStation Consoles","false","true","For a complete list of items accepted and items not accepted please visit: www.medicinereturn.com/return-your-medicines/What-to-return","","false","false","false","false"
"Jefferson County Recycling Drop-Off Site - Brinnon","","Hwy 101","Brinnon","","WA","98320","3603859160","0","","https://www.co.jefferson.wa.us","47.6792243","-122.8991936","18.0560608805683","","false","false","","","false","false","false","false"
"Suburban Propane","Suburban Propane","3515 Chico Way NW","Bremerton","Kitsap","WA","98312","3603777647","0","Monday: 8:00 AM - 5:00 PM Tuesday: 8:00 AM - 5:00 PM Wednesday: 8:00 AM - 5:00 PM Thursday: 8:00 AM - 5:00 PM Friday: 8:00 AM - 5:00 PM ","","47.59518","-122.70945","18.1033085501732","Propane Tanks; Video Game Consoles; PlayStation Consoles","false","true","Fees may apply for the recycling of propane tanks.","","false","false","false","false"
"Call2Recycle at Action Communications, Inc.","Call2Recycle at Action Communications, Inc.","119 S National Ave ","Bremerton","Kitsap County","WA","98312","3603777271","0","","http://www.actioncominc.com/","47.5629368","-122.6677968","18.430071988137","Cell Phones; Ni-Cd Batteries; Li-Ion Batteries; Ni-MH Batteries; Ni-Zn Batteries; Small Sealed Lead Acid Batteries; Video Game Consoles; PlayStation Consoles","false","true","The U.S. EPA estimates that more than 350 million rechargeable batteries are purchased annually in the U.S. Thanks to the environmental commitment of this location, its easy and free to recycle your batteries. Bring your rechargeable batteries to this location and look for the recycling box or ask an associate how you can do your part for the environment.","","false","false","false","false"
"West Sound Technical Skills Center","West Sound Technical Skills Center","101 National Ave N","Bremerton","Kitsap","WA","98312","8008254940","0","","","47.56379","-122.66784","18.4579798909981","Antifreeze; Used Motor Oil; Video Game Consoles; PlayStation Consoles","false","true","This site was formerly called "Kitsap Peninsula Skills Center".","","false","false","false","false"
"Purdy Topsoil and Gravel","Purdy Topsoil and Gravel","5819 133rd St NW","Gig Harbor","Pierce","WA","98332","2538575850","0","Monday: 7:00 AM - 5:00 PM Tuesday: 7:00 AM - 5:00 PM Wednesday: 7:00 AM - 5:00 PM Thursday: 7:00 AM - 5:00 PM Friday: 7:00 AM - 5:00 PM Saturday: 7:00 AM - 1:00 PM ","http://www.co.pierce.wa.us/pc/services/home/environ/index.htm","47.3789","-122.62007","18.5028628570211","Brick(s); Brush; Concrete (Set); Leaves; Wood Pallets; Tree Trimmings; Yard Waste; Video Game Consoles; PlayStation Consoles","false","true","This site only accepts brush, branches, and stumps for a disposal fee.  They also accept concrete with and without rebar.","","false","false","false","false"
"Olalla Recycling Facility","","2850 SE Burley Olalla Rd","Olalla","","WA","98359","2538575034","0","","https://www.kitsapgov.com","47.4318023","-122.6125566","18.5249876002871","","false","false","","","false","false","false","false"
"Navy City Metals","Navy City Metals","3805 State Highway 3 W","Bremerton","Kitsap","WA","98312","3603736595","0","Monday: 8:00 AM - 4:30 PM Tuesday: 8:00 AM - 4:30 PM Wednesday: 8:00 AM - 4:30 PM Thursday: 8:00 AM - 4:30 PM Friday: 8:00 AM - 4:30 PM Saturday: 10:00 AM - 1:00 PM ","","47.59871","-122.70126","18.5530765150593","Aluminum Cans; Ferrous Metals (Steel or Iron); Non-ferrous (Copper/Brass/Tin); Tin or Steel Cans; Video Game Consoles; PlayStation Consoles","false","true","","","false","false","false","false"
"Walmart","Walmart","3497 Bethel Rd SE","Port Orchard","Kitsap","WA","98366","3608749060","0","","http://www.walmart.com","47.51253","-122.6313","18.5633008796741","Lead Acid (Pb) Batteries; Plastic Shopping Bags; Food Storage Bags; Video Game Consoles; PlayStation Consoles","false","true","","","false","false","false","false"
"Walmart Tire & Lube Express","Walmart Tire & Lube Express","3497 Bethel Rd SE","Port Orchard","Kitsap","WA","98366","3608749060","0","","http://www.walmart.com/catalog/catalog.gsp?cat=495843","47.51253","-122.6313","18.5633008796741","Lead Acid (Pb) Batteries; Used Motor Oil; Oil Filters; Video Game Consoles; PlayStation Consoles","false","true","","","false","false","false","false"
"Cartridge World","Cartridge World","1382 SE Lund Ave","Port Orchard","Kitsap","WA","98366","3608764420","0","Monday: 9:00 AM - 6:00 PM Tuesday: 9:00 AM - 6:00 PM Wednesday: 9:00 AM - 6:00 PM Thursday: 9:00 AM - 6:00 PM Friday: 9:00 AM - 6:00 PM ","http://www.cartridgeworldwa.com","47.51954","-122.63329","18.6316468187333","Video Game Consoles; PlayStation Consoles","false","true","","","false","false","false","false"
"AutoZone","AutoZone"," 1414 Lund Ave","Port Orchard","Kitsap","WA","98366","3608761166","0","","http://www.autozone.com","47.51952","-122.63297","18.6452532155906","Lead Acid (Pb) Batteries; Used Motor Oil; Video Game Consoles; PlayStation Consoles","false","true","Most AutoZone stores accept used motor oil, transmission fluid, gear oil and automotive batteries. Call to see what your local store is currently accepting.","","false","false","false","false"
"AutoZone","","1414 Lund Ave","Port Orchard","","WA","98366","3608761166","0","","https://www.autozone.com/landing/page.jsp?name=in-our-stores","47.5191888","-122.6327756","18.6461587774248","","false","false","","","false","false","false","false"
"Schucks Auto Supply","Schucks Auto Supply","3311 Bethel Rd SE","Port Orchard","Kitsap","WA","98366","3608740340","0","","http://www.cskauto.com","47.51748","-122.63117","18.6779231235295","Lead Acid (Pb) Batteries; Used Motor Oil; Video Game Consoles; PlayStation Consoles","false","true","","","false","false","false","false"
"Safeway","","3355 Bethel Rd SE","Port Orchard","","WA","98366","3608760805","0","","https://shop.safeway.com/home.html","47.5183557","-122.6301611","18.7422203246987","","false","false","","","false","false","false","false"
"Walgreens","Walgreens","3099 Bethel Rd SE","Port Orchard","Kitsap","WA","98366","3608765212","0","","http://www.walgreens.com","47.52023","-122.63104","18.7465356491647","Cell Phones; Inkjet Printer Cartridges; Video Game Consoles; PlayStation Consoles","false","true","","","false","false","false","false"
"LRI Landfill","","14515 54th Ave NW","Gig Harbor","","WA","98335","8884022665","0","","https://www.discoverbooks.com/Default.asp","47.3934955","-122.6108097","18.7693171811578","","false","false","","","false","false","false","false"
"Purdy Transfer Station","","14515 54th Ave NW","Gig Harbor","","WA","98335","2538477555","0","","https://www.co.pierce.wa.us/1539/Glass-Drop-Off","47.3934955","-122.6108097","18.7693171811578","","false","false","","","false","false","false","false"
"Purdy Transfer Station","","14515 54th Avenue Northwest","Gig Harbor","","WA","98332","2538477555","0","","https://www.co.pierce.wa.us/1544/Household-Hazardous-Waste?nid=1544","47.3934955","-122.6108097","18.7693171811578","","false","false","","","false","false","false","false"
"O'Reilly Auto Parts","null","3311 Bethel Rd Southeast","Port Orchard","","WA","98366","3608740340","0","","http://oreillyauto.custhelp.com/app/error/error_id/6","47.519106","-122.6295439","18.7864956689119","","false","false","","","false","false","false","false"
"Walmart Tire and Lube Express","","3497 Bethel Rd SE","Port Orchard","","WA","98366","3608749060","0","","https://www.walmart.com/cp/ideas/8932632","47.516697","-122.6275633","18.8196299237867","","false","false","","","false","false","false","false"
"Walmart Supercenter","","3497 Bethel Rd SE","Port Orchard","","WA","98366","3608749060","0","","https://www.walmart.com/","47.516697","-122.6275633","18.8196299237867","","false","false","","","false","false","false","false"
"Staples","Staples","1805 S.E. Lund Ave.","Port Orchard","Kitsap County","WA","98366","3608746700","0","Monday: 9:00 AM - 9:00 PM Tuesday: 9:00 AM - 9:00 PM Wednesday: 9:00 AM - 9:00 PM Thursday: 9:00 AM - 9:00 PM Friday: 9:00 AM - 9:00 PM Saturday: 10:00 AM - 7:00 PM Sunday: 11:00 AM - 6:00 PM ","https://www.staples.com/recycle","47.5200701","-122.629072","18.8293786738437","AC Power Plugs; Batteries (Rechargeable); Cables & Connectors; Cell Phone Batteries; Cell Phones; Computer (Recycling); Hard Drives; Computer Monitors; Cameras; DVD Players/Blu-Ray Players/DVRs; Electronics; E-Readers; GPS Units; Headphones; Inkjet Printer Cartridges; Laptop Computers; Laser Toner Cartridges; Li-Ion Batteries; MP3 Players; Network Equipment; Ni-Cd Batteries; Ni-MH Batteries; Ni-Zn Batteries; Computer Peripherals; Portable Media Players; Printers/Scanners/Fax Machines; Small Electronics; Small Sealed Lead Acid Batteries; Stereo Equipment; Tablets; Telephones; UPS Batteries/Backup Systems; VCRs; Video Game Systems; Blu-Ray Players; Digital Converter Boxes; Video Game Consoles; PlayStation Consoles; Alkaline/Single-Use Batteries","false","true","NO TVs; Limit 6 CEDs per day; Staples program is not manufacturer supported in this state, listing provided as an additional option for consumers.","Sony, Vizio, OEM","false","false","false","false"
"Staples","null","1805 S.E. Lund Ave.","Port Orchard","","WA","98366","3608746700","0","","https://www.staples.com/sbd/cre/marketing/sustainability-center/recycling-services/","47.5200701","-122.629072","18.8293786738437","Alkaline/Single-Use Batteries; Batteries (Rechargeable); Cell Phone Batteries; Li-Ion Batteries; Ni-Cd Batteries; Ni-MH Batteries; Small Sealed Lead Acid Batteries; Alkaline/Single-Use Batteries; Button Batteries; Non-rechargeable lithium batteries; Cell Phones","false","true","","Call2Recycle","false","false","false","false"
"Staples","","1805 Southeast Lund Avenue","Port Orchard","","WA","98366","3608746700","0","","https://www.staples.com/sbd/cre/marketing/sustainability-center/recycling-services/","47.5200701","-122.629072","18.8293786738437","","false","false","","","false","false","false","false"
"911 Cell Phone Bank - Knights Of Columbus","911 Cell Phone Bank - Knights Of Columbus","614 Division St Stop 37","Port Orchard","Kitsap","WA","98366","8662907864","0","","http://www.911cellphonebank.org/","47.53792","-122.63905","18.8478718252805","Cell Phones; Cameras; Laptop Computers; MP3 Players; Video Games; Video Game Consoles; Smart watches & Apple Watch®
","false","true","Please call to verify drop-off procedures and directions to the location.  For prepaid shipping labels, visit http://www.911cellphonebank.org/drop-off-locations.asp - click on "print shipping label."","","false","false","false","false"
"Jiffy Lube","Jiffy Lube","3515 Kitsap Way","Bremerton","Kitsap","WA","98312","3603738137","0","Monday: 8:00 AM - 6:00 PM Tuesday: 8:00 AM - 6:00 PM Wednesday: 8:00 AM - 6:00 PM Thursday: 8:00 AM - 6:00 PM Friday: 8:00 AM - 6:00 PM Saturday: 8:00 AM - 6:00 PM Sunday: 9:00 AM - 5:00 PM ","","47.57096","-122.66306","18.9027953838995","Used Motor Oil; Video Game Consoles; PlayStation Consoles","false","true","","","false","false","false","false"
"O'Reilly Auto Parts","","3402 Kitsap Way","Bremerton","","WA","98312","3603733553","0","","http://oreillyauto.custhelp.com/app/error/error_id/6","47.5719504","-122.6616235","18.9955441454468","","false","false","","","false","false","false","false"
"Schucks Auto Supply","Schucks Auto Supply","3402 Kitsap Way","Bremerton","Kitsap","WA","98312","3603733553","0","","http://www.cskauto.com","47.57163","-122.6609","19.0128945800212","Lead Acid (Pb) Batteries; Used Motor Oil; Video Game Consoles; PlayStation Consoles","false","true","","","false","false","false","false"
"Call2Recycle at Grainger","Call2Recycle at Grainger","939 N Callow Ave","Bremerton","Kitsap","WA","98312","3603735600","0","","http://www.grainger.com/","47.56954","-122.65334","19.242023447894","Cell Phones; Ni-Cd Batteries; Li-Ion Batteries; Ni-MH Batteries; Ni-Zn Batteries; Small Sealed Lead Acid Batteries; Video Game Consoles; PlayStation Consoles","false","true","The U.S. EPA estimates that more than 350 million rechargeable batteries are purchased annually in the U.S. Thanks to the environmental commitment of this location, its easy and free to recycle your batteries. Bring your rechargeable batteries to this location and look for the recycling box or ask an associate how you can do your part for the environment.","","false","false","false","false"
"Safeway","null","900 N Callow Ave","Bremerton","","WA","98312","3607929149","0","","https://shop.safeway.com/home.html","47.5697604","-122.6527673","19.2727556095328","","false","false","","","false","false","false","false"
"Target","Target","11400 51st Ave NW","Gig Harbor","Pierce","WA","98332","2538589777","0","","http://www.target.com/","47.36076","-122.60823","19.3155815524431","Aluminum Cans; Cell Phones; Inkjet Printer Cartridges; MP3 Players; Plastic #1 (PETE); Plastic #2 (HDPE); Plastic Shopping Bags; Video Game Consoles; PlayStation Consoles","false","true","","","false","false","false","false"
"Target Store","null","11400 51st Ave NW","Gig Harbor","","WA","98332","2538589777","0","","https://corporate.target.com/corporate-responsibility/planet","47.3612162","-122.6077994","19.3274259755896","","false","false","","","false","false","false","false"
"Call2Recycle at Office Depot","Call2Recycle at Office Depot","5190 Borgen Blvd NW","Gig Harbor","Pierce","WA","98332","2538515884","0","","http://www.officedepot.com/","47.35843","-122.60816","19.3588373970417","Cell Phones; Ni-Cd Batteries; Li-Ion Batteries; Ni-MH Batteries; Ni-Zn Batteries; Small Sealed Lead Acid Batteries; Video Game Consoles; PlayStation Consoles","false","true","The U.S. EPA estimates that more than 350 million rechargeable batteries are purchased annually in the U.S. Thanks to the environmental commitment of this location, its easy and free to recycle your batteries. Bring your rechargeable batteries to this location and look for the recycling box or ask an associate how you can do your part for the environment.","","false","false","false","false"
"Office Depot","Office Depot","5190 Borgen Blvd NW","Gig Harbor","Pierce","WA","98332","2538515884","0","Monday: 8:00 AM - 9:00 PM Tuesday: 8:00 AM - 9:00 PM Wednesday: 8:00 AM - 9:00 PM Thursday: 8:00 AM - 9:00 PM Friday: 8:00 AM - 9:00 PM Saturday: 9:00 AM - 9:00 PM Sunday: 10:00 AM - 6:00 PM ","http://www.officedepot.com/","47.35843","-122.60816","19.3588373970417","Cell Phones; Computer Monitors; Electronics; Inkjet Printer Cartridges; Ni-Cd Batteries; Office Equipment; Batteries (Rechargeable); Laser Toner Cartridges; MP3 Players; Small Televisions; Video Game Consoles; PlayStation Consoles","false","true","Office Depot offers electronics recycling for a small fee. Visit their Web site for more details and store locations. Recycle cell phones, PDAs, rechargeable batteries and ink and toner cartridges for FREE!","","false","false","false","false"
"Albertsons","Albertsons","11330 51st Ave NW","Gig Harbor","Pierce","WA","98332","2538534750","0","","","47.3607","-122.60679","19.381938122146","Plastic Shopping Bags; Food Storage Bags; Video Game Consoles; PlayStation Consoles","false","true","","","false","false","false","false"
"West Sound Recycling Habitat for Humanity Aluminum Can Recycling Site","","1700 SE Mile Hill Dr","Port Orchard","","WA","98366","3603777633","0","","http://www.kitsaphabitat.org","47.5325758","-122.6232881","19.3853417591808","","false","false","","","false","false","false","false"
"USPS Post Office Box Lobby Recycling Program","US Post Office","28611 N US Highway 101","Lilliwaup","Mason","WA","98555","8002758777","0","","https://www.usps.com/","47.46044","-123.11296","5.33790472697165","Catalogs; Greeting Cards; Magazines; Paper (Mixed)","false","true","","","false","false","false","false"
"USPS Post Office Box Lobby Recycling Program","US Post Office","310 E Dalby Rd","Union","Mason","WA","98592","8002758777","0","","https://www.usps.com/","47.33844","-123.07764","7.00978097883774","Catalogs; Greeting Cards; Magazines; Paper (Mixed)","false","true","","","false","false","false","false"
"Union Drop Box","Mason County Recycling Drop Station - Union Transfer Station","1391 E McReavy Rd","Union ","Mason","WA","98592","3608983037","0","Sunday: 9:00 AM - 4:00 PM Monday: 9:00 AM - 4:00 PM ","http://www.co.mason.wa.us","47.341067","-123.093395","7.22445667712735","Plastic #1 (PETE); Plastic #2 (HDPE); Plastic #2 (Color HDPE); Aluminum Cans; Antifreeze; Glass (Brown); Lead Acid (Pb) Batteries; Cardboard; Catalogs; Glass (Clear); Glass (Green); Large Household Appliances; Magazines; Milk Cartons; Newspapers; Alkaline/Single-Use Batteries; Tin or Steel Cans; Transmission Fluid; Used Motor Oil; Oil Filters; Used Tires","false","true","Commercial loads not accepted at drop box facilities. Commercial waste loads can be taken to the Eels Hill Transfer Station. ","","false","false","false","false"
"Union Recycling Drop Box Station","","1391 E McReavy Rd","Shelton","","WA","98584","3608983037","0","","http://www.co.mason.wa.us","47.341067","-123.093395","7.22445667712735","","false","false","","","false","false","false","false"
"Belfair Recycling Drop Box Station","","2001 Sand Hill Rd","Shelton","","WA","98584","3602756462","0","","http://www.co.mason.wa.us","47.4684479","-122.8614106","7.42019474062405","","false","false","","","false","false","false","false"
"Belfair Drop Box","Belfair Drop Box","1611 NE Sand Hill Rd ","Belfair","Mason County","WA","98528","3602756462","0","Tuesday: 9:00 AM - 4:00 PM Wednesday: 9:00 AM - 4:00 PM Thursday: 9:00 AM - 4:00 PM Friday: 9:00 AM - 4:00 PM Saturday: 9:00 AM - 4:00 PM ","http://www.co.mason.wa.us/utilities_waste","47.466311","-122.859179","7.46442066423422","Antifreeze; Lead Acid (Pb) Batteries; Ni-Cd Batteries; Other Batteries; Batteries (Rechargeable); Alkaline/Single-Use Batteries; Used Motor Oil; Oil Filters; Used Tires","false","true","","","false","false","false","false"
"Mason County Public Utility District 3","","21341 E State Route 3","Belfair","","WA","98367","3602752833","0","","http://www.pud3.org","47.4200743","-122.8475738","7.56305361444326","","false","false","","","false","false","false","false"
"Hoodsport Recycling Drop Box Station","","260 N Hoodsport Park Rd","Hoodsport","","WA","98548","3608779525","0","","http://www.co.mason.wa.us","47.4057563","-123.1723803","7.80462431536558","","false","false","","","false","false","false","false"
"Mansker Tire Center","Mansker Tire Center","23090 NE State Route 3","Belfair","Mason","WA","98528","3602758108","0","Monday: 7:30 AM - 6:00 PM Tuesday: 7:30 AM - 6:00 PM Wednesday: 7:30 AM - 6:00 PM Thursday: 7:30 AM - 6:00 PM Friday: 7:30 AM - 6:00 PM Saturday: 8:00 AM - 5:00 PM ","","47.44137","-122.8334","8.24844546542102","Lead Acid (Pb) Batteries; Used Tires; Video Game Consoles; PlayStation Consoles","false","true","","","false","false","false","false"
"Mason County Fire District #2","","460 NE Old Belfair Hwy","Belfair","","WA","98528","3608672491","0","","https://www.co.thurston.wa.us/solidwaste/medicine/medicine-home.htm","47.4603274","-122.8267997","8.78602812532514","","false","false","","","false","false","false","false"
"Safeway","null","23961 NE State Route 3","Belfair","","WA","98528","3602750922","0","","https://shop.safeway.com/home.html","47.4537383","-122.8237112","8.8255718422029","","false","false","","","false","false","false","false"
"USPS Post Office Box Lobby Recycling Program","US Post Office","60 NE Ridge Point Blvd","Belfair","Pierce","WA","98528","8002758777","0","","https://www.usps.com/","47.45481","-122.81807","9.09853133718292","Catalogs; Greeting Cards; Magazines; Paper (Mixed)","false","true","","","false","false","false","false"
"Allen Shearer Trucking","Allen Shearer Trucking","121 E Log Yard Rd","Belfair","Mason","WA","98528","3602753465","0","Monday: 7:00 AM - 5:00 PM Tuesday: 7:00 AM - 5:00 PM Wednesday: 7:00 AM - 5:00 PM Thursday: 7:00 AM - 5:00 PM Friday: 7:00 AM - 5:00 PM Saturday: 8:00 AM - 4:00 PM ","","47.46838","-122.80688","9.8302805979158","Brush; Tree Trimmings; Wood; Video Game Consoles; PlayStation Consoles","false","true","","","false","false","false","false"
"Hoodsport Transfer Station","Mason County Recycling Drop Station ","260 N Hoodsport Park Rd","Hoodsport ","Mason","WA","98548","3608779525","0","","http://www.co.mason.wa.us","47.4568123","-123.2155407","9.85156536178572","Plastic #1 (PETE); Plastic #2 (HDPE); Plastic #2 (Color HDPE); Aluminum Cans; Antifreeze; Glass (Brown); Lead Acid (Pb) Batteries; Cardboard; Catalogs; Glass (Clear); Glass (Green); Large Household Appliances; Magazines; Milk Cartons; Newspapers; Alkaline/Single-Use Batteries; Tin or Steel Cans; Transmission Fluid; Used Motor Oil; Oil Filters; Used Tires","false","true","","","false","false","false","false"
"Kitsap County Christmas Tree Drop-Off Event - North Mason Fiber Company","","431 E Log Yard Rd","Belfair","","WA","98528","3602750228","0","","https://www.kitsapgov.com","47.47415","-122.806556","9.96300735553988","","false","false","","","false","false","false","false"
