name,description,address,city,region,province,postal_code,phone,fax,hours,url,latitude,longitude,distance,materials,pickup,dropoff,notes,groups,curbside,municipal,national,event_only
"Wyatt's Appliance Recycling Inc.","","","Winchester","","KS","66097","9137742021","0","","http://wyattsappliancerecycling.com/cgi-sys/suspendedpage.cgi","39.3222209","-95.2669155","10.2252292900672","","false","false","","","false","false","false","false"
"Wyatt's Appliance Recycling, Inc","Wyatt's Appliance Recycling, Inc","16629 126th St","Winchester","Jefferson","KS","66097","9137742021","0","Monday: 9:00 AM - 5:00 PM Tuesday: 9:00 AM - 5:00 PM Wednesday: 9:00 AM - 5:00 PM Thursday: 9:00 AM - 5:00 PM Friday: 9:00 AM - 5:00 PM ","http://wyattsappliancerecycling.com","39.27411","-95.26824","11.036928116087","Large Household Appliances; Small Appliances; Video Game Consoles; PlayStation Consoles","true","true","","","false","false","false","false"
"Jefferson County Household Hazardous Waste Drop-off Site","","300 Jefferson St","Oskaloosa","","KS","66066","7858632581","0","","http://www.jfcountyks.com/112/Household-Hazardous-Waste","39.2159992","-95.3135996","11.4343587765442","","false","false","","","false","false","false","false"
"Atchison County HHW Drop-off Site - Noxious Weed Department","","505 Howard St","Effingham","","KS","66023","9138334025","0","","http://www.atchisoncountyks.org/158/Household-Hazardous-Waste","39.522351","-95.3979825","13.0736433680117","","false","false","","","false","false","false","false"
"Jackson County HHW Collection Facility","","700 E 4th St","Holton","","KS","66436","7853643459","0","","http://www.kansasrecycles.org/programs/jackson-county-hhw-holton","39.4629975","-95.7255094","16.7074695930904","","false","false","","","false","false","false","false"
"Jackson County Recycle Center","","700 E 4th St","Holton","","KS","66436","7853643459","0","","","39.4629975","-95.7255094","16.7074695930904","","false","false","","","false","false","false","false"
"Nearly New Shop","Nearly New Shop","216 E 5th St","Holton","Jackson","KS","66436","7853363671","0","Tuesday: 10:00 AM - 6:00 PM Wednesday: 10:00 AM - 6:00 PM Thursday: 10:00 AM - 6:00 PM Friday: 10:00 AM - 6:00 PM Saturday: 10:00 AM - 2:00 PM ","","39.46497","-95.73206","17.0774428949338","Aluminum Cans; Video Game Consoles; PlayStation Consoles","false","true","","","false","false","false","false"
"Hamm, Inc.","Hamm, Inc.","PO Box 17","Perry","Jefferson","KS","66073","8162214527","0","","http://www.rippleglass.com/","39.09275","-95.37422","17.5623386350677","Glass (Blue); Glass (Brown); Glass (Clear); Glass (Green); Glass (Other); Video Game Consoles; PlayStation Consoles","false","true","Ripple Glass bins do not require color sorting. All colors of glass can be recycled from our containers, and sheet glass as well. No light bulbs, ceramic, pyrex or safety glass.","","false","false","false","false"
"Jackson County Environmental Services","Jackson County Environmental Services","700 E 4th St","Holton","Jackson","KS","66436","7853643459","0","","http://www.call2recycle.org/","39.46316","-95.74488","17.6080609228585","Cell Phones; Ni-Cd Batteries; Li-Ion Batteries; Ni-MH Batteries; Ni-Zn Batteries; Small Sealed Lead Acid Batteries; Video Game Consoles; PlayStation Consoles; Batteries (Rechargeable); Cell Phone Batteries; Li-Ion Batteries; Ni-Cd Batteries; Ni-MH Batteries; Small Sealed Lead Acid Batteries; Cell Phones","false","true","The U.S. EPA estimates that more than 350 million rechargeable batteries are purchased annually in the U.S. Thanks to the environmental commitment of this location, its easy and free to recycle your rechargeable batteries. Look for the recycling box or ask a staff member how you can do your part for the environment.","Call2Recycle","false","false","false","false"
"Jackson County Recycle Center","Jackson County Recycle Center","700 E 4th St","Holton","Jackson","KS","66436","7853643459","0","Tuesday: 8:00 AM - 4:30 PM Wednesday: 8:00 AM - 4:30 PM Thursday: 8:00 AM - 4:30 PM Friday: 8:00 AM - 4:30 PM Saturday: 8:00 AM - 4:30 PM ","http://ks-jackson.manatron.com/","39.46316","-95.74488","17.6080609228585","Aluminum Cans; Cardboard; Catalogs; Clothes Hangers (Metal); Computer Paper; Glass (Brown); Glass (Clear); Glass (Green); Lead Acid (Pb) Batteries; Magazines; Milk Cartons; Newspapers; Office Paper; Phone books; Plastic #1 (PETE); Plastic #2 (HDPE); Tin or Steel Cans; Used Motor Oil","false","true","","","false","false","false","false"
"O'Reilly Auto Parts","null","204 Us Hwy 75","Holton","","KS","66436","7853640134","0","","http://oreillyauto.custhelp.com/app/error/error_id/6","39.4604995","-95.7472206","17.6289990327838","","false","false","","","false","false","false","false"
"Walmart","Walmart","209 Arizona Ave","Holton","Jackson","KS","66436","7853644148","0","","http://www.walmart.com","39.45984","-95.748","17.6439817954419","Lead Acid (Pb) Batteries; Plastic Shopping Bags; Food Storage Bags; Video Game Consoles; PlayStation Consoles","false","true","","","false","false","false","false"
"Walmart","null","427 S Arizona Ave","Holton","","KS","66436","7853644148","0","","https://www.walmart.com/","39.4608","-95.7483","17.689520882206","","false","false","","","false","false","false","false"
"Shawnee County Household Hazardous Waste Facility","Shawnee County Household Hazardous Waste Facility","131 NE 46th St","Topeka","Shawnee","KS","66617","7852864381","0","Monday: 7:00 AM - 3:00 PM Tuesday: 7:00 AM - 3:00 PM Wednesday: 7:00 AM - 3:00 PM Thursday: 7:00 AM - 3:00 PM Friday: 7:00 AM - 3:00 PM ","http://www.snco.us/recycling/","39.12939","-95.65871","18.044295917357","Aerosol Spray Cans; Lead Acid (Pb) Batteries; Compact Fluorescent Lights; Fertilizer; Fluorescent Lamps/Tubes; Herbicides; Household Cleaners; Insecticides; Unused Paint; Paint Thinner; Pesticides; Pool Chemicals; Outdated Medications; Used Motor Oil; Video Game Consoles; PlayStation Consoles","false","true","For your convenience, we host special collection days on the first Saturday of each month from 9:00  Noon (with the exception of January and July). If you cannot attend a special collection event, please call Eddie Spencer (eddie.spencer@snco.us) 785.286.4381.","","false","false","false","false"
"Shawnee County HHW","Shawnee County Household Hazardous Waste","131 NE 46th St","Topeka","Shawnee","KS","66617","7852864381","0","","http://www.snco.us/sw/hhwaste.asp","39.12939","-95.65871","18.044295917357","Aerosol Spray Cans; Compact Fluorescent Lights; Cooking Oil; Fluorescent Lamps/Tubes; Fungicides; Herbicides; Household Cleaners; Insecticides; Lead Acid (Pb) Batteries; Outdated Medications; Paint Thinner; Pesticides; Photography Chemicals; Pool Chemicals; Solvents; Used Motor Oil","false","true","Special collection days on the first Saturday of each month from 9:00 – Noon (with the exception of January and July). If you cannot attend a special collection event, please call.","","false","false","false","false"
"Shawnee County Recycling HHW Drop-off Program","","131 NE 46th St","Topeka","","KS","66617","7852864381","0","","http://www.snco.us","39.1291042","-95.6587931","18.0627960997501","","false","false","","","false","false","false","false"
"Tractor Supply","Tractor Supply","710 HWY 24 East","Topeka","Shawnee","KS","66608","7852334211","0","","http://www.tractorsupply.com","39.09129","-95.6379","19.6447991212703","Transmission Fluid; Used Motor Oil; Video Game Consoles; PlayStation Consoles","false","true","","","false","false","false","false"
"Miller's Northland Amoco, Inc.","Miller's Northland Amoco, Inc.","3000 NW Topeka Blvd","Topeka","Shawnee","KS","66617","7852860383","0","","","39.10057","-95.66302","19.8049101376027","Used Motor Oil; Video Game Consoles; PlayStation Consoles","false","true","","","false","false","false","false"
"Hygienic Cleaners","Hygienic Cleaners","4731 NW Hunters Ridge Cir","Topeka","Shawnee","KS","66618","7852863065","0","Monday: 7:00 AM - 10:00 AM Tuesday: 7:00 AM - 10:00 AM Wednesday: 7:00 AM - 10:00 AM Thursday: 7:00 AM - 10:00 AM Friday: 7:00 AM - 10:00 AM Monday: 3:00 PM - 6:00 PM Tuesday: 3:00 PM - 6:00 PM Wednesday: 3:00 PM - 6:00 PM Thursday: 3:00 PM - 6:00 PM Friday: 3:00 PM - 6:00 PM Saturday: 8:00 AM - 12:00 PM ","null","39.13256","-95.718","19.9461130314703","Clothes Hangers (Metal); Video Game Consoles; PlayStation Consoles","false","true","","","false","false","false","false"
"Lion's Club","Lion's Club","2704 NW Topeka Blvd","Topeka","Shawnee","KS","66617","7852325681","0","Monday: 8:30 AM - 5:30 PM Tuesday: 8:30 AM - 5:30 PM Wednesday: 8:30 AM - 5:30 PM Thursday: 8:30 AM - 5:30 PM Friday: 8:30 AM - 5:30 PM ","","39.0954","-95.66395","20.1302004465997","Eyeglasses; Video Game Consoles; PlayStation Consoles","false","true","This site is located at the office of Dr. Neil Carr.","","false","false","false","false"
"Cross-Midwest Tire Company","Cross-Midwest Tire Company","2128 NE Meriden Rd","Topeka","Shawnee","KS","66608","7852359246","0","Monday: 7:00 AM - 6:00 PM Tuesday: 7:00 AM - 6:00 PM Wednesday: 7:00 AM - 6:00 PM Thursday: 7:00 AM - 6:00 PM Friday: 7:00 AM - 6:00 PM Saturday: 8:00 AM - 12:00 PM ","","39.0879","-95.65011","20.1758923071512","Used Tires; Video Game Consoles; PlayStation Consoles","false","true","","","false","false","false","false"
"Sunshine Recycling","Sunshine Recycling","2108 NE Meriden Rd","Topeka","Shawnee","KS","66608","7852323363","0","Monday: 7:00 AM - 5:00 PM Tuesday: 7:00 AM - 5:00 PM Wednesday: 7:00 AM - 5:00 PM Thursday: 7:00 AM - 5:00 PM Friday: 7:00 AM - 5:00 PM Saturday: 7:00 AM - 3:00 PM ","","39.0879","-95.65011","20.1758923071512","Cardboard; Ferrous Metals (Steel or Iron); Newspapers; Non-ferrous (Copper/Brass/Tin); Video Game Consoles; PlayStation Consoles","false","true","","","false","false","false","false"
"Walmart","Walmart","2600 NW Rochester Rd","Topeka","Shawnee","KS","66617","7853574827","0","","http://www.walmart.com","39.09526","-95.67303","20.4095993082292","Lead Acid (Pb) Batteries; Plastic Shopping Bags; Food Storage Bags; Video Game Consoles; PlayStation Consoles","false","true","","","false","false","false","false"
"Walmart Tire and Lube Express","","2600 NW Rochester Rd","Topeka","","KS","66608","7853574827","0","","https://www.walmart.com/cp/ideas/8932632","39.0936964","-95.6717619","20.4605870647656","","false","false","","","false","false","false","false"
"Walmart Supercenter","","2600 NW Rochester Rd","Topeka","","KS","66608","7853574827","0","","https://www.walmart.com/","39.0936964","-95.6717619","20.4605870647656","","false","false","","","false","false","false","false"
"Walgreens","Walgreens","2110 NW Topeka Blvd","Topeka","Shawnee","KS","66608","7852322591","0","","http://www.walgreens.com","39.08813","-95.66413","20.5570051570221","Cell Phones; Inkjet Cartridge Refilling; Inkjet Printer Cartridges; Video Game Consoles; PlayStation Consoles","false","true","","","false","false","false","false"
"Tractor Supply","","710 Highway 24 East","Topeka","","KS","66608","7852334211","0","","https://www.tractorsupply.com/","39.0911434","-95.6711743","20.5893479094131","","false","false","","","false","false","false","false"
"Shawnee County Recycling - Dillon's","","801 NW 25th St","Topeka","","KS","66618","7852336147","0","","http://www.snco.us/","39.0917816","-95.6736112","20.6257316228711","","false","false","","","false","false","false","false"
"Lion's Club","Lion's Club","403 NW Lyman Rd","Topeka","Shawnee","KS","66608","7852356550","0","Monday: 8:00 AM - 5:00 PM Thursday: 8:00 AM - 5:00 PM Friday: 8:00 AM - 5:00 PM Tuesday: 8:00 AM - 5:30 PM Wednesday: 8:00 AM - 5:30 PM Saturday: 8:00 AM - 12:00 PM ","null","39.08753","-95.6663","20.6547157267554","Eyeglasses; Video Game Consoles; PlayStation Consoles","false","true","This site is located at the office of Dr. L. Harris.","","false","false","false","false"
"RadioShack","RadioShack","2028 NW Topeka Blvd","Topeka","Shawnee","KS","66608","7852333944","0","Monday: 9:00 AM - 8:00 PM Tuesday: 9:00 AM - 8:00 PM Wednesday: 9:00 AM - 8:00 PM Thursday: 9:00 AM - 8:00 PM Friday: 9:00 AM - 8:00 PM Saturday: 9:00 AM - 8:00 PM Sunday: 11:00 AM - 5:00 PM ","http://www.radioshack.com","39.0864","-95.66473","20.6750919969353","Ni-Cd Batteries; Batteries (Rechargeable); Video Game Consoles; PlayStation Consoles","false","true","This site is located at Suttons North Plaza.","","false","false","false","false"
"Call2Recycle at RadioShack","Call2Recycle at RadioShack","2028 NW Topeka Blvd","Topeka","Shawnee","KS","66608","9132333944","0","","http://www.radioshack.com/","39.0864","-95.66473","20.6750919969353","Cell Phones; Ni-Cd Batteries; Li-Ion Batteries; Ni-MH Batteries; Ni-Zn Batteries; Small Sealed Lead Acid Batteries; Video Game Consoles; PlayStation Consoles","false","true","As the first national retailer to partner with Call2Recycle, RadioShack is at the forefront of the rechargeable battery recycling cause and is pleased to offer battery recycling at thousands of convenient RadioShack locations for free.  Simply drop them off at your local RadioShack and theyll take care of the rest.  Ask a store associate for more details.","","false","false","false","false"
"Capital City Pallet","Capital City Pallet","290 NE Goodell Rd","Topeka","Shawnee","KS","66616","7853795099","0","Monday: 7:00 AM - 4:00 PM Tuesday: 7:00 AM - 4:00 PM Wednesday: 7:00 AM - 4:00 PM Thursday: 7:00 AM - 4:00 PM Friday: 7:00 AM - 4:00 PM ","","39.05854","-95.59306","20.6811891972237","Wood Pallets; Wood; Video Game Consoles; PlayStation Consoles","false","true","","","false","false","false","false"
"Scotch Fabric Care","Scotch Fabric Care","2007 NW Topeka Blvd","Topeka","Shawnee","KS","66608","7853547264","0","Monday: 7:00 AM - 7:00 PM Tuesday: 7:00 AM - 7:00 PM Wednesday: 7:00 AM - 7:00 PM Thursday: 7:00 AM - 7:00 PM Friday: 7:00 AM - 7:00 PM Saturday: 8:00 AM - 5:00 PM ","","39.08578","-95.66511","20.7221734705505","Clothes Hangers (Metal); Video Game Consoles; PlayStation Consoles","false","true","","","false","false","false","false"
"Keep America Beautiful Cars to Donate","","","Topeka","","KS","66675","8554262474","0","","https://www.kab.org/?pagename=car_donation","39.14","-95.75","20.8374657226779","","false","false","","","false","false","false","false"
"Advance Auto Parts","","1939 NW Topeka Blvd","Topeka","","KS","66608","7853571834","0","","http://shop.advanceautoparts.com/webapp/wcs/stores/servlet/home___","39.0840136","-95.666543","20.8663934303887","","false","false","","","false","false","false","false"
"Budget Auto Parts","Budget Auto Parts","1831 NE Grantville Rd","Topeka","Shawnee","KS","66608","7852326600","0","Monday: 8:00 AM - 5:30 PM Tuesday: 8:00 AM - 5:30 PM Wednesday: 8:00 AM - 5:30 PM Thursday: 8:00 AM - 5:30 PM Friday: 8:00 AM - 5:30 PM Saturday: 8:00 AM - 12:00 PM ","","39.07864","-95.65543","20.8717585536815","Used Motor Oil; Video Game Consoles; PlayStation Consoles","false","true","","","false","false","false","false"
"Bailey Recycling & Scrap Metal","Bailey Recycling & Scrap Metal","4210 NE Seward Ave ","Topeka","Shawnee County","KS","66616","7852325721","0","Monday: 8:00 AM - 4:45 PM Tuesday: 8:00 AM - 4:45 PM Wednesday: 8:00 AM - 4:45 PM Thursday: 8:00 AM - 4:45 PM Friday: 8:00 AM - 4:45 PM Saturday: 8:00 AM - 11:45 AM ","http://www.baileyrecyclingandscrapmetal.com/","39.0588874","-95.606204","20.91714447313","Aluminum; Catalytic Converters; Ferrous Metals (Steel or Iron); Lead Acid (Pb) Batteries; Non-ferrous (Copper/Brass/Tin); Wire; Electric Motors; Scrap Metal; Video Game Consoles; PlayStation Consoles","false","true","","","false","false","false","false"
"Advance Auto Parts","Advance Auto Parts","1939 NW Topeka Blvd","Topeka","Shawnee","KS","66608","7853571834","0","Monday: 7:00 AM - 9:00 PM Tuesday: 7:00 AM - 9:00 PM Wednesday: 7:00 AM - 9:00 PM Thursday: 7:00 AM - 9:00 PM Friday: 7:00 AM - 9:00 PM Saturday: 7:00 AM - 9:00 PM Sunday: 10:00 AM - 8:00 PM ","http://www.advanceautoparts.com","39.0832","-95.66685","20.9226708376522","Lead Acid (Pb) Batteries; Used Motor Oil; Video Game Consoles; PlayStation Consoles","false","true","","","false","false","false","false"
"Hunter Recycling","Hunter Recycling","540 NW Broad St","Topeka","Shawnee","KS","66608","7852323155","0","Monday: 10:00 AM - 3:00 PM Tuesday: 10:00 AM - 3:00 PM Wednesday: 10:00 AM - 3:00 PM Thursday: 10:00 AM - 3:00 PM Friday: 10:00 AM - 3:00 PM ","","39.08255","-95.66806","20.9953803739809","Computer Paper; Greeting Cards; Paper (Mixed); Office Paper; Video Game Consoles; PlayStation Consoles","false","true","","","false","false","false","false"
"Performance Tire & Wheel","Performance Tire & Wheel","1735 N Kansas Ave","Topeka","Shawnee","KS","66608","7853541410","0","Monday: 8:00 AM - 5:00 PM Tuesday: 8:00 AM - 5:00 PM Wednesday: 8:00 AM - 5:00 PM Thursday: 8:00 AM - 5:00 PM Friday: 8:00 AM - 5:00 PM Saturday: 8:00 AM - 12:00 PM ","","39.0795","-95.66276","21.0234498098455","Transmission Fluid; Used Motor Oil; Oil Filters; Used Tires; Video Game Consoles; PlayStation Consoles","false","true","There is a fee for all services.","","false","false","false","false"
"AutoZone","","1735 NW Topeka Blvd","Topeka","","KS","66608","7852326809","0","","https://www.autozone.com/landing/page.jsp?name=in-our-stores","39.0807008","-95.6679401","21.0998329451361","","false","false","","","false","false","false","false"
"AutoZone","AutoZone","1735 NW Topeka Blvd","Topeka","Shawnee","KS","66608","7852326809","0","","http://www.autozone.com","39.0804","-95.6674","21.1019635946038","Lead Acid (Pb) Batteries; Used Motor Oil; Video Game Consoles; PlayStation Consoles","false","true","Most AutoZone stores accept used motor oil, transmission fluid, gear oil and automotive batteries. Call to see what your local store is currently accepting.","","false","false","false","false"
"O'Reilly Auto Parts","O'Reilly Auto Parts","1726 NW Topeka Blvd","Topeka","Shawnee","KS","66608","7852335658","0","Monday: 8:00 AM - 9:00 PM Tuesday: 8:00 AM - 9:00 PM Wednesday: 8:00 AM - 9:00 PM Thursday: 8:00 AM - 9:00 PM Friday: 8:00 AM - 9:00 PM Saturday: 8:00 AM - 9:00 PM Sunday: 9:00 AM - 6:00 PM ","http://www.oreillyauto.com/","39.08001","-95.66669","21.1045378046123","Used Motor Oil; Video Game Consoles; PlayStation Consoles","false","true","Most stores offer Used Oil & Battery Recycling, Battery Testing, 
Electrical & Module Testing, Loaner Tool Program, Drum / Rotor Resurfacing. Call your location for more details.","","false","false","false","false"
"O'Reilly Auto Parts","null","1726 Nw Topeka Boulevard ","Topeka","","KS","66608","7852335658","0","","http://oreillyauto.custhelp.com/app/error/error_id/6","39.0800266","-95.6667895","21.1063988087031","","false","false","","","false","false","false","false"
"Shawnee County Recycling - Oakland-Billard Park","","Oakland-Billard Park","Topeka","","KS","66616","7852336147","0","","http://www.snco.us","39.0680539","-95.6451378","21.238296598035","","false","false","","","false","false","false","false"
"Topeka Battery","Topeka Battery","1101 NW Topeka Blvd","Topeka","Shawnee","KS","66608","7853541918","0","Monday: 7:00 AM - 6:00 PM Tuesday: 7:00 AM - 6:00 PM Wednesday: 7:00 AM - 6:00 PM Thursday: 7:00 AM - 6:00 PM Friday: 7:00 AM - 6:00 PM Saturday: 8:00 AM - 5:00 PM ","","39.07155","-95.67121","21.7288431596702","Lead Acid (Pb) Batteries; Ni-Cd Batteries; Video Game Consoles; PlayStation Consoles","false","true","","","false","false","false","false"
"Topeka Rescue Mission Thrift Store","Topeka Rescue Mission Thrift Store","901 N Kansas Ave","Topeka","Shawnee","KS","66608","7853541744","0","Monday: 8:00 AM - 3:00 PM Tuesday: 8:00 AM - 3:00 PM Wednesday: 8:00 AM - 3:00 PM Thursday: 8:00 AM - 3:00 PM Friday: 8:00 AM - 3:00 PM Saturday: 8:00 AM - 3:00 PM ","","39.06841","-95.66659","21.7851708227792","Clothing; Gift Bags; Furniture; Household Goods; Large Household Appliances; Ornaments; Plastic Shopping Bags; Food Storage Bags; Video Game Consoles; PlayStation Consoles","false","true","","","false","false","false","false"
"Massey & Son","Massey & Son","1628 NW Gordon St","Topeka","Shawnee","KS","66608","7852325708","0","Monday: 8:00 AM - 5:00 PM Tuesday: 8:00 AM - 5:00 PM Wednesday: 8:00 AM - 5:00 PM Thursday: 8:00 AM - 5:00 PM Friday: 8:00 AM - 5:00 PM Saturday: 8:00 AM - 1:00 PM ","","39.07724","-95.68673","21.8521173090294","Car; Ferrous Metals (Steel or Iron); Non-ferrous (Copper/Brass/Tin); Video Game Consoles; PlayStation Consoles","false","true","","","false","false","false","false"
"Advantage Metals Recycling LLC","Advantage Metals Recycling LLC","1628 NW Gordon St","Topeka","Shawnee","KS","66608","7852325152","7852350002","Monday: 8:00 AM - 4:30 PM Tuesday: 8:00 AM - 4:30 PM Wednesday: 8:00 AM - 4:30 PM Thursday: 8:00 AM - 4:30 PM Friday: 8:00 AM - 4:30 PM Saturday: 8:00 AM - 11:59 PM ","http://www.advantagerecycling.com","39.07724","-95.68673","21.8521173090294","Aluminum Cans; Aluminum; Car; Bikes; Ferrous Metals (Steel or Iron); Large Household Appliances; Lawn Equipment; Non-ferrous (Copper/Brass/Tin); Holiday Lights; Wire; Air Conditioners; Radiators; Video Game Consoles; PlayStation Consoles","false","true","","","false","false","false","false"
"Advantage Metals Recycling, LLC","","1628 NW Gordon St","Topeka","","KS","66608","7852325152","0","","http://www.AdvantageRecycling.com/","39.0776302","-95.6885313","21.8842753637563","","false","false","","","false","false","false","false"
"Advantage Metals Recycling LLC","","1628 NW Gordon St","Topeka","","KS","66608","7852325152","0","","http://www.advantagerecycling.com/","39.0776302","-95.6885313","21.8842753637563","","false","false","","","false","false","false","false"
"M&M Auto Parts","M&M Auto Parts","841 NW Tyler St","Topeka","Shawnee","KS","66608","7852337719","0","Monday: 8:00 AM - 5:30 PM Tuesday: 8:00 AM - 5:30 PM Wednesday: 8:00 AM - 5:30 PM Thursday: 8:00 AM - 5:30 PM Friday: 8:00 AM - 5:30 PM Saturday: 9:00 AM - 1:00 PM ","","39.06936","-95.67449","21.9502328252451","Car; Transmission Fluid; Used Motor Oil; Video Game Consoles; PlayStation Consoles","false","true","","","false","false","false","false"
"Langley Recycling, Inc","Langley Recycling, Inc","800 NW Tyler St","Topeka","Shawnee","KS","66608","7852342691","0","Monday: 8:00 AM - 4:45 PM Tuesday: 8:00 AM - 4:45 PM Wednesday: 8:00 AM - 4:45 PM Thursday: 8:00 AM - 4:45 PM Friday: 8:00 AM - 4:45 PM Saturday: 8:00 AM - 11:45 AM ","http://kcscrapyard.com/","39.06828","-95.67402","22.0002799721234","Aluminum; Aluminum Cans; Car; Catalytic Converters; Ferrous Metals (Steel or Iron); Large Household Appliances; Lead Acid (Pb) Batteries; Non-ferrous (Copper/Brass/Tin); Radiators; Scrap Metal; Wire; Electric Motors; Video Game Consoles; PlayStation Consoles","false","true","Cars and appliances must have CFCs removed before entering the yard. Appliances must have compressors removed. ","","false","false","false","false"
"Kaw River Recycling, LLC.","Kaw River Recycling, LLC.","920 NW Railroad St","Topeka","Shawnee","KS","66608","7852325152","0","Monday: 8:00 AM - 4:30 PM Tuesday: 8:00 AM - 4:30 PM Wednesday: 8:00 AM - 4:30 PM Thursday: 8:00 AM - 4:30 PM Friday: 8:00 AM - 4:30 PM Saturday: 8:00 AM - 11:30 AM ","","39.06894","-95.67677","22.0397630340686","Ferrous Metals (Steel or Iron); Non-ferrous (Copper/Brass/Tin); Video Game Consoles; PlayStation Consoles","false","true","","","false","false","false","false"
"Atchison County Recycling Center - HHW Drop-Off Site","","2505 U.S. 73","Atchison","","KS","66002","9133675171","0","","http://www.atchisoncountyks.org/158/Household-Hazardous-Waste","39.556835","-95.1555766","22.0415149229226","","false","false","","","false","false","false","false"
"Atchison County Recycling Center","","2505 U.S. 73","Atchison","","KS","66002","9133675171","0","","http://www.atchisoncountyks.org","39.556835","-95.1555766","22.0415149229226","","false","false","","","false","false","false","false"
"Walmart Tire & Lube Express","Walmart Tire & Lube Express","1920 US-73 ","Atchison","Atchison County","KS","66002","9133674062","0","","http://www.walmart.com/","39.5404167","-95.1291212","22.369497724373","Lead Acid (Pb) Batteries; Used Motor Oil; Oil Filters; Video Game Consoles; PlayStation Consoles","false","true","","","false","false","false","false"
"Walmart","Walmart","1920 US-73 ","Atchison","Atchison County","KS","66002","9133674062","0","","http://www.walmart.com","39.5404167","-95.1291212","22.369497724373","Lead Acid (Pb) Batteries; Plastic Shopping Bags; Food Storage Bags; Video Game Consoles; PlayStation Consoles","false","true","","","false","false","false","false"
"Walmart Supercenter","","1920 U.S. 73","Atchison","","KS","66002","9133674062","0","","https://www.walmart.com/","39.5405207","-95.1292001","22.3706722944149","","false","false","","","false","false","false","false"
"Walmart Tire and Lube Express","","1920 U.S. 73","Atchison","","KS","66002","9133674062","0","","https://www.walmart.com/cp/ideas/8932632","39.5405207","-95.1292001","22.3706722944149","","false","false","","","false","false","false","false"
"Ripple Glass Drop Off - Wal-Mart  Atchison","","1920 US-73","Atchison","","KS","66002","8162214527","0","","https://www.rippleglass.com/","39.5405207","-95.1292001","22.3706722944149","","false","false","","","false","false","false","false"
"Shawnee County Recycling - Topeka Correctional Facility","","815 SE Rice Rd","Topeka","","KS","66607","7852336147","0","","http://www.snco.us","39.0408435","-95.6254206","22.4676540024971","","false","false","","","false","false","false","false"
"Scotch Fabric Care","Scotch Fabric Care","134 SE Quincy St","Topeka","Shawnee","KS","66603","7852353501","0","Monday: 7:00 AM - 7:00 PM Tuesday: 7:00 AM - 7:00 PM Wednesday: 7:00 AM - 7:00 PM Thursday: 7:00 AM - 7:00 PM Friday: 7:00 AM - 7:00 PM Saturday: 8:00 AM - 5:00 PM ","","39.05777","-95.66896","22.4827252234187","Clothes Hangers (Metal); Video Game Consoles; PlayStation Consoles","false","true","","","false","false","false","false"
"Lion's Club","Lion's Club","3215 SE 6th Ave","Topeka","Shawnee","KS","66607","7852316000","0","Monday: 7:00 AM - 5:00 PM Tuesday: 7:00 AM - 5:00 PM Wednesday: 7:00 AM - 5:00 PM Thursday: 7:00 AM - 5:00 PM Friday: 7:00 AM - 5:00 PM ","","39.04282","-95.63361","22.5231102796578","Eyeglasses; Video Game Consoles; PlayStation Consoles","false","true","This site is located at Farmland Foods Incorporated.","","false","false","false","false"
"Langley Recycling Inc","","503 Southeast Branner Street","Topeka","","KS","66607","7852342691","0","","http://www.langleyrecycling.com/","39.0500468","-95.6608725","22.7342636141096","","false","false","","","false","false","false","false"
"Langley Recycling Inc","Langley Recycling Inc","503 SE Branner St","Topeka","Shawnee","KS","66607","7852342691","0","Monday: 8:00 AM - 4:45 PM Tuesday: 8:00 AM - 4:45 PM Wednesday: 8:00 AM - 4:45 PM Thursday: 8:00 AM - 4:45 PM Friday: 8:00 AM - 4:45 PM Saturday: 8:00 AM - 11:45 AM ","http://www.langleyrecycling.com","39.0502","-95.66152","22.7416430881401","Aluminum; Ferrous Metals (Steel or Iron); Non-ferrous (Copper/Brass/Tin); Wire; Scrap Metal; Video Game Consoles; PlayStation Consoles","false","true","","","false","false","false","false"
"Let's Help","Let's Help","302 SW Van Buren St","Topeka","Shawnee","KS","66603","7852324357","0","Monday: 8:00 AM - 4:00 PM Tuesday: 8:00 AM - 4:00 PM Wednesday: 8:00 AM - 4:00 PM Thursday: 8:00 AM - 4:00 PM Friday: 8:00 AM - 4:00 PM ","","39.05562","-95.6743","22.755990008861","Clothing; Gift Bags; Furniture; Household Goods; Large Household Appliances; Ornaments; Plastic Shopping Bags; Food Storage Bags; Video Game Consoles; PlayStation Consoles","false","true","","","false","false","false","false"
"Lion's Club","Lion's Club","400 SE Quincy St","Topeka","Shawnee","KS","66603","7852343481","0","Monday: 8:00 AM - 5:00 PM Tuesday: 8:00 AM - 5:00 PM Wednesday: 8:00 AM - 5:00 PM Thursday: 8:00 AM - 5:00 PM Friday: 8:00 AM - 5:00 PM ","","39.05362","-95.67038","22.7689362331158","Eyeglasses; Video Game Consoles; PlayStation Consoles","false","true","This site is located at Duffen's Optical.","","false","false","false","false"
"Shawnee County Curbside Recycling","Shawnee County Curbside Recycling","1515 NW Saline St","Topeka","Shawnee","KS","66618","7852334774","0","","http://www.snco.us/sw/","39.07921","-95.71963","22.7820950966029","Aluminum Cans; Brown Paper Bags; Computer Paper; Dairy Tubs; Glass (Brown); Glass (Clear); Glass (Green); Magazines; Newspapers; Office Paper; Paper (Mixed); Paperboard; Phone books; Plastic #1 (PETE); Plastic #2 (HDPE); Plastic #5 (Polypropylene); Shredded Paper; Tin or Steel Cans; Unused Paper","false","false","Place your container with the front of the lid facing the street/alley, and follow the 3’ rule.","","true","false","false","false"
"The Breast Cancer Research Foundation Car Donation Program","","","Topeka","","KS","66601","8554502873","0","","https://cardonationfoundation.org/","39.0541528","-95.6721245","22.7841432803959","","false","false","","","false","false","false","false"
"Lion's Club","Lion's Club","200 SE 6th Ave","Topeka","Shawnee","KS","66603","7852352374","0","Monday: 8:00 AM - 5:30 PM Tuesday: 8:00 AM - 5:30 PM Wednesday: 8:00 AM - 5:30 PM Thursday: 8:00 AM - 5:30 PM Friday: 8:00 AM - 5:30 PM ","","39.05208","-95.67139","22.88817115916","Eyeglasses; Video Game Consoles; PlayStation Consoles","false","true","This site is located at Reynolds and Kohake.","","false","false","false","false"
"City of Topeka Christmas Tree Drop-Off - Biomass Yard Material Recycling Facility","","NW MacVicar Ave & Interstate 70","Topeka","","KS","66606","7853683762","0","","https://www.topeka.org/","39.0686509","-95.7049089","22.8955794647689","","false","false","","","false","false","false","false"
"Gregg Tire","Gregg Tire","300 SW 6th Ave","Topeka","Shawnee","KS","66603","7852334156","0","Monday: 7:30 AM - 5:30 PM Tuesday: 7:30 AM - 5:30 PM Wednesday: 7:30 AM - 5:30 PM Thursday: 7:30 AM - 5:30 PM Friday: 7:30 AM - 5:30 PM ","http://www.greggtire.com","39.05298","-95.67661","22.976096627246","Lead Acid (Pb) Batteries; Transmission Fluid; Used Motor Oil; Used Tires; Video Game Consoles; PlayStation Consoles","false","true","","","false","false","false","false"
"Wolfe's Cameras, Camcorders & Computers","Wolfe's Cameras, Camcorders & Computers","635 S Kansas Ave","Topeka","Shawnee","KS","66603","7852351386","0","","http://www.wolfes.com/cameras-1.html","39.05094","-95.67415","23.0306327434607","Ni-Cd Batteries; Video Game Consoles; PlayStation Consoles","false","true","","","false","false","false","false"
"Lion's Club","Lion's Club","800 SW 6th Ave","Topeka","Shawnee","KS","66603","7853547706","0","Monday: 8:00 AM - 5:00 PM Tuesday: 8:00 AM - 5:00 PM Wednesday: 8:00 AM - 5:00 PM Thursday: 8:00 AM - 5:00 PM Friday: 8:00 AM - 5:00 PM ","","39.0549","-95.68431","23.0768392613164","Eyeglasses; Video Game Consoles; PlayStation Consoles","false","true","This site is located at Brennan-Mathena Funeral Home.","","false","false","false","false"
"Ripple Glass Drop Off - First Baptist Church","","1640 W Riley St","Atchison","","KS","66002","8162214527","0","","https://www.rippleglass.com/","39.5688463","-95.1417816","23.1451567430137","","false","false","","","false","false","false","false"
"Sonoco Recycling","","834 Southeast Adams Street","Topeka","","KS","66607","7852352515","0","","https://www.sonocorecycling.com/","39.0454952","-95.6676936","23.1862536919281","","false","false","","","false","false","false","false"
"Republic Fiber Company","Republic Fiber Company","834 SE Adams St","Topeka","Shawnee","KS","66607","7852352515","0","Monday: 7:00 AM - 3:30 PM Tuesday: 7:00 AM - 3:30 PM Wednesday: 7:00 AM - 3:30 PM Thursday: 7:00 AM - 3:30 PM Friday: 7:00 AM - 3:30 PM ","","39.04542","-95.66774","23.1920046548921","Book Recycling; Brown Paper Bags; Cardboard; Catalogs; Chipboard; Computer Paper; Greeting Cards; Magazines; Paper (Mixed); Newspapers; Phone books; Video Game Consoles; PlayStation Consoles","false","true","","","false","false","false","false"
"AT&T Wireless","AT&T Wireless","820 Skyway Hwy","Atchison","Atchison","KS","66002","9133670505","0","","http://www.att.com/","39.55859","-95.12701","23.2559812333527","Cell Phones; Ni-Cd Batteries; Batteries (Rechargeable); Cell Phone Batteries; Tablets; Li-Ion Batteries; Video Game Consoles; PlayStation Consoles","false","true","Receive an AT&T Promotion Card worth the trade-in value of your smartphone, tablet, or netbook. You can also donate the trade-in value to Cell Phones for Soldiers.","","false","false","false","false"
"Zercher Photo","Zercher Photo","906 S Kansas Ave","Topeka","Shawnee","KS","66612","7852352341","0","Monday: 8:30 AM - 5:30 PM Tuesday: 8:30 AM - 5:30 PM Wednesday: 8:30 AM - 5:30 PM Thursday: 8:30 AM - 5:30 PM Friday: 8:30 AM - 5:30 PM Saturday: 8:30 AM - 5:30 PM ","","39.04692","-95.67558","23.3093336216345","Plastics (Other); Laser Toner Cartridges; Video Game Consoles; PlayStation Consoles","false","true","Please call for more information. This site also accepts disposable cameras.","","false","false","false","false"
"Lion's Club","Lion's Club","913 S Kansas Ave","Topeka","Shawnee","KS","66612","7852343217","0","Monday: 10:00 AM - 5:30 PM Tuesday: 10:00 AM - 5:30 PM Wednesday: 10:00 AM - 5:30 PM Thursday: 10:00 AM - 5:30 PM Friday: 10:00 AM - 5:30 PM ","","39.04675","-95.67591","23.3283710263409","Eyeglasses; Video Game Consoles; PlayStation Consoles","false","true","This site is located at Byers Optical.","","false","false","false","false"
"Shawnee County Recycling - St. Francis Hospital","","634 SW Mulvane St","Topeka","","KS","66606","7852336147","0","","http://www.snco.us","39.0563939","-95.6970295","23.3567376598736","","false","false","","","false","false","false","false"
"Lion's Club","Lion's Club","1616 SW 8th Ave","Topeka","Shawnee","KS","66606","7852332274","0","","","39.05467","-95.69629","23.4347131588974","Eyeglasses; Video Game Consoles; PlayStation Consoles","false","true","This site is located at Optical Dispensing.","","false","false","false","false"
"Lion's Club","Lion's Club","1035 SE Quincy St","Topeka","Shawnee","KS","66612","7852340456","0","Monday: 8:00 AM - 5:00 PM Tuesday: 8:00 AM - 5:00 PM Wednesday: 8:00 AM - 5:00 PM Thursday: 8:00 AM - 5:00 PM Friday: 8:00 AM - 5:00 PM ","","39.04456","-95.67519","23.4401812794066","Eyeglasses; Video Game Consoles; PlayStation Consoles","false","true","This site is located at Hawkin's Optical.","","false","false","false","false"
"O'Reilly Auto Parts","null","819 Main ","Atchison","","KS","66002","9133674138","0","","http://oreillyauto.custhelp.com/app/error/error_id/6","39.5611083","-95.1245591","23.4684432807556","","false","false","","","false","false","false","false"
"O'Reilly Auto Parts","O'Reilly Auto Parts","819 Main St","Atchison","Atchison","KS","66002","9133674138","0","Monday: 8:00 AM - 8:00 PM Tuesday: 8:00 AM - 8:00 PM Wednesday: 8:00 AM - 8:00 PM Thursday: 8:00 AM - 8:00 PM Friday: 8:00 AM - 8:00 PM Saturday: 8:00 AM - 5:00 PM Sunday: 10:00 AM - 4:00 PM ","http://www.oreillyauto.com/","39.56094","-95.12394","23.4858313039749","Used Motor Oil; Video Game Consoles; PlayStation Consoles","false","true","Most stores offer Used Oil & Battery Recycling, Battery Testing, 
Electrical & Module Testing, Loaner Tool Program, Drum / Rotor Resurfacing. Call your location for more details.","","false","false","false","false"
"Ripple Glass Drop Off - Atchison Farmer's Market","","600 Main St","Atchison","","KS","66002","8162214527","0","","https://www.rippleglass.com/","39.5606207","-95.1208573","23.5962167514549","","false","false","","","false","false","false","false"
"Lion's Club","Lion's Club","1321 SW 10th Ave","Topeka","Shawnee","KS","66604","7853548558","0","","","39.05025","-95.69372","23.6171215518106","Eyeglasses; Video Game Consoles; PlayStation Consoles","false","true","This site is located at Penwell-Gabel Funeral Home.","","false","false","false","false"
"Topeka and Shawnee County Public Library","","1515 Southwest 10th","Topeka","","KS","66604","7855804400","0","","https://tscpl.org/","39.0506858","-95.6968146","23.6811131340091","","false","false","","","false","false","false","false"
"Budget Auto Parts","Budget Auto Parts","1440 SE Jefferson St","Topeka","Shawnee","KS","66607","7852346661","0","Monday: 8:00 AM - 5:30 PM Tuesday: 8:00 AM - 5:30 PM Wednesday: 8:00 AM - 5:30 PM Thursday: 8:00 AM - 5:30 PM Friday: 8:00 AM - 5:30 PM Saturday: 8:00 AM - 12:00 PM ","","39.0386","-95.67118","23.6936635833053","Used Motor Oil; Video Game Consoles; PlayStation Consoles","false","true","","","false","false","false","false"
"GreenPoint Construction and Demolition Recycling Center","","1405 SE Madison St","Topeka","","KS","66607","7852346000","0","","https://www.greenpointcd.com/","39.0389967","-95.6725941","23.7064411011019","","false","false","","","false","false","false","false"
"RadioShack","RadioShack","521 Commercial St Ste A","Atchison","Atchison","KS","66002","9133672343","0","Monday: 10:00 AM - 6:30 PM Tuesday: 10:00 AM - 6:30 PM Wednesday: 10:00 AM - 6:30 PM Thursday: 10:00 AM - 6:30 PM Friday: 10:00 AM - 6:30 PM Saturday: 9:00 AM - 5:00 PM ","http://www.radioshack.com","39.56197","-95.1194","23.7157637040313","Ni-Cd Batteries; Batteries (Rechargeable); Video Game Consoles; PlayStation Consoles","false","true","","","false","false","false","false"
"Jiffy Lube","Jiffy Lube","2001 SW 10th Ave","Topeka","Shawnee","KS","66604","7852336384","0","Monday: 7:00 AM - 6:00 PM Tuesday: 7:00 AM - 6:00 PM Wednesday: 7:00 AM - 6:00 PM Thursday: 7:00 AM - 7:00 PM Friday: 7:00 AM - 6:00 PM Saturday: 8:00 AM - 5:00 PM Sunday: 10:00 AM - 4:00 PM ","","39.05099","-95.70225","23.8225837001907","Used Motor Oil; Video Game Consoles; PlayStation Consoles","false","true","","","false","false","false","false"
"Kansas Department of Health and Environment","","","Topeka","","KS","66612","7852961600","0","","http://www.kdheks.gov/","39.0397435","-95.6799816","23.8568192653712","","false","false","","","false","false","false","false"
"Shawnee County Recycling - Iwig Dairy","","3320 SE Tecumseh Rd","Tecumseh","","KS","66542","7852336147","0","","http://www.snco.us","39.0070662","-95.5830617","23.8864262523997","","false","false","","","false","false","false","false"
"Home Recycling Service","","","Topeka","","KS","66606","7859698439","0","","http://www.homerecyclingservice.com/","39.0609319","-95.7247169","23.9516999006341","","false","false","","","false","false","false","false"
"Advance Auto Parts","Advance Auto Parts","1621 S Kansas Ave","Topeka","Shawnee","KS","66612","7853574092","0","Monday: 7:00 AM - 9:00 PM Tuesday: 7:00 AM - 9:00 PM Wednesday: 7:00 AM - 9:00 PM Thursday: 7:00 AM - 9:00 PM Friday: 7:00 AM - 9:00 PM Saturday: 7:00 AM - 9:00 PM Sunday: 10:00 AM - 8:00 PM ","http://www.advanceautoparts.com","39.03744","-95.67937","23.9785646367674","Lead Acid (Pb) Batteries; Used Motor Oil; Video Game Consoles; PlayStation Consoles","false","true","","","false","false","false","false"
"Advance Auto Parts","","1621 S Kansas Ave","Topeka","","KS","66612","7853574092","0","","http://shop.advanceautoparts.com/webapp/wcs/stores/servlet/home___","39.037452","-95.6795295","23.9820861753327","","false","false","","","false","false","false","false"
"Kansas Surplus Exchange","Kansas Surplus Exchange","1601 SW Van Buren St","Topeka","Shawnee","KS","66612","7852358640","0","Monday: 9:00 AM - 5:00 PM Tuesday: 9:00 AM - 5:00 PM Wednesday: 9:00 AM - 5:00 PM Thursday: 9:00 AM - 5:00 PM Friday: 9:00 AM - 5:00 PM Saturday: 9:00 AM - 5:00 PM ","","39.03735","-95.68067","24.0185962098745","Books (Reuse); Computer (Reuse); Ferrous Metals (Steel or Iron); Gift Bags; Household Goods; Non-ferrous (Copper/Brass/Tin); Ornaments; Video Game Consoles; PlayStation Consoles","false","true","","","false","false","false","false"
"O'Reilly Auto Parts","null","1701 South Kansas Avenue","Topeka","","KS","66612","7852359241","0","","http://oreillyauto.custhelp.com/app/error/error_id/6","39.0364778","-95.6795295","24.0405657909982","","false","false","","","false","false","false","false"
