name,description,address,city,region,province,postal_code,phone,fax,hours,url,latitude,longitude,distance,materials,pickup,dropoff,notes,groups,curbside,municipal,national,event_only
"Vermillion Lion's Club","Vermillion Lion's Club","200 Main St ","Vermillion","Marshall County","KS","66544","7853826324","0","","null","39.7169319","-96.2657694","11.2707351497586","Plastic #1 (PETE); Plastic #2 (HDPE); Plastic #2 (Color HDPE); Aluminum Cans; Aluminum; Glass (Brown); Brown Paper Bags; Cardboard; Glass (Clear); Computer Paper; Glass (Green); Greeting Cards; Paper (Mixed); Newspapers; Video Game Consoles; PlayStation Consoles","false","true","","","false","false","false","false"
"Sure Start Recycling","Sure Start Recycling","405 W 7th St ","Onaga","Pottawatomie County","KS","66521","7858894302","0","","null","39.493127","-96.17484","12.3654449319282","Aluminum Cans; Computer Paper; Video Game Consoles; PlayStation Consoles","false","true","","","false","false","false","false"
"Nemaha County Recycling Drop-Off Site - Seneca","","1400 Community Dr","Seneca","","KS","66538","7853363671","0","","http://ks-nemaha.manatron.com","39.8344085","-96.0747635","12.5290877027861","","false","false","","","false","false","false","false"
"Nemaha County Recycling Drop-Off Site - Wetmore","","Hwy 9","Wetmore","","KS","66550","7853363671","0","","http://ks-nemaha.manatron.com","39.6313588","-95.8125751","13.8145631144759","","false","false","","","false","false","false","false"
"Nemaha County Recycling Center","","1872 U.S. 36","Sabetha","","KS","66534","7853363671","0","","http://ks-nemaha.manatron.com","39.8411835","-95.9073121","15.6271611034859","","false","false","","","false","false","false","false"
"Nemaha County Recycling Drop-Off Site - Baileyville","","Baileyville Rd","Baileyville","","KS","66404","7853363671","0","","http://ks-nemaha.manatron.com","39.8708763","-96.1827947","16.181759300214","","false","false","","","false","false","false","false"
"Marshall County Recycling Drop-off Site - Axtell","","601 1st St","Axtell","","KS","66403","7857362310","0","","","39.8750505","-96.2630663","18.4266587463457","","false","false","","","false","false","false","false"
"Nemaha County Recycling Drop-Off Site - Corning","","Main St","Corning","","KS","66417","7853363671","0","","http://ks-nemaha.manatron.com","39.6565387","-96.0308469","2.13312517480457","","false","false","","","false","false","false","false"
"L&P Pallet Company","L&P Pallet Company","1158 24th Rd","Beattie","Marshall","KS","66406","7853532567","0","Monday: 8:00 AM - 4:00 PM Tuesday: 8:00 AM - 4:00 PM Wednesday: 8:00 AM - 4:00 PM Thursday: 8:00 AM - 4:00 PM Friday: 8:00 AM - 4:00 PM ","","39.84781","-96.37","20.8267008475016","Wood Pallets; Video Game Consoles; PlayStation Consoles","false","true","","","false","false","false","false"
"Walmart","null","427 S Arizona Ave","Holton","","KS","66436","7853644148","0","","https://www.walmart.com/","39.4608","-95.7483","21.7123811736232","","false","false","","","false","false","false","false"
"Jackson County Environmental Services","Jackson County Environmental Services","700 E 4th St","Holton","Jackson","KS","66436","7853643459","0","","http://www.call2recycle.org/","39.46316","-95.74488","21.7577977428381","Cell Phones; Ni-Cd Batteries; Li-Ion Batteries; Ni-MH Batteries; Ni-Zn Batteries; Small Sealed Lead Acid Batteries; Video Game Consoles; PlayStation Consoles; Batteries (Rechargeable); Cell Phone Batteries; Li-Ion Batteries; Ni-Cd Batteries; Ni-MH Batteries; Small Sealed Lead Acid Batteries; Cell Phones","false","true","The U.S. EPA estimates that more than 350 million rechargeable batteries are purchased annually in the U.S. Thanks to the environmental commitment of this location, its easy and free to recycle your rechargeable batteries. Look for the recycling box or ask a staff member how you can do your part for the environment.","Call2Recycle","false","false","false","false"
"Jackson County Recycle Center","Jackson County Recycle Center","700 E 4th St","Holton","Jackson","KS","66436","7853643459","0","Tuesday: 8:00 AM - 4:30 PM Wednesday: 8:00 AM - 4:30 PM Thursday: 8:00 AM - 4:30 PM Friday: 8:00 AM - 4:30 PM Saturday: 8:00 AM - 4:30 PM ","http://ks-jackson.manatron.com/","39.46316","-95.74488","21.7577977428381","Aluminum Cans; Cardboard; Catalogs; Clothes Hangers (Metal); Computer Paper; Glass (Brown); Glass (Clear); Glass (Green); Lead Acid (Pb) Batteries; Magazines; Milk Cartons; Newspapers; Office Paper; Phone books; Plastic #1 (PETE); Plastic #2 (HDPE); Tin or Steel Cans; Used Motor Oil","false","true","","","false","false","false","false"
"Walmart","Walmart","209 Arizona Ave","Holton","Jackson","KS","66436","7853644148","0","","http://www.walmart.com","39.45984","-95.748","21.76574023196","Lead Acid (Pb) Batteries; Plastic Shopping Bags; Food Storage Bags; Video Game Consoles; PlayStation Consoles","false","true","","","false","false","false","false"
"O'Reilly Auto Parts","null","204 Us Hwy 75","Holton","","KS","66436","7853640134","0","","http://oreillyauto.custhelp.com/app/error/error_id/6","39.4604995","-95.7472206","21.770599685674","","false","false","","","false","false","false","false"
"Nemaha County Recycling Drop-Off Site - Bern","","Main","Bern","","KS","66408","7853363671","0","","http://ks-nemaha.manatron.com","39.9628143","-95.9719696","22.0309998413743","","false","false","","","false","false","false","false"
"Nearly New Shop","Nearly New Shop","216 E 5th St","Holton","Jackson","KS","66436","7853363671","0","Tuesday: 10:00 AM - 6:00 PM Wednesday: 10:00 AM - 6:00 PM Thursday: 10:00 AM - 6:00 PM Friday: 10:00 AM - 6:00 PM Saturday: 10:00 AM - 2:00 PM ","","39.46497","-95.73206","22.2327785506252","Aluminum Cans; Video Game Consoles; PlayStation Consoles","false","true","","","false","false","false","false"
"GlobalTech","GlobalTech","909 Main St","Sabetha","Nemaha","KS","66534","7853003000","0","","","39.90327","-95.80143","22.4317438313689","Cell Phones; Ni-Cd Batteries; Li-Ion Batteries; Ni-MH Batteries; Ni-Zn Batteries; Small Sealed Lead Acid Batteries; Video Game Consoles; PlayStation Consoles","false","true","The U.S. EPA estimates that more than 350 million rechargeable batteries are purchased annually in the U.S. Thanks to the environmental commitment of this location, its easy and free to recycle your batteries. Bring your rechargeable batteries to this location and look for the recycling box or ask an associate how you can do your part for the environment.","","false","false","false","false"
"Jackson County HHW Collection Facility","","700 E 4th St","Holton","","KS","66436","7853643459","0","","http://www.kansasrecycles.org/programs/jackson-county-hhw-holton","39.4629975","-95.7255094","22.5959434508664","","false","false","","","false","false","false","false"
"Jackson County Recycle Center","","700 E 4th St","Holton","","KS","66436","7853643459","0","","","39.4629975","-95.7255094","22.5959434508664","","false","false","","","false","false","false","false"
"Twin Valley Developmental Services, Inc.","Twin Valley Developmental Services, Inc.","307 Whiting St","Beattie","Marshall","KS","66406","7857472251","0","Monday: 9:00 AM - 3:30 PM Tuesday: 9:00 AM - 3:30 PM Wednesday: 9:00 AM - 3:30 PM Thursday: 9:00 AM - 3:30 PM Friday: 9:00 AM - 3:30 PM ","","39.86081","-96.41847","23.3913660300648","Aluminum Cans; Video Game Consoles; PlayStation Consoles","false","true","","","false","false","false","false"
"Pottawatomie County Noxious Weed","Pottawatomie County Noxious Weed","405 E Campbell Street","West Moreland","Pottawatomie ","KS","66549","7854572888","0","","","39.3992987794615","-96.4120191221442","25.2648879864867","Batteries (Rechargeable); Cell Phone Batteries; Cell Phones; Li-Ion Batteries; Ni-Cd Batteries; Ni-MH Batteries; Small Sealed Lead Acid Batteries","false","true","Call or Check Online for Hours","Call2Recycle","false","false","false","false"
"Pottawatomie County Transfer Station","","8585 Wheaton Rd","Wamego","","KS","66547","7854569706","0","","http://www.kansasrecycles.org/programs/pottawatomie-county-hhw","39.2852214","-96.3133046","28.5202859490324","","false","false","","","false","false","false","false"
"Pottawatomie County Solid Waste HHW Drop-Off Site","","8585 Wheaton Rd","Wamego","","KS","66547","7854569706","0","","https://www.pottcounty.org","39.2852214","-96.3133046","28.5202859490324","","false","false","","","false","false","false","false"
"Walmart","Walmart","701 Hopi St","Hiawatha","Brown","KS","66434","7857427445","0","","http://www.walmart.com","39.83224","-95.58419","28.656541873894","Lead Acid (Pb) Batteries; Plastic Shopping Bags; Food Storage Bags; Video Game Consoles; PlayStation Consoles","false","true","","","false","false","false","false"
"Walmart Tire and Lube Express","","701 Hopi St","Hiawatha","","KS","66434","7857427445","0","","https://www.walmart.com/cp/ideas/8932632","39.8465","-95.5599231","30.2440946088743","","false","false","","","false","false","false","false"
"Walmart Supercenter","","701 Hopi St","Hiawatha","","KS","66434","7857427445","0","","https://www.walmart.com/","39.8465","-95.5599231","30.2440946088743","","false","false","","","false","false","false","false"
"Walmart Supercenter","","1174 Pony Express Hwy","Marysville","","KS","66508","7855622390","0","","https://www.walmart.com/","39.843285","-96.6052037","31.2865463676506","","false","false","","","false","false","false","false"
"Brown County Transfer Station HHW Drop-Off","","1664 190th Street","Hiawatha","","KS","66434","7855483552","0","","https://ks-brown.publicaccessnow.com","39.7869249","-95.4996977","31.7218077695952","","false","false","","","false","false","false","false"
"Mahar's Wamego Salvage","Mahar's Wamego Salvage","18162 US-24 ","Wamego","Pottawatomie County","KS","66547","7854562439","0","Monday: 9:00 AM - 6:00 PM Tuesday: 9:00 AM - 6:00 PM Wednesday: 9:00 AM - 6:00 PM Thursday: 9:00 AM - 6:00 PM Friday: 9:00 AM - 6:00 PM Saturday: 9:00 AM - 6:00 PM ","","39.2098595","-96.2816385","32.6262140631941","Aluminum Cans; Car; Ferrous Metals (Steel or Iron); Large Household Appliances; Non-ferrous (Copper/Brass/Tin); Tin or Steel Cans; Video Game Consoles; PlayStation Consoles","false","true","","","false","false","false","false"
"Carnahan Curbside Recycling","","","Olsburg","","KS","66520","7853200739","0","","http://ww1.carnahancurbside.com/?subid1=ba4253e8-8317-11e9-bf32-6fc1264d2455","39.4305527","-96.6155634","32.8502432083903","","false","false","","","false","false","false","false"
"Marshall County Recycling Drop-off Site - Marysville","","Carolina Street","Marysville","","KS","66508","7855625349","0","","","39.8431468","-96.6426745","33.0997311312167","","false","false","","","false","false","false","false"
"911 Cell Phone Bank - RSVP Of Northern Rhode Island","911 Cell Phone Bank - RSVP Of Northern Rhode Island","111 S 8th St","Marysville","Marshall","KS","66508","8662907864","0","","http://www.911cellphonebank.org/","39.84084","-96.64814","33.3045116692741","Cell Phones; Cameras; Laptop Computers; MP3 Players; Video Games; Video Game Consoles; Smart watches & Apple Watch®
","false","true","Please call to verify drop-off procedures and directions to the location.  For prepaid shipping labels, visit http://www.911cellphonebank.org/drop-off-locations.asp - click on "print shipping label."","","false","false","false","false"
"Tyler Martin Company, Inc.","Tyler Martin Company, Inc.","708 Center St","Marysville","Marshall","KS","66508","7855622276","0","Monday: 8:00 AM - 6:00 PM Tuesday: 8:00 AM - 6:00 PM Wednesday: 8:00 AM - 6:00 PM Thursday: 8:00 AM - 6:00 PM Friday: 8:00 AM - 6:00 PM ","http://www.tylermartin.com","39.84225","-96.64815","33.342774077401","Laser Toner Cartridges; Video Game Consoles; PlayStation Consoles","false","true","","","false","false","false","false"
"Waters Hardware","Waters Hardware","1012 Kaw Valley Park Cir","Wamego","Pottawatomie ","KS","66547-9763","7854567456","0","","","39.2084450128812","-96.3161582265215","33.3965998750601","Alkaline/Single-Use Batteries; Batteries (Rechargeable); Button Batteries; Cell Phone Batteries; Cell Phones; Li-Ion Batteries; Ni-Cd Batteries; Ni-MH Batteries; Small Sealed Lead Acid Batteries; Non-rechargeable lithium batteries","false","true","Call or Check Online for Hours","Call2Recycle","false","false","false","false"
"Modern Recharge","Modern Recharge","306 Center St ","Marysville","Marshall County","KS","66508","7855622217","0","Monday: 8:00 AM - 5:00 PM Tuesday: 8:00 AM - 5:00 PM Wednesday: 8:00 AM - 5:00 PM Thursday: 8:00 AM - 5:00 PM Friday: 8:00 AM - 5:00 PM ","","39.842173","-96.6540673","33.6301281890192","Laser Toner Cartridges; Video Game Consoles; PlayStation Consoles","false","true","","","false","false","false","false"
"Brown Chevrolet Buick","","907 W 4th Street","Wamego","","KS","66547","7854569550","0","","","39.2006822","-96.3070323","33.7056391421403","","false","false","","","false","false","false","false"
"Lindeen Brothers Salvage Yard","Lindeen Brothers Salvage Yard","858 Juniper Rd","Marysville","Marshall","KS","66508","7855623834","0","Monday: 8:00 AM - 6:00 PM Tuesday: 8:00 AM - 6:00 PM Wednesday: 8:00 AM - 6:00 PM Thursday: 8:00 AM - 6:00 PM Friday: 8:00 AM - 6:00 PM Saturday: 8:00 AM - 12:00 PM ","","39.84917","-96.66582","34.3923190311142","Car; Lead Acid (Pb) Batteries; Video Game Consoles; PlayStation Consoles","false","true","","","false","false","false","false"
"Marshall County Recycling Drop-off Site - Valley Heights School","","121 E Commercial St","Waterville","","KS","66548","7855625349","0","","","39.6924349","-96.7484251","36.1429823577826","","false","false","","","false","false","false","false"
"Wehners True Value","","429 Main","Rossville","","KS","66533","7855846633","0","","https://www.truevalue.com/","39.1377333","-95.9524689","36.1612770637164","","false","false","","","false","false","false","false"
"Wehners True Value","Wehners True Value","429 N Main St","Rossville","Shawnee","KS","66533","7855846633","0","","http://www.truevalue.com","39.13742","-95.95227","36.1844474571253","Transmission Fluid; Used Motor Oil; Video Game Consoles; PlayStation Consoles","false","true","","","false","false","false","false"
"Shawnee County Recycling - Wehner's Thriftway","","551 E US Highway 24 Traffic Way","Rossville","","KS","66533","7852336147","0","","http://www.snco.us","39.1315305","-95.9449859","36.6544294732633","","false","false","","","false","false","false","false"
"Atchison County HHW Drop-off Site - Noxious Weed Department","","505 Howard St","Effingham","","KS","66023","9138334025","0","","http://www.atchisoncountyks.org/158/Household-Hazardous-Waste","39.522351","-95.3979825","36.9395109807151","","false","false","","","false","false","false","false"
"Gee Tire","Gee Tire","415 Anderson St","Rossville","Shawnee","KS","66533","7855846679","0","Monday: 8:00 AM - 12:00 PM Tuesday: 8:00 AM - 12:00 PM Wednesday: 8:00 AM - 12:00 PM Thursday: 8:00 AM - 12:00 PM Friday: 8:00 AM - 12:00 PM Monday: 1:00 PM - 5:00 PM Tuesday: 1:00 PM - 5:00 PM Wednesday: 1:00 PM - 5:00 PM Thursday: 1:00 PM - 5:00 PM Friday: 1:00 PM - 5:00 PM ","null","39.1296","-95.90884","37.1861904019942","Used Tires; Video Game Consoles; PlayStation Consoles","false","true","","","false","false","false","false"
"Recycling Center Inc","","6th and Stone","Falls City","","NE","68355","4022455968","0","","","40.0618867","-95.6029803","37.5903638153456","","false","false","","","false","false","false","false"
"Recycling Center Inc","Recycling Center Inc","116 W 19th St","Falls City","Richardson","NE","68355","4022455968","0","Sunday: 12:00 AM - 11:59 PM Monday: 12:00 AM - 11:59 PM Tuesday: 12:00 AM - 11:59 PM Wednesday: 12:00 AM - 11:59 PM Thursday: 12:00 AM - 11:59 PM Friday: 12:00 AM - 11:59 PM Saturday: 12:00 AM - 11:59 PM ","null","40.06378","-95.60311","37.6839927640637","Aluminum Cans; Cardboard; Magazines; Newspapers; Video Game Consoles; PlayStation Consoles","false","true","This organization has a few bins curbside where people can drop off materials 24/7. 
However, this facility is manned from Monday thru Friday 8:00am to 9:00am for people who want to be reimbursed for the aluminum cans they are dropping off.","","false","false","false","false"
"Walmart","Walmart","1174 Pony Express Hwy","Marysville","Marshall","KS","66508","7855622390","0","","http://www.walmart.com","39.98679","-96.66402","39.0234120660283","Lead Acid (Pb) Batteries; Plastic Shopping Bags; Food Storage Bags; Video Game Consoles; PlayStation Consoles","false","true","","","false","false","false","false"
"Ken's Appliances","Ken's Appliances","8070 E US Highway 24","Manhattan","Riley","KS","66502","7855399466","0","Monday: 8:00 AM - 6:00 PM Tuesday: 8:00 AM - 6:00 PM Wednesday: 8:00 AM - 6:00 PM Thursday: 8:00 AM - 6:00 PM Friday: 8:00 AM - 6:00 PM Saturday: 9:00 AM - 4:00 PM ","","39.2107","-96.53029","39.1879935511","Large Household Appliances; Video Game Consoles; PlayStation Consoles","false","true","","","false","false","false","false"
"Keep America Beautiful Cars to Donate","","","Topeka","","KS","66675","8554262474","0","","https://www.kab.org/?pagename=car_donation","39.14","-95.75","39.3679030648117","","false","false","","","false","false","false","false"
"USPS Post Office Box Lobby Recycling Program","US Post Office","102 Beaubein Ave","Silver Lake","Shawnee","KS","66539","8002758777","0","","https://www.usps.com/","39.10451","-95.86052","39.5285410817017","Catalogs; Greeting Cards; Magazines; Paper (Mixed)","false","true","","","false","false","false","false"
"K-Hill Engine Service","K-Hill Engine Service","8430 E US Highway 24","Manhattan","Riley","KS","66502","7857764181","0","Monday: 8:00 AM - 5:00 PM Tuesday: 8:00 AM - 5:00 PM Wednesday: 8:00 AM - 5:00 PM Thursday: 8:00 AM - 5:00 PM Friday: 8:00 AM - 5:00 PM Saturday: 8:00 AM - 5:00 PM Sunday: 8:00 AM - 12:00 PM ","","39.19519","-96.52354","39.8113517667213","Lawn Equipment; Video Game Consoles; PlayStation Consoles","false","true","","","false","false","false","false"
"Laser Tech Services","Laser Tech Services","3612 Rocky Ford Ave","Manhattan","Riley","KS","66502","7855398011","0","Monday: 8:00 AM - 5:00 PM Tuesday: 8:00 AM - 5:00 PM Wednesday: 8:00 AM - 5:00 PM Thursday: 8:00 AM - 5:00 PM Friday: 8:00 AM - 5:00 PM ","","39.23502","-96.58558","39.8619156430638","Laser Toner Cartridges; Video Game Consoles; PlayStation Consoles","false","true","","","false","false","false","false"
"Tractor Supply","","8110 South Port Road","Manhattan","","KS","66502","7855878949","0","","https://www.tractorsupply.com/","39.1933276","-96.5264761","40.0089506186247","","false","false","","","false","false","false","false"
"Flint Hills Recycling","Flint Hills Recycling","716 Tuttle St","Manhattan","Riley","KS","66502","7853137051","0","Monday: 7:00 AM - 7:00 PM Tuesday: 7:00 AM - 7:00 PM Wednesday: 7:00 AM - 7:00 PM Thursday: 7:00 AM - 7:00 PM Friday: 7:00 AM - 7:00 PM Saturday: 7:00 AM - 7:00 PM ","http://www.flinthillsrecycling.com","39.20936","-96.5666","40.4990859517486","Plastic #1 (PETE); Plastic #2 (HDPE); Plastic #2 (Color HDPE); Aluminum Cans; Glass (Blue); Glass (Brown); Brown Paper Bags; Glass (Clear); Computer Paper; Ferrous Metals (Steel or Iron); Gift Boxes; Glass (Green); Greeting Cards; Magazines; Paper (Mixed); Newspapers; Non-ferrous (Copper/Brass/Tin); Paperboard; Tin or Steel Cans; Office Paper; Video Game Consoles; PlayStation Consoles","true","true","Flint Hills Recycling is a family owned and operated business. We are located in Manhattan, Kansas. We serve Manhattan and the surrounding communities. We provide weekly curbside recycling pickup for $15 per month.","","false","false","false","false"
"Hygienic Cleaners","Hygienic Cleaners","4731 NW Hunters Ridge Cir","Topeka","Shawnee","KS","66618","7852863065","0","Monday: 7:00 AM - 10:00 AM Tuesday: 7:00 AM - 10:00 AM Wednesday: 7:00 AM - 10:00 AM Thursday: 7:00 AM - 10:00 AM Friday: 7:00 AM - 10:00 AM Monday: 3:00 PM - 6:00 PM Tuesday: 3:00 PM - 6:00 PM Wednesday: 3:00 PM - 6:00 PM Thursday: 3:00 PM - 6:00 PM Friday: 3:00 PM - 6:00 PM Saturday: 8:00 AM - 12:00 PM ","null","39.13256","-95.718","40.5955977710747","Clothes Hangers (Metal); Video Game Consoles; PlayStation Consoles","false","true","","","false","false","false","false"
"Burnett Automotive","Burnett Automotive","400 McCall Rd","Manhattan","Pottawatomie","KS","66502","7855398970","0","Monday: 8:00 AM - 5:00 PM Tuesday: 8:00 AM - 5:00 PM Wednesday: 8:00 AM - 5:00 PM Thursday: 8:00 AM - 5:00 PM Friday: 8:00 AM - 5:00 PM Saturday: 8:00 AM - 5:00 PM ","","39.18964","-96.55158","41.0362893033546","Used Tires; Video Game Consoles; PlayStation Consoles","false","true","","","false","false","false","false"
"Firestone Complete Auto Care","","1000 Hostetler Dr","Manhattan","","KS","66502","7857768311","0","","https://www.firestonecompleteautocare.com/","39.1899813","-96.5565296","41.1836596026214","","false","false","","","false","false","false","false"
"Walmart Tire and Lube Express","","101 Bluemont Ave","Manhattan","","KS","66502","7857764897","0","","https://www.walmart.com/cp/ideas/8932632","39.1885961","-96.5559876","41.2400443670479","","false","false","","","false","false","false","false"
"Walmart Supercenter","","101 Bluemont Ave","Manhattan","","KS","66502","7857764897","0","","https://www.walmart.com/","39.1885961","-96.5559876","41.2400443670479","","false","false","","","false","false","false","false"
"JCPenney","","101 Manhattan Center","Manhattan","","KS","66502","7857764867","0","","https://www.jcpenney.com/","39.1885961","-96.5559876","41.2400443670479","","false","false","","","false","false","false","false"
"Goodwill of Western Missouri and Eastern Kansas - Dell Reconnect Donation Site","","421 E. Poyntz","Manhattan","","KS","66502","7853207850","0","","https://www.mokangoodwill.org/","39.1854448","-96.5519644","41.2760916282931","","false","false","","","false","false","false","false"
"Staples","null","632 Tuttle Creek Blvd.","Manhattan","","KS","66502","7857709200","0","","https://www.staples.com/sbd/cre/marketing/sustainability-center/recycling-services/","39.1855793","-96.5564045","41.4167194486691","Alkaline/Single-Use Batteries; Batteries (Rechargeable); Cell Phone Batteries; Li-Ion Batteries; Ni-Cd Batteries; Ni-MH Batteries; Small Sealed Lead Acid Batteries; Alkaline/Single-Use Batteries; Button Batteries; Non-rechargeable lithium batteries; Cell Phones","false","true","","Call2Recycle","false","false","false","false"
"Staples","Staples","632 Tuttle Creek Blvd.","Manhattan","Pottawatomie County","KS","66502","7857709200","0","Monday: 8:00 AM - 9:00 PM Tuesday: 8:00 AM - 9:00 PM Wednesday: 8:00 AM - 9:00 PM Thursday: 8:00 AM - 9:00 PM Friday: 8:00 AM - 9:00 PM Saturday: 9:00 AM - 9:00 PM Sunday: 11:00 AM - 6:00 PM ","https://www.staples.com/recycle","39.1855345","-96.5564981","41.4222655159448","AC Power Plugs; Batteries (Rechargeable); Cables & Connectors; Cell Phone Batteries; Cell Phones; Computer (Recycling); Hard Drives; Computer Monitors; Cameras; DVD Players/Blu-Ray Players/DVRs; Electronics; E-Readers; GPS Units; Headphones; Inkjet Printer Cartridges; Laptop Computers; Laser Toner Cartridges; Li-Ion Batteries; MP3 Players; Network Equipment; Ni-Cd Batteries; Ni-MH Batteries; Ni-Zn Batteries; Computer Peripherals; Portable Media Players; Printers/Scanners/Fax Machines; Small Electronics; Small Sealed Lead Acid Batteries; Stereo Equipment; Tablets; Telephones; UPS Batteries/Backup Systems; VCRs; Video Game Systems; Blu-Ray Players; Digital Converter Boxes; Video Game Consoles; PlayStation Consoles; Alkaline/Single-Use Batteries","false","true","NO TVs; Limit 6 CEDs per day; ","Sony, Vizio, OEM","false","false","false","false"
"Cartridge World","Cartridge World","100 Bluemont Ave Ste H","Manhattan","Riley","KS","66502","7855399900","0","Monday: 9:00 AM - 6:00 PM Tuesday: 9:00 AM - 6:00 PM Wednesday: 9:00 AM - 6:00 PM Thursday: 9:00 AM - 6:00 PM Friday: 9:00 AM - 6:00 PM Saturday: 10:00 AM - 4:00 PM ","http://www.cartridgeworld.com","39.18676","-96.55897","41.4389687276568","Inkjet Cartridge Refilling; Inkjet Printer Cartridges; Laser Toner Refilling; Laser Toner Cartridges; Video Game Consoles; PlayStation Consoles","false","true","This site specializes in refilling and remanufacturing all kinds of inkjet, laser, fax and copier cartridges.  This site will also purchase empty used refillable cartridges.","","false","false","false","false"
"AT&T Wireless","AT&T Wireless","100 Bluemont Ave Ste B","Manhattan","Riley","KS","66502","7855392003","0","","http://www.att.com/","39.18676","-96.55897","41.4389687276568","Cell Phones; Ni-Cd Batteries; Batteries (Rechargeable); Cell Phone Batteries; Tablets; Li-Ion Batteries; Video Game Consoles; PlayStation Consoles","false","true","Receive an AT&T Promotion Card worth the trade-in value of your smartphone, tablet, or netbook. You can also donate the trade-in value to Cell Phones for Soldiers.","","false","false","false","false"
"Verizon Wireless","Verizon Wireless","100 Bluemont Ave Ste H","Manhattan","Riley","KS","66502","8666444532","0","","http://www.verizonwireless.com/","39.18676","-96.55897","41.4389687276568","Cell Phones; Cell Phone Batteries; Video Game Consoles; PlayStation Consoles","false","true","<A Href="https://www.trade-in.vzw.com/home.aspx">
The Verizon Wireless Trade-In Program</A> allows you to trade in your used handset or tablet in a convenient and responsible way. 
<P>
<P>
Verizon Wireless works every day to protect our environment and give our customers opportunities to do the same. <A Href="http://aboutus.vzw.com/Green_Initiative/overview.html">Click here</A> for more examples of the earth-friendly initiatives and programs Verizon Wireless is proud to offer and support.","","false","false","false","false"
"Walmart","Walmart","101 Bluemont Ave","Manhattan","Riley","KS","66502","7857764897","0","","http://www.walmart.com","39.18657","-96.55881","41.4438295537844","Lead Acid (Pb) Batteries; Plastic Shopping Bags; Food Storage Bags; Video Game Consoles; PlayStation Consoles","false","true","","","false","false","false","false"
"Walmart Tire & Lube Express","Walmart Tire & Lube Express","101 Bluemont Ave","Manhattan","Riley","KS","66502","7857764897","0","","http://www.walmart.com/catalog/catalog.gsp?cat=495843","39.18657","-96.55881","41.4438295537844","Lead Acid (Pb) Batteries; Used Motor Oil; Oil Filters; Video Game Consoles; PlayStation Consoles","false","true","","","false","false","false","false"
"Best Buy","Best Buy","329 Tuttle Creek Blvd ","Manhattan","Riley County","KS","66502","7855392674","0","","https://www.bestbuy.com/recycle","39.182306","-96.559253","41.6886401157723","Large Household Appliances; Refrigerators; Televisions; AC Power Plugs; Batteries (Rechargeable); Cables & Connectors; Car Audio/Video Equipment; Cell Phone Batteries; Cell Phones; Computer (Recycling); Hard Drives; Computer Monitors; Cameras; DVD Players/Blu-Ray Players/DVRs; Electronics; E-Readers; GPS Units; Headphones; Inkjet Printer Cartridges; Laptop Computers; Laser Toner Cartridges; Li-Ion Batteries; MP3 Players; Network Equipment; Ni-Cd Batteries; Ni-MH Batteries; Ni-Zn Batteries; Computer Peripherals; Portable Media Players; Printers/Scanners/Fax Machines; Small Electronics; Small Sealed Lead Acid Batteries; Stereo Equipment; Tablets; Telephones; UPS Batteries/Backup Systems; VCRs; Video Game Systems; Blu-Ray Players; Digital Converter Boxes; Small Televisions; Video Game Consoles; PlayStation Consoles","true","true","2 TVs per visit, 3 e-waste items per day; $25 fee for TVs and Monitors; $19.99 pick-up fee with delivery; $99.99 standalone pickup fee; ","Sony, Vizio, OEM","false","false","false","false"
"Best Buy","","329 Tuttle Creek Blvd","Manhattan","","KS","66502","7855392674","0","","https://www.bestbuy.com/site/services/recycling/pcmcat149900050025.c?id=pcmcat149900050025","39.182306","-96.559253","41.6886401157723","","false","false","","","false","false","false","false"
"ExpertTire Store","ExpertTire Store","307 N 3rd St ","Manhattan","Riley County","KS","66502","7857768311","0","","http://www.firestone.com","39.181931","-96.560969","41.7662244372896","Lead Acid (Pb) Batteries; Used Motor Oil; Video Game Consoles; PlayStation Consoles","false","true","","","false","false","false","false"
"Grand Ol' Trunk & Bookstore","Grand Ol' Trunk & Bookstore","1304 Pillsbury Dr","Manhattan","Riley","KS","66502","7855372273","0","Monday: 10:00 AM - 6:00 PM Tuesday: 10:00 AM - 6:00 PM Wednesday: 10:00 AM - 6:00 PM Thursday: 10:00 AM - 6:00 PM Friday: 10:00 AM - 6:00 PM Saturday: 10:00 AM - 6:00 PM ","","39.17216","-96.54618","41.8117910877929","Books (Reuse); Brown Paper Bags; Clothing; CD/DVD/Blu-ray/UHD discs; Gift Bags; Household Goods; Large Household Appliances; Ornaments; Plastic Shopping Bags; Miscellaneous Tools; Food Storage Bags; Video Game Consoles; PlayStation Consoles","false","true","","","false","false","false","false"
"Wireless Lifestyle","","100 Manhattan Town Center","Manhattan","","KS","66502","7855398559","0","","","39.1789871","-96.5587454","41.8513091726917","","false","false","","","false","false","false","false"
"Marshall County HHW Drop-Off Program","","6245 Tuttle Crk Blvd","Manhattan","","KS","66503","7855625349","0","","http://www.rileycountyks.gov/319/Types-of-Waste-Accepted","39.2508805","-96.6578559","41.8734349078874","","false","false","","","false","false","false","false"
"Riley County Household Hazardous Waste Drop-Off Site","","6245 Tuttle Creek Blvd","Manhattan","","KS","66503","7855393202","0","","http://www.rileycountyks.gov/313/Household-Hazardous-Waste","39.2508805","-96.6578559","41.8734349078874","","false","false","","","false","false","false","false"
"Morris County HHW Drop-Off Site","","6245 Tuttle Creek Boulevard","Manhattan","","KS","66503","7855393202","0","","http://www.rileycountyks.gov/319/Types-of-Waste-Accepted","39.2508805","-96.6578559","41.8734349078874","","false","false","","","false","false","false","false"
"Nemaha HHW Drop-Off Site","","6245 Tuttle Creek Boulevard","Manhattan","","KS","66503","7855393202","0","","http://www.rileycountyks.gov/319/Types-of-Waste-Accepted","39.2508805","-96.6578559","41.8734349078874","","false","false","","","false","false","false","false"
"The Pathfinder - Manhattan KS","The Pathfinder - Manhattan KS","304 Poyntz Ave","Manhattan","Riley ","KS","66502","7855395639","0","","","39.1795017","-96.560587","41.8847222125005","E-Bike Batteries","false","true","Call or Check Online for Hours","Call2Recycle","false","false","false","false"
"AT&T Wireless","AT&T Wireless","100 Blumont Ave Ste B","Manhattan","Riley","KS","66502","7855392003","0","","http://www.att.com/","39.17973","-96.56274","41.944232022427","Cell Phones; Ni-Cd Batteries; Batteries (Rechargeable); Cell Phone Batteries; Tablets; Li-Ion Batteries; Video Game Consoles; PlayStation Consoles","false","true","Receive an AT&T Promotion Card worth the trade-in value of your smartphone, tablet, or netbook. You can also donate the trade-in value to Cell Phones for Soldiers.","","false","false","false","false"
"Manhattan Town Center 1","Manhattan Town Center 1","100 Manhattan Town Ctr","Manhattan","Riley","KS","66502","8583244111","0","","http://www.ecoatm.com/","39.17973","-96.56274","41.944232022427","Cell Phones; Tablets; MP3 Players; Video Game Consoles; PlayStation Consoles","false","true","ecoATM is an automated, consumer self-serve kiosk that quickly buys back and recycles old phones, mp3 players and tablets.
</br>
Call or email <a href="mailto:max@ecoATM.com">customer support</a> with questions.","","false","false","false","false"
"Penske Auto Service","Penske Auto Service","401 E Poyntz Ave","Manhattan","Pottawatomie","KS","66502","7857766370","0","Monday: 7:30 AM - 7:00 PM Tuesday: 7:30 AM - 7:00 PM Wednesday: 7:30 AM - 7:00 PM Thursday: 7:30 AM - 7:00 PM Friday: 7:30 AM - 7:00 PM Saturday: 7:30 AM - 6:00 PM ","","39.17901","-96.56201","41.958751503214","Lead Acid (Pb) Batteries; Video Game Consoles; PlayStation Consoles","false","true","","","false","false","false","false"
"Disabled American Veterans Thrift Store","Disabled American Veterans Thrift Store","322 Houston St","Manhattan","Riley","KS","66502","7855379771","0","Monday: 10:00 AM - 6:00 PM Tuesday: 10:00 AM - 6:00 PM Wednesday: 10:00 AM - 6:00 PM Thursday: 10:00 AM - 6:00 PM Friday: 10:00 AM - 6:00 PM Saturday: 10:00 AM - 6:00 PM ","","39.17855","-96.56127","41.9589594960321","Books (Reuse); Clothing; Gift Bags; Household Goods; Ornaments; Video Game Consoles; PlayStation Consoles","false","true","","","false","false","false","false"
"Call2Recycle at Waters True Value","Call2Recycle at Waters True Value","409 Poyntz Ave","Manhattan","Riley","KS","66502","7855393383","0","","http://www.waterstruevalue.com","39.17901","-96.56236","41.9704297451265","Cell Phones; Ni-Cd Batteries; Li-Ion Batteries; Ni-MH Batteries; Ni-Zn Batteries; Small Sealed Lead Acid Batteries; Video Game Consoles; PlayStation Consoles","false","true","The U.S. EPA estimates that more than 350 million rechargeable batteries are purchased annually in the U.S. Thanks to the environmental commitment of this location, its easy and free to recycle your batteries. Bring your rechargeable batteries to this location and look for the recycling box or ask an associate how you can do your part for the environment.","","false","false","false","false"
"Stickel Cleaners","Stickel Cleaners","714 N 12th St","Manhattan","Riley","KS","66502","7855394211","0","Monday: 7:00 AM - 7:00 PM Tuesday: 7:00 AM - 7:00 PM Wednesday: 7:00 AM - 7:00 PM Thursday: 7:00 AM - 7:00 PM Friday: 7:00 AM - 7:00 PM Saturday: 7:00 AM - 5:30 PM ","","39.18632","-96.57456","41.9906287750771","Clothes Hangers (Metal); Video Game Consoles; PlayStation Consoles","false","true","","","false","false","false","false"
"Sisters Of Sound Music","Sisters Of Sound Music","1214 Moro St","Manhattan","Riley","KS","66502","7857709767","0","Monday: 12:00 PM - 8:00 PM Tuesday: 12:00 PM - 8:00 PM Wednesday: 12:00 PM - 8:00 PM Thursday: 12:00 PM - 8:00 PM Friday: 12:00 PM - 8:00 PM ","http://www.sistersofsoundmusic.com","39.18611","-96.57552","42.0346228558366","Video Game Consoles; PlayStation Consoles","false","true","Vinyl Records Accepted Monday-Thursday Only","","false","false","false","false"
"Sisters Of Sound Music","","1214 Moro St","Manhattan","","KS","66502","7857709767","0","","https://www.sistersofsoundmusic.com/","39.1860994","-96.5755235","42.0353060216812","","false","false","","","false","false","false","false"
"Shilling Construction","Shilling Construction","555 Poyntz Ave","Manhattan","Riley","KS","66502","7857765077","0","Monday: 8:00 AM - 5:00 PM Tuesday: 8:00 AM - 5:00 PM Wednesday: 8:00 AM - 5:00 PM Thursday: 8:00 AM - 5:00 PM Friday: 8:00 AM - 5:00 PM ","","39.17903","-96.56437","42.0365151433485","Broken Asphalt/Aggregate; Video Game Consoles; PlayStation Consoles","false","true","","","false","false","false","false"
"Riley County Household Hazardous Waste Mobile Collection Unit","","","Manhattan","","KS","66502","7855393202","0","","http://www.rileycountyks.gov/317/Howies-Saturday-Collections","39.1836082","-96.5716694","42.0367216327632","","false","false","","","false","false","false","false"
"Episcopal Church Encore Shop","Episcopal Church Encore Shop","601 Poyntz Ave","Manhattan","Riley","KS","66502","7857767866","0","Monday: 1:00 PM - 4:00 PM Tuesday: 1:00 PM - 4:00 PM Wednesday: 1:00 PM - 4:00 PM Thursday: 1:00 PM - 4:00 PM Friday: 1:00 PM - 4:00 PM Saturday: 1:00 PM - 4:00 PM ","null","39.17929","-96.56522","42.050952777223","Clothing; Gift Bags; Household Goods; Ornaments; Reusable Appliance Donation; Video Game Consoles; PlayStation Consoles","false","true","","","false","false","false","false"
"First United Methodist Bell Choirs","First United Methodist Bell Choirs","612 Poyntz Ave","Manhattan","Riley","KS","66502","7857768821","0","Sunday: 12:00 AM - 11:59 PM Monday: 12:00 AM - 11:59 PM Tuesday: 12:00 AM - 11:59 PM Wednesday: 12:00 AM - 11:59 PM Thursday: 12:00 AM - 11:59 PM Friday: 12:00 AM - 11:59 PM Saturday: 12:00 AM - 11:59 PM ","","39.17967","-96.56648","42.0727403875129","Aluminum Cans; Glass (Brown); Glass (Clear); Glass (Green); Video Game Consoles; PlayStation Consoles","false","true","","","false","false","false","false"
"Pops Collectables","Pops Collectables","315 S 4th St ","Manhattan","Riley County","KS","66502","7857761433","0","Tuesday: 10:00 AM - 6:00 PM Wednesday: 10:00 AM - 6:00 PM Thursday: 10:00 AM - 6:00 PM Friday: 10:00 AM - 6:00 PM ","","39.176588","-96.561592","42.0758937160491","Clothing; Video Game Consoles; PlayStation Consoles","false","true","","","false","false","false","false"
"Manhattan Emergency Shelter, Inc.","Manhattan Emergency Shelter, Inc.","831 Leavenworth St","Manhattan","Riley","KS","66502","7855373113","0","","","39.18125","-96.56921","42.0797271609715","Books (Reuse); Clothing; Computer (Reuse); Gift Bags; Household Goods; Clothes Hangers (Metal); Ornaments; Video Game Consoles; PlayStation Consoles","false","true","","","false","false","false","false"
"B & B Used Furniture and Appliances","B & B Used Furniture and Appliances","301 S 4th St","Manhattan","Riley","KS","66502","7857766532","0","Monday: 9:30 AM - 5:30 PM Tuesday: 9:30 AM - 5:30 PM Wednesday: 9:30 AM - 5:30 PM Thursday: 9:30 AM - 5:30 PM Friday: 9:30 AM - 5:30 PM Saturday: 9:30 AM - 4:00 PM ","","39.17624","-96.56178","42.100996102097","Furniture; Large Household Appliances; Video Game Consoles; PlayStation Consoles","false","true","","","false","false","false","false"
"O'Reilly Auto Parts","O'Reilly Auto Parts"," 700 Fort Riley Boulevard","Manhattan","Riley County","KS","66502","7855376180","0","Monday: 8:00 AM - 8:00 PM Tuesday: 8:00 AM - 8:00 PM Wednesday: 8:00 AM - 8:00 PM Thursday: 8:00 AM - 8:00 PM Friday: 8:00 AM - 8:00 PM Saturday: 8:00 AM - 8:00 PM Sunday: 9:00 AM - 6:00 PM ","http://www.oreillyauto.com/","39.1752671","-96.5611843","42.1339658348197","Used Motor Oil; Video Game Consoles; PlayStation Consoles","false","true","Most stores offer Used Oil & Battery Recycling, Battery Testing, 
Electrical & Module Testing, Loaner Tool Program, Drum / Rotor Resurfacing. Call your location for more details.","","false","false","false","false"
"Tractor Supply","Tractor Supply","8110 Southport Rd","Manhattan","Riley","KS","66502","7855878949","0","","http://www.tractorsupply.com","39.1969","-96.5957","42.1715561038454","Transmission Fluid; Used Motor Oil; Video Game Consoles; PlayStation Consoles","false","true","","","false","false","false","false"
"Bayer Construction","Bayer Construction","  24","Manhattan","Riley County","KS","66502","7857768839","0","Monday: 8:00 AM - 4:30 PM Tuesday: 8:00 AM - 4:30 PM Wednesday: 8:00 AM - 4:30 PM Thursday: 8:00 AM - 4:30 PM Friday: 8:00 AM - 4:30 PM ","null","39.1857209","-96.5793605","42.1869258409307","Broken Asphalt/Aggregate; Video Game Consoles; PlayStation Consoles","false","true","This site is located at Steven's Quarry.","","false","false","false","false"
"Shawnee County Recycling - Dover Fire Station","","Valencia Rd and Frontage Rd","Topeka","","KS","66615","7852336147","0","","http://www.snco.us","39.0574654","-95.8890672","42.2802188287449","","false","false","","","false","false","false","false"
"Seven Dolors Budget Shop","Seven Dolors Budget Shop","730 Colorado St ","Manhattan","Riley County","KS","66502","7855655010","0","Tuesday: 1:00 PM - 4:00 PM Wednesday: 1:00 PM - 4:00 PM Thursday: 1:00 PM - 4:00 PM Friday: 1:00 PM - 4:00 PM Saturday: 10:00 AM - 1:00 PM ","","39.1762665","-96.5673395","42.2849585760665","Books (Reuse); Clothing; Gift Bags; Household Goods; Ornaments; Children's Toys; Video Game Consoles; PlayStation Consoles","false","true","","","false","false","false","false"
"RadioShack","RadioShack","614 Fort Riley Blvd","Manhattan","Riley","KS","66502","7855396151","0","Monday: 9:00 AM - 8:00 PM Tuesday: 9:00 AM - 8:00 PM Wednesday: 9:00 AM - 8:00 PM Thursday: 9:00 AM - 8:00 PM Friday: 9:00 AM - 8:00 PM Saturday: 9:00 AM - 6:00 PM Sunday: 12:00 PM - 6:00 PM ","http://www.radioshack.com","39.17454","-96.56593","42.3311400664328","Ni-Cd Batteries; Batteries (Rechargeable); Video Game Consoles; PlayStation Consoles","false","true","","","false","false","false","false"
"Nemaha County Recycling Drop-Off Site - Centralia","","5th St & Railroad Ave","Centralia","","KS","66415","7853363671","0","","http://ks-nemaha.manatron.com","39.722577","-96.13189","5.79932855093248","","false","false","","","false","false","false","false"
"Nemaha County Recycling Drop-Off Site - Goff","","Hwy 9","Goff","","KS","66428","7853363671","0","","http://ks-nemaha.manatron.com","39.6641102","-95.9322005","7.40587349055506","","false","false","","","false","false","false","false"
