name,description,address,city,region,province,postal_code,phone,fax,hours,url,latitude,longitude,distance,materials,pickup,dropoff,notes,groups,curbside,municipal,national,event_only
"Morris County Recycling Center","","614 U.S. 56","Council Grove","","KS","66846","6207675519","0","","http://www.morriscountyks.org/CountyOffices/RecycleCenter/tabid/8528/Default.aspx","38.6666905","-96.4481554","14.896809711418","","false","false","","","false","false","false","false"
"Walmart Tire & Lube Express","Walmart Tire & Lube Express","2301 Industrial Rd","Emporia","Lyon","KS","66801","6203431500","0","","http://www.walmart.com/catalog/catalog.gsp?cat=495843","38.42586","-96.21715","16.4320276292982","Lead Acid (Pb) Batteries; Used Motor Oil; Oil Filters; Video Game Consoles; PlayStation Consoles","false","true","","","false","false","false","false"
"Walmart","Walmart","2301 Industrial Rd","Emporia","Lyon","KS","66801","6203431500","0","","http://www.walmart.com","38.42586","-96.21715","16.4320276292982","Lead Acid (Pb) Batteries; Plastic Shopping Bags; Food Storage Bags; Video Game Consoles; PlayStation Consoles","false","true","","","false","false","false","false"
"Wireless Lifestyle","","2715 Candlewood Dr","Emporia","","KS","66801","6203400044","0","","","38.4251552","-96.2158206","16.4697329116484","","false","false","","","false","false","false","false"
"Staples, Inc.","Staples","2200 Industrial Rd ","Emporia","Lyon County","KS","66801","6203425200","0","Monday: 9:00 AM - 8:00 PM Tuesday: 9:00 AM - 8:00 PM Wednesday: 9:00 AM - 8:00 PM Thursday: 9:00 AM - 8:00 PM Friday: 9:00 AM - 8:00 PM Saturday: 10:00 AM - 7:00 PM Sunday: 11:00 AM - 6:00 PM ","https://www.staples.com/recycle","38.4246982","-96.215945","16.5019459325096","AC Power Plugs; Batteries (Rechargeable); Cables & Connectors; Cell Phone Batteries; Cell Phones; Computer (Recycling); Hard Drives; Computer Monitors; Cameras; DVD Players/Blu-Ray Players/DVRs; Electronics; E-Readers; GPS Units; Headphones; Inkjet Printer Cartridges; Laptop Computers; Laser Toner Cartridges; Li-Ion Batteries; MP3 Players; Network Equipment; Ni-Cd Batteries; Ni-MH Batteries; Ni-Zn Batteries; Computer Peripherals; Portable Media Players; Printers/Scanners/Fax Machines; Small Electronics; Small Sealed Lead Acid Batteries; Stereo Equipment; Tablets; Telephones; UPS Batteries/Backup Systems; VCRs; Video Game Systems; Blu-Ray Players; Digital Converter Boxes; Video Game Consoles; PlayStation Consoles","false","true","NO TVs; Limit 6 CEDs per day; ","Sony, Vizio, OEM","false","false","false","false"
"Staples","","2200 Industrial Road","Emporia","","KS","66801","6203425200","0","","https://www.staples.com/sbd/cre/marketing/sustainability-center/recycling-services/","38.4246982","-96.215945","16.5019459325096","Alkaline/Single-Use Batteries","false","true","","","false","false","false","false"
"Walmart Supercenter","","2301 Industrial Rd","Emporia","","KS","66801","6203431500","0","","https://www.walmart.com/","38.4250822","-96.2195113","16.5044974842646","","false","false","","","false","false","false","false"
"Walmart Tire and Lube Express","","2301 Industrial Rd","Emporia","","KS","66801","6203431500","0","","https://www.walmart.com/cp/ideas/8932632","38.4250822","-96.2195113","16.5044974842646","","false","false","","","false","false","false","false"
"JCPenney","","1600 Industrial Rd","Emporia","","KS","66801","6203425491","0","","https://www.jcpenney.com/","38.4178433","-96.215872","16.9702484091786","","false","false","","","false","false","false","false"
"Western Auto","Western Auto","2721 W 15th Ave","Emporia","Lyon","KS","66801","6203433700","0","Monday: 8:00 AM - 9:00 PM Tuesday: 8:00 AM - 9:00 PM Wednesday: 8:00 AM - 9:00 PM Thursday: 8:00 AM - 9:00 PM Friday: 8:00 AM - 9:00 PM Saturday: 8:00 AM - 9:00 PM Sunday: 9:00 AM - 6:00 PM ","","38.41585","-96.21438","17.0956772018771","Lead Acid (Pb) Batteries; Used Motor Oil; Used Tires; Video Game Consoles; PlayStation Consoles","false","true","","","false","false","false","false"
"City of Emporia Christmas Tree Recycling Drop-Off Event - Dillons East","","902 E 12th Ave","Emporia","","KS","66801","6203406360","0","","","38.4130043","-96.1675304","17.1407858006239","","false","false","","","false","false","false","false"
"City of Emporia Recycling Drop-Off Site - Dillon's East","","902 E 12th Ave","Emporia","","KS","66801","6203406360","0","","http://utilities.emporia-kansas.gov/index.php/","38.4130043","-96.1675304","17.1407858006239","","false","false","","","false","false","false","false"
"Goodwill Easter Seals of Kansas Inc. - Dell Reconnect Donation Site","","904 East 12th Avenue","Emporia","","KS","66801","6203433564","0","","https://goodwillks.org/","38.4129829","-96.1671575","17.1425670952616","","false","false","","","false","false","false","false"
"Goodwill Easter Seals of Kansas Inc. - Dell Reconnect Donation Site","","904 East 12th Avenue","Emporia","","KS","66801","6203433564","0","","https://goodwillks.org/","38.4129829","-96.1671575","17.1425670952616","","false","false","","","false","false","false","false"
"Call2Recycle at US Cellular","Call2Recycle at US Cellular","1402 Industrial Rd","Emporia","Lyon","KS","66801","6203440038","0","","http://www.uscellular.com/","38.41501","-96.21687","17.1716332810905","Cell Phones; Ni-Cd Batteries; Li-Ion Batteries; Ni-MH Batteries; Ni-Zn Batteries; Small Sealed Lead Acid Batteries; Video Game Consoles; PlayStation Consoles","false","true","The U.S. EPA estimates that more than 350 million rechargeable batteries are purchased annually in the U.S. Thanks to the environmental commitment of this location, its easy and free to recycle your batteries. Bring your rechargeable batteries to this location and look for the recycling box or ask an associate how you can do your part for the environment.","","false","false","false","false"
"City of Emporia Christmas Tree Recycling Drop-Off Event - Lyon County Fairgrounds","","W 12th Ave & Industrial Rd","Emporia","","KS","66801","6203406360","0","","","38.412323","-96.216911","17.3557620697787","","false","false","","","false","false","false","false"
"Emporia Social Service Club","Emporia Social Service Club","935 Industrial Rd","Emporia","Lyon","KS","66801","6203438655","0","Monday: 8:00 AM - 5:30 PM Tuesday: 8:00 AM - 5:30 PM Wednesday: 8:00 AM - 5:30 PM Thursday: 8:00 AM - 5:30 PM Friday: 8:00 AM - 5:30 PM ","","38.41198","-96.217","17.3799000513976","Clothing; Video Game Consoles; PlayStation Consoles","false","true","This site is located at Spic and Span Cleaners.","","false","false","false","false"
"Emporia Social Service Club","Emporia Social Service Club","915 Commercial St","Emporia","Lyon","KS","66801","6203438655","0","Monday: 8:00 AM - 5:30 PM Tuesday: 8:00 AM - 5:30 PM Wednesday: 8:00 AM - 5:30 PM Thursday: 8:00 AM - 5:30 PM Friday: 8:00 AM - 5:30 PM ","","38.40885","-96.1802","17.4314992485939","Clothing; Video Game Consoles; PlayStation Consoles","false","true","This site is located at Spic and Span Cleaners.","","false","false","false","false"
"Birthright of Emporia","Birthright of Emporia","702 Commercial St","Emporia","Lyon","KS","66801","6203428600","0","Monday: 11:00 AM - 4:00 PM Wednesday: 11:00 AM - 4:00 PM Friday: 11:00 AM - 4:00 PM ","null","38.40622","-96.18005","17.6129502732181","Clothing; Gift Bags; Household Goods; Ornaments; Video Game Consoles; PlayStation Consoles","false","true","","","false","false","false","false"
"Waters Hardware","Waters Hardware","2727 W Hwy 50","Emporia","Lyon ","KS","66801","6203432800","0","","","38.4078051544011","-96.2158858431176","17.6574038614653","Alkaline/Single-Use Batteries; Batteries (Rechargeable); Button Batteries; Cell Phone Batteries; Cell Phones; Li-Ion Batteries; Ni-Cd Batteries; Ni-MH Batteries; Small Sealed Lead Acid Batteries; Non-rechargeable lithium batteries","false","true","Call or Check Online for Hours","Call2Recycle","false","false","false","false"
"S & S Oil Propane Company, Inc.","S & S Oil Propane Company, Inc.","2606 W US Highway 50","Emporia","Lyon","KS","66801","6203422835","0","Monday: 8:00 AM - 5:00 PM Tuesday: 8:00 AM - 5:00 PM Wednesday: 8:00 AM - 5:00 PM Thursday: 8:00 AM - 5:00 PM Friday: 8:00 AM - 5:00 PM ","","38.40662","-96.21294","17.7180233368416","Used Motor Oil; Video Game Consoles; PlayStation Consoles","false","true","","","false","false","false","false"
"AutoZone","AutoZone","825 W 6th Ave","Emporia","Lyon","KS","66801","6203419471","0","","http://www.autozone.com","38.40495","-96.1932","17.7321336469202","Lead Acid (Pb) Batteries; Used Motor Oil; Video Game Consoles; PlayStation Consoles","false","true","Most AutoZone stores accept used motor oil, transmission fluid, gear oil and automotive batteries. Call to see what your local store is currently accepting.","","false","false","false","false"
"O'Reilly Auto Parts","O'Reilly Auto Parts","2020 W 6th Ave","Emporia","Lyon","KS","66801","6203438410","0","Monday: 8:00 AM - 9:00 PM Tuesday: 8:00 AM - 9:00 PM Wednesday: 8:00 AM - 9:00 PM Thursday: 8:00 AM - 9:00 PM Friday: 8:00 AM - 9:00 PM Saturday: 8:00 AM - 8:00 PM Sunday: 9:00 AM - 5:00 PM ","http://www.oreillyauto.com/","38.40502","-96.14685","17.7432386651294","Used Motor Oil; Video Game Consoles; PlayStation Consoles","false","true","Most stores offer Used Oil & Battery Recycling, Battery Testing, 
Electrical & Module Testing, Loaner Tool Program, Drum / Rotor Resurfacing. Call your location for more details.","","false","false","false","false"
"O'Reilly Auto Parts","null","2020 West 6th Avenue ","Emporia","","KS","66801","6203438410","0","","http://oreillyauto.custhelp.com/app/error/error_id/6","38.4054641","-96.2058178","17.7536530904269","","false","false","","","false","false","false","false"
"AutoZone","","825 W 6th Ave","Emporia","","KS","66801","6203419471","0","","https://www.autozone.com/landing/page.jsp?name=in-our-stores","38.4045105","-96.1926863","17.7606764468653","","false","false","","","false","false","false","false"
"D.A.V.","D.A.V.","520 Constitution St","Emporia","Lyon","KS","66801","6203438322","0","Monday: 8:30 AM - 5:00 PM Tuesday: 8:30 AM - 5:00 PM Wednesday: 8:30 AM - 5:00 PM Thursday: 8:30 AM - 5:00 PM Friday: 8:30 AM - 5:00 PM Saturday: 8:30 AM - 5:00 PM ","","38.40404","-96.1826","17.7673850058361","Clothing; Gift Bags; Household Goods; Large Household Appliances; Ornaments; Video Game Consoles; PlayStation Consoles","false","true","","","false","false","false","false"
"Family Life Service","Family Life Service","517 Merchant St Ste 201","Emporia","Lyon","KS","66801","6203422244","0","Monday: 11:00 AM - 5:00 PM Tuesday: 11:00 AM - 5:00 PM Wednesday: 11:00 AM - 5:00 PM Thursday: 11:00 AM - 5:00 PM Friday: 11:00 AM - 5:00 PM ","","38.40399","-96.18152","17.7690717255924","Clothing; Video Game Consoles; PlayStation Consoles","false","true","","","false","false","false","false"
"The Green Door Recycling","","","Emporia","","KS","66801","6207941663","0","","","38.403903","-96.1816626","17.7753022333497","","false","false","","","false","false","false","false"
"Hornet Thrift Store","","427 Merchant","Emporia","","KS","66801","6203427000","0","","","38.4036133","-96.1817441","17.7954375142201","","false","false","","","false","false","false","false"
"Larry Estes Company","Larry Estes Company","720 Graham St","Emporia","Lyon","KS","66801","6203432385","0","Monday: 8:00 AM - 5:00 PM Tuesday: 8:00 AM - 5:00 PM Wednesday: 8:00 AM - 5:00 PM Thursday: 8:00 AM - 5:00 PM Friday: 8:00 AM - 5:00 PM ","","38.40631","-96.22164","17.8038750409578","Ferrous Metals (Steel or Iron); Non-ferrous (Copper/Brass/Tin); Used Tires; Video Game Consoles; PlayStation Consoles","false","true","","","false","false","false","false"
"Hornet Thrift Store","Hornet Thrift Store","427 Merchant St","Emporia","Lyon","KS","66801","6203427000","0","Tuesday: 9:00 AM - 5:00 PM Wednesday: 9:00 AM - 5:00 PM Thursday: 9:00 AM - 5:00 PM Friday: 9:00 AM - 5:00 PM Saturday: 9:00 AM - 5:00 PM ","","38.40289","-96.18154","17.8450706793369","Clothing; Gift Bags; Furniture; Household Goods; Ornaments; Video Game Consoles; PlayStation Consoles","true","true","","","false","false","false","false"
"Wright's Furniture & Appliance, Inc.","Wright's Furniture & Appliance, Inc.","402 Merchant St","Emporia","Lyon","KS","66801","6203432223","0","Monday: 10:00 AM - 6:00 PM Tuesday: 10:00 AM - 6:00 PM Wednesday: 10:00 AM - 6:00 PM Thursday: 10:00 AM - 6:00 PM Friday: 10:00 AM - 6:00 PM Saturday: 10:00 AM - 4:00 PM ","","38.40262","-96.18136","17.8634425613648","Furniture; Reusable Appliance Donation; Video Game Consoles; PlayStation Consoles","false","true","","","false","false","false","false"
"Pak 'N Ship","Pak 'N Ship","9 E 4th Ave","Emporia","Lyon","KS","66801","6203436756","0","Monday: 9:00 AM - 6:00 PM Tuesday: 9:00 AM - 6:00 PM Wednesday: 9:00 AM - 6:00 PM Thursday: 9:00 AM - 6:00 PM Friday: 9:00 AM - 6:00 PM Saturday: 9:00 AM - 2:00 PM ","","38.40249","-96.1797","17.8701367655103","Plastic #6 (Polystyrene); Cardboard; Packing Peanut (Reuse); Video Game Consoles; PlayStation Consoles","false","true","","","false","false","false","false"
"Flint Hill Battery, Inc.","Flint Hill Battery, Inc.","615 Graham St","Emporia","Lyon","KS","66801","6203422842","0","Monday: 8:00 AM - 5:30 PM Tuesday: 8:00 AM - 5:30 PM Wednesday: 8:00 AM - 5:30 PM Thursday: 8:00 AM - 5:30 PM Friday: 8:00 AM - 5:30 PM Saturday: 8:00 AM - 11:59 PM ","","38.40534","-96.22183","17.8716771354454","Ni-Cd Batteries; Other Batteries; Batteries (Rechargeable); Alkaline/Single-Use Batteries; Video Game Consoles; PlayStation Consoles","false","true","Please call for a complete list of batteries accepted.","","false","false","false","false"
"Professional Printing","Professional Printing","315 Constitution St","Emporia","Lyon","KS","66801","6203437125","0","Monday: 8:00 AM - 4:00 PM Tuesday: 8:00 AM - 4:00 PM Wednesday: 8:00 AM - 4:00 PM Thursday: 8:00 AM - 4:00 PM Friday: 8:00 AM - 4:00 PM ","","38.40196","-96.18278","17.9113304194338","Computer Paper; Greeting Cards; Paper (Mixed); Office Paper; Video Game Consoles; PlayStation Consoles","false","true","","","false","false","false","false"
"Westside Auto Salvage","Westside Auto Salvage","3401 W 6th Ave","Emporia","Lyon","KS","66801","6203429083","0","Monday: 8:00 AM - 5:30 PM Tuesday: 8:00 AM - 5:30 PM Wednesday: 8:00 AM - 5:30 PM Thursday: 8:00 AM - 5:30 PM Friday: 8:00 AM - 5:30 PM Saturday: 9:00 AM - 1:00 PM ","","38.40498","-96.22738","17.9437551863488","Car; Video Game Consoles; PlayStation Consoles","false","true","","","false","false","false","false"
"Advantage Metals Recycling LLC","Advantage Metals Recycling LLC","302 Graham St","Emporia","Lyon","KS","66801","6203421122","6203421177","Monday: 8:00 AM - 4:30 PM Tuesday: 8:00 AM - 4:30 PM Wednesday: 8:00 AM - 4:30 PM Thursday: 8:00 AM - 4:30 PM Friday: 8:00 AM - 4:30 PM Saturday: 8:00 AM - 11:59 PM ","http://www.advantagerecycling.com","38.40271","-96.22167","18.0500610751836","Aluminum Cans; Aluminum; Bikes; Lead Acid (Pb) Batteries; Ferrous Metals (Steel or Iron); Large Household Appliances; Lawn Equipment; Non-ferrous (Copper/Brass/Tin); Holiday Lights; Cables & Connectors; Wire; Air Conditioners; Refrigerators; Radiators; Video Game Consoles; PlayStation Consoles","false","true","","","false","false","false","false"
"City of Emporia Christmas Tree Recycling Drop-Off Event - Reebles County Mart","","115 Commercial St","Emporia","","KS","66801","6203406360","0","","","38.3995264","-96.1807909","18.0762726678697","","false","false","","","false","false","false","false"
"Advantage Metals Recycling, LLC","","302 Graham St","Emporia","","KS","66801","6203421122","0","","http://www.AdvantageRecycling.com/","38.4021678","-96.2214604","18.0854352309922","","false","false","","","false","false","false","false"
"Advantage Metals Recycling LLC","","302 Graham St","Emporia","","KS","66801","6203421122","0","","http://www.advantagerecycling.com/","38.4021678","-96.2214604","18.0854352309922","","false","false","","","false","false","false","false"
"Osage Salvage","Osage Salvage","600 N Martin St ","Osage City","Osage County","KS","66523","7855284141","0","Monday: 8:00 AM - 5:00 PM Tuesday: 8:00 AM - 5:00 PM Wednesday: 8:00 AM - 5:00 PM Thursday: 8:00 AM - 5:00 PM Friday: 8:00 AM - 5:00 PM Saturday: 8:00 AM - 11:59 PM ","","38.6399649","-95.836675","18.157892226459","Aluminum Cans; Aluminum; Brown Paper Bags; Ferrous Metals (Steel or Iron); Large Household Appliances; Non-ferrous (Copper/Brass/Tin); Tin or Steel Cans; Printers/Scanners/Fax Machines; Video Game Consoles; PlayStation Consoles","false","true","","","false","false","false","false"
"Sparks Sales & Service","Sparks Sales & Service","9 Commercial St","Emporia","Lyon","KS","66801","6203433674","0","Monday: 8:00 AM - 5:30 PM Tuesday: 8:00 AM - 5:30 PM Wednesday: 8:00 AM - 5:30 PM Thursday: 8:00 AM - 5:30 PM Friday: 8:00 AM - 5:30 PM Saturday: 8:00 AM - 12:00 PM ","","38.3979","-96.18027","18.1878988757523","Lawn Equipment; Video Game Consoles; PlayStation Consoles","false","true","","","false","false","false","false"
"Lyon County HHW Drop-Off Site","","3000 W South Ave","Emporia","","KS","66801","6203406365","0","","http://lyoncounty.org/index/","38.398257","-96.2197149","18.3392589564398","","false","false","","","false","false","false","false"
"City of Emporia Recycling Center and Transfer Station","","3100 W South Ave","Emporia","","KS","66801","6203406360","0","","http://utilities.emporia-kansas.gov/index.php/","38.3978338","-96.2233356","18.3966413606114","","false","false","","","false","false","false","false"
"Call2Recycle at McCoy's/Radio Shack Dealer","Call2Recycle at McCoy's/Radio Shack Dealer","523 Market St","Osage City","Osage","KS","66523","9135288118","0","","http://www.radioshack.com/","38.63432","-95.82644","18.7435769252925","Cell Phones; Ni-Cd Batteries; Li-Ion Batteries; Ni-MH Batteries; Ni-Zn Batteries; Small Sealed Lead Acid Batteries; Video Game Consoles; PlayStation Consoles","false","true","As the first national retailer to partner with Call2Recycle, RadioShack is at the forefront of the rechargeable battery recycling cause and is pleased to offer battery recycling at thousands of convenient RadioShack locations for free.  Simply drop them off at your local RadioShack and theyll take care of the rest.  Ask a store associate for more details.","","false","false","false","false"
"Home Oil Company","Home Oil Company","104 N 9th St","Osage City","Osage","KS","66523","7855284132","0","Monday: 8:00 AM - 5:00 PM Tuesday: 8:00 AM - 5:00 PM Wednesday: 8:00 AM - 5:00 PM Thursday: 8:00 AM - 5:00 PM Friday: 8:00 AM - 5:00 PM Saturday: 8:00 AM - 11:30 AM ","","38.63452","-95.82005","19.0853668144692","Aluminum Cans; Video Game Consoles; PlayStation Consoles","false","true","","","false","false","false","false"
"Osage County Recycling Drop-off - Osage City","","9th & Main Street","Osage City","","KS","66523","7858284416","0","","http://lakeregionswa.fws1.com/OsageCounty.html","38.6335478","-95.8201011","19.0893247511975","","false","false","","","false","false","false","false"
"Osage County HHW Mobile Unit","","Main St & S 9th St","Osage City","","KS","66523","7858284416","0","","http://www.kansasrecycles.org/programs/osage-city-hhw","38.6330109","-95.819728","19.1131549186409","","false","false","","","false","false","false","false"
"Gibson Recycling","Gibson Recycling","539 Road 150","Emporia","Lyon","KS","66801","6203433170","0","Monday: 8:30 AM - 5:30 PM Tuesday: 8:30 AM - 5:30 PM Wednesday: 8:30 AM - 5:30 PM Thursday: 8:30 AM - 5:30 PM Friday: 8:30 AM - 5:30 PM Saturday: 9:00 AM - 1:00 PM ","","38.37602","-96.27535","20.4696609283743","Car; Ferrous Metals (Steel or Iron); Large Household Appliances; Non-ferrous (Copper/Brass/Tin); Video Game Consoles; PlayStation Consoles","false","true","","","false","false","false","false"
"Coffey County Recycling Drop-Off Site - Lebo","","2 W Broadway St","Lebo","","KS","66856","6203648409","0","","https://www.coffeycountyks.org/","38.41592","-95.8580796","23.9767890569678","","false","false","","","false","false","false","false"
"Osage County Recycling Drop-off - Scranton","","202 Brownie St","Scranton","","KS","66537","7858284416","0","","http://osageco.org/main/","38.7804242","-95.738439","24.7885470019532","","false","false","","","false","false","false","false"
"Wabaunsee County Recycling Department and Traveling Recycling Trailer","","219 Iowa St","Alma","","KS","66401","7857653454","0","","http://ks-wabaunsee.manatron.com/CountyOffices/Recycling/tabid/8828/Default.aspx","39.0123813","-96.2928936","25.1272460592974","","false","false","","","false","false","false","false"
"Wabaunsee County Houshold Hazardous Waste Drop-Off Program","","219 Iowa St","Alma","","KS","66401","7857653454","0","","http://www.kansasrecycles.org/programs/alma-wabaunsee-county","39.0123813","-96.2928936","25.1272460592974","","false","false","","","false","false","false","false"
"Shawnee County Recycling - Auburn Apple Market","","1431 N Washington St","Auburn","","KS","66402","7852336147","0","","http://www.snco.us","38.9127249","-95.8164881","25.8667789777087","","false","false","","","false","false","false","false"
"Osage County Recycling Center","","208 W 17th St","Lyndon","","KS","66451","7858284416","0","","http://osageco.org/main/","38.6213107","-95.6863575","26.3568964779095","","false","false","","","false","false","false","false"
"911 Cell Phone Bank - Lynn Council On Aging","911 Cell Phone Bank - Lynn Council On Aging","730 Topeka Ave","Lyndon","Osage","KS","66451","8662907864","0","","http://www.911cellphonebank.org/","38.61085","-95.68451","26.5427387631075","Cell Phones; Cameras; Laptop Computers; MP3 Players; Video Games; Video Game Consoles; Smart watches & Apple Watch®
","false","true","Please call to verify drop-off procedures and directions to the location.  For prepaid shipping labels, visit http://www.911cellphonebank.org/drop-off-locations.asp - click on "print shipping label."","","false","false","false","false"
"Old Shawnee County Road Maintenance Shop","Old Shawnee County Road Maintenance Shop","6318 SW Auburn Rd ","Auburn","Shawnee County","KS","66402","0","0","","null","38.951893","-95.816546","27.7523516157728","Aluminum Cans; Cardboard; Glass (Brown); Glass (Clear); Glass (Green); Magazines; Newspapers; Plastic #1 (PETE); Plastic #2 (HDPE); Tin or Steel Cans","false","true","","","false","false","false","false"
"Shawnee County Recycling - Washburn Rural High School","","5900 SW 61st St","Topeka","","KS","66619","7852336147","0","","http://www.snco.us","38.9574787","-95.759483","30.2138406675293","","false","false","","","false","false","false","false"
"Osage County Recycling Drop-off - Melvern","","Melvern City Park","Melvern","","KS","66510","7858284416","0","","http://osageco.org/main/","38.5062217","-95.6373291","30.800071932954","","false","false","","","false","false","false","false"
"Shawnee County Recycling - Dultmeier Homes","","4900 SW Vorse Rd","Topeka","","KS","66610","7852336147","0","","http://www.snco.us","38.9777981","-95.7686421","30.8309223004354","","false","false","","","false","false","false","false"
"Shawnee County Recycling - Dover Fire Station","","Valencia Rd and Frontage Rd","Topeka","","KS","66615","7852336147","0","","http://www.snco.us","39.0574654","-95.8890672","31.3355735896048","","false","false","","","false","false","false","false"
"Bettis Asphalt","","8424 SW Topeka Blvd","Wakarusa","","KS","66546","7852358444","0","","","38.91451","-95.6864442","31.4750750159067","","false","false","","","false","false","false","false"
"Walgreens","Walgreens","3630 SW Wanamaker Rd","Topeka","Shawnee","KS","66614","7852285656","0","","http://www.walgreens.com","39.00113","-95.76162","32.2505083819079","Cell Phones; Inkjet Cartridge Refilling; Inkjet Printer Cartridges; Video Game Consoles; PlayStation Consoles","false","true","","","false","false","false","false"
"Shawnee County Recycling - Topeka Quarter Midget Association","","1121 SW University Blvd","Topeka","","KS","66619","7852336147","0","","http://www.snco.us","38.9503348","-95.6949895","32.5467733108453","","false","false","","","false","false","false","false"
"Lion's Club","Lion's Club","6700 SW Topeka Blvd","Topeka","Shawnee","KS","66620","7858621020","0","Tuesday: 10:00 AM - 4:00 PM Wednesday: 10:00 AM - 4:00 PM Thursday: 10:00 AM - 4:00 PM Friday: 10:00 AM - 4:00 PM Saturday: 10:00 AM - 4:00 PM ","","38.93896","-95.68043","32.7031754792934","Eyeglasses; Video Game Consoles; PlayStation Consoles","false","true","This site is located at the Museum of Kansas National Guard.","","false","false","false","false"
"Asset LifeCycle, LLC","Asset LifeCycle, LLC","6700 SW Topeka Blvd Bldg 170W","Topeka","Shawnee","KS","66620","7852728288","0","Monday: 8:00 AM - 5:00 PM Tuesday: 8:00 AM - 5:00 PM Wednesday: 8:00 AM - 5:00 PM Thursday: 8:00 AM - 5:00 PM Friday: 8:00 AM - 5:00 PM ","http://www.assetlc.com","38.93896","-95.68043","32.7031754792934","MP3 Players; Computer Monitors; Computer (Recycling); Electronics; Office Equipment; Video Game Consoles; PlayStation Consoles","true","true","","","false","false","false","false"
"Bak Honda Suzuki Kabota BMW","","2142 North US Highway 75","Sioux City","","IA","51105","7122557955","0","","","38.3383053","-95.7291738","32.7243386237372","","false","false","","","false","false","false","false"
"Cartridge World","","2919 Southwest Wanamaker Road","Topeka","","KS","66614","7858617455","0","","","39.0135842","-95.7647935","32.7668413698863","","false","false","","","false","false","false","false"
"The UPS Store 3349","null","6021 Sw 29Th St Ste A","Topeka","","KS","66614","7852716245","0","","https://locations.theupsstore.com/ks/topeka/6021-sw-29th-st","39.0141384","-95.7642584","32.8145087778248","","false","false","","","false","false","false","false"
"Batteries Plus Bulbs","null","6021 SW 29th St Suite D","Topeka","","KS","66614","7852289377","0","","https://www.batteriesplus.com/store-locator/ks/258?utm_source=local&utm_medium=earth911","39.0141384","-95.7642584","32.8145087778248","","false","false","","","false","false","false","false"
"Batteries Plus","Batteries Plus","6021 SW 29th St Ste D","Topeka","Shawnee","KS","66614","7852289377","7852289378","","http://www.batteriesplus.com/store_details/258.aspx","39.01424","-95.76426","32.8196591375714","Compact Fluorescent Lights; Batteries (Rechargeable); Alkaline/Single-Use Batteries; Video Game Consoles; PlayStation Consoles","false","true","Some fees for battery recycling may apply.  Please contact your Local store for details. 
<p>
Batteries Plus lead by example by recycling the majority of the batteries we sell. Not only do we recycle to protect our environment, we support retail and business customers alike by keeping them in full compliance with federal, state, municipal, EPA and DOT regulations governing the disposal and recycling of spent batteries and select electronics.","","false","false","false","false"
"The UPS Store","The UPS Store","6021 SW 29th St Ste A","Topeka","Shawnee","KS","66614","7852716245","0","Monday: 9:00 AM - 7:00 PM Tuesday: 9:00 AM - 7:00 PM Wednesday: 9:00 AM - 7:00 PM Thursday: 9:00 AM - 7:00 PM Friday: 9:00 AM - 7:00 PM Saturday: 9:00 AM - 4:00 PM Sunday: 12:00 PM - 4:00 PM ","http://www.theupsstore.com","39.01424","-95.76426","32.8196591375714","Packing Materials; Packing Peanut (Reuse); Video Game Consoles; PlayStation Consoles","false","true","","","false","false","false","false"
"Rex's Tire Company","Rex's Tire Company","2855 SW Wanamaker Rd","Topeka","Shawnee","KS","66614","7852711122","0","Monday: 7:00 AM - 6:00 PM Tuesday: 7:00 AM - 6:00 PM Wednesday: 7:00 AM - 6:00 PM Thursday: 7:00 AM - 6:00 PM Friday: 7:00 AM - 6:00 PM Saturday: 8:00 AM - 5:00 PM ","","39.01573","-95.7629","32.9449901360735","Used Tires; Video Game Consoles; PlayStation Consoles","false","true","","","false","false","false","false"
"Scotch Fabric Care","Scotch Fabric Care","2848 SW Wanamaker Rd","Topeka","Shawnee","KS","66614","7852736774","0","Monday: 7:00 AM - 7:00 PM Tuesday: 7:00 AM - 7:00 PM Wednesday: 7:00 AM - 7:00 PM Thursday: 7:00 AM - 7:00 PM Friday: 7:00 AM - 7:00 PM Saturday: 8:00 AM - 5:00 PM Sunday: 1:00 PM - 5:00 PM ","","39.01512","-95.76185","32.9515534812143","Clothes Hangers (Metal); Video Game Consoles; PlayStation Consoles","false","true","","","false","false","false","false"
"Osco","Osco","2835 SW Wanamaker Rd","Topeka","Shawnee","KS","66614","7852734081","0","","","39.01619","-95.76245","32.9847678690901","Plastic Shopping Bags; Food Storage Bags; Video Game Consoles; PlayStation Consoles","false","true","","","false","false","false","false"
"Lion's Club","Lion's Club","5990 SW 28th St","Topeka","Shawnee","KS","66614","7852725904","0","Monday: 8:00 AM - 6:00 PM Tuesday: 8:00 AM - 6:00 PM Wednesday: 8:00 AM - 6:00 PM Thursday: 8:00 AM - 6:00 PM Friday: 8:00 AM - 5:00 PM ","","39.01637","-95.76161","33.0242224528814","Eyeglasses; Video Game Consoles; PlayStation Consoles","false","true","This site is located at Dr. Michael Goering Office.","","false","false","false","false"
"The Mail Box","The Mail Box","2828 SW Arrowhead Rd","Topeka","Shawnee","KS","66614","7852737978","0","Monday: 9:00 AM - 6:00 PM Tuesday: 9:00 AM - 6:00 PM Wednesday: 9:00 AM - 6:00 PM Thursday: 9:00 AM - 6:00 PM Friday: 9:00 AM - 6:00 PM Saturday: 9:00 AM - 1:30 PM ","","39.01504","-95.75235","33.2922122687664","Plastic #6 (Polystyrene); Cardboard; Plastics (Other); Packing Peanut (Reuse); Video Game Consoles; PlayStation Consoles","false","true","","","false","false","false","false"
"Hygienic Cleaners","Hygienic Cleaners","2930 SW McClure Rd","Topeka","Shawnee","KS","66614","7852730571","0","Monday: 7:00 AM - 6:30 PM Tuesday: 7:00 AM - 6:30 PM Wednesday: 7:00 AM - 6:30 PM Thursday: 7:00 AM - 6:30 PM Friday: 7:00 AM - 6:30 PM Saturday: 8:00 AM - 5:00 PM ","null","39.01266","-95.74668","33.3804154607794","Clothes Hangers (Metal); Video Game Consoles; PlayStation Consoles","false","true","","","false","false","false","false"
"LKQ Mid-America Auto Parts","","5725 South Topeka","Topeka","","KS","66619","7858628888","0","","","38.9634628","-95.6881637","33.3954961162723","","false","false","","","false","false","false","false"
"AT&T Wireless","AT&T Wireless","2201 Wanamaker Road Suite 100","Topeka","Shawnee","KS","66614","7852724002","0","","http://www.att.com/","39.0273","-95.76281","33.5457900315897","Cell Phones; Ni-Cd Batteries; Batteries (Rechargeable); Cell Phone Batteries; Tablets; Li-Ion Batteries; Video Game Consoles; PlayStation Consoles","false","true","Receive an AT&T Promotion Card worth the trade-in value of your smartphone, tablet, or netbook. You can also donate the trade-in value to Cell Phones for Soldiers.","","false","false","false","false"
"FedEx Office","FedEx Office","2201 SW Wanamaker Rd","Topeka","Shawnee","KS","66614","7852722500","0","","http://www.fedex.com/us/office/","39.0273","-95.76281","33.5457900315897","Inkjet Printer Cartridges; Laser Toner Cartridges; Video Game Consoles; PlayStation Consoles","false","true","","","false","false","false","false"
"Lion's Club","Lion's Club","2129 SW Wanamaker Rd","Topeka","Shawnee","KS","66614","7852726009","0","Monday: 9:00 AM - 7:00 PM Tuesday: 9:00 AM - 7:00 PM Wednesday: 9:00 AM - 7:00 PM Thursday: 9:00 AM - 7:00 PM Friday: 9:00 AM - 7:00 PM Saturday: 9:00 AM - 5:00 PM ","","39.0278","-95.76301","33.56474360897","Eyeglasses; Video Game Consoles; PlayStation Consoles","false","true","This site is located at Success Vision Express.","","false","false","false","false"
"Lion's Club","Lion's Club","2180 SW Wanamaker Rd","Topeka","Shawnee","KS","66614","7852717356","0","Monday: 9:00 AM - 6:00 PM Tuesday: 9:00 AM - 6:00 PM Wednesday: 9:00 AM - 6:00 PM Friday: 9:00 AM - 6:00 PM Thursday: 9:00 AM - 7:00 PM Saturday: 10:00 AM - 6:00 PM ","null","39.02766","-95.76215","33.5878332166619","Eyeglasses; Video Game Consoles; PlayStation Consoles","false","true","This site is located at Eyewear Unique.","","false","false","false","false"
"Goodwill Store","Goodwill Store","5119 SW 29th St","Topeka","Shawnee","KS","66614","7852289774","0","Monday: 9:00 AM - 9:00 PM Tuesday: 9:00 AM - 9:00 PM Wednesday: 9:00 AM - 9:00 PM Thursday: 9:00 AM - 9:00 PM Friday: 9:00 AM - 9:00 PM Saturday: 9:00 AM - 9:00 PM Sunday: 12:00 PM - 5:00 PM ","","39.01429","-95.74279","33.6058558230449","Clothing; Computer (Reuse); Gift Bags; Household Goods; Ornaments; Video Game Consoles; PlayStation Consoles","false","true","","","false","false","false","false"
"Zercher Photo","Zercher Photo","2121 SW Wanamaker Rd","Topeka","Shawnee","KS","66614","7852720000","0","Monday: 8:00 AM - 8:00 PM Tuesday: 8:00 AM - 8:00 PM Wednesday: 8:00 AM - 8:00 PM Thursday: 8:00 AM - 8:00 PM Friday: 8:00 AM - 8:00 PM Saturday: 9:00 AM - 5:00 PM Sunday: 12:00 PM - 5:00 PM ","","39.02852","-95.76278","33.6103468066899","Plastics (Other); Laser Toner Cartridges; Video Game Consoles; PlayStation Consoles","false","true","This site also accepts disposable cameras. Please call for more information.","","false","false","false","false"
"Target","Target","2120 SW Wanamaker Rd","Topeka","Shawnee","KS","66614","7852739841","0","","http://www.target.com/","39.02839","-95.76214","33.6261600492136","Aluminum Cans; Cell Phones; Inkjet Printer Cartridges; MP3 Players; Plastic #1 (PETE); Plastic #2 (HDPE); Plastic Shopping Bags; Video Game Consoles; PlayStation Consoles","false","true","","","false","false","false","false"
"Target Store","","2120 SW Wanamaker Rd","Topeka","","KS","66614","7852739841","0","","https://corporate.target.com/corporate-responsibility/planet","39.0275215","-95.7604998","33.6390336519471","","false","false","","","false","false","false","false"
"Sprint Store","","2130 SW Wanamaker Rd","Topeka","","KS","66614","7852286500","0","","https://newsroom.sprint.com/csr/device-donations/","39.0273664","-95.7594439","33.66843273121","","false","false","","","false","false","false","false"
"O'Reilly Auto Parts","","5100 SW 29th St","Topeka","","KS","66614","7852722435","0","","http://oreillyauto.custhelp.com/app/error/error_id/6","39.0152589","-95.7415632","33.6997481694991","","false","false","","","false","false","false","false"
"Wireless Lifestyle","","1801 SW Wanamaker Rd","Topeka","","KS","66604","7852727435","0","","","39.0326553","-95.7663738","33.7006547391883","","false","false","","","false","false","false","false"
"Best Buy Mobile","null","1600 SW Wanamaker Rd","Topeka","","KS","66604","7852720502","0","","https://www.bestbuy.com/site/services/recycling/pcmcat149900050025.c?id=pcmcat149900050025","39.0326553","-95.7663738","33.7006547391883","","false","false","","","false","false","false","false"
"West Ridge Mall 1","West Ridge Mall 1","1801 SW Wanamaker Rd","Topeka","Shawnee","KS","66604","8583244111","0","","http://www.ecoatm.com/","39.03277","-95.76583","33.7256406987515","Cell Phones; Tablets; MP3 Players; Video Game Consoles; PlayStation Consoles","false","true","ecoATM is an automated, consumer self-serve kiosk that quickly buys back and recycles old phones, mp3 players and tablets.
</br>
Call or email <a href="mailto:max@ecoATM.com">customer support</a> with questions.","","false","false","false","false"
"West Ridge Mall 2","West Ridge Mall 2","1801 SW Wanamaker Rd","Topeka","Shawnee","KS","66604","8583244111","0","","http://www.ecoatm.com/","39.03277","-95.76583","33.7256406987515","Cell Phones; Tablets; MP3 Players; Video Game Consoles; PlayStation Consoles","false","true","ecoATM is an automated, consumer self-serve kiosk that quickly buys back and recycles old phones, mp3 players and tablets.
</br>
Call or email <a href="mailto:max@ecoATM.com">customer support</a> with questions.","","false","false","false","false"
"Lion's Club","Lion's Club","1801 SW Wanamaker Rd","Topeka","Shawnee","KS","66604","7852733065","0","Monday: 10:00 AM - 8:00 PM Thursday: 10:00 AM - 8:00 PM Tuesday: 10:00 AM - 6:00 PM Wednesday: 10:00 AM - 6:00 PM Friday: 10:00 AM - 6:00 PM Saturday: 10:00 AM - 6:00 PM ","null","39.03277","-95.76583","33.7256406987515","Eyeglasses; Video Game Consoles; PlayStation Consoles","false","true","This site is located at West Ridge Mall-Sears Optical Department.","","false","false","false","false"
"JCPenney","","1821 SW Wanamaker Rd","Topeka","","KS","66604","7852734400","0","","https://www.jcpenney.com/","39.0326106","-95.7652723","33.736736459578","","false","false","","","false","false","false","false"
"RadioShack","RadioShack","5007 SW 29th St","Topeka","Shawnee","KS","66614","7852727033","0","Monday: 9:00 AM - 8:00 PM Tuesday: 9:00 AM - 8:00 PM Wednesday: 9:00 AM - 8:00 PM Thursday: 9:00 AM - 8:00 PM Friday: 9:00 AM - 8:00 PM Saturday: 9:00 AM - 8:00 PM Sunday: 11:00 AM - 5:00 PM ","http://www.radioshack.com","39.01471","-95.73968","33.7420988599574","Ni-Cd Batteries; Batteries (Rechargeable); Video Game Consoles; PlayStation Consoles","false","true","","","false","false","false","false"
"Verizon Wireless","Verizon Wireless","1920 SW Wanamaker Rd","Topeka","Shawnee","KS","66604","8666444532","0","","http://www.verizonwireless.com/","39.03237","-95.76157","33.8537717983236","Cell Phones; Cell Phone Batteries; Video Game Consoles; PlayStation Consoles","false","true","<A Href="https://www.trade-in.vzw.com/home.aspx">
The Verizon Wireless Trade-In Program</A> allows you to trade in your used handset or tablet in a convenient and responsible way. 
<P>
<P>
Verizon Wireless works every day to protect our environment and give our customers opportunities to do the same. <A Href="http://aboutus.vzw.com/Green_Initiative/overview.html">Click here</A> for more examples of the earth-friendly initiatives and programs Verizon Wireless is proud to offer and support.","","false","false","false","false"
"Lowe's","","1621 Southwest Arvonia Place","Topeka","","KS","66615","7852730888","0","","https://newsroom.lowes.com/responsibility/operational-excellence/","39.0373346","-95.7688273","33.8623686504541","","false","false","","","false","false","false","false"
"Call2Recycle at Lowe's","Call2Recycle at Lowe's","1621 SW Arvonia Pl","Topeka","Shawnee","KS","66615","7852730888","0","Monday: 6:00 AM - 10:00 PM Tuesday: 6:00 AM - 10:00 PM Wednesday: 6:00 AM - 10:00 PM Thursday: 6:00 AM - 10:00 PM Friday: 6:00 AM - 10:00 PM Saturday: 6:00 AM - 10:00 PM Sunday: 8:00 AM - 8:00 PM ","http://www.lowes.com/","39.03759","-95.76843","33.8895893740614","Cell Phones; Compact Fluorescent Lights; Ni-Cd Batteries; Plastic Shopping Bags; Li-Ion Batteries; Ni-MH Batteries; Ni-Zn Batteries; Small Sealed Lead Acid Batteries; Video Game Consoles; PlayStation Consoles; Batteries (Rechargeable); Cell Phone Batteries; Li-Ion Batteries; Ni-Cd Batteries; Ni-MH Batteries; Small Sealed Lead Acid Batteries; Cell Phones","false","true","As an environmentally-committed retailer, Lowes offers a recycling center near store entrances to give consumers a free and easy way to properly dispose of rechargeable batteries, cell phones, CFLs and plastic shopping bags; materials that otherwise could be potentially harmful to the environment.  Look for the recycling center or ask a store associate for more details.","Call2Recycle","false","false","false","false"
"Sears","Sears","1781 SW Wanamaker Rd","Topeka","Shawnee","KS","66604","7852714200","0","","http://www.sears.com/","39.03412","-95.76204","33.9288522910637","Cell Phones; Ni-Cd Batteries; Li-Ion Batteries; Ni-MH Batteries; Ni-Zn Batteries; Small Sealed Lead Acid Batteries; Video Game Consoles; PlayStation Consoles","false","true","The U.S. EPA estimates that more than 350 million rechargeable batteries are purchased annually in the U.S. Thanks to the environmental commitment of this location, its easy and free to recycle your batteries. Bring your rechargeable batteries to this location and look for the recycling box or ask an associate how you can do your part for the environment.","","false","false","false","false"
