name,description,address,city,region,province,postal_code,phone,fax,hours,url,latitude,longitude,distance,materials,pickup,dropoff,notes,groups,curbside,municipal,national,event_only
"Champlin Tire Recycling Inc","Champlin Tire Recycling Inc","PO Box 445","Concordia","Cloud","KS","66901","7852433345","0","","http://www.champlintirerecycling.com","39.56369","-97.65334","13.9992610037489","Plastic #2 (HDPE); Plastic #3 (PVC); Plastic #4 (LDPE); Plastic #5 (Polypropylene); Plastic #6 (Polystyrene); Ferrous Metals (Steel or Iron); Used Tires; Rubber; Video Game Consoles; PlayStation Consoles","false","true","","","false","false","false","false"
"Brown Disposal & Recycling","Brown Disposal & Recycling","101 E 1st St","Concordia","Cloud","KS","66901","7852434412","0","","","39.57689","-97.65754","14.1215163930651","Aluminum Cans; Cardboard; Greeting Cards; Paper (Mixed); Video Game Consoles; PlayStation Consoles","false","true","","","false","false","false","false"
"O'Reilly Auto Parts","null","1601 Lincoln Street ","Concordia","","KS","66901","7852434225","0","","http://oreillyauto.custhelp.com/app/error/error_id/6","39.5611585","-97.6568031","14.2075398178524","","false","false","","","false","false","false","false"
"Walmart Supercenter","","College Dr","Concordia","","KS","66901","7852432602","0","","https://www.walmart.com/","39.5536168","-97.6603312","14.4810998450842","","false","false","","","false","false","false","false"
"Champlin Tire Recycling, Inc. - A Waste Cap  NE Member","","301 Cedar Street","Concordia","","KS","66901","7852433345","0","","","39.5744378","-97.6642212","14.4899795254976","","false","false","","","false","false","false","false"
"Brown Disposal and Recycling","Brown Disposal and Recycling","630 W 2nd St ","Concordia","Cloud County","KS","66901","7852434412","0","","","39.5757577","-97.66859","14.714272081466","Aluminum Cans; Cardboard; Greeting Cards; Paper (Mixed); Video Game Consoles; PlayStation Consoles","false","true","","","false","false","false","false"
"Walmart","Walmart","140 E College Dr","Concordia","Cloud","KS","66901","7852432602","0","","http://www.walmart.com","39.55867","-97.6665","14.7445494680682","Lead Acid (Pb) Batteries; Plastic Shopping Bags; Food Storage Bags; Video Game Consoles; PlayStation Consoles","false","true","","","false","false","false","false"
"Clay County HHW Drop-Off Site","","1330 21st Rd","Clay Center","","KS","67432","7856322487","0","","https://www.claycountykansas.org","39.4226997","-97.140214","17.8605771915386","","false","false","","","false","false","false","false"
"Call2Recycle at Patterson Healthmart Pharmacy","Call2Recycle at Patterson Healthmart Pharmacy","422 Lincoln Ave","Clay Center","Clay","KS","67432","7856322525","0","","http://www.radioshack.com/","39.37618","-97.12684","20.6037561169101","Cell Phones; Ni-Cd Batteries; Li-Ion Batteries; Ni-MH Batteries; Ni-Zn Batteries; Small Sealed Lead Acid Batteries; Video Game Consoles; PlayStation Consoles","false","true","The U.S. EPA estimates that more than 350 million rechargeable batteries are purchased annually in the U.S. Thanks to the environmental commitment of this location, its easy and free to recycle your batteries. Bring your rechargeable batteries to this location and look for the recycling box or ask an associate how you can do your part for the environment.","","false","false","false","false"
"Hess Salvage","Hess Salvage","404 Bridge St","Clay Center","Clay","KS","67432","7856325233","0","Monday: 8:00 AM - 5:00 PM Tuesday: 8:00 AM - 5:00 PM Wednesday: 8:00 AM - 5:00 PM Thursday: 8:00 AM - 5:00 PM Friday: 8:00 AM - 5:00 PM Saturday: 9:00 AM - 12:00 PM ","null","39.36893","-97.12655","20.9805787028472","Car; Ferrous Metals (Steel or Iron); Non-ferrous (Copper/Brass/Tin); Video Game Consoles; PlayStation Consoles","false","true","","","false","false","false","false"
"Cash Back Recycling","Cash Back Recycling","802 McBratney St","Clay Center","Clay","KS","67432","7856323031","0","Monday: 8:00 AM - 5:00 PM Tuesday: 8:00 AM - 5:00 PM Wednesday: 8:00 AM - 5:00 PM Thursday: 8:00 AM - 5:00 PM Friday: 8:00 AM - 5:00 PM Saturday: 8:00 AM - 2:00 PM ","","39.37091","-97.12086","21.0877347888612","Plastic #1 (PETE); Plastic #2 (HDPE); Plastic #2 (Color HDPE); Aerosol Spray Cans; Aluminum Cans; Aluminum; Car; Glass (Brown); Brown Paper Bags; Cardboard; Chipboard; Glass (Clear); Ferrous Metals (Steel or Iron); Glass (Green); Large Household Appliances; Clothes Hangers (Metal); Non-ferrous (Copper/Brass/Tin); Wood Pallets; Tin or Steel Cans; Wood; Yard Waste; Video Game Consoles; PlayStation Consoles","false","true","","","false","false","false","false"
"McDonald Salvage","McDonald Salvage","111 W Barton Rd ","Leonardville","Riley County","KS","66449","7852935240","0","Monday: 8:00 AM - 6:00 PM Tuesday: 8:00 AM - 6:00 PM Wednesday: 8:00 AM - 6:00 PM Thursday: 8:00 AM - 6:00 PM Friday: 8:00 AM - 6:00 PM Saturday: 8:00 AM - 6:00 PM ","null","39.3643762","-96.8598275","32.506456317657","Aluminum Cans; Car; Lead Acid (Pb) Batteries; Ferrous Metals (Steel or Iron); Large Household Appliances; Non-ferrous (Copper/Brass/Tin); Video Game Consoles; PlayStation Consoles","false","true","","","false","false","false","false"
"Senior Citizens Center","Senior Citizens Center","808 Knollwood St ","Wakefield","Clay County","KS","67487","7854615713","0","Sunday: 12:00 AM - 11:59 PM Monday: 12:00 AM - 11:59 PM Tuesday: 12:00 AM - 11:59 PM Wednesday: 12:00 AM - 11:59 PM Thursday: 12:00 AM - 11:59 PM Friday: 12:00 AM - 11:59 PM Saturday: 12:00 AM - 11:59 PM ","","39.218379","-97.0217781","32.5623704226048","Aluminum Cans; Video Game Consoles; PlayStation Consoles","false","true","","","false","false","false","false"
"Marshall County Recycling Drop-off Site - Valley Heights School","","121 E Commercial St","Waterville","","KS","66548","7855625349","0","","","39.6924349","-96.7484251","34.9880381119031","","false","false","","","false","false","false","false"
"Hometown True Value Hardware","Hometown True Value Hardware","317 W 2nd St","Minneapolis","Ottawa","KS","67467","7853922692","0","","http://www.truevalue.com","39.12228","-97.70837","36.5816135981567","Transmission Fluid; Used Motor Oil; Video Game Consoles; PlayStation Consoles","false","true","","","false","false","false","false"
"Hometown True Value Hardware","","317 West 2nd Street","Minneapolis","","KS","67467","7853922692","0","","https://www.truevalue.com/","39.1220748","-97.7090006","36.6097275109086","","false","false","","","false","false","false","false"
"Ottawa Recycle","Ottawa Recycle","311 W 1st St","Minneapolis","Ottawa","KS","67467","7853922122","0","Friday: 9:00 AM - 6:00 PM Saturday: 8:00 AM - 11:59 PM ","http://ottawa.ca/en/residents/garbage-and-recycling","39.12136","-97.70936","36.6624433206895","Plastic #1 (PETE); Plastic #2 (HDPE); Plastic #2 (Color HDPE); Aluminum Cans; Aluminum; Glass (Brown); Brown Paper Bags; Cardboard; Chipboard; Glass (Clear); Computer Paper; Glass (Green); Greeting Cards; Paper (Mixed); Newspapers; Alkaline/Single-Use Batteries; Tin or Steel Cans; Office Paper; Video Game Consoles; PlayStation Consoles","false","true","","","false","false","false","false"
"Catlin's IGA","Catlin's IGA","1004 N Independence Ave ","Beloit","Mitchell County","KS","67420","7857385704","0","Monday: 7:00 AM - 10:00 PM Tuesday: 7:00 AM - 10:00 PM Wednesday: 7:00 AM - 10:00 PM Thursday: 7:00 AM - 10:00 PM Friday: 7:00 AM - 10:00 PM Saturday: 7:00 AM - 10:00 PM Sunday: 8:00 AM - 10:00 PM ","null","39.467828","-98.1162848","39.4859506118351","Cardboard; Video Game Consoles; PlayStation Consoles","false","true","","","false","false","false","false"
"OCCK, Inc.","OCCK, Inc.","501 W 7th St","Beloit","Mitchell","KS","67420","7857385423","0","Monday: 8:30 AM - 3:00 PM Tuesday: 8:30 AM - 3:00 PM Wednesday: 8:30 AM - 3:00 PM Thursday: 8:30 AM - 3:00 PM Friday: 8:30 AM - 3:00 PM ","http://www.occk.com","39.46513","-98.11553","39.4884807260734","Plastic #1 (PETE); Plastic #2 (HDPE); Plastic #2 (Color HDPE); Aluminum Cans; Glass (Brown); Cardboard; Catalogs; Glass (Clear); Computer Paper; Glass (Green); Greeting Cards; Magazines; Paper (Mixed); Newspapers; Tin or Steel Cans; Office Paper; Video Game Consoles; PlayStation Consoles","false","true","","","false","false","false","false"
"Walmart","Walmart","2831 Highway 15","Fairbury","Jefferson","NE","68352","4027293394","0","","http://www.walmart.com","40.14752","-97.18268","39.9497002978161","Lead Acid (Pb) Batteries; Plastic Shopping Bags; Food Storage Bags; Video Game Consoles; PlayStation Consoles","false","true","","","false","false","false","false"
"Walmart Supercenter","","2831 Hwy 15","Fairbury","","NE","68352","4027293394","0","","https://www.walmart.com/","40.1627236","-97.1754904","41.0644947246893","","false","false","","","false","false","false","false"
"Lindeen Brothers Salvage Yard","Lindeen Brothers Salvage Yard","858 Juniper Rd","Marysville","Marshall","KS","66508","7855623834","0","Monday: 8:00 AM - 6:00 PM Tuesday: 8:00 AM - 6:00 PM Wednesday: 8:00 AM - 6:00 PM Thursday: 8:00 AM - 6:00 PM Friday: 8:00 AM - 6:00 PM Saturday: 8:00 AM - 12:00 PM ","","39.84917","-96.66582","42.5279768169526","Car; Lead Acid (Pb) Batteries; Video Game Consoles; PlayStation Consoles","false","true","","","false","false","false","false"
"Modern Recharge","Modern Recharge","306 Center St ","Marysville","Marshall County","KS","66508","7855622217","0","Monday: 8:00 AM - 5:00 PM Tuesday: 8:00 AM - 5:00 PM Wednesday: 8:00 AM - 5:00 PM Thursday: 8:00 AM - 5:00 PM Friday: 8:00 AM - 5:00 PM ","","39.842173","-96.6540673","42.9013543544534","Laser Toner Cartridges; Video Game Consoles; PlayStation Consoles","false","true","","","false","false","false","false"
"Carnahan Curbside Recycling","","","Olsburg","","KS","66520","7853200739","0","","http://ww1.carnahancurbside.com/?subid1=ba4253e8-8317-11e9-bf32-6fc1264d2455","39.4305527","-96.6155634","42.9241115599559","","false","false","","","false","false","false","false"
"911 Cell Phone Bank - RSVP Of Northern Rhode Island","911 Cell Phone Bank - RSVP Of Northern Rhode Island","111 S 8th St","Marysville","Marshall","KS","66508","8662907864","0","","http://www.911cellphonebank.org/","39.84084","-96.64814","43.1535327395435","Cell Phones; Cameras; Laptop Computers; MP3 Players; Video Games; Video Game Consoles; Smart watches & Apple Watch®
","false","true","Please call to verify drop-off procedures and directions to the location.  For prepaid shipping labels, visit http://www.911cellphonebank.org/drop-off-locations.asp - click on "print shipping label."","","false","false","false","false"
"Tyler Martin Company, Inc.","Tyler Martin Company, Inc.","708 Center St","Marysville","Marshall","KS","66508","7855622276","0","Monday: 8:00 AM - 6:00 PM Tuesday: 8:00 AM - 6:00 PM Wednesday: 8:00 AM - 6:00 PM Thursday: 8:00 AM - 6:00 PM Friday: 8:00 AM - 6:00 PM ","http://www.tylermartin.com","39.84225","-96.64815","43.1915302472818","Laser Toner Cartridges; Video Game Consoles; PlayStation Consoles","false","true","","","false","false","false","false"
"Marshall County Recycling Drop-off Site - Marysville","","Carolina Street","Marysville","","KS","66508","7855625349","0","","","39.8431468","-96.6426745","43.4828242376014","","false","false","","","false","false","false","false"
"Call2Recycle at Riley County HHW","Call2Recycle at Riley County HHW","6245 Tuttle Creek Blvd","Manhattan","Riley","KS","66503","7855393202","0","","http://www.rileycountyks.gov/","39.25943","-96.68005","44.4629860770628","Cell Phones; Ni-Cd Batteries; Li-Ion Batteries; Ni-MH Batteries; Ni-Zn Batteries; Small Sealed Lead Acid Batteries; Video Game Consoles; PlayStation Consoles; Batteries (Rechargeable); Cell Phone Batteries; Li-Ion Batteries; Ni-Cd Batteries; Ni-MH Batteries; Small Sealed Lead Acid Batteries; Alkaline/Single-Use Batteries; Button Batteries; Non-rechargeable lithium batteries; Cell Phones","false","true","The U.S. EPA estimates that more than 350 million rechargeable batteries are purchased annually in the U.S. Thanks to the environmental commitment of this location, its easy and free to recycle your rechargeable batteries. Look for the recycling box or ask a staff member how you can do your part for the environment.","Call2Recycle","false","false","false","false"
"Walmart Supercenter","","1174 Pony Express Hwy","Marysville","","KS","66508","7855622390","0","","https://www.walmart.com/","39.843285","-96.6052037","45.3197130383994","","false","false","","","false","false","false","false"
"Denny's Auto Salvage","Denny's Auto Salvage","530 S Commercial St","Mankato","Jewell","KS","66956","7853783005","0","Monday: 9:00 AM - 5:00 PM Tuesday: 9:00 AM - 5:00 PM Wednesday: 9:00 AM - 5:00 PM Thursday: 9:00 AM - 5:00 PM Friday: 9:00 AM - 5:00 PM Saturday: 9:00 AM - 5:00 PM ","","39.78141","-98.20986","45.3489856043509","Aluminum Cans; Non-ferrous (Copper/Brass/Tin); Video Game Consoles; PlayStation Consoles","false","true","","","false","false","false","false"
"Jewell County Solid Waste Drop-Off Site","","West South Street","Mankato","","KS","66956","7853783826","0","","http://www.kansasrecycles.org/programs/jewell-county-solid-waste-department-5","39.7847489","-98.211355","45.4909862315244","","false","false","","","false","false","false","false"
"Marshall County HHW Drop-Off Program","","6245 Tuttle Crk Blvd","Manhattan","","KS","66503","7855625349","0","","http://www.rileycountyks.gov/319/Types-of-Waste-Accepted","39.2508805","-96.6578559","45.7843912740089","","false","false","","","false","false","false","false"
"Riley County Household Hazardous Waste Drop-Off Site","","6245 Tuttle Creek Blvd","Manhattan","","KS","66503","7855393202","0","","http://www.rileycountyks.gov/313/Household-Hazardous-Waste","39.2508805","-96.6578559","45.7843912740089","","false","false","","","false","false","false","false"
"Morris County HHW Drop-Off Site","","6245 Tuttle Creek Boulevard","Manhattan","","KS","66503","7855393202","0","","http://www.rileycountyks.gov/319/Types-of-Waste-Accepted","39.2508805","-96.6578559","45.7843912740089","","false","false","","","false","false","false","false"
"Nemaha HHW Drop-Off Site","","6245 Tuttle Creek Boulevard","Manhattan","","KS","66503","7855393202","0","","http://www.rileycountyks.gov/319/Types-of-Waste-Accepted","39.2508805","-96.6578559","45.7843912740089","","false","false","","","false","false","false","false"
"Superior Ace Hardware","Superior Ace Hardware","250 N Central Ave","Superior","Nuckolls","NE","68978","4028794119","0","","http://www.acehardware.com/","40.01812","-98.07128","46.4891698247163","Cell Phones; Ni-Cd Batteries; Li-Ion Batteries; Ni-MH Batteries; Ni-Zn Batteries; Small Sealed Lead Acid Batteries; Video Game Consoles; PlayStation Consoles; Batteries (Rechargeable); Cell Phone Batteries; Li-Ion Batteries; Ni-Cd Batteries; Ni-MH Batteries; Small Sealed Lead Acid Batteries; Cell Phones","false","true","The U.S. EPA estimates that more than 350 million rechargeable batteries are purchased annually in the U.S. Thanks to the environmental commitment of this location, its easy and free to recycle your batteries. Bring your rechargeable batteries to this location and look for the recycling box or ask an associate how you can do your part for the environment.","Call2Recycle","false","false","false","false"
"O'Reilly Auto Parts","null","1702 North Buckeye Avenue ","Abilene","","KS","67410","7852634200","0","","http://oreillyauto.custhelp.com/app/error/error_id/6","38.933622","-97.2146875","46.4978450202938","","false","false","","","false","false","false","false"
"AutoZone","AutoZone","1610 N Buckeye Ave","Abilene","Dickinson","KS","67410","7852630106","0","","http://www.autozone.com","38.93295","-97.21468","46.5433777426335","Lead Acid (Pb) Batteries; Used Motor Oil; Video Game Consoles; PlayStation Consoles","false","true","Most AutoZone stores accept used motor oil, transmission fluid, gear oil and automotive batteries. Call to see what your local store is currently accepting.","","false","false","false","false"
"AutoZone","","1610 N Buckeye Ave","Abilene","","KS","67410","7852630106","0","","https://www.autozone.com/landing/page.jsp?name=in-our-stores","38.9328916","-97.2146875","46.5472454365196","","false","false","","","false","false","false","false"
"Riley New Main Store","","Trooper Dr","Fort Riley","","KS","66442","7857842026","0","","","39.0780326","-96.8297638","46.5680089362281","","false","false","","","false","false","false","false"
"Dickinson County HHW Drop-off Site","","2363 Jeep Rd","Abilene","","KS","67410","7852634780","0","","http://www.dkcoks.org/96/Household-Hazardous-Waste","38.939427","-97.169904","46.6599900555614","","false","false","","","false","false","false","false"
"Superior Pawnee Computer Society - A Waste Cap  NE Member","","752 North Central Avenue","Superior ","","NE","68978","4028791046","0","","","40.0238878","-98.0710502","46.7318110290685","","false","false","","","false","false","false","false"
"RadioShack","RadioShack","317 NE 14th St","Abilene","Dickinson","KS","67410","7852631847","0","Monday: 9:00 AM - 6:00 PM Tuesday: 9:00 AM - 6:00 PM Wednesday: 9:00 AM - 6:00 PM Thursday: 9:00 AM - 6:00 PM Friday: 9:00 AM - 6:00 PM ","http://www.radioshack.com","38.93008","-97.2109","46.7792180315326","Ni-Cd Batteries; Batteries (Rechargeable); Video Game Consoles; PlayStation Consoles","false","true","","","false","false","false","false"
"City of Abilene Recycling Center","","1210 NW 8th St","Abilene","","KS","67410","7852632905","0","","http://www.abilenecityhall.com/index.aspx?nid=133","38.9243189","-97.235978","46.909845951453","","false","false","","","false","false","false","false"
"Walmart","Walmart","1174 Pony Express Hwy","Marysville","Marshall","KS","66508","7855622390","0","","http://www.walmart.com","39.98679","-96.66402","47.3383121556342","Lead Acid (Pb) Batteries; Plastic Shopping Bags; Food Storage Bags; Video Game Consoles; PlayStation Consoles","false","true","","","false","false","false","false"
"Goodwill Easter Seals of Kansas Inc. - Dell Reconnect Donation Site","","1008 West 6th","Junction City","","KS","66441","7852388920","0","","https://goodwillks.org/","39.0289483","-96.8473277","48.6419049640259","","false","false","","","false","false","false","false"
"Riley Main Post Shop","","Huebner Rd","Fort Riley","","KS","66442","7857173080","0","","","39.0812637","-96.7668769","48.6448701681905","","false","false","","","false","false","false","false"
"Firestone Complete Auto Care","","640 Huebner Rd","Fort Riley","","KS","66442","7857842018","0","","https://www.firestonecompleteautocare.com/","39.0773539","-96.770521","48.7087175913014","","false","false","","","false","false","false","false"
"McDonald's Auto Sales & Salvage","McDonald's Auto Sales & Salvage","308 Hoover Rd ","Junction City","Geary County","KS","66441","7852382583","0","","","39.0509276","-96.8092222","48.711678228698","Aluminum Cans; Car; Ferrous Metals (Steel or Iron); Non-ferrous (Copper/Brass/Tin); Tin or Steel Cans; Video Game Consoles; PlayStation Consoles","false","true","","","false","false","false","false"
"United Metals","United Metals","1729 N Monroe St","Junction City","Geary","KS","66441","7857623666","0","Monday: 9:00 AM - 5:00 PM Tuesday: 9:00 AM - 5:00 PM Wednesday: 9:00 AM - 5:00 PM Thursday: 9:00 AM - 5:00 PM Friday: 9:00 AM - 5:00 PM ","","39.04015","-96.82557","48.7386636681166","Aluminum Cans; Ferrous Metals (Steel or Iron); Non-ferrous (Copper/Brass/Tin); Video Game Consoles; PlayStation Consoles","false","true","","","false","false","false","false"
"Geary County Recycling Facility","","1509 Perry St","Junction City","","KS","66441","7852384600","0","","http://ks-geary.manatron.com/PublicWorks/RecycleCenter/tabid/5191/Default.aspx","39.0381621","-96.8204153","49.0180913015356","","false","false","","","false","false","false","false"
"Firestone Complete Auto Care","","128 W 8th St","Junction City","","KS","66441","7852385111","0","","https://www.firestonecompleteautocare.com/","39.0306454","-96.8307033","49.0870751945261","","false","false","","","false","false","false","false"
"Firestone Complete Auto Care Store","Firestone Complete Auto Care Store","128 W 8th St","Junction City","Geary","KS","66441","7852093513","0","","http://www.firestonecompleteautocare.com/","39.03044","-96.83001","49.1210215688231","Lead Acid (Pb) Batteries; Used Motor Oil; Video Game Consoles; PlayStation Consoles","false","true","","","false","false","false","false"
"Carnahan Curbside Recycling","","","Junction City","","KS","66441","7853200739","0","","http://ww1.carnahancurbside.com/?subid1=ba4253e8-8317-11e9-bf32-6fc1264d2455","39.0286093","-96.8313978","49.1759468624834","","false","false","","","false","false","false","false"
"Hess & Sons Salvage","Hess & Sons Salvage","1209 Perry St","Junction City","Geary","KS","66441","7852383382","0","Monday: 8:00 AM - 5:00 PM Tuesday: 8:00 AM - 5:00 PM Wednesday: 8:00 AM - 5:00 PM Thursday: 8:00 AM - 5:00 PM Friday: 8:00 AM - 5:00 PM Saturday: 8:00 AM - 1:00 PM ","","39.03458","-96.82097","49.1936794804946","Aluminum Cans; Car; Ferrous Metals (Steel or Iron); Non-ferrous (Copper/Brass/Tin); Video Game Consoles; PlayStation Consoles","false","true","","","false","false","false","false"
"Disabled American Veterans Economy Store","Disabled American Veterans Economy Store","123 W 7th St","Junction City","Geary","KS","66441","7852381430","0","Monday: 9:00 AM - 5:00 PM Tuesday: 9:00 AM - 5:00 PM Wednesday: 9:00 AM - 5:00 PM Thursday: 9:00 AM - 5:00 PM Friday: 9:00 AM - 5:00 PM Saturday: 9:00 AM - 5:00 PM ","","39.02921","-96.8298","49.1952378581605","Books (Reuse); Clothing; Gift Bags; Furniture; Household Goods; Large Household Appliances; Ornaments; Miscellaneous Tools; Video Game Consoles; PlayStation Consoles","false","true","","","false","false","false","false"
"Sprint Store","","701 N Washington St","Junction City","","KS","66441","7857623434","0","","https://newsroom.sprint.com/csr/device-donations/","39.0294485","-96.8291646","49.2029788046631","","false","false","","","false","false","false","false"
"O'Reilly Auto Parts","O'Reilly Auto Parts","134 E 6th St","Junction City","Geary","KS","66441","7857622112","0","Monday: 8:00 AM - 8:00 PM Tuesday: 8:00 AM - 8:00 PM Wednesday: 8:00 AM - 8:00 PM Thursday: 8:00 AM - 8:00 PM Friday: 8:00 AM - 8:00 PM Saturday: 8:00 AM - 8:00 PM Sunday: 9:00 AM - 5:00 PM ","http://www.oreillyauto.com/","39.02834","-96.83014","49.2317878716659","Used Motor Oil; Video Game Consoles; PlayStation Consoles","false","true","Most stores offer Used Oil & Battery Recycling, Battery Testing, 
Electrical & Module Testing, Loaner Tool Program, Drum / Rotor Resurfacing. Call your location for more details.","","false","false","false","false"
"F & S Color TV Service","F & S Color TV Service","620 N Washington St","Junction City","Geary","KS","66441","7852388069","0","","http://www.radioshack.com/","39.02832","-96.82953","49.252822006335","Cell Phones; Ni-Cd Batteries; Li-Ion Batteries; Ni-MH Batteries; Ni-Zn Batteries; Small Sealed Lead Acid Batteries; Video Game Consoles; PlayStation Consoles","false","true","The U.S. EPA estimates that more than 350 million rechargeable batteries are purchased annually in the U.S. Thanks to the environmental commitment of this location, its easy and free to recycle your batteries. Bring your rechargeable batteries to this location and look for the recycling box or ask an associate how you can do your part for the environment.","","false","false","false","false"
"Call2Recycle at Waters True Value Hardware","Call2Recycle at Waters True Value Hardware","129 E 6th St","Junction City","Geary","KS","66441","7852383114","0","","http://www.waterstruevalue.com","39.02816","-96.82973","49.255051513952","Cell Phones; Ni-Cd Batteries; Li-Ion Batteries; Ni-MH Batteries; Ni-Zn Batteries; Small Sealed Lead Acid Batteries; Video Game Consoles; PlayStation Consoles; Batteries (Rechargeable); Cell Phone Batteries; Li-Ion Batteries; Ni-Cd Batteries; Ni-MH Batteries; Small Sealed Lead Acid Batteries; Alkaline/Single-Use Batteries; Button Batteries; Non-rechargeable lithium batteries; Cell Phones","false","true","The U.S. EPA estimates that more than 350 million rechargeable batteries are purchased annually in the U.S. Thanks to the environmental commitment of this location, its easy and free to recycle your batteries. Bring your rechargeable batteries to this location and look for the recycling box or ask an associate how you can do your part for the environment.","Call2Recycle","false","false","false","false"
"Geary County HHW Collection Site","","310 E 8th St","Junction City","","KS","66441","7852384600","0","","http://ks-geary.manatron.com/PublicWorks/HouseholdHazardousWasteCollectionSit/tabid/5190/Default.aspx","39.0306729","-96.8253572","49.2611091955316","","false","false","","","false","false","false","false"
"Geary County Recycling Drop Off - Public Works Building","","310 E 8th St","Junction City","","KS","66441","7852384600","0","","http://ks-geary.manatron.com/PublicWorks/RecycleCenter/tabid/5191/Default.aspx","39.0306729","-96.8253572","49.2611091955316","","false","false","","","false","false","false","false"
"O'Reilly Auto Parts","null","134 East Sixth Street","Junction City","","KS","66441","7857622112","0","","http://oreillyauto.custhelp.com/app/error/error_id/6","39.0286847","-96.8281911","49.2766694253012","","false","false","","","false","false","false","false"
"AutoZone","AutoZone","205 E 6th St","Junction City","Geary","KS","66441","7857625501","0","","http://www.autozone.com","39.02834","-96.82583","49.3729526299772","Lead Acid (Pb) Batteries; Used Motor Oil; Video Game Consoles; PlayStation Consoles","false","true","Most AutoZone stores accept used motor oil, transmission fluid, gear oil and automotive batteries. Call to see what your local store is currently accepting.","","false","false","false","false"
"AutoZone","","205 E 6th St","Junction City","","KS","66441","7857625501","0","","https://www.autozone.com/landing/page.jsp?name=in-our-stores","39.0274893","-96.8271444","49.3763805302856","","false","false","","","false","false","false","false"
"Laser Tech Services","Laser Tech Services","3612 Rocky Ford Ave","Manhattan","Riley","KS","66502","7855398011","0","Monday: 8:00 AM - 5:00 PM Tuesday: 8:00 AM - 5:00 PM Wednesday: 8:00 AM - 5:00 PM Thursday: 8:00 AM - 5:00 PM Friday: 8:00 AM - 5:00 PM ","","39.23502","-96.58558","49.670323118347","Laser Toner Cartridges; Video Game Consoles; PlayStation Consoles","false","true","","","false","false","false","false"
"The Mail Center","The Mail Center","3310 Anderson Ave ","Manhattan","Riley County","KS","66503","7857766245","0","Monday: 9:00 AM - 6:00 PM Tuesday: 9:00 AM - 6:00 PM Wednesday: 9:00 AM - 6:00 PM Thursday: 9:00 AM - 6:00 PM Friday: 9:00 AM - 6:00 PM Saturday: 9:00 AM - 3:00 PM ","","39.1890851","-96.6200197","49.7987935420963","Packing Peanut (Reuse); Video Game Consoles; PlayStation Consoles","false","true","","","false","false","false","false"
"Walmart Tire & Lube Express","Walmart Tire & Lube Express","521 E Chestnut St","Junction City","Geary","KS","66441","7852388229","0","","http://www.walmart.com/catalog/catalog.gsp?cat=495843","39.02172","-96.82346","49.8129156519219","Lead Acid (Pb) Batteries; Used Motor Oil; Oil Filters; Video Game Consoles; PlayStation Consoles","false","true","","","false","false","false","false"
"Walmart","Walmart","521 E Chestnut St","Junction City","Geary","KS","66441","7852388229","0","","http://www.walmart.com","39.02172","-96.82346","49.8129156519219","Lead Acid (Pb) Batteries; Plastic Shopping Bags; Food Storage Bags; Video Game Consoles; PlayStation Consoles","false","true","","","false","false","false","false"
"Verizon Wireless","Verizon Wireless","613 E Chestnut St","Junction City","Geary","KS","66441","8666444532","0","","http://www.verizonwireless.com/","39.0217","-96.82273","49.8378771479212","Cell Phones; Cell Phone Batteries; Video Game Consoles; PlayStation Consoles","false","true","<A Href="https://www.trade-in.vzw.com/home.aspx">
The Verizon Wireless Trade-In Program</A> allows you to trade in your used handset or tablet in a convenient and responsible way. 
<P>
<P>
Verizon Wireless works every day to protect our environment and give our customers opportunities to do the same. <A Href="http://aboutus.vzw.com/Green_Initiative/overview.html">Click here</A> for more examples of the earth-friendly initiatives and programs Verizon Wireless is proud to offer and support.","","false","false","false","false"
"The Eye Doctors","The Eye Doctors","3012 Anderson Ave","Manhattan","Riley","KS","66503","7855371118","0","Monday: 8:00 AM - 5:00 PM Wednesday: 8:00 AM - 5:00 PM Tuesday: 8:00 AM - 7:00 PM Thursday: 8:00 AM - 7:00 PM Friday: 9:00 AM - 5:00 PM Saturday: 8:00 AM - 2:00 PM ","null","39.19","-96.61384","50.0372696604475","Eyeglasses; Video Game Consoles; PlayStation Consoles","false","true","","","false","false","false","false"
"Walmart Supercenter","","521 E Chestnut St","Junction City","","KS","66441","7852388229","0","","https://www.walmart.com/","39.0190386","-96.8205295","50.055652326566","","false","false","","","false","false","false","false"
"Walmart Tire and Lube Express","","521 E Chestnut St","Junction City","","KS","66441","7852388229","0","","https://www.walmart.com/cp/ideas/8932632","39.0190386","-96.8205295","50.055652326566","","false","false","","","false","false","false","false"
"Waters Hardware","Waters Hardware","338 N Seth Child Rd","Manhattan","Riley ","KS","66502","7855393383","0","","","39.1830219","-96.6092528","50.5111643095761","Alkaline/Single-Use Batteries; Batteries (Rechargeable); Button Batteries; Cell Phone Batteries; Cell Phones; Li-Ion Batteries; Ni-Cd Batteries; Ni-MH Batteries; Small Sealed Lead Acid Batteries; Non-rechargeable lithium batteries","false","true","Call or Check Online for Hours","Call2Recycle","false","false","false","false"
"SHARP - Sertoma Hearing Aid Recycling Program","SHARP - Sertoma Hearing Aid Recycling Program","1133 College Ave","Manhattan","Riley","KS","66502","7855397361","0","Monday: 8:00 AM - 5:00 PM Tuesday: 8:00 AM - 5:00 PM Wednesday: 8:00 AM - 5:00 PM Thursday: 8:00 AM - 5:00 PM Friday: 8:00 AM - 5:00 PM ","","39.19195","-96.60036","50.563023156402","Medical Equipment; Video Game Consoles; PlayStation Consoles","false","true","This site is located at the Audiology Association on the lower level in Building A.  Collection does not occur on Wednesday evenings.","","false","false","false","false"
"Tractor Supply","Tractor Supply","8110 Southport Rd","Manhattan","Riley","KS","66502","7855878949","0","","http://www.tractorsupply.com","39.1969","-96.5957","50.5847168640933","Transmission Fluid; Used Motor Oil; Video Game Consoles; PlayStation Consoles","false","true","","","false","false","false","false"
"Target","Target","800 Commons Pl","Manhattan","Riley","KS","66503","7857703643","0","","http://www.target.com/","39.1774","-96.61221","50.6008054343833","Aluminum Cans; Cell Phones; Inkjet Printer Cartridges; MP3 Players; Plastic #1 (PETE); Plastic #2 (HDPE); Plastic Shopping Bags; Video Game Consoles; PlayStation Consoles","false","true","","","false","false","false","false"
"Sprint Store","","707 Commons Pl","Manhattan","","KS","66503","7855373500","0","","https://newsroom.sprint.com/csr/device-donations/","39.1726151","-96.6052777","51.0943535393276","","false","false","","","false","false","false","false"
"Target Store","","800 Commons Pl","Manhattan","","KS","66503","7857703643","0","","https://corporate.target.com/corporate-responsibility/planet","39.1713762","-96.6058713","51.1172111771032","","false","false","","","false","false","false","false"
"Home Depot","","605 S Seth Child Rd","Manhattan","","KS","66502","7855376810","0","","https://ecooptions.homedepot.com/","39.1736976","-96.6020327","51.1945695189085","Batteries (Rechargeable); Cell Phone Batteries; Li-Ion Batteries; Ni-Cd Batteries; Ni-MH Batteries; Small Sealed Lead Acid Batteries","false","true","","Call2Recycle","false","false","false","false"
"Home Depot","Home Depot","605 S Seth Child Rd","Manhattan","Riley","KS","66502","7855376810","0","","http://www.homedepot.com","39.1736","-96.60146","51.223639285582","Compact Fluorescent Lights; Batteries (Rechargeable); Video Game Consoles; PlayStation Consoles","false","true","Home Depot accepts compact fluorescent bulbs and used power tool rechargeable batteries. Look for the orange drop boxes, usually located near the front entrance near the customer service desk.","","false","false","false","false"
"Central Kansas Salvage","Central Kansas Salvage","2303 E Old Highway 40","New Cambria","Saline","KS","67470","7858275801","0","Monday: 8:00 AM - 5:00 PM Tuesday: 8:00 AM - 5:00 PM Wednesday: 8:00 AM - 5:00 PM Thursday: 8:00 AM - 5:00 PM Friday: 8:00 AM - 5:00 PM Saturday: 8:00 AM - 12:00 PM ","","38.86331","-97.56829","51.2313272251329","Car; Ferrous Metals (Steel or Iron); Large Household Appliances; Non-ferrous (Copper/Brass/Tin); Video Game Consoles; PlayStation Consoles","false","true","","","false","false","false","false"
"Flint Hills Recycling","Flint Hills Recycling","716 Tuttle St","Manhattan","Riley","KS","66502","7853137051","0","Monday: 7:00 AM - 7:00 PM Tuesday: 7:00 AM - 7:00 PM Wednesday: 7:00 AM - 7:00 PM Thursday: 7:00 AM - 7:00 PM Friday: 7:00 AM - 7:00 PM Saturday: 7:00 AM - 7:00 PM ","http://www.flinthillsrecycling.com","39.20936","-96.5666","51.4478478064989","Plastic #1 (PETE); Plastic #2 (HDPE); Plastic #2 (Color HDPE); Aluminum Cans; Glass (Blue); Glass (Brown); Brown Paper Bags; Glass (Clear); Computer Paper; Ferrous Metals (Steel or Iron); Gift Boxes; Glass (Green); Greeting Cards; Magazines; Paper (Mixed); Newspapers; Non-ferrous (Copper/Brass/Tin); Paperboard; Tin or Steel Cans; Office Paper; Video Game Consoles; PlayStation Consoles","true","true","Flint Hills Recycling is a family owned and operated business. We are located in Manhattan, Kansas. We serve Manhattan and the surrounding communities. We provide weekly curbside recycling pickup for $15 per month.","","false","false","false","false"
"Mike's Fire Extinguisher Company","Mike's Fire Extinguisher Company","609 Pecan Cir","Manhattan","Riley","KS","66502","7857763473","0","Monday: 9:00 AM - 5:00 PM Tuesday: 9:00 AM - 5:00 PM Wednesday: 9:00 AM - 5:00 PM Thursday: 9:00 AM - 5:00 PM Friday: 9:00 AM - 5:00 PM ","","39.16734","-96.5954","51.7368119773499","Video Game Consoles; PlayStation Consoles","false","true","This site is located at Standard Plumbing.","","false","false","false","false"
"Bayer Construction","Bayer Construction","  24","Manhattan","Riley County","KS","66502","7857768839","0","Monday: 8:00 AM - 4:30 PM Tuesday: 8:00 AM - 4:30 PM Wednesday: 8:00 AM - 4:30 PM Thursday: 8:00 AM - 4:30 PM Friday: 8:00 AM - 4:30 PM ","null","39.1857209","-96.5793605","51.7392832301639","Broken Asphalt/Aggregate; Video Game Consoles; PlayStation Consoles","false","true","This site is located at Steven's Quarry.","","false","false","false","false"
"Sisters Of Sound Music","Sisters Of Sound Music","1214 Moro St","Manhattan","Riley","KS","66502","7857709767","0","Monday: 12:00 PM - 8:00 PM Tuesday: 12:00 PM - 8:00 PM Wednesday: 12:00 PM - 8:00 PM Thursday: 12:00 PM - 8:00 PM Friday: 12:00 PM - 8:00 PM ","http://www.sistersofsoundmusic.com","39.18611","-96.57552","51.896969342895","Video Game Consoles; PlayStation Consoles","false","true","Vinyl Records Accepted Monday-Thursday Only","","false","false","false","false"
"Sisters Of Sound Music","","1214 Moro St","Manhattan","","KS","66502","7857709767","0","","https://www.sistersofsoundmusic.com/","39.1860994","-96.5755235","51.8972109475264","","false","false","","","false","false","false","false"
"Stickel Cleaners","Stickel Cleaners","714 N 12th St","Manhattan","Riley","KS","66502","7855394211","0","Monday: 7:00 AM - 7:00 PM Tuesday: 7:00 AM - 7:00 PM Wednesday: 7:00 AM - 7:00 PM Thursday: 7:00 AM - 7:00 PM Friday: 7:00 AM - 7:00 PM Saturday: 7:00 AM - 5:30 PM ","","39.18632","-96.57456","51.9322023640493","Clothes Hangers (Metal); Video Game Consoles; PlayStation Consoles","false","true","","","false","false","false","false"
"People's Grocery","People's Grocery","517 S 17th St ","Manhattan","Riley County","KS","66502","7855394811","0","Monday: 11:00 AM - 7:00 PM Tuesday: 11:00 AM - 7:00 PM Wednesday: 11:00 AM - 7:00 PM Thursday: 11:00 AM - 7:00 PM Friday: 11:00 AM - 7:00 PM Saturday: 9:00 AM - 5:00 PM ","","39.1753882","-96.5832223","51.9612281320244","Brown Paper Bags; Plastic Shopping Bags; Food Storage Bags; Video Game Consoles; PlayStation Consoles","false","true","","","false","false","false","false"
"Riley County Christmas Tree Reycling Drop-Off Event - Long's Park","","Colorado St & S 16th St","Manhattan","","KS","66502","7855376332","0","","http://www.rileycountyks.gov/315/Recycling","39.1763678","-96.5816788","51.9921566116234","","false","false","","","false","false","false","false"
"Riley County Household Hazardous Waste Mobile Collection Unit","","","Manhattan","","KS","66502","7855393202","0","","http://www.rileycountyks.gov/317/Howies-Saturday-Collections","39.1836082","-96.5716694","52.1640587654403","","false","false","","","false","false","false","false"
"Absolute Truck and Auto Recyclers","null","2410 North","Salina","Saline","KS","67401","7858275686","0","Monday: 8:00 AM - 5:30 PM Tuesday: 8:00 AM - 5:30 PM Wednesday: 8:00 AM - 5:30 PM Thursday: 8:00 AM - 5:30 PM Friday: 8:00 AM - 5:30 PM ","null","38.848909","-97.5696239","52.222845176835","Car; Video Game Consoles; PlayStation Consoles","false","true","","","false","false","false","false"
"Dusty Bookshelf","Dusty Bookshelf","700 N Manhattan Ave","Manhattan","Riley","KS","66502","7855392839","0","Monday: 10:00 AM - 8:00 PM Tuesday: 10:00 AM - 8:00 PM Wednesday: 10:00 AM - 8:00 PM Thursday: 10:00 AM - 8:00 PM Friday: 10:00 AM - 8:00 PM Saturday: 10:00 AM - 6:00 PM Sunday: 1:00 PM - 5:00 PM ","","39.17252","-96.57778","52.3136972477966","Books (Reuse); Video Game Consoles; PlayStation Consoles","false","true","","","false","false","false","false"
"Manhattan Emergency Shelter, Inc.","Manhattan Emergency Shelter, Inc.","831 Leavenworth St","Manhattan","Riley","KS","66502","7855373113","0","","","39.18125","-96.56921","52.3633356557026","Books (Reuse); Clothing; Computer (Reuse); Gift Bags; Household Goods; Clothes Hangers (Metal); Ornaments; Video Game Consoles; PlayStation Consoles","false","true","","","false","false","false","false"
"Flint Hills Breadbasket","Flint Hills Breadbasket","905 Yuma St","Manhattan","Riley","KS","66502","7855370730","0","Monday: 8:30 AM - 12:00 PM Tuesday: 8:30 AM - 12:00 PM Wednesday: 8:30 AM - 12:00 PM Thursday: 8:30 AM - 12:00 PM Friday: 8:30 AM - 12:00 PM Monday: 1:00 PM - 4:00 PM Tuesday: 1:00 PM - 4:00 PM Wednesday: 1:00 PM - 4:00 PM Thursday: 1:00 PM - 4:00 PM Friday: 1:00 PM - 4:00 PM ","null","39.17496","-96.57097","52.5233671387998","Brown Paper Bags; Gift Bags; Household Goods; Ornaments; Plastic Shopping Bags; Food Storage Bags; Video Game Consoles; PlayStation Consoles","false","true","","","false","false","false","false"
"First United Methodist Bell Choirs","First United Methodist Bell Choirs","612 Poyntz Ave","Manhattan","Riley","KS","66502","7857768821","0","Sunday: 12:00 AM - 11:59 PM Monday: 12:00 AM - 11:59 PM Tuesday: 12:00 AM - 11:59 PM Wednesday: 12:00 AM - 11:59 PM Thursday: 12:00 AM - 11:59 PM Friday: 12:00 AM - 11:59 PM Saturday: 12:00 AM - 11:59 PM ","","39.17967","-96.56648","52.5454323660313","Aluminum Cans; Glass (Brown); Glass (Clear); Glass (Green); Video Game Consoles; PlayStation Consoles","false","true","","","false","false","false","false"
"Howie's Recycling, Inc.","Howie's Recycling, Inc.","625 S 10th St","Manhattan","Riley","KS","66502","7857768352","0","Monday: 7:30 AM - 5:30 PM Tuesday: 7:30 AM - 5:30 PM Wednesday: 7:30 AM - 5:30 PM Thursday: 7:30 AM - 5:30 PM Friday: 7:30 AM - 5:30 PM Saturday: 7:30 AM - 12:00 PM ","","39.17348","-96.57127","52.5665827610867","Plastic #1 (PETE); Plastic #2 (HDPE); Plastic #2 (Color HDPE); Aluminum Cans; Aluminum; Car; Glass (Brown); Brown Paper Bags; Lead Acid (Pb) Batteries; Cardboard; Catalogs; Glass (Clear); Computer Paper; Ferrous Metals (Steel or Iron); Gift Boxes; Glass (Green); Greeting Cards; Large Household Appliances; Magazines; Clothes Hangers (Metal); Paper (Mixed); Newspapers; Non-ferrous (Copper/Brass/Tin); Paperboard; Phone books; Tin or Steel Cans; Office Paper; Video Game Consoles; PlayStation Consoles","false","true","Used oil is only accepted on the second and fourth Saturday each month.","","false","false","false","false"
"Howie's Recycling, Inc.","","625 South 10th Street","Manhattan","","KS","66502","7857768352","0","","","39.1734247","-96.571082","52.5770817671401","","false","false","","","false","false","false","false"
"Firestone Complete Auto Care","","1000 Hostetler Dr","Manhattan","","KS","66502","7857768311","0","","https://www.firestonecompleteautocare.com/","39.1899813","-96.5565296","52.6099273521799","","false","false","","","false","false","false","false"
"Episcopal Church Encore Shop","Episcopal Church Encore Shop","601 Poyntz Ave","Manhattan","Riley","KS","66502","7857767866","0","Monday: 1:00 PM - 4:00 PM Tuesday: 1:00 PM - 4:00 PM Wednesday: 1:00 PM - 4:00 PM Thursday: 1:00 PM - 4:00 PM Friday: 1:00 PM - 4:00 PM Saturday: 1:00 PM - 4:00 PM ","null","39.17929","-96.56522","52.6162972163199","Clothing; Gift Bags; Household Goods; Ornaments; Reusable Appliance Donation; Video Game Consoles; PlayStation Consoles","false","true","","","false","false","false","false"
