name,description,address,city,region,province,postal_code,phone,fax,hours,url,latitude,longitude,distance,materials,pickup,dropoff,notes,groups,curbside,municipal,national,event_only
"Stafford County Recycling Center","","Old Highway 50","Hudson","","KS","67545","6205493597","0","","https://www.staffordcounty.org","37.9624332","-98.6398275","18.6964921149239","","false","false","","","false","false","false","false"
"Haviland Library","Haviland Library","112 N Main St","Haviland","Kiowa","KS","67059","6208625350","0","Monday: 9:30 AM - 5:00 PM Tuesday: 1:00 PM - 5:00 PM Wednesday: 1:00 PM - 5:00 PM Thursday: 1:00 PM - 5:00 PM Friday: 1:00 PM - 5:00 PM ","","37.61502","-99.10629","20.5021355301196","Books (Reuse); Video Game Consoles; PlayStation Consoles","false","true","This site will accept video tapes and cassettes for donation.","","false","false","false","false"
"Walmart","Walmart","2003 E 1st St","Pratt","Pratt","KS","67124","6206727548","0","","http://www.walmart.com","37.6456","-98.76013","20.5433630031282","Lead Acid (Pb) Batteries; Plastic Shopping Bags; Food Storage Bags; Video Game Consoles; PlayStation Consoles","false","true","","","false","false","false","false"
"Walmart Tire & Lube Express","Walmart Tire & Lube Express","2003 E 1st St","Pratt","Pratt","KS","67124","6206727548","0","","http://www.walmart.com/catalog/catalog.gsp?cat=495843","37.6456","-98.76013","20.5433630031282","Lead Acid (Pb) Batteries; Used Motor Oil; Oil Filters; Video Game Consoles; PlayStation Consoles","false","true","","","false","false","false","false"
"Call2Recycle at Pratt County Recycling","Call2Recycle at Pratt County Recycling","1102 S Main St","Pratt","Pratt","KS","67124","6206724127","0","","http://www.prattcounty.org/","37.6561","-98.73922","20.6267114627041","Cell Phones; Ni-Cd Batteries; Li-Ion Batteries; Ni-MH Batteries; Ni-Zn Batteries; Small Sealed Lead Acid Batteries; Video Game Consoles; PlayStation Consoles","false","true","The U.S. EPA estimates that more than 350 million rechargeable batteries are purchased annually in the U.S. Thanks to the environmental commitment of this location, its easy and free to recycle your rechargeable batteries. Look for the recycling box or ask a staff member how you can do your part for the environment.","","false","false","false","false"
"Mom's Attic","Mom's Attic","607 S Main St","Pratt","Pratt","KS","67124","6206727656","0","Monday: 10:00 AM - 5:00 PM Tuesday: 10:00 AM - 5:00 PM Wednesday: 10:00 AM - 5:00 PM Thursday: 10:00 AM - 5:00 PM Friday: 10:00 AM - 5:00 PM ","","37.65426","-98.73929","20.7249918667943","Furniture; Large Household Appliances; Video Game Consoles; PlayStation Consoles","false","true","Please call for more information.","","false","false","false","false"
"McElroy's Radiators","McElroy's Radiators","107 Maple St","Pratt","Pratt","KS","67124","6206725703","0","Monday: 8:00 AM - 5:00 PM Tuesday: 8:00 AM - 5:00 PM Wednesday: 8:00 AM - 5:00 PM Thursday: 8:00 AM - 5:00 PM Friday: 8:00 AM - 5:00 PM ","","37.65311","-98.73847","20.8153219995884","Ferrous Metals (Steel or Iron); Video Game Consoles; PlayStation Consoles","false","true","","","false","false","false","false"
"Auto Body Connection","Auto Body Connection","509 S Main St","Pratt","Pratt","KS","67124","6206722051","0","Monday: 8:00 AM - 5:30 PM Tuesday: 8:00 AM - 5:30 PM Wednesday: 8:00 AM - 5:30 PM Thursday: 8:00 AM - 5:30 PM Friday: 8:00 AM - 5:30 PM ","","37.65021","-98.73948","20.941226711657","Used Motor Oil; Used Tires; Video Game Consoles; PlayStation Consoles","false","true","","","false","false","false","false"
"Doerrs Ace Hardware","Doerrs Ace Hardware","602 Broadway St","Larned","Pawnee","KS","67550","3162852171","0","","http://www.acehardware.com/","38.17963","-99.09827","21.0562112546995","Cell Phones; Ni-Cd Batteries; Li-Ion Batteries; Ni-MH Batteries; Ni-Zn Batteries; Small Sealed Lead Acid Batteries; Video Game Consoles; PlayStation Consoles; Batteries (Rechargeable); Cell Phone Batteries; Li-Ion Batteries; Ni-Cd Batteries; Ni-MH Batteries; Small Sealed Lead Acid Batteries; Cell Phones","false","true","The U.S. EPA estimates that more than 350 million rechargeable batteries are purchased annually in the U.S. Thanks to the environmental commitment of this location, its easy and free to recycle your batteries. Bring your rechargeable batteries to this location and look for the recycling box or ask an associate how you can do your part for the environment.","Call2Recycle","false","false","false","false"
"Sweet Repeats Boutique","Sweet Repeats Boutique","216 S Main St","Pratt","Pratt","KS","67124","6206725644","0","Monday: 10:00 AM - 5:00 PM Tuesday: 10:00 AM - 5:00 PM Wednesday: 10:00 AM - 5:00 PM Thursday: 10:00 AM - 5:00 PM Friday: 10:00 AM - 5:00 PM Saturday: 10:00 AM - 4:00 PM ","","37.64763","-98.73935","21.0879814525939","Books (Reuse); Clothing; Gift Bags; Household Goods; Ornaments; Children's Toys; Video Game Consoles; PlayStation Consoles","false","true","","","false","false","false","false"
"Stitch by Stitch","Stitch by Stitch","110 S Main St","Pratt","Pratt","KS","67124","6206722009","0","Monday: 10:00 AM - 6:00 PM Tuesday: 10:00 AM - 6:00 PM Wednesday: 10:00 AM - 6:00 PM Thursday: 10:00 AM - 6:00 PM Friday: 10:00 AM - 6:00 PM Saturday: 10:00 AM - 2:00 PM ","","37.6471","-98.73937","21.1166608335902","Clothes Hangers (Metal); Video Game Consoles; PlayStation Consoles","false","true","","","false","false","false","false"
"Sunflower Consignment","Sunflower Consignment","118 E 3rd St","Pratt","Pratt","KS","67124","6206727322","0","Monday: 10:00 AM - 5:00 PM Tuesday: 10:00 AM - 5:00 PM Wednesday: 10:00 AM - 5:00 PM Thursday: 10:00 AM - 5:00 PM Friday: 10:00 AM - 5:00 PM Saturday: 10:00 AM - 5:00 PM ","","37.644","-98.7384","21.3202180028603","Books (Reuse); Clothing; Gift Bags; Household Goods; Ornaments; Video Game Consoles; PlayStation Consoles","false","true","","","false","false","false","false"
"Pratt Regional Medical Center","Pratt Regional Medical Center","200 Commodore St","Pratt","Pratt","KS","67124","6206727451","0","Monday: 6:30 AM - 3:15 PM Tuesday: 6:30 AM - 3:15 PM Wednesday: 6:30 AM - 3:15 PM Thursday: 6:30 AM - 3:15 PM Friday: 6:30 AM - 3:15 PM ","","37.64528","-98.72927","21.551017218967","Books (Reuse); Video Game Consoles; PlayStation Consoles","false","true","","","false","false","false","false"
"Pratt County Landfill and HHW Facility Recycling Center","","1102 S Main St","Pratt","","KS","67124","6206724107","0","","http://www.prattcounty.org","37.6354249","-98.7393965","21.7676159172972","","false","false","","","false","false","false","false"
"Church of Christ","Church of Christ","320 Country Club Rd","Pratt","Pratt","KS","67124","6206723182","0","Monday: 11:00 AM - 4:00 PM ","","37.6421","-98.72775","21.775807272062","Clothing; Video Game Consoles; PlayStation Consoles","false","true","","","false","false","false","false"
"O'Reilly Auto Parts","null","1596 East 1st Street","Pratt","","KS","67124","6206722094","0","","http://oreillyauto.custhelp.com/app/error/error_id/6","37.6463438","-98.7194382","21.8268687900778","","false","false","","","false","false","false","false"
"Walmart Tire and Lube Express","","2003 E 1st St","Pratt","","KS","67124","6206727548","0","","https://www.walmart.com/cp/ideas/8932632","37.643907","-98.713535","22.1612481918944","","false","false","","","false","false","false","false"
"Walmart Supercenter","","2003 E 1st St","Pratt","","KS","67124","6206727548","0","","https://www.walmart.com/","37.643907","-98.713535","22.1612481918944","","false","false","","","false","false","false","false"
"Kinsley Recycling","Kinsley Recycling","220 E 5th St ","Kinsley","Edwards County","KS","67547","6206593611","0","Sunday: 12:00 AM - 11:59 PM Monday: 12:00 AM - 11:59 PM Tuesday: 12:00 AM - 11:59 PM Wednesday: 12:00 AM - 11:59 PM Thursday: 12:00 AM - 11:59 PM Friday: 12:00 AM - 11:59 PM Saturday: 12:00 AM - 11:59 PM ","","37.9238375","-99.4104168","24.0548094270117","Plastic #1 (PETE); Plastic #2 (HDPE); Plastic #2 (Color HDPE); Aluminum Cans; Glass (Brown); Catalogs; Chipboard; Glass (Clear); Computer Paper; Glass (Green); Magazines; Newspapers; Phone books; Tin or Steel Cans; Office Paper; Video Game Consoles; PlayStation Consoles","false","true","","","false","false","false","false"
"Edwards County Transfer Station HHW Collection","","730 W 6th St","Kinsley","","KS","67547","6206592188","0","","http://www.kansasrecycles.org/programs/edwards-county-0","37.9230099","-99.4219704","24.6770955180924","","false","false","","","false","false","false","false"
"City of Greensburg Yard Waste Drop-Off Site","","Ohio St","Greensburg","","KS","67054","6207232751","0","","http://www.greensburgks.org/residents/recycling","37.6083549","-99.289226","26.1867101404973","","false","false","","","false","false","false","false"
"Farmer's Grain & Supply Service Station","Farmer's Grain & Supply Service Station","102 E Kansas Ave","Greensburg","Kiowa","KS","67054","6207233351","0","Monday: 7:30 AM - 5:30 PM Tuesday: 7:30 AM - 5:30 PM Wednesday: 7:30 AM - 5:30 PM Thursday: 7:30 AM - 5:30 PM Friday: 7:30 AM - 5:30 PM Saturday: 7:30 AM - 12:00 PM ","","37.60629","-99.29219","26.4010681482798","Used Motor Oil; Used Tires; Video Game Consoles; PlayStation Consoles","false","true","","","false","false","false","false"
"Cash For Cans","Cash For Cans","419 W Michigan Ave","Greensburg","Kiowa","KS","67054","6207233478","0","","","37.61033","-99.29797","26.4053855121765","Aluminum Cans; Video Game Consoles; PlayStation Consoles","false","true","","","false","false","false","false"
"Kiowa County Library","Kiowa County Library","120 S Main St","Greensburg","Kiowa","KS","67054","6207232683","0","Monday: 9:30 AM - 5:30 PM Tuesday: 9:30 AM - 5:30 PM Wednesday: 9:30 AM - 5:30 PM Thursday: 9:30 AM - 5:30 PM Friday: 9:30 AM - 5:30 PM Saturday: 9:30 AM - 3:00 PM ","","37.60527","-99.29275","26.4741478062422","Books (Reuse); Video Game Consoles; PlayStation Consoles","false","true","","","false","false","false","false"
"Kimble Auto Repair","Kimble Auto Repair","221 W Kansas Ave","Greensburg","Kiowa","KS","67054","6207232742","0","Monday: 8:00 AM - 6:00 PM Tuesday: 8:00 AM - 6:00 PM Wednesday: 8:00 AM - 6:00 PM Thursday: 8:00 AM - 6:00 PM Friday: 8:00 AM - 6:00 PM ","","37.60609","-99.29445","26.4935902958244","Antifreeze; Used Motor Oil; Video Game Consoles; PlayStation Consoles","false","true","","","false","false","false","false"
"Koehn 66 Service","Koehn 66 Service","418 W Kansas Ave ","Greensburg","Kiowa County","KS","67054","6207232252","0","Monday: 7:30 AM - 6:00 PM Tuesday: 7:30 AM - 6:00 PM Wednesday: 7:30 AM - 6:00 PM Thursday: 7:30 AM - 6:00 PM Friday: 7:30 AM - 6:00 PM Saturday: 7:30 AM - 6:00 PM ","","37.6062199","-99.2971223","26.5845019101181","Used Motor Oil; Video Game Consoles; PlayStation Consoles","false","true","","","false","false","false","false"
"Kiowa County Memorial Hospital","","501 South Walnut","Greensburg","","KS","67054","6207233341","0","","","37.6009144","-99.2961049","26.8212833919437","","false","false","","","false","false","false","false"
"Kiowa County Recycle Center Household Hazardous Waste Drop-Off Site","","1002 S Grove St","Greensburg","","KS","67054","6207232531","0","","http://kiowacountyks.org","37.5954071","-99.2954726","27.0853933973209","","false","false","","","false","false","false","false"
"Kiowa County Recycle Center","","1002 S Grove St","Greensburg","","KS","67054","6207232531","0","","http://kiowacountyks.org","37.5954071","-99.2954726","27.0853933973209","","false","false","","","false","false","false","false"
"Kiowa County Solid Waste & Recycle","Kiowa County Solid Waste & Recycle","1002 S Grove St","Greensburg","Kiowa","KS","67054","6207232304","0","","http://www.call2recycle.org/","37.59513","-99.29662","27.1409386202328","Cell Phones; Ni-Cd Batteries; Li-Ion Batteries; Ni-MH Batteries; Ni-Zn Batteries; Small Sealed Lead Acid Batteries; Video Game Consoles; PlayStation Consoles","false","true","The U.S. EPA estimates that more than 350 million rechargeable batteries are purchased annually in the U.S. Thanks to the environmental commitment of this location, its easy and free to recycle your rechargeable batteries. Look for the recycling box or ask a staff member how you can do your part for the environment.","","false","false","false","false"
"Kiowa County Recycling","Kiowa County Recycling","1002 S Grove St","Greensburg","Kiowa","KS","67054","6207232531","0","Monday: 8:00 AM - 4:30 PM Tuesday: 8:00 AM - 4:30 PM Wednesday: 8:00 AM - 4:30 PM Thursday: 8:00 AM - 4:30 PM Friday: 8:00 AM - 4:30 PM ","http://www.greensburggreentown.org/recycling-in-greensburg/","37.59513","-99.29662","27.1409386202328","Plastic #1 (PETE); Plastic #2 (HDPE); Plastic #2 (Color HDPE); Aluminum Cans; Glass (Blue); Glass (Brown); Cardboard; Catalogs; Cell Phones; Glass (Clear); Compact Fluorescent Lights; Computer Paper; Computer (Recycling); Glass (Green); Greeting Cards; Magazines; Paper (Mixed); Newspapers; Phone books; Televisions; Tin or Steel Cans; Used Motor Oil; Office Paper; MP3 Players; Microwaves; DVD Players/Blu-Ray Players/DVRs","false","true","Electronic waste accepted the first and third Saturdays of each month from 8AM-12PM.","","false","false","false","false"
"City of Greensburg Curbside Recycling","City of Greensburg Curbside Recycling","1002 S Grove St","Greensburg","Kiowa","KS","67054","6207232751","0","","http://www.greensburggreentown.org/","37.59513","-99.29662","27.1409386202328","Aluminum Cans; Book Recycling; Brown Paper Bags; Cardboard; Catalogs; Computer Paper; Glass (Brown); Glass (Clear); Glass (Green); Magazines; Newspapers; Office Paper; Paper (Mixed); Paperboard; Phone books; Plastic #1 (PETE); Plastic #2 (HDPE); Plastic #3 (PVC); Plastic #4 (LDPE); Plastic #5 (Polypropylene); Plastic #6 (Polystyrene); Plastic #7; Tin or Steel Cans","false","false","","","true","false","false","false"
"The Farmer's Co-Op Equity","The Farmer's Co-Op Equity","67134 US-281 ","Sawyer","Pratt County","KS","67134","6205942288","0","Monday: 8:00 AM - 5:00 PM Tuesday: 8:00 AM - 5:00 PM Wednesday: 8:00 AM - 5:00 PM Thursday: 8:00 AM - 5:00 PM Friday: 8:00 AM - 5:00 PM Saturday: 8:00 AM - 12:00 PM ","","37.5316336","-98.7266017","28.2440456058881","Lead Acid (Pb) Batteries; Used Motor Oil; Used Tires; Video Game Consoles; PlayStation Consoles","false","true","","","false","false","false","false"
"Provo Community Bike Shop","Provo Community Bike Shop","49 NW 110 Ave ","Great Bend","Barton County","KS","67530","0","0","Thursday: 1:00 AM - 7:00 PM Friday: 10:00 AM - 5:00 PM Saturday: 10:00 AM - 3:00 PM ","http://www.bicyclecollective.org/","38.3693646","-98.9774664","32.9954906427176","Bikes; Miscellaneous Tools; Textiles; Toothbrushes; Video Game Consoles; PlayStation Consoles","false","true","As part of the ongoing Bicycle Recycling project we are in constant need of volunteer mechanics, bicycles (especially childrens bicycles), and bicycle parts of all types. Donated bikes are also eligible as a tax write-off.","","false","false","false","false"
"City of Great Bend Compost Site","","Railroad Ave & Washington St","Great Bend","","KS","67530","6207934150","0","","https://www.greatbendks.net/116/Compost-Site","38.3541528","-98.7743493","33.683606742261","","false","false","","","false","false","false","false"
"Walmart Tire and Lube Express","","3503 10th St","Great Bend","","KS","67530","6207923632","0","","https://www.walmart.com/cp/ideas/8932632","38.3590714","-98.7870182","33.7958252632639","","false","false","","","false","false","false","false"
"Walmart Supercenter","","3503 10th St","Great Bend","","KS","67530","6207923632","0","","https://www.walmart.com/","38.3590714","-98.7870182","33.7958252632639","","false","false","","","false","false","false","false"
"Walgreens","Walgreens","3920 10th St","Great Bend","Barton","KS","67530","6207924467","0","","http://www.walgreens.com","38.3619","-98.79184","33.9063044989431","Cell Phones; Inkjet Printer Cartridges; Video Game Consoles; PlayStation Consoles","false","true","","","false","false","false","false"
"Stickney Distributing, Inc.","Stickney Distributing, Inc.","503 Williams St","Great Bend","Barton","KS","67530","6207925224","0","Monday: 1:00 PM - 6:00 PM Tuesday: 1:00 PM - 6:00 PM Wednesday: 1:00 PM - 6:00 PM Thursday: 1:00 PM - 6:00 PM Friday: 1:00 PM - 6:00 PM Saturday: 9:00 AM - 12:00 PM ","","38.35634","-98.76656","33.9630420580248","Aluminum Cans; Video Game Consoles; PlayStation Consoles","false","true","","","false","false","false","false"
"Walmart","Walmart","3503 10th St","Great Bend","Barton","KS","67530","6207923632","0","","http://www.walmart.com","38.3617","-98.78647","33.9780747608836","Lead Acid (Pb) Batteries; Plastic Shopping Bags; Food Storage Bags; Video Game Consoles; PlayStation Consoles","false","true","","","false","false","false","false"
"Walmart Tire & Lube Express","Walmart Tire & Lube Express","3503 10th St","Great Bend","Barton","KS","67530","6207923632","0","","http://www.walmart.com/catalog/catalog.gsp?cat=495843","38.3617","-98.78647","33.9780747608836","Lead Acid (Pb) Batteries; Used Motor Oil; Oil Filters; Video Game Consoles; PlayStation Consoles","false","true","","","false","false","false","false"
"Call2Recycle at RadioShack","Call2Recycle at RadioShack","3511 10th St Ste 1","Great Bend","Barton","KS","67530","6207922596","0","","http://www.radioshack.com/","38.3617","-98.78636","33.9798399351756","Cell Phones; Ni-Cd Batteries; Li-Ion Batteries; Ni-MH Batteries; Ni-Zn Batteries; Small Sealed Lead Acid Batteries; Video Game Consoles; PlayStation Consoles","false","true","As the first national retailer to partner with Call2Recycle, RadioShack is at the forefront of the rechargeable battery recycling cause and is pleased to offer battery recycling at thousands of convenient RadioShack locations for free.  Simply drop them off at your local RadioShack and theyll take care of the rest.  Ask a store associate for more details.","","false","false","false","false"
"Call2Recycle at Verizon Wireless","Call2Recycle at Verizon Wireless","3120 10th St","Great Bend","Barton","KS","67530","6206036226","0","","http://www.verizon.com/","38.36188","-98.78108","34.0775424336176","Cell Phones; Ni-Cd Batteries; Li-Ion Batteries; Ni-MH Batteries; Ni-Zn Batteries; Small Sealed Lead Acid Batteries; Video Game Consoles; PlayStation Consoles","false","true","The U.S. EPA estimates that more than 350 million rechargeable batteries are purchased annually in the U.S. Thanks to the environmental commitment of this location, its easy and free to recycle your batteries. Bring your rechargeable batteries to this location and look for the recycling box or ask an associate how you can do your part for the environment.","","false","false","false","false"
"Verizon Wireless","Verizon Wireless","3120 10th St","Great Bend","Barton","KS","67530","6206036226","0","","http://www.verizonwireless.com/","38.36188","-98.78108","34.0775424336176","Cell Phones; Cell Phone Batteries; Video Game Consoles; PlayStation Consoles","false","true","<A Href="https://www.trade-in.vzw.com/home.aspx">
The Verizon Wireless Trade-In Program</A> allows you to trade in your used handset or tablet in a convenient and responsible way. 
<P>
<P>
Verizon Wireless works every day to protect our environment and give our customers opportunities to do the same. <A Href="http://aboutus.vzw.com/Green_Initiative/overview.html">Click here</A> for more examples of the earth-friendly initiatives and programs Verizon Wireless is proud to offer and support.","","false","false","false","false"
"Becker Tire & Retreading","Becker Tire & Retreading","904 Washington St","Great Bend","Barton","KS","67530","6207927111","0","Monday: 8:00 AM - 6:00 PM Tuesday: 8:00 AM - 6:00 PM Wednesday: 8:00 AM - 6:00 PM Thursday: 8:00 AM - 6:00 PM Friday: 8:00 AM - 6:00 PM Saturday: 8:00 AM - 12:00 PM ","","38.36016","-98.77418","34.0801957119593","Used Tires; Video Game Consoles; PlayStation Consoles","false","true","","","false","false","false","false"
"O'Reilly Auto Parts","null","2701 10th Street","Great Bend","","KS","67530","6207925270","0","","http://oreillyauto.custhelp.com/app/error/error_id/6","38.3613255","-98.7760429","34.1250583455497","","false","false","","","false","false","false","false"
"First Step Recycling Foundation","First Step Recycling Foundation","2312 9th St","Great Bend","Barton","KS","67530","6207935800","0","Monday: 2:00 PM - 6:00 PM Tuesday: 2:00 PM - 6:00 PM Wednesday: 2:00 PM - 6:00 PM Thursday: 2:00 PM - 6:00 PM Friday: 2:00 PM - 6:00 PM Saturday: 9:00 AM - 12:00 PM ","","38.36021","-98.7694","34.1659045757272","Plastic #1 (PETE); Plastic #2 (HDPE); Plastic #2 (Color HDPE); Aerosol Spray Cans; Aluminum Cans; Aluminum; Book Recycling; Glass (Brown); Cardboard; Catalogs; Chipboard; Glass (Clear); Computer Paper; Ferrous Metals (Steel or Iron); Glass (Green); Greeting Cards; Magazines; Clothes Hangers (Metal); Paper (Mixed); Newspapers; Non-ferrous (Copper/Brass/Tin); Phone books; Tin or Steel Cans; Office Paper; Video Game Consoles; PlayStation Consoles","false","true","","","false","false","false","false"
"Amoco","Amoco","518 E 1st St ","Cunningham","Kingman County","KS","67035","6202983568","0","Monday: 7:00 AM - 6:00 PM Tuesday: 7:00 AM - 6:00 PM Wednesday: 7:00 AM - 6:00 PM Thursday: 7:00 AM - 6:00 PM Friday: 7:00 AM - 6:00 PM Saturday: 7:00 AM - 6:00 PM ","null","37.645279","-98.428562","34.1734504698123","Transmission Fluid; Used Motor Oil; Video Game Consoles; PlayStation Consoles","false","true","","","false","false","false","false"
"AutoZone","","2219 10th St","Great Bend","","KS","67530","6207925542","0","","https://www.autozone.com/landing/page.jsp?name=in-our-stores","38.3608574","-98.7686839","34.2207444265818","","false","false","","","false","false","false","false"
"Disabled American Veterans Recycling","Disabled American Veterans Recycling","2307 10th St","Great Bend","Barton","KS","67530","6207938700","0","","","38.36127","-98.76926","34.2376899450436","Carpet Padding; Clothing; Video Game Consoles; PlayStation Consoles","false","true","","","false","false","false","false"
"AutoZone","AutoZone","2219 10th St","Great Bend","Barton","KS","67530","6207925542","0","","http://www.autozone.com","38.36127","-98.76799","34.259857834646","Lead Acid (Pb) Batteries; Used Motor Oil; Video Game Consoles; PlayStation Consoles","false","true","Most AutoZone stores accept used motor oil, transmission fluid, gear oil and automotive batteries. Call to see what your local store is currently accepting.","","false","false","false","false"
"Acme Iron and Metal","Acme Iron and Metal","700 Frey St","Great Bend","Barton","KS","67530","6207937851","0","Monday: 8:00 AM - 5:00 PM Tuesday: 8:00 AM - 5:00 PM Wednesday: 8:00 AM - 5:00 PM Thursday: 8:00 AM - 5:00 PM Friday: 8:00 AM - 5:00 PM ","","38.35831","-98.7557","34.2885652177719","Aluminum Cans; Aluminum; Car; Ferrous Metals (Steel or Iron); Large Household Appliances; Clothes Hangers (Metal); Non-ferrous (Copper/Brass/Tin); Tin or Steel Cans; Video Game Consoles; PlayStation Consoles","false","true","","","false","false","false","false"
"Call2Recycle at Waters True Value Hardware","Call2Recycle at Waters True Value Hardware","1649 State Road 96","Great Bend","Barton","KS","67530","6207924301","0","","http://www.truevalue.com/","38.36131","-98.76027","34.3998882009153","Cell Phones; Ni-Cd Batteries; Li-Ion Batteries; Ni-MH Batteries; Ni-Zn Batteries; Small Sealed Lead Acid Batteries; Video Game Consoles; PlayStation Consoles; Batteries (Rechargeable); Cell Phone Batteries; Li-Ion Batteries; Ni-Cd Batteries; Ni-MH Batteries; Small Sealed Lead Acid Batteries; Alkaline/Single-Use Batteries; Button Batteries; Non-rechargeable lithium batteries; Cell Phones","false","true","The U.S. EPA estimates that more than 350 million rechargeable batteries are purchased annually in the U.S. Thanks to the environmental commitment of this location, its easy and free to recycle your batteries. Bring your rechargeable batteries to this location and look for the recycling box or ask an associate how you can do your part for the environment.","Call2Recycle","false","false","false","false"
"Sunflower Diversified Services, Inc.","Sunflower Diversified Services, Inc.","1010 Hubbard St ","Great Bend","Barton County","KS","67530","6207921321","0","Monday: 8:00 AM - 6:00 PM Tuesday: 8:00 AM - 6:00 PM Wednesday: 8:00 AM - 6:00 PM Thursday: 8:00 AM - 6:00 PM Friday: 8:00 AM - 6:00 PM Saturday: 8:00 AM - 12:00 PM ","http://www.sunflowerdiv.com","38.361511","-98.7596148","34.4248461508369","Plastic #1 (PETE); Plastic #2 (HDPE); Plastic #2 (Color HDPE); Plastic #3 (PVC); Plastic #4 (LDPE); Aluminum Cans; Aluminum; Glass (Blue); Book Recycling; Glass (Brown); Brown Paper Bags; Cardboard; Catalogs; Glass (Clear); Computer Paper; Gift Boxes; Glass (Green); Greeting Cards; Magazines; Paper (Mixed); Non-ferrous (Copper/Brass/Tin); Paperboard; Phone books; Tin or Steel Cans; Office Paper; Video Game Consoles; PlayStation Consoles","false","true","Sunflower Diversified Services offer regular pick-ups from area counties and businesses.  There is also a convenient drop-off location in Great Bend.  This site accepts flags for retirement.","","false","false","false","false"
"Sunflower Diversified Services, Inc.","","1010 Hubbard","Great Bend","","KS","67530","6207921321","0","","https://www.sunflowerdiv.com/","38.3614836","-98.7594477","34.4260945755226","","false","false","","","false","false","false","false"
"RadioShack","RadioShack","1201 Kansas Ave","Great Bend","Barton","KS","67530","6207922596","0","Monday: 9:00 AM - 7:00 PM Tuesday: 9:00 AM - 7:00 PM Wednesday: 9:00 AM - 7:00 PM Thursday: 9:00 AM - 7:00 PM Friday: 9:00 AM - 7:00 PM Saturday: 9:00 AM - 7:00 PM Sunday: 1:00 AM - 5:00 PM ","http://www.radioshack.com","38.36339","-98.76382","34.4718690917127","Ni-Cd Batteries; Batteries (Rechargeable); Video Game Consoles; PlayStation Consoles","false","true","","","false","false","false","false"
"911 Cell Phone Bank - RSVP Of Beaver County","911 Cell Phone Bank - RSVP Of Beaver County","2012 Lakin Ave","Great Bend","Barton","KS","67530","8662907864","0","","http://www.911cellphonebank.org/","38.3645","-98.76522","34.5196059106316","Cell Phones; Cameras; Laptop Computers; MP3 Players; Video Games; Video Game Consoles; Smart watches & Apple Watch®
","false","true","Please call to verify drop-off procedures and directions to the location.  For prepaid shipping labels, visit http://www.911cellphonebank.org/drop-off-locations.asp - click on "print shipping label."","","false","false","false","false"
"JCPenney","","1500 Kansas Ave","Great Bend","","KS","67530","6207922155","0","","https://www.jcpenney.com/","38.3668235","-98.7631758","34.7074545373486","","false","false","","","false","false","false","false"
"Goodwill Easter Seals of Kansas Inc. - Dell Reconnect Donation Site","","1705 Main Street","Great Bend","","KS","67530","6207924000","0","","https://goodwillks.org/","38.369154","-98.76534","34.8217526736451","","false","false","","","false","false","false","false"
"Shamrock Sanitation","Shamrock Sanitation","578 NW 40 Rd","Heizer","Barton","KS","67530","6207921639","0","","","38.41987","-98.88397","36.7882185728432","Aluminum Cans; Video Game Consoles; PlayStation Consoles","false","true","","","false","false","false","false"
"Barton County Household Hazardous Waste Facility","Barton County Household Hazardous Waste Facility","350 NE 30 Rd ","Great Bend","Barton County","KS","67530","3167931898","0","Saturday: 8:00 AM - 11:59 PM ","http://www.bartoncounty.org/","38.4054458","-98.7099386","38.216447519774","Antifreeze; Brake Fluid; Lead Acid (Pb) Batteries; Fungicides; Herbicides; Household Cleaners; Insecticides; Ni-Cd Batteries; Latex Paint; Paint Thinner; Pesticides; Alkaline/Single-Use Batteries; Solvents; Transmission Fluid; Used Motor Oil; Oil Filters; Oil-Based Paint","false","true","Barton County Household Hazardous Waste facility will be accepting waste from April through October.  The scheduled collections are on every third Saturday of the month from 8:00 A.M. until Noon.  (Weather permitting.)  Weekday appointments can be set up for those who cannot attend the collections. Service free to Barton, Ellsworth, and Pawnee County residents only.","","false","false","false","false"
"Barton County Landfill","Barton County Landfill","350 NE 30 Rd ","Great Bend","Barton County","KS","67530","6207931898","0","","http://www.bartoncounty.org/","38.4054458","-98.7099386","38.216447519774","Bikes; Brick(s); Cardboard; Cell Phones; Ceramic Tiles; Computer (Recycling); Concrete (Set); Drywall; Furniture; Bed Mattresses; Paper (Mixed); Organic Waste; Wood Pallets; Roofing Materials; Telephones; Televisions; Used Motor Oil; Used Tires; Yard Waste; Stereo Equipment; Printers/Scanners/Fax Machines; Textiles; Laptop Computers; Food Scraps; MP3 Players; Microwaves; VCRs; DVD Players/Blu-Ray Players/DVRs; Scrap Metal; Box Springs; Expanded Polystyrene Packaging (EPS)","false","true","The Barton County Landfill accepts E-Waste free of charge from households, schools, and businesses in Barton County.","","false","false","false","false"
"Barton County Landfill Household Hazardous Waste Drop-off Site","","350 NE 30th Rd","Great Bend","","KS","67530","6207931898","0","","http://www.bartoncounty.org","38.405794","-98.709928","38.2389882071323","","false","false","","","false","false","false","false"
"City of Ellinwood Recycling Center","","203 West 1st","Ellinwood","","KS","67526","6205643161","0","","http://www.cityofellinwoodks.com/index.aspx?nid=660","38.3546303","-98.5831791","38.2985279275034","","false","false","","","false","false","false","false"
"USPS Post Office Box Lobby Recycling Program","US Post Office","200 N Main St","Ellinwood","Barton","KS","67526","8002758777","0","","https://www.usps.com/","38.35567","-98.5813","38.4146580203033","Catalogs; Greeting Cards; Magazines; Paper (Mixed)","false","true","","","false","false","false","false"
"USPS Post Office Box Lobby Recycling Program","US Post Office","402 Main St","Raymond","Rice","KS","67573","8002758777","0","","https://www.usps.com/","38.27789","-98.41569","40.291834452993","Catalogs; Greeting Cards; Magazines; Paper (Mixed)","false","true","","","false","false","false","false"
"Stutzman Refuse Disposal, Inc.","","","Arlington","","KS","67514","6206622559","0","","","37.8966808","-98.1786739","43.2010415141347","","false","false","","","false","false","false","false"
"USPS Post Office Box Lobby Recycling Program","US Post Office","204 Pioneer St","Alden","Rice","KS","67512","8002758777","0","","https://www.usps.com/","38.24363","-98.31205","43.3073021572867","Catalogs; Greeting Cards; Magazines; Paper (Mixed)","false","true","","","false","false","false","false"
"Drake Disposal Service, Inc.","Drake Disposal Service, Inc.","816 Main St ","Chase","Rice County","KS","67524","6202575459","0","Sunday: 12:00 AM - 11:59 PM Monday: 12:00 AM - 11:59 PM Tuesday: 12:00 AM - 11:59 PM Wednesday: 12:00 AM - 11:59 PM Thursday: 12:00 AM - 11:59 PM Friday: 12:00 AM - 11:59 PM Saturday: 12:00 AM - 11:59 PM ","null","38.3530523","-98.3494039","46.4429970837844","Plastic #1 (PETE); Cardboard; Newspapers; Video Game Consoles; PlayStation Consoles","false","true","This site is located on the Northeast corner Maine and Grove Street.","","false","false","false","false"
"Bob's Repair","","201 N Cliff","Medicine Lodge","","KS","67104","6206886333","0","","","37.2892219","-98.5773264","46.8812515918874","","false","false","","","false","false","false","false"
"Boy Scout Troop #369","Boy Scout Troop #369","234 S Broadway Ave ","Sterling","Rice County","KS","67579","6202782476","0","Sunday: 12:00 AM - 11:59 PM Monday: 12:00 AM - 11:59 PM Tuesday: 12:00 AM - 11:59 PM Wednesday: 12:00 AM - 11:59 PM Thursday: 12:00 AM - 11:59 PM Friday: 12:00 AM - 11:59 PM Saturday: 12:00 AM - 11:59 PM ","","38.2078555","-98.2068043","46.9623991812944","Aluminum Cans; Video Game Consoles; PlayStation Consoles","false","true","This site is located behind Dillons.","","false","false","false","false"
"Bob's Repair","Bob's Repair","201 N Iliff St","Medicine Lodge","Barber","KS","67104","6206886333","0","","null","37.28189","-98.58678","47.0987331524323","Used Motor Oil; Video Game Consoles; PlayStation Consoles","false","true","","","false","false","false","false"
"Schultz Iron & Metal","Schultz Iron & Metal","401 S Chicago St","Coldwater","Comanche","KS","67029","6205822127","0","Monday: 8:00 AM - 5:00 PM Tuesday: 8:00 AM - 5:00 PM Wednesday: 8:00 AM - 5:00 PM Thursday: 8:00 AM - 5:00 PM Friday: 8:00 AM - 5:00 PM ","","37.27121","-99.33012","47.1710244730678","Aluminum Cans; Car; Ferrous Metals (Steel or Iron); Large Household Appliances; Non-ferrous (Copper/Brass/Tin); Tin or Steel Cans; Video Game Consoles; PlayStation Consoles","false","true","","","false","false","false","false"
"Hess Service","Hess Service","100 E Main St","Coldwater","Comanche","KS","67029","6205822621","0","","","37.27011","-99.32851","47.203555312346","Antifreeze; Lead Acid (Pb) Batteries; Transmission Fluid; Used Motor Oil; Used Tires; Video Game Consoles; PlayStation Consoles","false","true","Fees may apply, please call for more information.","","false","false","false","false"
"RC & D Recycling Trailer","RC & D Recycling Trailer","106 W 1st Ave","Medicine Lodge","Barber","KS","67104","6208865617","0","","null","37.2819","-98.57944","47.2789647835642","Plastic #1 (PETE); Plastic #2 (HDPE); Plastic #2 (Color HDPE); Aluminum Cans; Glass (Brown); Cardboard; Catalogs; Glass (Clear); Computer Paper; Glass (Green); Greeting Cards; Magazines; Paper (Mixed); Newspapers; Tin or Steel Cans; Office Paper; Video Game Consoles; PlayStation Consoles","false","true","","","false","false","false","false"
"Middle School","Middle School","100 E 1st Ave","Medicine Lodge","Barber","KS","67104","6208865644","0","Sunday: 12:00 AM - 11:59 PM Monday: 12:00 AM - 11:59 PM Tuesday: 12:00 AM - 11:59 PM Wednesday: 12:00 AM - 11:59 PM Thursday: 12:00 AM - 11:59 PM Friday: 12:00 AM - 11:59 PM Saturday: 12:00 AM - 11:59 PM ","http://www.cyberlodg.com/mlms","37.28189","-98.57786","47.3188663409563","Aluminum Cans; Tin or Steel Cans; Video Game Consoles; PlayStation Consoles","false","true","This site is located at the north end of the playground.","","false","false","false","false"
"Angel's Attic","Angel's Attic","107A N Main St","Medicine Lodge","Barber","KS","67104","6208863636","0","Monday: 9:00 AM - 5:30 PM Tuesday: 9:00 AM - 5:30 PM Wednesday: 9:00 AM - 5:30 PM Thursday: 9:00 AM - 5:30 PM Friday: 9:00 AM - 5:30 PM Saturday: 9:00 AM - 2:00 PM ","","37.28078","-98.57942","47.3485149192187","Clothing; Gift Bags; Household Goods; Ornaments; Video Game Consoles; PlayStation Consoles","false","true","","","false","false","false","false"
"Gyp Hill Premier","Gyp Hill Premier","110 N Main St","Medicine Lodge","Barber","KS","67104","6208865654","0","Sunday: 12:00 AM - 11:59 PM Monday: 12:00 AM - 11:59 PM Tuesday: 12:00 AM - 11:59 PM Wednesday: 12:00 AM - 11:59 PM Thursday: 12:00 AM - 11:59 PM Friday: 12:00 AM - 11:59 PM Saturday: 12:00 AM - 11:59 PM ","","37.28076","-98.57924","47.3542111065211","Cardboard; Video Game Consoles; PlayStation Consoles","false","true","","","false","false","false","false"
"Isaiah's Thrift Shop","Isaiah's Thrift Shop","203 S Main St","Medicine Lodge","Barber","KS","67104","6208865049","0","Monday: 11:00 AM - 4:00 PM Tuesday: 11:00 AM - 4:00 PM Wednesday: 11:00 AM - 4:00 PM Thursday: 11:00 AM - 4:00 PM Friday: 11:00 AM - 4:00 PM Saturday: 11:00 AM - 2:00 PM ","","37.27837","-98.57946","47.4962021177959","Clothing; Gift Bags; Household Goods; Ornaments; Reusable Appliance Donation; Sporting Goods; Video Game Consoles; PlayStation Consoles","false","true","","","false","false","false","false"
"Wright Oil","Wright Oil","301 W Fowler Ave","Medicine Lodge","Barber","KS","67104","6208863791","0","Sunday: 12:00 AM - 11:59 PM Monday: 12:00 AM - 11:59 PM Tuesday: 12:00 AM - 11:59 PM Wednesday: 12:00 AM - 11:59 PM Thursday: 12:00 AM - 11:59 PM Friday: 12:00 AM - 11:59 PM Saturday: 12:00 AM - 11:59 PM ","","37.27568","-98.58249","47.5879087744806","Cardboard; Transmission Fluid; Used Motor Oil; Video Game Consoles; PlayStation Consoles","false","true","","","false","false","false","false"
"Bowe Chevrolet-Olds-Buick-Inc.","Bowe Chevrolet-Olds-Buick-Inc.","205 E Fowler Ave","Medicine Lodge","Barber","KS","67104","6208865622","0","Monday: 8:00 AM - 6:00 PM Tuesday: 8:00 AM - 6:00 PM Wednesday: 8:00 AM - 6:00 PM Thursday: 8:00 AM - 6:00 PM Friday: 8:00 AM - 6:00 PM Saturday: 8:00 AM - 12:00 PM ","","37.27572","-98.57666","47.7289750103963","Used Motor Oil; Video Game Consoles; PlayStation Consoles","false","true","","","false","false","false","false"
"Farmers' Co-op","Farmers' Co-op","400 Main St ","Zenda","Kingman County","KS","67159","6202435421","0","Monday: 8:00 AM - 5:00 PM Tuesday: 8:00 AM - 5:00 PM Wednesday: 8:00 AM - 5:00 PM Thursday: 8:00 AM - 5:00 PM Friday: 8:00 AM - 5:00 PM Saturday: 8:00 AM - 12:00 PM ","","37.4454567","-98.2819066","48.6958135148482","Used Motor Oil; Video Game Consoles; PlayStation Consoles","false","true","","","false","false","false","false"
"Zenda Library","Zenda Library","215 N Main St","Zenda","Kingman","KS","67159","6202435791","0","Wednesday: 1:00 PM - 5:00 PM Saturday: 8:00 AM - 12:00 PM ","null","37.44396","-98.28204","48.7560212015373","Books (Reuse); Catalogs; Magazines; VHS & Cassette Tapes; Video Game Consoles; PlayStation Consoles","false","true","","","false","false","false","false"
"Rohr's Recycling","","2364 Hiwy 183","La Crosse","","KS","67548","7856231509","0","","","38.5483833","-99.3091373","48.9341565744871","","false","false","","","false","false","false","false"
"Rohr's Recycling","Rohr's Recycling","2364 Highway 183","La Crosse","Rush","KS","67548","7856231509","0","Monday: 8:00 AM - 4:00 PM Tuesday: 8:00 AM - 4:00 PM Wednesday: 8:00 AM - 4:00 PM Thursday: 8:00 AM - 4:00 PM Friday: 8:00 AM - 4:00 PM ","null","38.54388","-99.34587","49.4328609841703","Aluminum Cans; Lead Acid (Pb) Batteries; Computer Monitors; Computer (Recycling); Ferrous Metals (Steel or Iron); Large Household Appliances; Non-ferrous (Copper/Brass/Tin); Telephones; Video Game Consoles; PlayStation Consoles","false","true","","","false","false","false","false"
"My Little Boutique","My Little Boutique","121 E A Ave","Kingman","Kingman","KS","67068","6205322636","0","Tuesday: 9:30 AM - 5:30 PM Wednesday: 9:30 AM - 5:30 PM Thursday: 9:30 AM - 5:30 PM Friday: 9:30 AM - 5:30 PM Saturday: 9:30 AM - 3:00 PM ","","37.64305","-98.11304","49.9112565037716","Books (Reuse); Brown Paper Bags; Clothing; Gift Bags; Household Goods; Large Household Appliances; Ornaments; Plastic Shopping Bags; Children's Toys; Food Storage Bags; Video Game Consoles; PlayStation Consoles","false","true","","","false","false","false","false"
"Rice County HHW Drop-off Program","","460 N Logan Ave","Lyons","","KS","67554","6202575331","0","","https://ricecounty.us","38.3531487","-98.2124015","52.1150728544969","","false","false","","","false","false","false","false"
"Rice County Solid Waste Landfill & Recycling","","718 W 5th Street","Lyons","","KS","67554","6202572231","0","","https://ricecounty.us","38.3551721","-98.206383","52.4589943656733","","false","false","","","false","false","false","false"
"Palleton of Kansas","Palleton of Kansas","103 Industrial Dr","Lyons","Rice","KS","67554","6202573571","0","Monday: 8:00 AM - 5:00 PM Tuesday: 8:00 AM - 5:00 PM Wednesday: 8:00 AM - 5:00 PM Thursday: 8:00 AM - 5:00 PM Friday: 8:00 AM - 5:00 PM ","","38.35399","-98.19995","52.687147415539","Wood Pallets; Video Game Consoles; PlayStation Consoles","false","true","","","false","false","false","false"
"Drake Disposal Service, Inc.","Drake Disposal Service, Inc.","816 E Main St","Lyons","Rice","KS","67554","6202575459","0","Monday: 8:00 AM - 5:00 PM Tuesday: 8:00 AM - 5:00 PM Wednesday: 8:00 AM - 5:00 PM Thursday: 8:00 AM - 5:00 PM Friday: 8:00 AM - 5:00 PM ","","38.34761","-98.19161","52.7857552543157","Plastic #1 (PETE); Aluminum Cans; Glass (Brown); Brown Paper Bags; Cardboard; Glass (Clear); Glass (Green); Newspapers; Tin or Steel Cans; Office Paper; Video Game Consoles; PlayStation Consoles","false","true","This site also has a 24 hour drop-off site available for most items.","","false","false","false","false"
"2nd Chance Recycling","","107 South Main Street","Bushton","","KS","67427","7854723019","0","","","38.5143276","-98.3969935","53.113121422242","","false","false","","","false","false","false","false"
"Reno County Landfill","Reno County Landfill","703 S Mohawk Rd","Hutchinson","Reno","KS","67501","6206942587","0","Monday: 8:00 AM - 5:00 PM Tuesday: 8:00 AM - 5:00 PM Wednesday: 8:00 AM - 5:00 PM Thursday: 8:00 AM - 5:00 PM Friday: 8:00 AM - 5:00 PM Saturday: 8:00 AM - 5:00 PM ","http://www.renogov.org/253/Landfill","38.0355","-97.99559","54.0509172237855","Glue & Adhesives; Antifreeze; Brake Fluid; Brush; Lead Acid (Pb) Batteries; Construction Materials; Degreasers; Fertilizer; Fungicides; Herbicides; Household Cleaners; Insecticides; Large Household Appliances; Mercury Containing Items; Ni-Cd Batteries; Other Batteries; Unused Paint; Paint Thinner; Pesticides; Photography Chemicals; Pool Chemicals; Batteries (Rechargeable); Alkaline/Single-Use Batteries; Solvents; Transmission Fluid; Used Motor Oil; Used Tires; Food Scraps; Scrap Metal","false","true","","","false","false","false","false"
"Reno County Landfill & HHW Drop-off Site","","703 S Mohawk Rd","Hutchinson","","KS","67501","6206942586","0","","https://www.renogov.org/255/Recycling-Guide","38.0422045","-97.9956469","54.1324795051748","","false","false","","","false","false","false","false"
"Reno County Government","Reno County Government","4015 W Clark Rd","Hutchinson","Reno ","KS","67501","6206942586","0","","","38.0425580959337","-97.9945153886712","54.1975285594685","Batteries (Rechargeable); Cell Phone Batteries; Cell Phones; Li-Ion Batteries; Ni-Cd Batteries; Ni-MH Batteries; Small Sealed Lead Acid Batteries","false","true","Call or Check Online for Hours","Call2Recycle","false","false","false","false"
"Webster's Repair & Salvage","Webster's Repair & Salvage","515 N Broadway Ave ","Protection","Comanche County","KS","67127","6206224497","0","","http://www.kansasrecycles.org/programs/websters-repair-salvage","37.2044639","-99.4841951","55.1854536825796","Lead Acid (Pb) Batteries; Ferrous Metals (Steel or Iron); Ni-Cd Batteries; Other Batteries; Batteries (Rechargeable); Alkaline/Single-Use Batteries; Video Game Consoles; PlayStation Consoles","false","true","","","false","false","false","false"
"Protection Automotive-Loucks Service","Protection Automotive-Loucks Service","222 N Broadway Ave ","Protection","Comanche County","KS","67127","6206224591","0","Monday: 9:00 AM - 5:00 PM Tuesday: 9:00 AM - 5:00 PM Wednesday: 9:00 AM - 5:00 PM Thursday: 9:00 AM - 5:00 PM Friday: 9:00 AM - 5:00 PM ","","37.2022215","-99.4841643","55.3181874265444","Used Motor Oil; Video Game Consoles; PlayStation Consoles","false","true","","","false","false","false","false"
"Ford County Household Hazardous Waste Drop-off Site","","10972 113 Rd","Dodge City","","KS","67801","6202274525","0","","http://www.fordcounty.net","37.7686939","-99.9790671","55.6626259265568","","false","false","","","false","false","false","false"
"Verizon Wireless","Verizon Wireless","1624 E 11th Ave","Hutchinson","Reno","KS","67501","6206657200","6206658140","","http://www.verizonwireless.com/","38.06533","-97.96077","56.307855913323","Cell Phones; Cell Phone Batteries; Video Game Consoles; PlayStation Consoles","false","true","<A Href="https://www.trade-in.vzw.com/home.aspx">
The Verizon Wireless Trade-In Program</A> allows you to trade in your used handset or tablet in a convenient and responsible way. 
<P>
<P>
Verizon Wireless works every day to protect our environment and give our customers opportunities to do the same. <A Href="http://aboutus.vzw.com/Green_Initiative/overview.html">Click here</A> for more examples of the earth-friendly initiatives and programs Verizon Wireless is proud to offer and support.","","false","false","false","false"
"Habitat for Humanity","Habitat for Humanity","608 Hendricks St ","Hutchinson","Reno County","KS","67501","3042723861","0","","http://www.habitat.org","38.0601033","-97.9588552","56.336034666022","Aluminum Cans; Carpet; Ceiling Tiles; Ceramic Tiles; Construction Materials (Reuse); Gift Bags; Household Goods; Linoleum; Ornaments; Porcelain; Roofing Materials; Windows; Video Game Consoles; PlayStation Consoles","false","true","This site is an affiliate of Habitat for Humanity.  PLEASE call to verify if they are currently accepting aluminum cans.","","false","false","false","false"
"L&W Farm & Auto Repair","L&W Farm & Auto Repair","311 Main St","Byers","Pratt","KS","67021","6205462444","0","Monday: 8:00 AM - 5:30 PM Tuesday: 8:00 AM - 5:30 PM Wednesday: 8:00 AM - 5:30 PM Thursday: 8:00 AM - 5:30 PM Friday: 8:00 AM - 5:30 PM ","","37.78792","-98.86591","9.18772356812764","Used Motor Oil; Video Game Consoles; PlayStation Consoles","false","true","","","false","false","false","false"
