name,description,address,city,region,province,postal_code,phone,fax,hours,url,latitude,longitude,distance,materials,pickup,dropoff,notes,groups,curbside,municipal,national,event_only
"USPS Post Office Box Lobby Recycling Program","US Post Office","160 Central St","Winchendon","Worcester","MA","01475","8002758777","0","","https://www.usps.com/","42.68195","-72.04806","0.277843556560215","Catalogs; Greeting Cards; Magazines; Paper (Mixed)","false","true","","","false","false","false","false"
"US Post Office","USPS Discarded Lobby Mail Recycling Program","160 Central St","Winchendon","Worcester","MA","01475","0","0","","","42.68195","-72.04806","0.277843556560215","Computer (Recycling); Computer Monitors; Electronics; Laptop Computers; Computer Peripherals; Small Electronics; Small Televisions; Televisions; Video Game Consoles; PlayStation Consoles","false","true","","","false","false","false","false"
"Town of Athol Transfer Station","","1010 West Royalston Rd","Athol","","MA","1331","7743450793","0","","http://www.athol-ma.gov","42.6239298","-72.2278169","10.0034479880656","","false","false","","","false","false","false","false"
"Town of Jaffrey Transfer Station & Recycling Center","","86 Old Sharon Rd","Jaffrey","","NH","3452","6035326819","0","","","42.8202517","-71.9910812","10.1795388549441","","false","false","","","false","false","false","false"
"USPS Post Office Box Lobby Recycling Program","US Post Office","802 Turnpike Rd","New Ipswich","Hillsborough","NH","03071","8002758777","0","","https://www.usps.com/","42.76049","-71.87326","10.4175299098314","Catalogs; Greeting Cards; Magazines; Paper (Mixed)","false","true","","","false","false","false","false"
"US Post Office","USPS Discarded Lobby Mail Recycling Program","802 Turnpike Rd","New Ipswich","Hillsborough","NH","03071","0","0","","","42.76049","-71.87326","10.4175299098314","Video Game Consoles; PlayStation Consoles","false","true","","","false","false","false","false"
"Blue Rhino Exchange - CK Smith - Athol Texaco","Blue Rhino Exchange - CK Smith - Athol Texaco","1590 Main St","Athol","Worcester","MA","01331","9782493838","0","","http://www.bluerhino.com","42.58895","-72.2152","10.6149198941851","Propane Tank Exchange; Computer (Recycling); Computer Monitors; Electronics; Laptop Computers; Computer Peripherals; Small Electronics; Small Televisions; Televisions; Video Game Consoles; PlayStation Consoles","false","true","","","false","false","false","false"
"Audisee Electronics","Audisee Electronics","1600 S Main St","Athol","Worcester","MA","01331","9782497100","0","","http://www.radioshack.com/","42.58821","-72.21476","10.6266943383833","Cell Phones; Ni-Cd Batteries; Li-Ion Batteries; Ni-MH Batteries; Ni-Zn Batteries; Small Sealed Lead Acid Batteries; Computer (Recycling); Computer Monitors; Electronics; Laptop Computers; Computer Peripherals; Small Electronics; Small Televisions; Televisions; Video Game Consoles; PlayStation Consoles","false","true","The U.S. EPA estimates that more than 350 million rechargeable batteries are purchased annually in the U.S. Thanks to the environmental commitment of this location, its easy and free to recycle your batteries. Bring your rechargeable batteries to this location and look for the recycling box or ask an associate how you can do your part for the environment.","","false","false","false","false"
"Call2Recylce at Town of New Ipswich","null","657 Turnpike Rd ","New Ipswich","Hillsborough County","NH","03071","6038782447","0","","http://www.call2recycle.org/","42.758815","-71.8593254","10.9586281337146","Cell Phones; Ni-Cd Batteries; Li-Ion Batteries; Ni-MH Batteries; Ni-Zn Batteries; Small Sealed Lead Acid Batteries; Video Game Consoles; PlayStation Consoles","false","true","The U.S. EPA estimates that more than 350 million rechargeable batteries are purchased annually in the U.S. Thanks to the environmental commitment of this location, its easy and free to recycle your rechargeable batteries. Look for the recycling box or ask a staff member how you can do your part for the environment.","","false","false","false","false"
"Athol Transfer Station & Recycling Center","Athol Transfer Station & Recycling Center","584 Main St Ste 24","Athol","Worcester","MA","01331","7743450793","0","","http://www.athol-ma.gov/","42.59416","-72.22815","10.9609327029418","Cell Phones; Ni-Cd Batteries; Li-Ion Batteries; Ni-MH Batteries; Ni-Zn Batteries; Small Sealed Lead Acid Batteries; Computer (Recycling); Computer Monitors; Electronics; Laptop Computers; Computer Peripherals; Small Electronics; Small Televisions; Televisions; Video Game Consoles; PlayStation Consoles; Batteries (Rechargeable); Cell Phone Batteries; Li-Ion Batteries; Ni-Cd Batteries; Ni-MH Batteries; Small Sealed Lead Acid Batteries; Cell Phones","false","true","The U.S. EPA estimates that more than 350 million rechargeable batteries are purchased annually in the U.S. Thanks to the environmental commitment of this location, its easy and free to recycle your rechargeable batteries. Look for the recycling box or ask a staff member how you can do your part for the environment.","Call2Recycle","false","false","false","false"
"Fitzwilliam Transfer Station","","249 Rte 12","Troy","","NH","3465","6035857723","0","","https://fitzwilliam-nh.gov","42.8118172","-72.1652599","11.0409769719524","","false","false","","","false","false","false","false"
"USPS Post Office Box Lobby Recycling Program","US Post Office","6 Nichols St","Westminster","Worcester","MA","01473","8002758777","0","","https://www.usps.com/","42.54521","-71.91912","11.2230953796432","Catalogs; Greeting Cards; Magazines; Paper (Mixed)","false","true","","","false","false","false","false"
"US Post Office","USPS Discarded Lobby Mail Recycling Program","6 Nichols St","Westminster","Worcester","MA","01473","0","0","","","42.54521","-71.91912","11.2230953796432","Computer (Recycling); Computer Monitors; Electronics; Laptop Computers; Computer Peripherals; Small Electronics; Small Televisions; Televisions; Video Game Consoles; PlayStation Consoles","false","true","","","false","false","false","false"
"USPS Post Office Box Lobby Recycling Program","US Post Office","10 Common Rd Ste 2","Ashby","Middlesex","MA","01431","8002758777","0","","https://www.usps.com/","42.67581","-71.82114","11.3941054866454","Catalogs; Greeting Cards; Magazines; Paper (Mixed)","false","true","","","false","false","false","false"
"US Post Office","USPS Discarded Lobby Mail Recycling Program","10 Common Rd Ste 2","Ashby","Middlesex","MA","01431","0","0","","","42.67581","-71.82114","11.3941054866454","Computer (Recycling); Computer Monitors; Electronics; Laptop Computers; Computer Peripherals; Small Electronics; Small Televisions; Televisions; Video Game Consoles; PlayStation Consoles","false","true","","","false","false","false","false"
"Town of New Ipswich Transfer Station","Town of New Ipswich Transfer Station","490 Turnpike Rd ","New Ipswich","Hillsborough County","NH","03071","6038783179","0","Saturday: 7:00 AM - 3:00 PM ","http://www.townofnewipswich.org/","42.7573416","-71.8455769","11.5171978573071","Plastic #1 (PETE); Plastic #2 (HDPE); Plastic #2 (Color HDPE); Aluminum Cans; Glass (Brown); Brush; Catalogs; Chipboard; Glass (Clear); Computer Monitors; Glass (Green); Magazines; Newspapers; Phone books; Tin or Steel Cans; Used Motor Oil; Office Paper; Yard Waste; Scrap Metal","false","true","","","false","false","false","false"
"Troy Recycling Center","","60 Quarry Rd","Troy","","NH","3465","6032423500","0","","https://www.troy-nh.us","42.8213651","-72.1704442","11.7370798965826","","false","false","","","false","false","false","false"
"USPS Post Office Box Lobby Recycling Program","US Post Office","242 Main St","Athol","Worcester","MA","01331","8002758777","0","","https://www.usps.com/","42.58914","-72.24408","11.8323083106747","Catalogs; Greeting Cards; Magazines; Paper (Mixed)","false","true","","","false","false","false","false"
"US Post Office","USPS Discarded Lobby Mail Recycling Program","242 Main St","Athol","Worcester","MA","01331","0","0","","","42.58914","-72.24408","11.8323083106747","Computer (Recycling); Computer Monitors; Electronics; Laptop Computers; Computer Peripherals; Small Electronics; Small Televisions; Televisions; Video Game Consoles; PlayStation Consoles","false","true","","","false","false","false","false"
"Call2Recycle at Troy Recycling Transfer Station","Call2Recycle at Troy Recycling Transfer Station","14 Central Square ","Troy","Cheshire County","NH","03465","6033133466","0","","http://www.troytownnews.com/category/stories/recycling-center","42.8270259","-72.183059","12.4161383643169","Cell Phones; Ni-Cd Batteries; Li-Ion Batteries; Ni-MH Batteries; Ni-Zn Batteries; Small Sealed Lead Acid Batteries; Video Game Consoles; PlayStation Consoles; Batteries (Rechargeable); Cell Phone Batteries; Li-Ion Batteries; Ni-Cd Batteries; Ni-MH Batteries; Small Sealed Lead Acid Batteries; Cell Phones","false","true","The U.S. EPA estimates that more than 350 million rechargeable batteries are purchased annually in the U.S. Thanks to the environmental commitment of this location, its easy and free to recycle your batteries. Bring your rechargeable batteries to this location and look for the recycling box or ask an associate how you can do your part for the environment.","Call2Recycle","false","false","false","false"
"Recycle America Enterprise","Recycle America Enterprise","50 Arbor Way","Fitchburg","Worcester","MA","01420","9783422200","0","","http://www.shinglerecycling.org/","42.56484","-71.8546","12.4782418903125","Shingles; Computer (Recycling); Computer Monitors; Electronics; Laptop Computers; Computer Peripherals; Small Electronics; Small Televisions; Televisions; Video Game Consoles; PlayStation Consoles","false","true","For more information on shingle recycling visit <a href="http://www.shinglerecycling.org/index.php" target="_blank">ShingleRecycling.org</a>","","false","false","false","false"
"G & A Precycling","","12 Baltic Lane","Fitchburg","","MA","1420","9785037442","0","","","42.576223","-71.8397522","12.6165897008739","","false","false","","","false","false","false","false"
"Ecosmith Recycling - Manadnock Plaza","","Jaffrey Road","Peterborough","","NH","3458","6036471088","0","","http://ecosmithrecyclers.com/","42.8517107","-71.9652375","12.6445651269385","","false","false","","","false","false","false","false"
"US Post Office","USPS Discarded Lobby Mail Recycling Program","7 Marlboro Rd Ste F","Troy","Cheshire","NH","03465","0","0","","","42.83058","-72.18526","12.6819475435665","Video Game Consoles; PlayStation Consoles","false","true","","","false","false","false","false"
"USPS Post Office Box Lobby Recycling Program","US Post Office","7 Marlborough Rd ","Troy","Cheshire County","NH","03465","8002758777","0","","https://www.usps.com/","42.8306176","-72.1853365","12.6862706057188","Catalogs; Greeting Cards; Magazines; Paper (Mixed)","false","true","","","false","false","false","false"
"Advance Auto Parts","Advance Auto Parts","1588 S Main St","Athol","Worcester","MA","01331","9785750060","0","Monday: 7:00 AM - 9:00 PM Tuesday: 7:00 AM - 9:00 PM Wednesday: 7:00 AM - 9:00 PM Thursday: 7:00 AM - 9:00 PM Friday: 7:00 AM - 9:00 PM Saturday: 7:00 AM - 9:00 PM Sunday: 10:00 AM - 8:00 PM ","http://www.advanceautoparts.com","42.58318","-72.26242","12.8436435797031","Lead Acid (Pb) Batteries; Used Motor Oil; Computer (Recycling); Computer Monitors; Electronics; Laptop Computers; Computer Peripherals; Small Electronics; Small Televisions; Televisions; Video Game Consoles; PlayStation Consoles","false","true","","","false","false","false","false"
"Town of Ashby Transfer Station and Recycling Center","","1140 Greenville Rd","Ashby","","MA","1431","9783865692","0","","http://www.ci.ashby.ma.us/ARCTS/arcts.html","42.6908397","-71.786488","13.1791451185299","","false","false","","","false","false","false","false"
"Call2Recycle at RadioShack","Call2Recycle at RadioShack","1 Jaffrey Rd Ste 2","Peterborough","Hillsborough","NH","03458","6039244070","0","","http://www.radioshack.com/","42.85933","-71.9628","13.1827945184885","Cell Phones; Ni-Cd Batteries; Li-Ion Batteries; Ni-MH Batteries; Ni-Zn Batteries; Small Sealed Lead Acid Batteries; Video Game Consoles; PlayStation Consoles","false","true","As the first national retailer to partner with Call2Recycle, RadioShack is at the forefront of the rechargeable battery recycling cause and is pleased to offer battery recycling at thousands of convenient RadioShack locations for free.  Simply drop them off at your local RadioShack and theyll take care of the rest.  Ask a store associate for more details.","","false","false","false","false"
"RadioShack","RadioShack","1 Jaffrey Rd Ste 2","Peterborough","Hillsborough","NH","03458","6039244070","0","Monday: 9:00 AM - 9:00 PM Tuesday: 9:00 AM - 9:00 PM Wednesday: 9:00 AM - 9:00 PM Thursday: 9:00 AM - 9:00 PM Friday: 9:00 AM - 9:00 PM Saturday: 9:00 AM - 9:00 PM Sunday: 10:00 AM - 7:00 PM ","http://www.radioshack.com","42.85933","-71.9628","13.1827945184885","Ni-Cd Batteries; Batteries (Rechargeable); Cell Phone Batteries; Video Game Consoles; PlayStation Consoles","false","true","","","false","false","false","false"
"Ashby Recycling Center & Transfer Station","Ashby Recycling Center & Transfer Station","1140 Greenville Rd","Ashby","Middlesex","MA","01431","9783865692","0","","http://www.ci.ashby.ma.us","42.6908061","-71.7863421","13.1863920773587","Plastic #1 (PETE); Plastic #2 (HDPE); Plastic #2 (Color HDPE); Plastic #3 (PVC); Plastic #4 (LDPE); Plastic #5 (Polypropylene); Plastic #6 (Polystyrene); Plastic #7; Aluminum Cans; Glass (Blue); Glass (Brown); Brown Paper Bags; Lead Acid (Pb) Batteries; Cardboard; Catalogs; Chipboard; Glass (Clear); Computer Monitors; Computer Paper; Computer (Recycling); Construction Materials; Electronics; Ferrous Metals (Steel or Iron); Gift Boxes; Grass Clippings; Glass (Green); Greeting Cards; Furniture; Large Household Appliances; Leaves; Magazines; Paper (Mixed); Newspapers; Non-ferrous (Copper/Brass/Tin); Paperboard; Phone books; Propane Tanks; Televisions; Tin or Steel Cans; Used Tires; Office Paper; Wood; Printers/Scanners/Fax Machines; MP3 Players; Microwaves; Dehumidifiers; VCRs; DVD Players/Blu-Ray Players/DVRs","false","true","This site is located 1 mile from Route 119 & operates the 2nd and 4th Saturday of the month. Please note compost bins available at ARCTS. $25 each","","false","false","false","false"
"Jay's Liquors","Jay's Liquors","134 River St","Fitchburg","Worcester","MA","01420","9783430171","0","","http://www.mass.gov/eea/agencies/massdep/recycle/reduce/bottle-and-can-recycling.html","42.58501","-71.81466","13.3885991449049","Plastic #1 (PETE); Plastic #2 (HDPE); Plastic #2 (Color HDPE); Aluminum Cans; Computer (Recycling); Computer Monitors; Electronics; Laptop Computers; Computer Peripherals; Small Electronics; Small Televisions; Televisions; Video Game Consoles; PlayStation Consoles","false","true","Clean, empty bottles and cans accepted.  Redemption centers deduct processing fees from refunds.","","false","false","false","false"
"USPS Post Office Box Lobby Recycling Program","US Post Office","15 Main St","Greenville","Hillsborough","NH","03048","8002758777","0","","https://www.usps.com/","42.76665","-71.80838","13.487969561368","Catalogs; Greeting Cards; Magazines; Paper (Mixed)","false","true","","","false","false","false","false"
"US Post Office","USPS Discarded Lobby Mail Recycling Program","15 Main St","Greenville","Hillsborough","NH","03048","0","0","","","42.76665","-71.80838","13.487969561368","Video Game Consoles; PlayStation Consoles","false","true","","","false","false","false","false"
"Ftichburg/Westminster Landfill","Ftichburg/Westminster Landfill","101 Fitchburg Rd","Westminster","Worcester","MA","01473","9788740037","0","","","42.52582","-71.87845","13.5378851142265","Yard Waste; Asbestos; Computer (Recycling); Computer Monitors; Electronics; Laptop Computers; Computer Peripherals; Small Electronics; Small Televisions; Televisions; Video Game Consoles; PlayStation Consoles","true","true","","","false","false","false","false"
"City of Fitchburg Recycling Drop-Off Site","","Fitchburg Rd","Fitchburg","","MA","1420","9783459582","0","","http://www.ci.fitchburg.ma.us","42.5432522","-71.8512404","13.5910663351402","","false","false","","","false","false","false","false"
"USPS Post Office Box Lobby Recycling Program","US Post Office","881 Main St Ste 3","Fitchburg","Worcester","MA","01420","8002758777","0","","https://www.usps.com/","42.58655","-71.80516","13.7641236133872","Catalogs; Greeting Cards; Magazines; Paper (Mixed)","false","true","","","false","false","false","false"
"US Post Office","USPS Discarded Lobby Mail Recycling Program","881 Main St Ste 3","Fitchburg","Worcester","MA","01420","0","0","","","42.58655","-71.80516","13.7641236133872","Computer (Recycling); Computer Monitors; Electronics; Laptop Computers; Computer Peripherals; Small Electronics; Small Televisions; Televisions; Video Game Consoles; PlayStation Consoles","false","true","","","false","false","false","false"
"USPS Post Office Box Lobby Recycling Program","US Post Office","19 Main St Unit 3","Temple","Hillsborough","NH","03084","8002758777","0","","https://www.usps.com/","42.81871","-71.85163","13.8066598981148","Catalogs; Greeting Cards; Magazines; Paper (Mixed)","false","true","","","false","false","false","false"
"US Post Office","USPS Discarded Lobby Mail Recycling Program","19 Main St Unit 3","Temple","Hillsborough","NH","03084","0","0","","","42.81871","-71.85163","13.8066598981148","Video Game Consoles; PlayStation Consoles","false","true","","","false","false","false","false"
"Blue Rhino Exchange - Aubuchon Hardware #1","Blue Rhino Exchange - Aubuchon Hardware #1","84 Franklin Rd","Fitchburg","Worcester","MA","01420","9783437500","0","","http://www.bluerhino.com","42.56846","-71.81704","13.8756456849869","Propane Tank Exchange; Computer (Recycling); Computer Monitors; Electronics; Laptop Computers; Computer Peripherals; Small Electronics; Small Televisions; Televisions; Video Game Consoles; PlayStation Consoles","false","true","","","false","false","false","false"
"USPS Post Office Box Lobby Recycling Program","US Post Office","301 Union St Unit C","West Peterborough","Hillsborough","NH","03468","8002758777","0","","https://www.usps.com/","42.87173","-71.9697","13.8968392000337","Catalogs; Greeting Cards; Magazines; Paper (Mixed)","false","true","","","false","false","false","false"
"US Post Office","USPS Discarded Lobby Mail Recycling Program","301 Union St Unit C","West Peterborough","Hillsborough","NH","03468","0","0","","","42.87173","-71.9697","13.8968392000337","Video Game Consoles; PlayStation Consoles","false","true","","","false","false","false","false"
"Wyman's Liquors","Wyman's Liquors","519 Electric Ave","Fitchburg","Worcester","MA","01420","9783421722","0","","http://www.mass.gov/eea/agencies/massdep/recycle/reduce/bottle-and-can-recycling.html","42.56829","-71.81655","13.9029351384946","Plastic #1 (PETE); Plastic #2 (HDPE); Plastic #2 (Color HDPE); Aluminum Cans; Computer (Recycling); Computer Monitors; Electronics; Laptop Computers; Computer Peripherals; Small Electronics; Small Televisions; Televisions; Video Game Consoles; PlayStation Consoles","false","true","Clean, empty bottles and cans accepted.  Redemption centers deduct processing fees from refunds.","","false","false","false","false"
"Pak Mail Center US677","","499 Electric Ave","Fitchburg","","MA","1420","9783531800","0","","https://www.pakmail.com/","42.5692739","-71.8148583","13.9380192571287","","false","false","","","false","false","false","false"
"City of Fitchburg Household Hazardous Waste Collection Program","","","Fitchburg","","MA","1420","9783556821","0","","http://fitchburgma.gov","42.5834228","-71.8022955","13.9937863180232","","false","false","","","false","false","false","false"
"911 Cell Phone Bank - Orlando CVB Thursday Leads Group","911 Cell Phone Bank - Orlando CVB Thursday Leads Group","400 E River St","Orange","Franklin","MA","01364","8662907864","0","","http://www.911cellphonebank.org/","42.58219","-72.29003","14.0995140098688","Cell Phones; Cameras; Laptop Computers; MP3 Players; Video Games; Video Game Consoles; Smart watches & Apple Watch®
","false","true","Please call to verify drop-off procedures and directions to the location.  For prepaid shipping labels, visit http://www.911cellphonebank.org/drop-off-locations.asp - click on "print shipping label."","","false","false","false","false"
"USPS Post Office Box Lobby Recycling Program","US Post Office","477 Main St","Fitchburg","Worcester","MA","01420","8002758777","0","","https://www.usps.com/","42.58312","-71.79934","14.1364038905271","Catalogs; Greeting Cards; Magazines; Paper (Mixed)","false","true","","","false","false","false","false"
"US Post Office","USPS Discarded Lobby Mail Recycling Program","477 Main St","Fitchburg","Worcester","MA","01420","0","0","","","42.58312","-71.79934","14.1364038905271","Computer (Recycling); Computer Monitors; Electronics; Laptop Computers; Computer Peripherals; Small Electronics; Small Televisions; Televisions; Video Game Consoles; PlayStation Consoles","false","true","","","false","false","false","false"
"Orange Transfer Station","","Jones St","Orange","","MA","1364","9785441118","0","","http://www.franklincountywastedistrict.org/","42.5907551","-72.2973586","14.1653585510112","","false","false","","","false","false","false","false"
"USPS Post Office Box Lobby Recycling Program","US Post Office","159 Mill Cir ","Winchendon","Worcester County","MA","01475","8002758777","0","","https://www.usps.com/","42.6954687","-72.0125585","2.04308949103215","Catalogs; Greeting Cards; Magazines; Paper (Mixed)","false","true","","","false","false","false","false"
"Town of Winchendon Household Hazardous Waste Drop-Off","","653 River Street","Winchendon","","MA","1475","9782970170","0","","https://www.townofwinchendon.com","42.686789","-72.086492","2.16403569399428","","false","false","","","false","false","false","false"
"Blue Rhino Exchange - Brian's Place","Blue Rhino Exchange - Brian's Place","93 Gardner Rd","Winchendon","Worcester","MA","01475","9782973953","0","","http://www.bluerhino.com","42.65091","-72.00206","2.91009085921743","Propane Tank Exchange; Computer (Recycling); Computer Monitors; Electronics; Laptop Computers; Computer Peripherals; Small Electronics; Small Televisions; Televisions; Video Game Consoles; PlayStation Consoles","false","true","","","false","false","false","false"
"US Post Office","USPS Discarded Lobby Mail Recycling Program","159 Mill Cir","Winchendon","Worcester","MA","01475","0","0","","null","42.71074","-71.99928","3.23692720571904","Computer (Recycling); Computer Monitors; Electronics; Laptop Computers; Computer Peripherals; Small Electronics; Small Televisions; Televisions; Video Game Consoles; PlayStation Consoles","false","true","","","false","false","false","false"
"Walmart","null","750 Us Route 202","Rindge","","NH","03461","6038996882","0","","https://www.walmart.com/","42.7426882","-72.0399647","4.44874944038369","","false","false","","","false","false","false","false"
"Walmart","Walmart","750 US-202 ","Rindge","Cheshire County","NH","03461","6038996882","0","","http://www.walmart.com","42.7427281","-72.039972","4.45147766703","Lead Acid (Pb) Batteries; Plastic Shopping Bags; Food Storage Bags; Video Game Consoles; PlayStation Consoles","false","true","","","false","false","false","false"
"Blue Rhino Exchange - State Line Grocery","Blue Rhino Exchange - State Line Grocery","1117 NH-12 ","Fitzwilliam","Cheshire County","NH","03447","6035859451","0","","http://www.bluerhino.com","42.7381516","-72.0964889","4.87320348516945","Propane Tank Exchange; Video Game Consoles; PlayStation Consoles","false","true","","","false","false","false","false"
"Blue Rhino Exchange - Cumberland Farms #6687","Blue Rhino Exchange - Cumberland Farms #6687","35 Elm St","Baldwinville","Worcester","MA","01436","9789391009","0","","http://www.bluerhino.com","42.60976","-72.07548","4.98365078490836","Propane Tank Exchange; Computer (Recycling); Computer Monitors; Electronics; Laptop Computers; Computer Peripherals; Small Electronics; Small Televisions; Televisions; Video Game Consoles; PlayStation Consoles","false","true","","","false","false","false","false"
"USPS Post Office Box Lobby Recycling Program","US Post Office","38 Elm St","Baldwinville","Worcester","MA","01436","8002758777","0","","https://www.usps.com/","42.60867","-72.07518","5.0508085422694","Catalogs; Greeting Cards; Magazines; Paper (Mixed)","false","true","","","false","false","false","false"
"US Post Office","USPS Discarded Lobby Mail Recycling Program","38 Elm St","Baldwinville","Worcester","MA","01436","0","0","","","42.60867","-72.07518","5.0508085422694","Computer (Recycling); Computer Monitors; Electronics; Laptop Computers; Computer Peripherals; Small Electronics; Small Televisions; Televisions; Video Game Consoles; PlayStation Consoles","false","true","","","false","false","false","false"
"USPS Post Office Box Lobby Recycling Program","US Post Office","1056 NH Route 119","Rindge","Cheshire","NH","03461","8002758777","0","","https://www.usps.com/","42.74841","-72.00848","5.18651046055679","Catalogs; Greeting Cards; Magazines; Paper (Mixed)","false","true","","","false","false","false","false"
"US Post Office","USPS Discarded Lobby Mail Recycling Program","1056 NH Route 119","Rindge","Cheshire","NH","03461","0","0","","","42.74841","-72.00848","5.18651046055679","Video Game Consoles; PlayStation Consoles","false","true","","","false","false","false","false"
"Rindge Recycling Facility","","113 Main St","Rindge","","NH","3461","6038992107","0","","","42.7538499","-72.0120237","5.48024233631103","","false","false","","","false","false","false","false"
"City of Gardner Recycling Center","","744 West St","Gardner","","MA","1440","9786304023","0","","http://www.gardner-ma.gov/Pages/","42.5886336","-72.0241885","6.29682389397551","","false","false","","","false","false","false","false"
"Gardner Residential Transfer Station","Gardner Residential Transfer Station","744 West St ","Gardner","Worcester County","MA","01440","9786304013","0","Wednesday: 9:00 AM - 3:00 PM Thursday: 9:00 AM - 3:00 PM Friday: 9:00 AM - 3:00 PM Saturday: 7:00 AM - 1:00 PM ","http://www.gardner-ma.gov/","42.5886185","-72.024228","6.29750779291901","Plastic #1 (PETE); Plastic #2 (HDPE); Plastic #2 (Color HDPE); Plastic #3 (PVC); Plastic #4 (LDPE); Plastic #5 (Polypropylene); Plastic #6 (Polystyrene); Plastic #7; Aluminum Cans; Broken Asphalt/Aggregate; Glass (Blue); Books (Reuse); Book Recycling; Brick(s); Glass (Brown); Brown Paper Bags; Brush; Lead Acid (Pb) Batteries; Cardboard; Carpet; Carpet Padding; Catalogs; Ceramic Tiles; Christmas Trees; Glass (Clear); Clothing; CD/DVD/Blu-ray/UHD discs; Compact Fluorescent Lights; Computer (Reuse); Computer Monitors; Computer Paper; Computer (Recycling); Concrete (Set); Cooking Oil; Soil; Drink Boxes; Electronics; Ferrous Metals (Steel or Iron); Fluorescent Lamps/Tubes; Gift Boxes; Grass Clippings; Glass (Green); Greeting Cards; Drywall; Furniture; Large Household Appliances; Leaves; Linoleum; Magazines; Bed Mattresses; Clothes Hangers (Metal); Milk Cartons; Paper (Mixed); Newspapers; Ni-Cd Batteries; Non-ferrous (Copper/Brass/Tin); Office Furniture; Other Batteries; Glass (Other); Plastics (Other); Paint Donation; Wood Pallets; Paperboard; Phone books; Plastic Shopping Bags; Porcelain; Batteries (Rechargeable); Shingles; Alkaline/Single-Use Batteries; Stone; Televisions; Tin or Steel Cans; Tree Trimmings; Used Motor Oil; Used Tires; Weeds; Office Paper; Windows; Wood; MP3 Players; Food Storage Bags","false","true","","","false","false","false","false"
"Royalston Transfer Station","Royalston Transfer Station","9 Athol Rd ","Royalston","Worcester County","MA","01368","9786646555","0","","http://gotbooks.com","42.6724672","-72.1876605","7.23625093537086","Books (Reuse); Book Recycling; VHS & Cassette Tapes; Computer (Recycling); Computer Monitors; Electronics; Laptop Computers; Computer Peripherals; Small Electronics; Small Televisions; Televisions; Video Game Consoles; PlayStation Consoles","false","true","","","false","false","false","false"
"Templeton Developmental Center","Templeton Developmental Center","212 Freight Shed Rd","Baldwinville","Worcester","MA","01436","9789392161","0","","http://www.mass.gov/eea/agencies/massdep/recycle/reduce/bottle-and-can-recycling.html","42.58684","-72.11476","7.24259469721451","Plastic #1 (PETE); Plastic #2 (HDPE); Plastic #2 (Color HDPE); Aluminum Cans; Computer (Recycling); Computer Monitors; Electronics; Laptop Computers; Computer Peripherals; Small Electronics; Small Televisions; Televisions; Video Game Consoles; PlayStation Consoles","false","true","Clean, empty bottles and cans accepted.  Redemption centers deduct processing fees from refunds.","","false","false","false","false"
"Templeton Development Center","Templeton Development Center","212 Freight Shed Rd","Baldwinville","Worcester","MA","01436","9789392161","0","Monday: 8:00 AM - 11:30 AM Wednesday: 8:00 AM - 11:30 AM Friday: 8:00 AM - 11:30 AM ","null","42.58684","-72.11476","7.24259469721451","Plastic #1 (PETE); Plastic #2 (HDPE); Plastic #2 (Color HDPE); Aluminum Cans; Glass (Brown); Glass (Clear); Glass (Green); Computer (Recycling); Computer Monitors; Electronics; Laptop Computers; Computer Peripherals; Small Electronics; Small Televisions; Televisions; Video Game Consoles; PlayStation Consoles","false","true","This is a registered redemption center collecting beverage containers under the Massachusetts Bottle Deposit Law.  Templeton Development Center redeems all containers at the full deposit value.","","false","false","false","false"
"Royalston Transfer Station","","6 Town Dump Road","Royalston","","MA","1368","9786646555","0","","","42.6775061","-72.1882365","7.25378261115319","","false","false","","","false","false","false","false"
"USPS Post Office Box Lobby Recycling Program","US Post Office","123 Central St","Ashburnham","Worcester","MA","01430","8002758777","0","","https://www.usps.com/","42.62656","-71.91906","7.35355555735956","Catalogs; Greeting Cards; Magazines; Paper (Mixed)","false","true","","","false","false","false","false"
"US Post Office","USPS Discarded Lobby Mail Recycling Program","123 Central St","Ashburnham","Worcester","MA","01430","0","0","","","42.62656","-71.91906","7.35355555735956","Computer (Recycling); Computer Monitors; Electronics; Laptop Computers; Computer Peripherals; Small Electronics; Small Televisions; Televisions; Video Game Consoles; PlayStation Consoles","false","true","","","false","false","false","false"
"Beauregard Liquors","Beauregard Liquors","11 West St","Gardner","Worcester","MA","01440","9786327177","0","","http://www.mass.gov/eea/agencies/massdep/recycle/reduce/bottle-and-can-recycling.html","42.57627","-71.99787","7.46040073196918","Plastic #1 (PETE); Plastic #2 (HDPE); Plastic #2 (Color HDPE); Aluminum Cans; Computer (Recycling); Computer Monitors; Electronics; Laptop Computers; Computer Peripherals; Small Electronics; Small Televisions; Televisions; Video Game Consoles; PlayStation Consoles","false","true","Clean, empty bottles and cans accepted.  Redemption centers deduct processing fees from refunds.","","false","false","false","false"
"USPS Post Office Box Lobby Recycling Program","US Post Office","30 NH Route 12 S","Fitzwilliam","Cheshire","NH","03447","8002758777","0","","https://www.usps.com/","42.75653","-72.14786","7.49362530637474","Catalogs; Greeting Cards; Magazines; Paper (Mixed)","false","true","","","false","false","false","false"
"US Post Office","USPS Discarded Lobby Mail Recycling Program","30 NH Route 12 S","Fitzwilliam","Cheshire","NH","03447","0","0","","","42.75653","-72.14786","7.49362530637474","Video Game Consoles; PlayStation Consoles","false","true","","","false","false","false","false"
"Town of Ashburnham Transfer Station","","17 Central St","Ashburnham","","MA","1430","9788274120","0","","http://www.ashburnham-ma.gov","42.6340086","-71.9095208","7.55686163354089","","false","false","","","false","false","false","false"
"USPS Post Office Box Lobby Recycling Program","US Post Office","69 Pleasant St","Gardner","Worcester","MA","01440","8002758777","0","","https://www.usps.com/","42.5746","-71.99543","7.61018330435259","Catalogs; Greeting Cards; Magazines; Paper (Mixed)","false","true","","","false","false","false","false"
"US Post Office","USPS Discarded Lobby Mail Recycling Program","69 Pleasant St","Gardner","Worcester","MA","01440","0","0","","","42.5746","-71.99543","7.61018330435259","Computer (Recycling); Computer Monitors; Electronics; Laptop Computers; Computer Peripherals; Small Electronics; Small Televisions; Televisions; Video Game Consoles; PlayStation Consoles","false","true","","","false","false","false","false"
"W.J. Graves Construction Co.","W.J. Graves Construction Co.","192 Depot Rd ","Templeton","Worcester County","MA","01468","9789395568","0","","","42.5670634","-72.0431239","7.69472949824129","Broken Asphalt/Aggregate; Brick(s); Concrete (Set); Computer (Recycling); Computer Monitors; Electronics; Laptop Computers; Computer Peripherals; Small Electronics; Small Televisions; Televisions; Video Game Consoles; PlayStation Consoles","false","true","","","false","false","false","false"
"SpeeDee Oil Change & Tune-up","SpeeDee Oil Change & Tune-up","15 Donlan St","Gardner","Worcester","MA","01440","9786301511","0","","http://www.speedeeoil.com","42.56792","-71.99184","8.10622422264209","Used Motor Oil; Computer (Recycling); Computer Monitors; Electronics; Laptop Computers; Computer Peripherals; Small Electronics; Small Televisions; Televisions; Video Game Consoles; PlayStation Consoles","false","true","","","false","false","false","false"
"USPS Post Office Box Lobby Recycling Program","US Post Office","132B Patriots Rd","East Templeton","Worcester","MA","01438","8002758777","0","","https://www.usps.com/","42.56092","-72.04038","8.12234436092176","Catalogs; Greeting Cards; Magazines; Paper (Mixed)","false","true","","","false","false","false","false"
"US Post Office","USPS Discarded Lobby Mail Recycling Program","132B Patriots Rd","East Templeton","Worcester","MA","01438","0","0","","","42.56092","-72.04038","8.12234436092176","Computer (Recycling); Computer Monitors; Electronics; Laptop Computers; Computer Peripherals; Small Electronics; Small Televisions; Televisions; Video Game Consoles; PlayStation Consoles","false","true","","","false","false","false","false"
"Pennywise","Pennywise","3 Hay Rd ","Ashburnham","Worcester County","MA","01430","5087537913","0","Monday: 6:00 AM - 11:00 PM Tuesday: 6:00 AM - 11:00 PM Wednesday: 6:00 AM - 11:00 PM Thursday: 6:00 AM - 11:00 PM Friday: 6:00 AM - 11:00 PM Saturday: 6:00 AM - 11:00 PM Sunday: 6:00 AM - 9:00 PM ","null","42.6678322","-71.8860856","8.12735859716735","Plastic #1 (PETE); Plastic #2 (HDPE); Plastic #2 (Color HDPE); Plastic #3 (PVC); Aluminum Cans; Glass (Brown); Glass (Clear); Glass (Green); Tin or Steel Cans; Computer (Recycling); Computer Monitors; Electronics; Laptop Computers; Computer Peripherals; Small Electronics; Small Televisions; Televisions; Video Game Consoles; PlayStation Consoles","false","true","This is a registered redemption center collecting beverage containers under the Massachusetts Bottle Deposit Law.  Pennywise redeems containers at the full deposit value.","","false","false","false","false"
"ElectroniCycle, Inc.","ElectroniCycle, Inc.","461 W Broadway Ste 471","Gardner","Worcester","MA","01440","8008295082","0","Monday: 7:30 AM - 4:00 PM Tuesday: 7:30 AM - 4:00 PM Wednesday: 7:30 AM - 4:00 PM Thursday: 7:30 AM - 4:00 PM Friday: 7:30 AM - 4:00 PM ","http://www.electronicycle.com","42.56431","-72.00119","8.19863377787918","MP3 Players; CD/DVD/Blu-ray/UHD discs; Compact Fluorescent Lights; Computer Monitors; Computer (Recycling); Electronics; Ferrous Metals (Steel or Iron); Fluorescent Lamps/Tubes; Non-ferrous (Copper/Brass/Tin); Televisions; Laptop Computers; Computer Peripherals; Small Electronics; Small Televisions; Video Game Consoles; PlayStation Consoles","false","true","This site accepts most electronics and appliances.  Individuals can drop off old televisions or computers between 8:30am and 3pm. For all other items, please call to schedule a drop off appointment or pick-up.","","false","false","false","false"
"Raw Material Recovery Corp.","","461 West Broadway","Gardner","","MA","1440","9787308266","0","","http://www.rawmatrec.com/","42.5647713","-71.9988511","8.20152833034654","","false","false","","","false","false","false","false"
"Price Chopper #239","Price Chopper #239","560 Main St","Gardner","Worcester","MA","01440","0","0","","http://www.mass.gov/eea/agencies/massdep/recycle/reduce/bottle-and-can-recycling.html","42.56834","-71.98342","8.23312104563466","Plastic #1 (PETE); Plastic #2 (HDPE); Plastic #2 (Color HDPE); Aluminum Cans; Computer (Recycling); Computer Monitors; Electronics; Laptop Computers; Computer Peripherals; Small Electronics; Small Televisions; Televisions; Video Game Consoles; PlayStation Consoles","false","true","Clean, empty bottles and cans accepted.  Redemption centers deduct processing fees from refunds.","","false","false","false","false"
"Fitzwiliam Recycling Center","Fitzwiliam Recycling Center","13 Templeton Turnpike ","Fitzwilliam","Cheshire County","NH","03447","6035857791","0","","null","42.777527","-72.1438669","8.47589221106622","Aluminum Cans; Greeting Cards; Paper (Mixed); Newspapers; Tin or Steel Cans; Used Motor Oil; Video Game Consoles; PlayStation Consoles","false","true","","","false","false","false","false"
"USPS Post Office Box Lobby Recycling Program","US Post Office","449 Patriots Rd","Templeton","Worcester","MA","01468","8002758777","0","","https://www.usps.com/","42.55514","-72.06383","8.56883252548812","Catalogs; Greeting Cards; Magazines; Paper (Mixed)","false","true","","","false","false","false","false"
"US Post Office","USPS Discarded Lobby Mail Recycling Program","449 Patriots Rd","Templeton","Worcester","MA","01468","0","0","","","42.55514","-72.06383","8.56883252548812","Computer (Recycling); Computer Monitors; Electronics; Laptop Computers; Computer Peripherals; Small Electronics; Small Televisions; Televisions; Video Game Consoles; PlayStation Consoles","false","true","","","false","false","false","false"
"Staples","Staples","60 Pearson Blvd. ","Gardner","Worcester County","MA","01440","9786324285","0","Monday: 9:00 AM - 7:00 PM Tuesday: 9:00 AM - 7:00 PM Wednesday: 9:00 AM - 7:00 PM Thursday: 9:00 AM - 7:00 PM Friday: 9:00 AM - 7:00 PM Sunday: 11:00 AM - 6:00 PM Saturday: 10:00 AM - 7:00 PM ","https://www.staples.com/recycle","42.565075","-71.976521","8.57913490482157","AC Power Plugs; Batteries (Rechargeable); Cables & Connectors; Cell Phone Batteries; Cell Phones; Computer (Recycling); Hard Drives; Computer Monitors; Cameras; DVD Players/Blu-Ray Players/DVRs; Electronics; E-Readers; GPS Units; Headphones; Inkjet Printer Cartridges; Laptop Computers; Laser Toner Cartridges; Li-Ion Batteries; MP3 Players; Network Equipment; Ni-Cd Batteries; Ni-MH Batteries; Ni-Zn Batteries; Computer Peripherals; Portable Media Players; Printers/Scanners/Fax Machines; Small Electronics; Small Sealed Lead Acid Batteries; Stereo Equipment; Tablets; Telephones; UPS Batteries/Backup Systems; VCRs; Video Game Systems; Blu-Ray Players; Digital Converter Boxes; Small Televisions; Televisions; Video Game Consoles; PlayStation Consoles; Alkaline/Single-Use Batteries; Batteries (Rechargeable); Cell Phone Batteries; Li-Ion Batteries; Ni-Cd Batteries; Ni-MH Batteries; Small Sealed Lead Acid Batteries; Alkaline/Single-Use Batteries; Button Batteries; Non-rechargeable lithium batteries; Cell Phones","false","true","NO TVs; Limit 6 CEDs per day; ","Sony, Vizio, OEM, Call2Recycle","false","false","false","false"
"Cosentino Salvage & Recycling Inc.","","364 Patriots Rd","Templeton","","MA","1468","9789392559","0","","","42.5541938","-72.056314","8.60080980653826","","false","false","","","false","false","false","false"
"E-Waste Recyclers, LLC","E-Waste Recyclers, LLC","81 Fitzgerald Dr","Jaffrey","Cheshire","NH","03452","6033973834","0","Monday: 7:30 AM - 3:00 PM Tuesday: 7:30 AM - 3:00 PM Wednesday: 7:30 AM - 3:00 PM Thursday: 7:30 AM - 3:00 PM Friday: 7:30 AM - 3:00 PM ","http://www.yourewaste.com","42.80401","-72.00937","8.867653185818","CD/DVD/Blu-ray/UHD discs; Compact Fluorescent Lights; Computer Monitors; Computer (Recycling); Electronics; Office Equipment; Batteries (Rechargeable); Televisions; Printers/Scanners/Fax Machines; Laptop Computers; Tablets; MP3 Players; Cables & Connectors; Wire; Power Supplies; UPS Batteries/Backup Systems; Computer Peripherals; VCRs; Video Game Consoles; PlayStation Consoles","false","true","We have a EPA# NHD510197205 and are part of the Northeast Resources Recovery Association and the New Hampshire Environmental Services. We are fully insured.","","false","false","false","false"
"The Salvation Army","null","8 Union Sq","Gardner","Worcester County","MA","01440","8007287825","0","Monday: 8:00 AM - 6:00 PM Tuesday: 8:00 AM - 6:00 PM Wednesday: 8:00 AM - 6:00 PM Thursday: 8:00 AM - 6:00 PM Friday: 8:00 AM - 6:00 PM Saturday: 8:00 AM - 6:00 PM Sunday:  -  ","http://www.salvationarmyusa.org","42.5573986","-71.9806326","8.98721366344777","Bikes; Books (Reuse); CD/DVD/Blu-ray/UHD discs; Cell Phones; Children's Toys; Clothing; Computer (Reuse); Hard Drives; Computer Monitors; Cameras; DVD Players/Blu-Ray Players/DVRs; Electronics; E-Readers; Furniture; Gift Bags; Headphones; Household Goods; Laptop Computers; Lawn Equipment; Miscellaneous Tools; MP3 Players; Musical Instruments; Network Equipment; Ornaments; Computer Peripherals; Portable Media Players; Printers/Scanners/Fax Machines; Reusable Appliance Donation; Small Appliances; Small Electronics; Small Televisions; Sporting Goods; Stereo Equipment; Tablets; Telephones; Televisions; VCRs; VHS & Cassette Tapes; Video Game Systems; Blu-Ray Players; Digital Converter Boxes; Computer (Recycling); Video Game Consoles; PlayStation Consoles","false","true","Working TVs Only; ","Sony, Vizio, OEM, Salvation Army","false","false","false","false"
"Blue Rhino Exchange - Walmart #2057","Blue Rhino Exchange - Walmart #2057","233 US-202 ","Jaffrey","Cheshire County","NH","03452","6038996882","0","","http://www.bluerhino.com","42.808956","-72.0283929","9.05987018437647","Propane Tank Exchange; Video Game Consoles; PlayStation Consoles","false","true","","","false","false","false","false"
"Dr Green Electronics Recycling","","104 East Broadway","Gardner","","MA","1440","9788945073","0","","http://www.drgreenelectronics.com/","42.5560684","-71.9779911","9.1224215501697","","false","false","","","false","false","false","false"
"Dr Green Electronics Inc","Dr Green Electronics Inc","104 E Broadway","Gardner","Worcester","MA","01440","9788945073","0","Monday: 8:00 AM - 5:00 PM Tuesday: 8:00 AM - 5:00 PM Wednesday: 8:00 AM - 5:00 PM Thursday: 8:00 AM - 5:00 PM Friday: 8:00 AM - 5:00 PM ","http://www.drgreenelectronics.com/","42.55602","-71.97798","9.12573295221133","Cell Phones; CD/DVD/Blu-ray/UHD discs; Computer Monitors; Computer (Recycling); Hard Drives; Fluorescent Lamps/Tubes; Video Game Systems; Office Equipment; Batteries (Rechargeable); Alkaline/Single-Use Batteries; Telephones; Televisions; VHS & Cassette Tapes; Stereo Equipment; Printers/Scanners/Fax Machines; Small Appliances; Memory (RAM), Flash Card/Drive; Laptop Computers; Electronics; Computer Peripherals; Small Electronics; Small Televisions; Video Game Consoles; PlayStation Consoles","false","true","","","false","false","false","false"
"Walmart Tire and Lube Express","","677 Timpany Blvd","Gardner","","MA","1440","9786303244","0","","https://www.walmart.com/cp/ideas/8932632","42.551348","-71.9947764","9.14959848104852","","false","false","","","false","false","false","false"
"Walmart Tire & Lube Express","Walmart Tire & Lube Express","677 Timpany Blvd","Gardner","Worcester","MA","01440","9786303244","0","","http://www.walmart.com/catalog/catalog.gsp?cat=495843","42.55023","-71.99252","9.25644109275401","Lead Acid (Pb) Batteries; Used Motor Oil; Oil Filters; Computer (Recycling); Computer Monitors; Electronics; Laptop Computers; Computer Peripherals; Small Electronics; Small Televisions; Televisions; Video Game Consoles; PlayStation Consoles","false","true","","","false","false","false","false"
"USPS Post Office Box Lobby Recycling Program","US Post Office","30 Turnpike Rd","Jaffrey","Cheshire","NH","03452","8002758777","0","","https://www.usps.com/","42.81388","-72.02094","9.44086464544365","Catalogs; Greeting Cards; Magazines; Paper (Mixed)","false","true","","","false","false","false","false"
"US Post Office","USPS Discarded Lobby Mail Recycling Program","30 Turnpike Rd","Jaffrey","Cheshire","NH","03452","0","0","","","42.81388","-72.02094","9.44086464544365","Video Game Consoles; PlayStation Consoles","false","true","","","false","false","false","false"
"Athol Transfer and Recycling Station","Athol Transfer and Recycling Station","1010 W Royalston Rd ","Athol","Worcester County","MA","01331","9782494551","0","Wednesday: 8:00 AM - 2:30 PM Thursday: 8:00 AM - 2:30 PM Friday: 8:00 AM - 2:30 PM Saturday: 8:30 AM - 2:00 PM ","http://www.masstoss.com","42.623706","-72.2249285","9.87354531245837","Plastic #1 (PETE); Plastic #2 (HDPE); Plastic #2 (Color HDPE); Plastic #3 (PVC); Plastic #4 (LDPE); Plastic #5 (Polypropylene); Plastic #7; Aluminum Cans; Glass (Blue); Books (Reuse); Book Recycling; Glass (Brown); Brown Paper Bags; Lead Acid (Pb) Batteries; Cardboard; Catalogs; Chipboard; Glass (Clear); Clothing; Compact Fluorescent Lights; Computer Monitors; Computer Paper; Computer (Recycling); Drink Boxes; Electronics; Ferrous Metals (Steel or Iron); Fluorescent Lamps/Tubes; Gift Bags; Gift Boxes; Glass (Green); Greeting Cards; Furniture; Household Goods; Large Household Appliances; Magazines; Bed Mattresses; Clothes Hangers (Metal); Milk Cartons; Paper (Mixed); Newspapers; Ni-Cd Batteries; Non-ferrous (Copper/Brass/Tin); Office Furniture; Ornaments; Packing Peanut (Reuse); Paperboard; Phone books; Propane Tank Exchange; Batteries (Rechargeable); Televisions; Tin or Steel Cans; Used Tires; Office Paper; MP3 Players","false","true","This new Transfer and Recycling Center is open to all residents, non residents and businesses. There is a Facility sticker required to use the site. All trash must be in Athol Town PAYT bags.","","false","false","false","false"
"New Ipswich Transfer Station & Recycling Center","","1381 Turnpike Rd","New Ipswich","","NH","3071","6038782447","0","","https://www.townofnewipswich.org","42.782227","-71.9112004","9.89153859072839","","false","false","","","false","false","false","false"
