name,description,address,city,region,province,postal_code,phone,fax,hours,url,latitude,longitude,distance,materials,pickup,dropoff,notes,groups,curbside,municipal,national,event_only
"Town of Sharon/Dept of Public Works","Town of Sharon/Dept of Public Works","217 S Main St","Sharon","Norfolk ","MA","02067-2528","7817841525","0","","","42.1135528292062","-71.1873751734257","0.48555842023358","Batteries (Rechargeable); Cell Phone Batteries; Cell Phones; Li-Ion Batteries; Ni-Cd Batteries; Ni-MH Batteries; Small Sealed Lead Acid Batteries","false","true","Call or Check Online for Hours","Call2Recycle","false","false","false","false"
"Temple Adath","","18 Harding Street","Sharon","","MA","2067","9782842500","0","","","42.1076776","-71.1875072","0.598660044589669","","false","false","","","false","false","false","false"
"USPS Post Office Box Lobby Recycling Program","US Post Office","15 S Main St","Sharon","Norfolk","MA","02067","8002758777","0","","https://www.usps.com/","42.12327","-71.17973","0.736902446422675","Catalogs; Greeting Cards; Magazines; Paper (Mixed)","false","true","","","false","false","false","false"
"US Post Office","USPS Discarded Lobby Mail Recycling Program","15 S Main St","Sharon","Norfolk","MA","02067","0","0","","","42.12327","-71.17973","0.736902446422675","Computer (Recycling); Computer Monitors; Electronics; Laptop Computers; Computer Peripherals; Small Electronics; Small Televisions; Televisions; Video Game Consoles; PlayStation Consoles","false","true","","","false","false","false","false"
"The Cell Phone Store","","111 Sharon St","Stoughton","","MA","2072","7813449889","0","","","42.1381423","-71.1477991","2.34192946783611","","false","false","","","false","false","false","false"
"Shaw's","Shaw's","95 Washington St","Canton","Norfolk","MA","02021","7818281446","0","","null","42.14099","-71.1486","2.46781969157743","Plastic Shopping Bags; Food Storage Bags; Computer (Recycling); Computer Monitors; Electronics; Laptop Computers; Computer Peripherals; Small Electronics; Small Televisions; Televisions; Video Game Consoles; PlayStation Consoles","false","true","","","false","false","false","false"
"Shred Nations","Shred Nations (inside The UPS Store)","95 Washington St Ste 104","Canton","Norfolk","MA","02021","8007473365","0","Monday: 8:30 AM - 6:30 PM Tuesday: 8:30 AM - 6:30 PM Wednesday: 8:30 AM - 6:30 PM Thursday: 8:30 AM - 6:30 PM Friday: 8:30 AM - 6:30 PM Saturday: 9:00 AM - 4:30 PM ","http://www.shrednations.com/dropoff/location/canton/6f662040-7a2c-2386-3f0f-525c3c7ba3ed","42.14099","-71.1486","2.46781969157743","Cell Phones; Computer (Recycling); Laptop Computers; Small Televisions; Documents to Shred; Computer Monitors; Electronics; Computer Peripherals; Small Electronics; Televisions; Video Game Consoles; PlayStation Consoles","true","true","Shred Nations offers document shredding, hard drive destruction, electronics recycling and more. Visit website for quotes and full list of services offered in your area. ","","false","false","false","false"
"Shaws","","95 Washington Street","Canton","","MA","2021","7818281446","0","","","42.1396013","-71.1460443","2.47699433602072","","false","false","","","false","false","false","false"
"Shaws","","780 South Main Street","Sharon","","MA","2067","7817845995","0","","","42.093969","-71.2200989","2.51687278209249","","false","false","","","false","false","false","false"
"Walmart","null","550 Providence Hwy, ","Walpole","","MA","02081","5086684144","0","","https://www.walmart.com/","42.123631","-71.2306989","2.80592323444286","","false","false","","","false","false","false","false"
"Big Hearted Books","Big Hearted Books","10 Merchant St","Sharon","Norfolk","MA","02067","7817840813","0","","http://bigheartedbooks.com/","42.11783","-71.23268","2.82617756035582","Books (Reuse); CD/DVD/Blu-ray/UHD discs; Clothing; Shoes; Computer (Recycling); Computer Monitors; Electronics; Laptop Computers; Computer Peripherals; Small Electronics; Small Televisions; Televisions; Video Game Consoles; PlayStation Consoles","true","true","Books, DVDs, CDs, records, and video games accepted. If you have 8 boxes of books or more, call or email to schedule pick-up.  Email info@bigheartedbooks.com or call to find the container nearest you.","","false","false","false","false"
"Gizmogul","Gizmogul","6 Merchant St Ste 5","Sharon","Norfolk","MA","02067","8667842238","0","Monday: 9:00 AM - 5:00 PM Tuesday: 9:00 AM - 5:00 PM Wednesday: 9:00 AM - 5:00 PM Thursday: 9:00 AM - 5:00 PM Friday: 9:00 AM - 5:00 PM ","http://gizmogul.com","42.11787","-71.23362","2.87431923922111","Servers; Computer (Recycling); Computer Monitors; Electronics; Laptop Computers; Computer Peripherals; Small Electronics; Small Televisions; Televisions; Video Game Consoles; PlayStation Consoles","true","true","Gizmogul pays for your smart phones, PDAs, tablets and more. Visit website for your free mailer and program details.","","false","false","false","false"
"Gizmogul","","6 Merchant St #5 ","Sharon","","MA","2067","1866784223","0","","https://gizmogul.com/","42.1179928","-71.2336852","2.87870071260191","","false","false","","","false","false","false","false"
"Gizmogul","","6 Merchant St. #5","Sharon","","MA","2067","7817842238","0","","https://gizmogul.com/","42.1179928","-71.2336852","2.87870071260191","","false","false","","","false","false","false","false"
"Blue Rhino Exchange - Stop & Shop #002","Blue Rhino Exchange - Stop & Shop #002","180 Providence Hwy","Dedham","Norfolk","MA","02026","7813291050","0","","http://www.bluerhino.com","42.14302","-71.2175","2.91459087389884","Propane Tank Exchange; Computer (Recycling); Computer Monitors; Electronics; Laptop Computers; Computer Peripherals; Small Electronics; Small Televisions; Televisions; Video Game Consoles; PlayStation Consoles","false","true","","","false","false","false","false"
"Blue Rhino Exchange - Walmart #2103","Blue Rhino Exchange - Walmart #2103","1111 Providence Hwy Rte 1","Walpole","Norfolk","MA","02081","5086609710","0","","http://www.bluerhino.com","42.14026","-71.22323","3.0012698788376","Propane Tank Exchange; Computer (Recycling); Computer Monitors; Electronics; Laptop Computers; Computer Peripherals; Small Electronics; Small Televisions; Televisions; Video Game Consoles; PlayStation Consoles","false","true","","","false","false","false","false"
"Kohl's","","100 Boston-Providence Hwy","Walpole","","MA","2032","5086609921","0","","https://corporate.kohls.com/","42.1536253","-71.2027979","3.10142922896469","","false","false","","","false","false","false","false"
"South Shore Furniture Consignment","South Shore Furniture Consignment","1595 Central St","Stoughton","Norfolk","MA","02072","7813419222","0","Monday: 10:00 AM - 5:00 PM Tuesday: 10:00 AM - 5:00 PM Wednesday: 10:00 AM - 5:00 PM Thursday: 10:00 AM - 5:00 PM Friday: 10:00 AM - 5:00 PM Saturday: 10:00 AM - 5:00 PM Sunday: 12:00 PM - 5:00 PM ","","42.13155","-71.12297","3.10548122413144","Gift Bags; Household Goods; Ornaments; Computer (Recycling); Computer Monitors; Electronics; Laptop Computers; Computer Peripherals; Small Electronics; Small Televisions; Televisions; Video Game Consoles; PlayStation Consoles","false","true","","","false","false","false","false"
"OfficeMax","","70 Boston Providence Hwy","East Walpole","","MA","2032","5086601256","0","","","42.1555693","-71.2017114","3.20283972256211","","false","false","","","false","false","false","false"
"United Industrial Services","United Industrial Services","441 Canton St ","Stoughton","Norfolk County","MA","02072","8882760886","0","Monday: 7:00 AM - 5:00 PM Tuesday: 7:00 AM - 5:00 PM Wednesday: 7:00 AM - 5:00 PM Thursday: 7:00 AM - 5:00 PM Friday: 7:00 AM - 5:00 PM ","","42.129084","-71.11904","3.22569935128165","Antifreeze; Brake Fluid; Gasoline and Unwanted Fuels; Transmission Fluid; Used Motor Oil; Computer (Recycling); Computer Monitors; Electronics; Laptop Computers; Computer Peripherals; Small Electronics; Small Televisions; Televisions; Video Game Consoles; PlayStation Consoles","true","true","This site offers emergency response services 24 hours a day 7 days a week.  Please contact this site for additional information.","","false","false","false","false"
"Walpole Mall 1","Walpole Mall 1","90 Providence Hwy","East Walpole","Norfolk","MA","02032","8583244111","0","","http://www.ecoatm.com/","42.1552","-71.20415","3.2291123189074","Cell Phones; Tablets; MP3 Players; Computer (Recycling); Computer Monitors; Electronics; Laptop Computers; Computer Peripherals; Small Electronics; Small Televisions; Televisions; Video Game Consoles; PlayStation Consoles","false","true","ecoATM is an automated, consumer self-serve kiosk that quickly buys back and recycles old phones, mp3 players and tablets.
</br>
Call or email <a href="mailto:max@ecoATM.com">customer support</a> with questions.","","false","false","false","false"
"Town of Canton ","null","99 Pine St ","Canton","Norfolk County","MA","02021","7815756650","0","Monday: 7:30 AM - 4:00 PM Tuesday: 7:30 AM - 4:00 PM Wednesday: 7:30 AM - 4:00 PM Thursday: 7:30 AM - 4:00 PM Friday: 7:30 AM - 4:00 PM Saturday: 7:30 AM - 4:00 PM Sunday:  -  ","https://town.canton.ma.us/488/Yard-Waste","42.1461095","-71.1334405","3.24655146630207","Computer (Recycling); Computer Monitors; Electronics; Laptop Computers; Computer Peripherals; Small Electronics; Small Televisions; Televisions; Video Game Consoles; PlayStation Consoles","false","true","Municipal Residents Only","Sony, Vizio, OEM, OEM Indiv, OEM Municipal sites","false","false","false","false"
"Walgreens","Walgreens","595 Washington St","Canton","Norfolk","MA","02021","7818282375","0","","http://www.walgreens.com","42.15345","-71.14542","3.27335518731263","Cell Phones; Inkjet Printer Cartridges; Computer (Recycling); Computer Monitors; Electronics; Laptop Computers; Computer Peripherals; Small Electronics; Small Televisions; Televisions; Video Game Consoles; PlayStation Consoles","false","true","","","false","false","false","false"
"Town of Canton Household Hazardous Waste Collection Program","","150 Bolivar St","Canton","","MA","2021","7815756650","0","","https://www.town.canton.ma.us","42.1518072","-71.1417828","3.2779361900395","","false","false","","","false","false","false","false"
"Town of Canton Yard Waste Facility","","99 Pine St","Canton","","MA","2021","7815756650","0","","https://www.town.canton.ma.us","42.1453523","-71.1309184","3.30268816425185","","false","false","","","false","false","false","false"
"USPS Post Office Box Lobby Recycling Program","US Post Office","661 Washington St","Canton","Norfolk","MA","02021","8002758777","0","","https://www.usps.com/","42.15479","-71.14547","3.35206473900454","Catalogs; Greeting Cards; Magazines; Paper (Mixed)","false","true","","","false","false","false","false"
"US Post Office","USPS Discarded Lobby Mail Recycling Program","661 Washington St","Canton","Norfolk","MA","02021","0","0","","","42.15479","-71.14547","3.35206473900454","Computer (Recycling); Computer Monitors; Electronics; Laptop Computers; Computer Peripherals; Small Electronics; Small Televisions; Televisions; Video Game Consoles; PlayStation Consoles","false","true","","","false","false","false","false"
"Bird Middle School","","625 Washington Street","East Walpole","","MA","2032","9782842500","0","","","42.145806","-71.230117","3.51783645316815","","false","false","","","false","false","false","false"
"Landry's Bicycle- Norwood","Landry's Bicycle- Norwood","1583 Boston Providence Turnpike","Norwood","Norfolk ","MA","02062","7814400310","0","","","42.1611399577144","-71.200345648277","3.53859067471922","E-Bike Batteries","false","true","Call or Check Online for Hours","Call2Recycle","false","false","false","false"
"Home Depot","","1415 Boston Providence Hwy","Norwood","","MA","2062","7817629270","0","","https://ecooptions.homedepot.com/","42.1632841","-71.2017113","3.7014438975504","","false","false","","","false","false","false","false"
"Pages Redemption Center","Pages Redemption Center","458 Pearl St","Stoughton","Norfolk","MA","02072","7813443303","0","","http://www.mass.gov/eea/agencies/massdep/recycle/reduce/bottle-and-can-recycling.html","42.13677","-71.11277","3.73272367574004","Plastic #1 (PETE); Plastic #2 (HDPE); Plastic #2 (Color HDPE); Aluminum Cans; Computer (Recycling); Computer Monitors; Electronics; Laptop Computers; Computer Peripherals; Small Electronics; Small Televisions; Televisions; Video Game Consoles; PlayStation Consoles","false","true","Clean, empty bottles and cans accepted.  Redemption centers deduct processing fees from refunds.","","false","false","false","false"
"Home Depot","Home Depot","1415 Boston Providence Tpke","Norwood","Norfolk","MA","02062","7817629270","0","","http://www.homedepot.com","42.16394","-71.20118","3.7355198657888","Compact Fluorescent Lights; Batteries (Rechargeable); Computer (Recycling); Computer Monitors; Electronics; Laptop Computers; Computer Peripherals; Small Electronics; Small Televisions; Televisions; Video Game Consoles; PlayStation Consoles; Batteries (Rechargeable); Cell Phone Batteries; Li-Ion Batteries; Ni-Cd Batteries; Ni-MH Batteries; Small Sealed Lead Acid Batteries","false","true","Home Depot accepts compact fluorescent bulbs and used power tool rechargeable batteries. Look for the orange drop boxes, usually located near the front entrance near the customer service desk.","Call2Recycle","false","false","false","false"
"Blue Rhino Exchange - Home Depot #2681 NE","Blue Rhino Exchange - Home Depot #2681 NE","1415 Boston Providence Hwy","Norwood","Norfolk","MA","02062","7817629270","0","","http://www.bluerhino.com","42.16394","-71.20118","3.7355198657888","Propane Tank Exchange; Computer (Recycling); Computer Monitors; Electronics; Laptop Computers; Computer Peripherals; Small Electronics; Small Televisions; Televisions; Video Game Consoles; PlayStation Consoles","false","true","","","false","false","false","false"
"Call2Recycle at the Home Depot","Call2Recycle at the Home Depot","1415 Boston Providence Hwy","Norwood","Norfolk","MA","02062","7817629270","0","","http://www.homedepot.com/","42.16394","-71.20118","3.7355198657888","Cell Phones; Compact Fluorescent Lights; Ni-Cd Batteries; Li-Ion Batteries; Ni-MH Batteries; Ni-Zn Batteries; Small Sealed Lead Acid Batteries; Computer (Recycling); Computer Monitors; Electronics; Laptop Computers; Computer Peripherals; Small Electronics; Small Televisions; Televisions; Video Game Consoles; PlayStation Consoles","false","true","The Home Depot accepts used rechargeable batteries and compact fluorescent bulbs. Look for the orange drop boxes, usually located near the front entrance near the customer service desk, or ask a store associate for more details.","","false","false","false","false"
"911 Cell Phone Bank - Verizon Wireless","911 Cell Phone Bank - Verizon Wireless","1401 Boston Providence Tpke","Norwood","Norfolk","MA","02062","8662907864","0","","http://www.911cellphonebank.org/","42.1657","-71.19898","3.81769456836649","Cell Phones; Cameras; Laptop Computers; MP3 Players; Video Games; Video Game Consoles; Smart watches & Apple Watch®
","false","true","Please call to verify drop-off procedures and directions to the location.  For prepaid shipping labels, visit http://www.911cellphonebank.org/drop-off-locations.asp - click on "print shipping label."","","false","false","false","false"
"USPS Post Office Box Lobby Recycling Program","US Post Office","31 Union St","East Walpole","Norfolk","MA","02032","8002758777","0","","null","42.161","-71.21461","3.82966434455132","Catalogs; Greeting Cards; Magazines; Paper (Mixed)","false","true","","","false","false","false","false"
"Ahavath Torah Congregation","","1179 Central Street","Stoughton","","MA","2072","9782842500","0","","","42.1346959","-71.1081335","3.8886228520657","","false","false","","","false","false","false","false"
"USPS Post Office Box Lobby Recycling Program","US Post Office","31 Porter St","Stoughton","Norfolk","MA","02072","8002758777","0","","https://www.usps.com/","42.1247","-71.10288","3.93694307016525","Catalogs; Greeting Cards; Magazines; Paper (Mixed)","false","true","","","false","false","false","false"
"US Post Office","USPS Discarded Lobby Mail Recycling Program","31 Porter St","Stoughton","Norfolk","MA","02072","0","0","","","42.1247","-71.10288","3.93694307016525","Computer (Recycling); Computer Monitors; Electronics; Laptop Computers; Computer Peripherals; Small Electronics; Small Televisions; Televisions; Video Game Consoles; PlayStation Consoles","false","true","","","false","false","false","false"
"Sprint Store","","1337 Boston Providence Hwy","Norwood","","MA","2062","7812555566","0","","https://newsroom.sprint.com/csr/device-donations/","42.1677429","-71.1986136","3.9482418031785","","false","false","","","false","false","false","false"
"DeWalt Factory Service Center","DeWalt Factory Service Center","1400 Boston Providence Turnpike","Norwood","Norfolk ","MA","02062","7813293407","0","","","42.1685015711246","-71.1976089723485","3.98546652826289","Batteries (Rechargeable); Cell Phone Batteries; Cell Phones; Li-Ion Batteries; Ni-Cd Batteries; Ni-MH Batteries; Small Sealed Lead Acid Batteries","false","true","Call or Check Online for Hours","Call2Recycle","false","false","false","false"
"OSCO DRUG","OSCO DRUG","638 Washington St","Stoughton","Norfolk","MA","02072","7813410936","0","","","42.12742","-71.10191","4.02880801234248","Plastic #2 (HDPE); Plastic #2 (Color HDPE); Plastic #4 (LDPE); Plastic Shopping Bags; Food Storage Bags; Computer (Recycling); Computer Monitors; Electronics; Laptop Computers; Computer Peripherals; Small Electronics; Small Televisions; Televisions; Video Game Consoles; PlayStation Consoles","false","true","","","false","false","false","false"
"RadioShack","RadioShack","678 Washington St","Stoughton","Norfolk","MA","02072","7813412215","0","Monday: 9:30 AM - 9:00 PM Tuesday: 9:30 AM - 9:00 PM Wednesday: 9:30 AM - 9:00 PM Thursday: 9:30 AM - 9:00 PM Friday: 9:30 AM - 9:00 PM Saturday: 9:00 AM - 9:30 PM Sunday: 10:00 AM - 6:00 PM ","http://www.radioshack.com","42.12742","-71.10191","4.02880801234248","Cell Phones; Ni-Cd Batteries; Batteries (Rechargeable); Computer (Recycling); Computer Monitors; Electronics; Laptop Computers; Computer Peripherals; Small Electronics; Small Televisions; Televisions; Video Game Consoles; PlayStation Consoles","false","true","","","false","false","false","false"
"Stoughton Bottle and Can","Stoughton Bottle and Can","20 Freeman St","Stoughton","Norfolk","MA","02072","6176502014","0","","http://www.mass.gov/eea/agencies/massdep/recycle/reduce/bottle-and-can-recycling.html","42.12544","-71.10096","4.04399090358351","Plastic #1 (PETE); Plastic #2 (HDPE); Plastic #2 (Color HDPE); Aluminum Cans; Computer (Recycling); Computer Monitors; Electronics; Laptop Computers; Computer Peripherals; Small Electronics; Small Televisions; Televisions; Video Game Consoles; PlayStation Consoles","false","true","Clean, empty bottles and cans accepted.  Redemption centers deduct processing fees from refunds.","","false","false","false","false"
"Shaws","","666 Washington Street","Stoughton","","MA","2072","7813411908","0","","","42.1280469","-71.100613","4.10412115321384","","false","false","","","false","false","false","false"
"FOXBORO BIKE","FOXBORO BIKE","211 NORTH STREET","Foxboro","Norfolk ","MA","02035","5086982453","0","","","42.1027381","-71.2588585700984","4.20245141463968","E-Bike Batteries","false","true","Call or Check Online for Hours","Call2Recycle","false","false","false","false"
"Stoughton ZOOTS","Stoughton ZOOTS","386 Washington St","Stoughton","Norfolk","MA","02072","7812975720","0","","http://www.zoots.com","42.13406","-71.10112","4.20612913907789","Clothing; Perc-Free Dry Cleaning; Computer (Recycling); Computer Monitors; Electronics; Laptop Computers; Computer Peripherals; Small Electronics; Small Televisions; Televisions; Video Game Consoles; PlayStation Consoles","false","true","This site accepts clean clothing in good condition.","","false","false","false","false"
"Jones School","","137 Walnut St","Stoughton","","MA","2072","9782842500","0","","","42.1230786","-71.0969057","4.21625420258713","","false","false","","","false","false","false","false"
"AutoZone","AutoZone","993 Central St","Stoughton","Norfolk","MA","02072","7813411744","0","","http://www.autozone.com","42.13547","-71.10077","4.25793386267331","Lead Acid (Pb) Batteries; Used Motor Oil; Computer (Recycling); Computer Monitors; Electronics; Laptop Computers; Computer Peripherals; Small Electronics; Small Televisions; Televisions; Video Game Consoles; PlayStation Consoles","false","true","Most AutoZone stores accept used motor oil, transmission fluid, gear oil and automotive batteries. Call to see what your local store is currently accepting.","","false","false","false","false"
"USPS Post Office Box Lobby Recycling Program","US Post Office","44 Summer St","South Walpole","Norfolk","MA","02071","8002758777","0","","https://www.usps.com/","42.10417","-71.26324","4.40982787254081","Catalogs; Greeting Cards; Magazines; Paper (Mixed)","false","true","","","false","false","false","false"
"US Post Office","USPS Discarded Lobby Mail Recycling Program","44 Summer St","South Walpole","Norfolk","MA","02071","0","0","","","42.10417","-71.26324","4.40982787254081","Computer (Recycling); Computer Monitors; Electronics; Laptop Computers; Computer Peripherals; Small Electronics; Small Televisions; Televisions; Video Game Consoles; PlayStation Consoles","false","true","","","false","false","false","false"
"USPS Post Office Box Lobby Recycling Program","US Post Office","10 Common St","Walpole","Norfolk","MA","02081","8002758777","0","","https://www.usps.com/","42.14449","-71.25311","4.43296242032758","Catalogs; Greeting Cards; Magazines; Paper (Mixed)","false","true","","","false","false","false","false"
"US Post Office","USPS Discarded Lobby Mail Recycling Program","10 Common St","Walpole","Norfolk","MA","02081","0","0","","","42.14449","-71.25311","4.43296242032758","Computer (Recycling); Computer Monitors; Electronics; Laptop Computers; Computer Peripherals; Small Electronics; Small Televisions; Televisions; Video Game Consoles; PlayStation Consoles","false","true","","","false","false","false","false"
"Temple Beth Abraham","","1301 Washington St","Canton","","MA","2021","9782842500","0","","","42.1709597","-71.1403491","4.46386353667009","","false","false","","","false","false","false","false"
"Town of Walpole Household Hazardous Waste Collection Program","","","Walpole","","MA","2081","5086607321","0","","https://www.walpole-ma.gov","42.1470851","-71.2517835","4.46676259815235","","false","false","","","false","false","false","false"
"The UPS Store","The UPS Store","891 Main St ","Walpole","Norfolk County","MA","02081","5086688700","0","Monday: 8:00 AM - 7:00 PM Tuesday: 8:00 AM - 7:00 PM Wednesday: 8:00 AM - 7:00 PM Thursday: 8:00 AM - 7:00 PM Friday: 8:00 AM - 7:00 PM Saturday: 9:00 AM - 5:00 PM ","","42.1475927","-71.251788","4.48570335887142","Packing Peanut (Reuse); Computer (Recycling); Computer Monitors; Electronics; Laptop Computers; Computer Peripherals; Small Electronics; Small Televisions; Televisions; Video Game Consoles; PlayStation Consoles","false","true","","","false","false","false","false"
"Walpole Redemption Center","Walpole Redemption Center","747 Main St","Walpole","Norfolk","MA","02081","5086689615","0","","http://www.mass.gov/eea/agencies/massdep/recycle/reduce/bottle-and-can-recycling.html","42.15417","-71.24628","4.52367211995217","Plastic #1 (PETE); Plastic #2 (HDPE); Plastic #2 (Color HDPE); Aluminum Cans; Computer (Recycling); Computer Monitors; Electronics; Laptop Computers; Computer Peripherals; Small Electronics; Small Televisions; Televisions; Video Game Consoles; PlayStation Consoles","false","true","Clean, empty bottles and cans accepted.  Redemption centers deduct processing fees from refunds.","","false","false","false","false"
"Walpole Redemption","Walpole Redemption","747 Main St","Walpole","Norfolk","MA","02081","5086689615","0","Tuesday: 9:00 AM - 4:00 PM Wednesday: 9:00 AM - 4:00 PM Thursday: 9:00 AM - 4:00 PM Friday: 9:00 AM - 4:00 PM Saturday: 9:00 AM - 3:00 PM ","null","42.15417","-71.24628","4.52367211995217","Plastic #1 (PETE); Plastic #2 (HDPE); Plastic #2 (Color HDPE); Plastic #3 (PVC); Aluminum Cans; Glass (Brown); Glass (Clear); Glass (Green); Tin or Steel Cans; Computer (Recycling); Computer Monitors; Electronics; Laptop Computers; Computer Peripherals; Small Electronics; Small Televisions; Televisions; Video Game Consoles; PlayStation Consoles","false","true","This is a registered redemption center collecting beverage containers under the Massachusetts Bottle Deposit Law.  Walpole Redemption redeems all containers at the full deposit value.","","false","false","false","false"
"Shred Nations","Shred Nations (inside The UPS Store)","689 Main St","Walpole","Norfolk","MA","02081","5083869759","0","Monday: 8:30 AM - 6:30 PM Tuesday: 8:30 AM - 6:30 PM Wednesday: 8:30 AM - 6:30 PM Thursday: 8:30 AM - 6:30 PM Friday: 8:30 AM - 6:30 PM ","http://www.shrednations.com/dropoff/location/walpole/9d7f1c95-0d9c-7a68-f150-525c3e7235ac","42.15503","-71.24545","4.52898880609085","Cell Phones; Computer (Recycling); Laptop Computers; Small Televisions; Documents to Shred; Computer Monitors; Electronics; Computer Peripherals; Small Electronics; Televisions; Video Game Consoles; PlayStation Consoles","true","true","Shred Nations offers document shredding, hard drive destruction, electronics recycling and more. Visit website for quotes and full list of services offered in your area. ","","false","false","false","false"
"Shred Nations","Shred Nations (inside The UPS Store)","20 Roche Brothers Way Ste 6","North Easton","Bristol","MA","02356","5085704252","0","Monday: 8:30 AM - 6:30 PM Tuesday: 8:30 AM - 6:30 PM Wednesday: 8:30 AM - 6:30 PM Thursday: 8:30 AM - 6:30 PM Friday: 8:30 AM - 6:30 PM Saturday: 9:00 AM - 5:00 PM ","http://www.shrednations.com/dropoff/location/north-easton/d7de8e91-4d64-9cb8-aac0-5213f904f4d7","42.0877","-71.09615","4.53582839595195","Cell Phones; Computer (Recycling); Laptop Computers; Small Televisions; Documents to Shred; Computer Monitors; Electronics; Computer Peripherals; Small Electronics; Televisions; Video Game Consoles; PlayStation Consoles","true","true","Shred Nations offers document shredding, hard drive destruction, electronics recycling and more. Visit website for quotes and full list of services offered in your area. ","","false","false","false","false"
"AJT Supplies","","67 Neponset Ave","Foxborough","","MA","2035","5082035944","0","","https://ajtsupplies.com/","42.0728922","-71.248744","4.55222641146363","","false","false","","","false","false","false","false"
"Staples","Staples","991 Providence Hwy","Norwood","Norfolk County","MA","02062","7812557720","0","Monday: 8:00 AM - 8:00 PM Tuesday: 8:00 AM - 8:00 PM Wednesday: 8:00 AM - 8:00 PM Thursday: 8:00 AM - 8:00 PM Friday: 8:00 AM - 8:00 PM Saturday: 9:00 AM - 8:00 PM Sunday: 10:00 AM - 6:00 PM ","https://www.staples.com/recycle","42.1779356","-71.1920865","4.5658293669692","AC Power Plugs; Batteries (Rechargeable); Cables & Connectors; Cell Phone Batteries; Cell Phones; Computer (Recycling); Hard Drives; Computer Monitors; Cameras; DVD Players/Blu-Ray Players/DVRs; Electronics; E-Readers; GPS Units; Headphones; Inkjet Printer Cartridges; Laptop Computers; Laser Toner Cartridges; Li-Ion Batteries; MP3 Players; Network Equipment; Ni-Cd Batteries; Ni-MH Batteries; Ni-Zn Batteries; Computer Peripherals; Portable Media Players; Printers/Scanners/Fax Machines; Small Electronics; Small Sealed Lead Acid Batteries; Stereo Equipment; Tablets; Telephones; UPS Batteries/Backup Systems; VCRs; Video Game Systems; Blu-Ray Players; Digital Converter Boxes; Small Televisions; Televisions; Video Game Consoles; PlayStation Consoles; Alkaline/Single-Use Batteries","false","true","NO TVs; Limit 6 CEDs per day; ","Sony, Vizio, OEM","false","false","false","false"
"Staples","null","991 Providence Hwy","Norwood","","MA","02062","7812557720","0","","https://www.staples.com/sbd/cre/marketing/sustainability-center/recycling-services/","42.1783436","-71.1922112","4.59467393153584","Alkaline/Single-Use Batteries; Batteries (Rechargeable); Cell Phone Batteries; Li-Ion Batteries; Ni-Cd Batteries; Ni-MH Batteries; Small Sealed Lead Acid Batteries; Alkaline/Single-Use Batteries; Button Batteries; Non-rechargeable lithium batteries; Cell Phones","false","true","","Call2Recycle","false","false","false","false"
"Trinity Episcopal Church","","414 Sumner Street","Stoughton","","MA","2072","9782842500","0","","","42.1133514","-71.087893","4.61711420634668","","false","false","","","false","false","false","false"
"Advance Auto Parts","Advance Auto Parts","961 Providence Highway","NORWOOD","NORFOLK","MA","02062","7814409992","0","Monday: 7:30 AM - 9:00 PM Tuesday: 7:30 AM - 9:00 PM Wednesday: 7:30 AM - 9:00 PM Thursday: 7:30 AM - 9:00 PM Friday: 7:30 AM - 9:00 PM Saturday: 7:30 AM - 9:00 PM Sunday: 9:00 AM - 8:00 PM ","http://www.advanceautoparts.com","42.1790442","-71.1905486","4.62985488030476","Lead Acid (Pb) Batteries; Used Motor Oil; Computer (Recycling); Computer Monitors; Electronics; Laptop Computers; Computer Peripherals; Small Electronics; Small Televisions; Televisions; Video Game Consoles; PlayStation Consoles","false","true","","","false","false","false","false"
"Walgreens","Walgreens","951 Providence Hwy ","Norwood","Norfolk County","MA","02062","7817621561","0","","http://www.walgreens.com","42.1792033","-71.1904282","4.63988827391943","Cell Phones; Inkjet Cartridge Refilling; Inkjet Printer Cartridges; Computer (Recycling); Computer Monitors; Electronics; Laptop Computers; Computer Peripherals; Small Electronics; Small Televisions; Televisions; Video Game Consoles; PlayStation Consoles","false","true","","","false","false","false","false"
"Milwaukee Factory Service Centers","Milwaukee Factory Service Centers","949 Boston Providence Highway","Norwood","Norfolk ","MA","02062","8008233016","0","","","42.1807682952986","-71.1893867482368","4.74013408610872","Batteries (Rechargeable); Cell Phone Batteries; Li-Ion Batteries; Ni-Cd Batteries; Ni-MH Batteries; Small Sealed Lead Acid Batteries","false","true","Call or Check Online for Hours","Call2Recycle","false","false","false","false"
"Town of Walpole Recycling Center","","Robbins Rd","Walpole","","MA","2081","5086607321","0","","https://www.walpole-ma.gov","42.1518992","-71.2540054","4.74516459679645","","false","false","","","false","false","false","false"
"Nexgen Wireless, LLC","","210 Patriot Pl","Foxborough","","MA","2035","5082039456","0","","","42.0940008","-71.2672141","4.75311723576285","","false","false","","","false","false","false","false"
"Town of Foxborough Household Hazardous Waste Collection Program","","","Foxborough","","MA","2035","5085431224","0","","http://foxboroughma.virtualtownhall.net/Pages/FoxboroughMA_Trash/index","42.0706608","-71.2517835","4.76967605748633","","false","false","","","false","false","false","false"
"College Hunks Hauling Junk of Boston and Merrimack Valley, MA","","61 Endicott St","Norwood","","MA","2062","7813364661","0","","https://www.collegehunkshaulingjunk.com/boston-south/","42.1774718","-71.2157857","4.87730539222523","","false","false","","","false","false","false","false"
"Town of Foxborough HHW Collection Information","Town of Foxborough HHW Collection Information","70 Elm St","Foxborough","Norfolk","MA","02035","5085431224","0","","null","42.05671","-71.23615","4.88404276922678","Glue & Adhesives; Antifreeze; Brake Fluid; Lead Acid (Pb) Batteries; Degreasers; Fertilizer; Fungicides; Gasoline and Unwanted Fuels; Herbicides; Household Cleaners; Insecticides; Mercury Containing Items; Unused Paint; Pesticides; Photography Chemicals; Pool Chemicals; Solvents; Transmission Fluid; Oil Filters","false","true","","","false","false","false","false"
"Big Brother Big Sister Foxboro Clothing Bin","","141 Main St","Foxborough","","MA","2035","1800483550","0","","https://www.bbbsfoundation.org/","42.075329","-71.2604148","4.95224433784239","","false","false","","","false","false","false","false"
"USPS Post Office Box Lobby Recycling Program","US Post Office","15 Wall St","Foxboro","Norfolk","MA","02035","8002758777","0","","https://www.usps.com/","42.06295","-71.24788","4.96528427269326","Catalogs; Greeting Cards; Magazines; Paper (Mixed)","false","true","","","false","false","false","false"
"US Post Office","USPS Discarded Lobby Mail Recycling Program","15 Wall St","Foxboro","Norfolk","MA","02035","0","0","","","42.06295","-71.24788","4.96528427269326","Computer (Recycling); Computer Monitors; Electronics; Laptop Computers; Computer Peripherals; Small Electronics; Small Televisions; Televisions; Video Game Consoles; PlayStation Consoles","false","true","","","false","false","false","false"
"Interstate Refrigerant Recovery, Inc.","Interstate Refrigerant Recovery, Inc.","131 Morse St","Foxboro","Norfolk","MA","02035","5085605735","0","","http://www.irri.us/home.htm","42.04519","-71.21472","5.0294930853404","Large Household Appliances; Computer (Recycling); Computer Monitors; Electronics; Laptop Computers; Computer Peripherals; Small Electronics; Small Televisions; Televisions; Video Game Consoles; PlayStation Consoles","false","true","Interstate Refrigerant Recovery, Inc. (IRRI), is a leading provider of refrigerant recovery and recycling services, a member of SWANA, NFIB, Connecticut Recycler Coalitions and other environmental organizations, works with municipal, commercial, industrial, governmental and residential customers. 

We are a fully licensed and insured company that is registered with the United States Environmental Protection Agency and provides on-site service to safely and quickly recover all CFC's, in compliance with all regulations, from any freon bearing equipment you may have. A certification sticker will be affixed to each unit, and all units that have undergone the recovery process will be marked with an easily identifiable painted stripe. You will then be issued an EPA certification document to be kept on file.","","false","false","false","false"
"Town of Foxborough Highway Garage","","70 Elm St","Foxboro","","MA","2035","5085431224","0","","http://foxboroughma.virtualtownhall.net/Pages/FoxboroughMA_Trash/index","42.0548492","-71.2377452","5.03584364767662","","false","false","","","false","false","false","false"
"Staples","","360 Patriot Place","Foxboro","","MA","2035","5086981890","0","","https://www.staples.com/sbd/cre/marketing/sustainability-center/recycling-services/","42.086328","-71.2698499","5.04963215627434","","false","false","","","false","false","false","false"
"Boston Hive","Boston Hive","115 Shawmut Rd","Canton","Norfolk ","MA","02021","3395024930","0","","","42.18471445","-71.1545122","5.11963968875639","E-Bike Batteries","false","true","Call or Check Online for Hours","Call2Recycle","false","false","false","false"
"Call2Recycle atManchester True Value Hardware","null","65 Union St","Easthampton","Hampshire","MA","01027","4135279222","0","Monday: 7:30 AM - 6:00 PM Tuesday: 7:30 AM - 6:00 PM Wednesday: 7:30 AM - 6:00 PM Thursday: 7:30 AM - 7:30 PM Friday: 7:30 AM - 7:30 PM Saturday: 7:30 AM - 5:30 PM Sunday: 10:00 AM - 5:00 PM ","http://www.truevalue.com/","42.08666","-71.08273","5.20306475022728","Cell Phones; Ni-Cd Batteries; Li-Ion Batteries; Ni-MH Batteries; Ni-Zn Batteries; Small Sealed Lead Acid Batteries; Computer (Recycling); Computer Monitors; Electronics; Laptop Computers; Computer Peripherals; Small Electronics; Small Televisions; Televisions; Video Game Consoles; PlayStation Consoles","false","true","The U.S. EPA estimates that more than 350 million rechargeable batteries are purchased annually in the U.S. Thanks to the environmental commitment of this location, its easy and free to recycle your batteries. Bring your rechargeable batteries to this location and look for the recycling box or ask an associate how you can do your part for the environment.","","false","false","false","false"
"Allied Recycling Center Inc","Allied Recycling Center Inc","1901 Main St","Walpole","Norfolk","MA","02081","5086688699","0","Monday: 7:00 AM - 5:00 PM Tuesday: 7:00 AM - 5:00 PM Wednesday: 7:00 AM - 5:00 PM Thursday: 7:00 AM - 5:00 PM Friday: 7:00 AM - 5:00 PM Saturday: 8:00 AM - 3:00 PM ","http://www.alliedrecyclingcenterinc.com/","42.11941","-71.27958","5.22801467156858","Aluminum; Car; Ferrous Metals (Steel or Iron); Large Household Appliances; Non-ferrous (Copper/Brass/Tin); Wire; Computer (Recycling); Computer Monitors; Electronics; Laptop Computers; Computer Peripherals; Small Electronics; Small Televisions; Televisions; Video Game Consoles; PlayStation Consoles","false","true","","","false","false","false","false"
"St. Marks Episcopal Church","","91 Center Street","North Easton","","MA","2356","9782842500","0","","","42.0603507","-71.1025112","5.29572163795095","","false","false","","","false","false","false","false"
"Town of Easton Household Hazardous Waste Collection Program","","130 Center St","North Easton","","MA","2356","5082697181","0","","https://www.easton.ma.us","42.0579582","-71.1008916","5.46968456650239","","false","false","","","false","false","false","false"
"USPS Post Office Box Lobby Recycling Program","US Post Office","1 Central St","Norwood","Norfolk","MA","02062","8002758777","0","","https://www.usps.com/","42.1901","-71.20117","5.47904645017051","Catalogs; Greeting Cards; Magazines; Paper (Mixed)","false","true","","","false","false","false","false"
"US Post Office","US Post Office","1 Central St","Norwood","Norfolk","MA","02062","0","0","","https://www.usps.com/ship/recycle-through-usps.htm","42.1901","-71.20117","5.47904645017051","Inkjet Printer Cartridges; Computer (Recycling); Computer Monitors; Electronics; Laptop Computers; Computer Peripherals; Small Electronics; Small Televisions; Televisions; Video Game Consoles; PlayStation Consoles","false","true","Free, postage-paid Mail Back envelopes can be found on display in the lobby. There is no limit to the number of envelopes customers may take. The contents of the envelope must weigh less than 13 ounces and the envelope must be able to seal completely. For more details visit<a href="http://www.maxback.com/mxb-postoffice-collaboration" target="_blank">MaxBack</a>.","","false","false","false","false"
"USPS Post Office Box Lobby Recycling Program","US Post Office","300 Main St","North Easton","Bristol","MA","02356","8002758777","0","","https://www.usps.com/","42.0673","-71.08991","5.49712767720137","Catalogs; Greeting Cards; Magazines; Paper (Mixed)","false","true","","","false","false","false","false"
"My Brother's Keeper","My Brother's Keeper Easton Facility","PO Box 338","North Easton","Bristol","MA","02356","5082387512","0","","http://www.mybrotherskeeper.org/","42.0673","-71.08991","5.49712767720137","Furniture; Refrigerators; Computer (Recycling); Computer Monitors; Electronics; Laptop Computers; Computer Peripherals; Small Electronics; Small Televisions; Televisions; Video Game Consoles; PlayStation Consoles","true","true","Visit website for pick-up service area (no Boston pick-ups). Use online donation form or call to make arrangements. ","","false","false","false","false"
"US Post Office","USPS Discarded Lobby Mail Recycling Program","300 Main St","North Easton","Bristol","MA","02356","0","0","","","42.0673","-71.08991","5.49712767720137","Computer (Recycling); Computer Monitors; Electronics; Laptop Computers; Computer Peripherals; Small Electronics; Small Televisions; Televisions; Video Game Consoles; PlayStation Consoles","false","true","","","false","false","false","false"
"Shaws","","134 Nahatan Street","Norwood","","MA","2062","7817620610","0","","","42.19138","-71.1956611","5.51206640962474","","false","false","","","false","false","false","false"
"Town of Norwood Police Station","","Nichols St","Norwood","","MA","2062","7817621212","0","","http://www.norwoodma.gov/departments/police/index.php/policeservices.html","42.1882633","-71.2159829","5.57291220186757","","false","false","","","false","false","false","false"
"Call2Recycle at HD Supply","Call2Recycle at HD Supply","1 Maple St ","Stoughton","Norfolk County","MA","02072","8554807119","0","","http://www.whitecap.com/","42.1423485","-71.0764537","5.59117177776002","Cell Phones; Ni-Cd Batteries; Li-Ion Batteries; Ni-MH Batteries; Ni-Zn Batteries; Small Sealed Lead Acid Batteries; Computer (Recycling); Computer Monitors; Electronics; Laptop Computers; Computer Peripherals; Small Electronics; Small Televisions; Televisions; Video Game Consoles; PlayStation Consoles","false","true","The U.S. EPA estimates that more than 350 million rechargeable batteries are purchased annually in the U.S. Thanks to the environmental commitment of this location, its easy and free to recycle your batteries. Bring your rechargeable batteries to this location and look for the recycling box or ask an associate how you can do your part for the environment.","","false","false","false","false"
"OfficeMax","OfficeMax","75 Campanelli Pkwy ","Stoughton","Norfolk County","MA","02072","7812973665","0","","http://www.officemax.com","42.11133","-71.068492","5.612104395796","Inkjet Printer Cartridges; Laser Toner Cartridges; Computer (Recycling); Computer Monitors; Electronics; Laptop Computers; Computer Peripherals; Small Electronics; Small Televisions; Televisions; Video Game Consoles; PlayStation Consoles","false","true","","","false","false","false","false"
"Mansfield Recycling Center","","Massachusetts 106 & East St","Mansfield","","MA","2048","9782842500","0","","","42.0325433","-71.1973459","5.62534628382149","","false","false","","","false","false","false","false"
"Sports Medal Reycling","","679 Washington St Unit #8-135","South Attleboro","","MA","2703","0","0","","","42.1929628","-71.2019031","5.6802711138292","","false","false","","","false","false","false","false"
"Town of Norwood Health Department","","566 Washington St","Norwood","","MA","2062","7817621240","0","","http://www.norwoodma.gov/index.php?option=com_content&view=article&id=270&Itemid=635&showall=1","42.1950107","-71.2000266","5.79901880908465","","false","false","","","false","false","false","false"
"Town of Norwood Household Hazardous Waste Collection Program","","","Norwood","","MA","2062","7817621210","0","","http://www.norwoodma.gov/index.php?option=com_content&view=article&id=379&Itemid=910&limitstart=9","42.1950107","-71.2000266","5.79901880908465","","false","false","","","false","false","false","false"
"Call2Recycle at the Home Depot","Call2Recycle at the Home Depot","60 Stockwell Dr","Avon","Norfolk","MA","02322","5085800600","0","","http://www.homedepot.com/","42.1287","-71.06661","5.81328710675403","Cell Phones; Compact Fluorescent Lights; Ni-Cd Batteries; Li-Ion Batteries; Ni-MH Batteries; Ni-Zn Batteries; Small Sealed Lead Acid Batteries; Computer (Recycling); Computer Monitors; Electronics; Laptop Computers; Computer Peripherals; Small Electronics; Small Televisions; Televisions; Video Game Consoles; PlayStation Consoles","false","true","The Home Depot accepts used rechargeable batteries and compact fluorescent bulbs. Look for the orange drop boxes, usually located near the front entrance near the customer service desk, or ask a store associate for more details.","","false","false","false","false"
"Staples","","20 Stockwell Drive","Avon","","MA","2322","5085805459","0","","https://www.staples.com/sbd/cre/marketing/sustainability-center/recycling-services/","42.1282743","-71.0663051","5.82313400531514","","false","false","","","false","false","false","false"
"IKEA","","1 Ikea Way","Stoughton","","MA","2072","7813444532","0","","https://www.ikea.com/us/en/store/stoughton","42.1377272","-71.0692764","5.8325105149538","","false","false","","","false","false","false","false"
"Big Brother Big Sister Norwood Clothing Bin","","14 Hill St","Norwood","","MA","2062","8004835503","0","","https://www.bbbsfoundation.org/","42.1963538","-71.1969483","5.86186931296241","","false","false","","","false","false","false","false"
