name,description,address,city,region,province,postal_code,phone,fax,hours,url,latitude,longitude,distance,materials,pickup,dropoff,notes,groups,curbside,municipal,national,event_only
"Walgreens","Walgreens","7910 NW 27th Ave","Miami","Miami-Dade","FL","33147","3056910881","0","","http://www.walgreens.com","25.84618","-80.24183","0.408323946884955","Cell Phones; Inkjet Printer Cartridges; Video Game Consoles; PlayStation Consoles","false","true","","","false","false","false","false"
"Advance Auto Parts","Advance Auto Parts","9201 NW 27th Ave","Miami","Miami-Dade","FL","33147","3056932248","0","Monday: 7:00 AM - 9:00 PM Tuesday: 7:00 AM - 9:00 PM Wednesday: 7:00 AM - 9:00 PM Thursday: 7:00 AM - 9:00 PM Friday: 7:00 AM - 9:00 PM Saturday: 7:00 AM - 9:00 PM Sunday: 10:00 AM - 8:00 PM ","http://www.advanceautoparts.com","25.8580872","-80.24216886","0.632674915247988","Lead Acid (Pb) Batteries; Used Motor Oil; Video Game Consoles; PlayStation Consoles","false","true","","","false","false","false","false"
"Miami Central High School","Miami Central High School","1781 NW 95th St","Miami","Miami-Dade","FL","33147","5614785096","0","Monday: 8:00 AM - 5:00 PM Tuesday: 8:00 AM - 5:00 PM Wednesday: 8:00 AM - 5:00 PM Thursday: 8:00 AM - 5:00 PM Friday: 8:00 AM - 5:00 PM Saturday:  -  Sunday:  -  ","","25.86123","-80.22754","0.96334825758568","Catalogs; Greeting Cards; Magazines; Paper (Mixed); Newspapers; Office Paper; Video Game Consoles; PlayStation Consoles","false","true","","","false","false","false","false"
"USPS Post Office Box Lobby Recycling Program","US Post Office","6700 NW 27th Ave","Miami","Miami-Dade","FL","33247","8002758777","0","","https://www.usps.com/","25.83492","-80.24137","1.08954883897261","Catalogs; Greeting Cards; Magazines; Paper (Mixed)","false","true","","","false","false","false","false"
"US Post Office","USPS Discarded Lobby Mail Recycling Program","6700 NW 27th Ave","Miami","Miami-Dade","FL","33247","0","0","","","25.83492","-80.24137","1.08954883897261","Video Game Consoles; PlayStation Consoles","false","true","","","false","false","false","false"
"Miami Northwestern High School","Miami Northwestern High School","1100 NW 71st St","Miami","Miami-Dade","FL","33150","5614785096","0","Monday: 8:00 AM - 5:00 PM Tuesday: 8:00 AM - 5:00 PM Wednesday: 8:00 AM - 5:00 PM Thursday: 8:00 AM - 5:00 PM Friday: 8:00 AM - 5:00 PM Saturday:  -  Sunday:  -  ","","25.83938","-80.21496","1.5614150675034","Catalogs; Greeting Cards; Magazines; Paper (Mixed); Newspapers; Office Paper; Video Game Consoles; PlayStation Consoles","false","true","","","false","false","false","false"
"Advance Auto Parts","Advance Auto Parts","5355 NW 27th Ave","Miami","Miami-Dade","FL","33142","3056347101","0","Monday: 7:00 AM - 9:00 PM Tuesday: 7:00 AM - 9:00 PM Wednesday: 7:00 AM - 9:00 PM Thursday: 7:00 AM - 9:00 PM Friday: 7:00 AM - 9:00 PM Saturday: 7:00 AM - 9:00 PM Sunday: 10:00 AM - 8:00 PM ","http://www.advanceautoparts.com","25.82361","-80.24022","1.84750340081762","Lead Acid (Pb) Batteries; Used Motor Oil; Video Game Consoles; PlayStation Consoles","false","true","","","false","false","false","false"
"Walgreens","Walgreens","9490 NW 7th Ave ","Miami","Miami-Dade County","FL","33150","3058361351","0","","http://www.walgreens.com","25.8615599","-80.2096932","1.87113946634301","Cell Phones; Inkjet Printer Cartridges; Video Game Consoles; PlayStation Consoles","false","true","","","false","false","false","false"
"Advance Auto Parts","Advance Auto Parts","9575 NW 7th Ave","Miami","Miami-Dade","FL","33150","3057560150","0","Monday: 7:00 AM - 9:00 PM Tuesday: 7:00 AM - 9:00 PM Wednesday: 7:00 AM - 9:00 PM Thursday: 7:00 AM - 9:00 PM Friday: 7:00 AM - 9:00 PM Saturday: 7:00 AM - 9:00 PM Sunday: 10:00 AM - 8:00 PM ","http://www.advanceautoparts.com","25.86299","-80.20919","1.94250274266746","Lead Acid (Pb) Batteries; Used Motor Oil; Video Game Consoles; PlayStation Consoles","false","true","","","false","false","false","false"
"Advance Auto Parts","Advance Auto Parts","975 E 49th St","Hialeah","Miami-Dade","FL","33013","3056812064","0","Monday: 7:00 AM - 9:00 PM Tuesday: 7:00 AM - 9:00 PM Wednesday: 7:00 AM - 9:00 PM Thursday: 7:00 AM - 9:00 PM Friday: 7:00 AM - 9:00 PM Saturday: 7:00 AM - 9:00 PM Sunday: 10:00 AM - 8:00 PM ","http://www.advanceautoparts.com","25.86765","-80.26334","2.03328760577222","Lead Acid (Pb) Batteries; Used Motor Oil; Video Game Consoles; PlayStation Consoles","false","true","","","false","false","false","false"
"Walgreens","Walgreens","6200 NW 7th Ave","Miami","Miami-Dade","FL","33150","3057518893","0","","http://www.walgreens.com","25.83271","-80.20915","2.1119410932791","Cell Phones; Inkjet Printer Cartridges; Video Game Consoles; PlayStation Consoles","false","true","","","false","false","false","false"
"AutoZone","AutoZone","925 E 8th Ave","Hialeah","Miami-Dade","FL","33010","3058053502","0","","http://www.autozone.com","25.83119","-80.26543","2.20157625097899","Lead Acid (Pb) Batteries; Used Motor Oil; Video Game Consoles; PlayStation Consoles","false","true","Most AutoZone stores accept used motor oil, transmission fluid, gear oil and automotive batteries. Call to see what your local store is currently accepting.","","false","false","false","false"
"Call2Recycle at RadioShack","Call2Recycle at RadioShack","945 E 8th Ave","Hialeah","Miami-Dade","FL","33010","3058886961","0","","http://www.radioshack.com/","25.83119","-80.26543","2.20157625097899","Cell Phones; Ni-Cd Batteries; Li-Ion Batteries; Ni-MH Batteries; Ni-Zn Batteries; Small Sealed Lead Acid Batteries; Video Game Consoles; PlayStation Consoles","false","true","As the first national retailer to partner with Call2Recycle, RadioShack is at the forefront of the rechargeable battery recycling cause and is pleased to offer battery recycling at thousands of convenient RadioShack locations for free.  Simply drop them off at your local RadioShack and theyll take care of the rest.  Ask a store associate for more details.","","false","false","false","false"
"Advance Auto Parts","Advance Auto Parts","2200 NW 119th St","Miami","Miami-Dade","FL","33167","3056812744","0","Monday: 7:00 AM - 9:00 PM Tuesday: 7:00 AM - 9:00 PM Wednesday: 7:00 AM - 9:00 PM Thursday: 7:00 AM - 9:00 PM Friday: 7:00 AM - 9:00 PM Saturday: 7:00 AM - 9:00 PM Sunday: 10:00 AM - 8:00 PM ","http://www.advanceautoparts.com","25.8824","-80.23579","2.22640479425215","Lead Acid (Pb) Batteries; Used Motor Oil; Video Game Consoles; PlayStation Consoles","false","true","","","false","false","false","false"
"Advance Auto Parts","Advance Auto Parts","960 E Le Jeune Rd","Hialeah","Miami-Dade","FL","33010","3058842283","0","Monday: 7:00 AM - 9:00 PM Tuesday: 7:00 AM - 9:00 PM Wednesday: 7:00 AM - 9:00 PM Thursday: 7:00 AM - 9:00 PM Friday: 7:00 AM - 9:00 PM Saturday: 7:00 AM - 9:00 PM Sunday: 10:00 AM - 8:00 PM ","http://www.advanceautoparts.com","25.83105","-80.26594","2.2328292310283","Lead Acid (Pb) Batteries; Used Motor Oil; Video Game Consoles; PlayStation Consoles","false","true","","","false","false","false","false"
"NAPA Auto Parts #015","NAPA Auto Parts #015","10601 NW 7th Ave","Miami","Miami-Dade","FL","33150","3057594684","0","","http://www.napaautoparts.com","25.87199","-80.20995","2.25787002900284","Used Motor Oil; Video Game Consoles; PlayStation Consoles","false","true","","","false","false","false","false"
"Walgreens","Walgreens","740 E 9th St ","Hialeah","Miami-Dade County","FL","33010","3058857520","0","","http://www.walgreens.com","25.8302166","-80.2662537","2.28292415161263","Cell Phones; Inkjet Printer Cartridges; Video Game Consoles; PlayStation Consoles","false","true","","","false","false","false","false"
"Walgreens","Walgreens","11920 NW 27th Ave","Miami","Miami-Dade","FL","33167","3056810970","0","","http://www.walgreens.com","25.88337","-80.24374","2.33000204860594","Cell Phones; Inkjet Printer Cartridges; Video Game Consoles; PlayStation Consoles","false","true","","","false","false","false","false"
"Miami Edison High School","Miami Edison High School","6161 NW 5th Ct","Miami","Miami-Dade","FL","33127","5614785096","0","Monday: 8:00 AM - 5:00 PM Tuesday: 8:00 AM - 5:00 PM Wednesday: 8:00 AM - 5:00 PM Thursday: 8:00 AM - 5:00 PM Friday: 8:00 AM - 5:00 PM Saturday:  -  Sunday:  -  ","","25.83184","-80.20547","2.33545331954365","Catalogs; Greeting Cards; Magazines; Paper (Mixed); Newspapers; Office Paper; Video Game Consoles; PlayStation Consoles","false","true","","","false","false","false","false"
"AutoZone","AutoZone","730 NW 54th St","Miami","Miami-Dade","FL","33127","3057585677","0","","http://www.autozone.com","25.82466","-80.20927","2.46732933555043","Lead Acid (Pb) Batteries; Used Motor Oil; Video Game Consoles; PlayStation Consoles","false","true","Most AutoZone stores accept used motor oil, transmission fluid, gear oil and automotive batteries. Call to see what your local store is currently accepting.","","false","false","false","false"
"911 Cell Phone Bank - Salem County Sheriffs Office","911 Cell Phone Bank - Salem County Sheriffs Office","7831 NE Miami Ct","Miami","Miami-Dade","FL","33138","8662907864","0","","http://www.911cellphonebank.org/","25.84684","-80.19589","2.56722012949749","Cell Phones; Cameras; Laptop Computers; MP3 Players; Video Games; Video Game Consoles; Smart watches & Apple Watch®
","false","true","Please call to verify drop-off procedures and directions to the location.  For prepaid shipping labels, visit http://www.911cellphonebank.org/drop-off-locations.asp - click on "print shipping label."","","false","false","false","false"
"AutoZone","AutoZone"," 59 NE 79th St","Miami","Miami-Dade","FL","33138","3057574866","0","","http://www.autozone.com","25.84784","-80.1957","2.57368714861704","Lead Acid (Pb) Batteries; Used Motor Oil; Video Game Consoles; PlayStation Consoles","false","true","Most AutoZone stores accept used motor oil, transmission fluid, gear oil and automotive batteries. Call to see what your local store is currently accepting.","","false","false","false","false"
"Quality Shell","Quality Shell","795 Hialeah Dr","Hialeah","Miami-Dade","FL","33010","3058842078","0","","","25.82342","-80.26629","2.59555519290243","Used Motor Oil; Video Game Consoles; PlayStation Consoles","false","true","","","false","false","false","false"
"USPS Post Office Box Lobby Recycling Program","US Post Office","140 NE 84th St","Miami","Miami-Dade","FL","33238","8002758777","0","","https://www.usps.com/","25.85231","-80.19454","2.64466282666145","Catalogs; Greeting Cards; Magazines; Paper (Mixed)","false","true","","","false","false","false","false"
"US Post Office","USPS Discarded Lobby Mail Recycling Program","140 NE 84th St","Miami","Miami-Dade","FL","33238","0","0","","","25.85231","-80.19454","2.64466282666145","Video Game Consoles; PlayStation Consoles","false","true","","","false","false","false","false"
"USPS Post Office Box Lobby Recycling Program","US Post Office","3200 E 2nd Ave","Hialeah","Miami-Dade","FL","33013","8002758777","0","","https://www.usps.com/","25.85171","-80.27978","2.66134046206106","Catalogs; Greeting Cards; Magazines; Paper (Mixed)","false","true","","","false","false","false","false"
"US Post Office","USPS Discarded Lobby Mail Recycling Program","3200 E 2nd Ave","Hialeah","Miami-Dade","FL","33013","0","0","","","25.85171","-80.27978","2.66134046206106","Video Game Consoles; PlayStation Consoles","false","true","","","false","false","false","false"
"USPS Post Office Box Lobby Recycling Program","US Post Office","995 NW 119th St","Miami","Miami-Dade","FL","33168","8002758777","0","","https://www.usps.com/","25.88367","-80.21457","2.70101125566875","Catalogs; Greeting Cards; Magazines; Paper (Mixed)","false","true","","","false","false","false","false"
"US Post Office","USPS Discarded Lobby Mail Recycling Program","995 NW 119th St","Miami","Miami-Dade","FL","33168","0","0","","","25.88367","-80.21457","2.70101125566875","Video Game Consoles; PlayStation Consoles","false","true","","","false","false","false","false"
"American Waste Paper","American Waste Paper","3789 NW 46th St","Miami","Miami-Dade","FL","33142","3058845004","0","","","25.81605","-80.2582","2.70209031469725","Aluminum Cans; Computer Paper; Greeting Cards; Paper (Mixed); Newspapers; Office Paper; Video Game Consoles; PlayStation Consoles","false","true","","","false","false","false","false"
"Simco Recycling","Simco Recycling","7320 NE 1st Pl","Miami","Miami-Dade","FL","33138","3057592278","0","Monday: 7:30 AM - 3:45 PM Tuesday: 7:30 AM - 3:45 PM Wednesday: 7:30 AM - 3:45 PM Thursday: 7:30 AM - 3:45 PM Friday: 7:30 AM - 3:45 PM Saturday: 9:00 AM - 12:00 PM ","","25.84227","-80.1937","2.74804705105424","Plastic #1 (PETE); Plastic #2 (HDPE); Plastic #2 (Color HDPE); Plastic #3 (PVC); Plastic #4 (LDPE); Plastic #5 (Polypropylene); Plastic #6 (Polystyrene); Plastic #7; Aluminum Cans; Cardboard; Computer Paper; Greeting Cards; Paper (Mixed); Newspapers; Office Paper; Video Game Consoles; PlayStation Consoles","false","true","","","false","false","false","false"
"Walgreens","Walgreens","750 NW 119th St","Miami","Miami-Dade","FL","33168","3056859970","0","","http://www.walgreens.com","25.8834","-80.21223","2.76343458252452","Cell Phones; Inkjet Cartridge Refilling; Inkjet Printer Cartridges; Video Game Consoles; PlayStation Consoles","false","true","","","false","false","false","false"
"Advance Auto Parts","Advance Auto Parts","11705 NW 7th Ave","Miami","Miami-Dade","FL","33168","3057699951","0","Monday: 7:00 AM - 9:00 PM Tuesday: 7:00 AM - 9:00 PM Wednesday: 7:00 AM - 9:00 PM Thursday: 7:00 AM - 9:00 PM Friday: 7:00 AM - 9:00 PM Saturday: 7:00 AM - 9:00 PM Sunday: 10:00 AM - 8:00 PM ","http://www.advanceautoparts.com","25.88262","-80.21014","2.79453538841195","Lead Acid (Pb) Batteries; Used Motor Oil; Video Game Consoles; PlayStation Consoles","false","true","","","false","false","false","false"
"Advance Auto Parts","Advance Auto Parts","3600 NW 25th Ave","Miami","Miami-Dade","FL","33142","3056347791","0","Monday: 7:00 AM - 9:00 PM Tuesday: 7:00 AM - 9:00 PM Wednesday: 7:00 AM - 9:00 PM Thursday: 7:00 AM - 9:00 PM Friday: 7:00 AM - 9:00 PM Saturday: 7:00 AM - 9:00 PM Sunday: 10:00 AM - 8:00 PM ","http://www.advanceautoparts.com","25.80947","-80.23828","2.81472939132738","Lead Acid (Pb) Batteries; Used Motor Oil; Video Game Consoles; PlayStation Consoles","false","true","","","false","false","false","false"
"AutoZone","AutoZone","775 NW 119th St","Miami","Miami-Dade","FL","33168","3059531840","0","","http://www.autozone.com","25.88381","-80.21092","2.83282399004933","Lead Acid (Pb) Batteries; Used Motor Oil; Video Game Consoles; PlayStation Consoles","false","true","Most AutoZone stores accept used motor oil, transmission fluid, gear oil and automotive batteries. Call to see what your local store is currently accepting.","","false","false","false","false"
"Call2Recycle at Sykes Ace Hardware","Call2Recycle at Sykes Ace Hardware","284 NE 79th St","Miami","Miami-Dade","FL","33138","3057542556","0","","http://www.acehardware.com/","25.84753","-80.19084","2.8766228607439","Cell Phones; Ni-Cd Batteries; Li-Ion Batteries; Ni-MH Batteries; Ni-Zn Batteries; Small Sealed Lead Acid Batteries; Video Game Consoles; PlayStation Consoles","false","true","The U.S. EPA estimates that more than 350 million rechargeable batteries are purchased annually in the U.S. Thanks to the environmental commitment of this location, its easy and free to recycle your batteries. Bring your rechargeable batteries to this location and look for the recycling box or ask an associate how you can do your part for the environment.","","false","false","false","false"
"Advance Auto Parts","Advance Auto Parts","1997 Palm Ave","Hialeah","Miami-Dade","FL","33010","3058821024","0","Monday: 7:00 AM - 9:00 PM Tuesday: 7:00 AM - 9:00 PM Wednesday: 7:00 AM - 9:00 PM Thursday: 7:00 AM - 9:00 PM Friday: 7:00 AM - 9:00 PM Saturday: 7:00 AM - 9:00 PM Sunday: 10:00 AM - 8:00 PM ","http://www.advanceautoparts.com","25.83948","-80.28173","2.87750663136387","Lead Acid (Pb) Batteries; Used Motor Oil; Video Game Consoles; PlayStation Consoles","false","true","","","false","false","false","false"
"Miami Shores Chevron","Miami Shores Chevron","9601 NE 2nd Ave","Miami Shores","Miami-Dade","FL","33138","3057580072","0","","","25.86424","-80.19312","2.89619463794947","Used Motor Oil; Video Game Consoles; PlayStation Consoles","false","true","","","false","false","false","false"
"AutoZone","AutoZone","1812 NW 36th St","Miami","Miami-Dade","FL","33142","3056374011","0","","http://www.autozone.com","25.80917","-80.2273","2.89795656221189","Lead Acid (Pb) Batteries; Used Motor Oil; Video Game Consoles; PlayStation Consoles","false","true","Most AutoZone stores accept used motor oil, transmission fluid, gear oil and automotive batteries. Call to see what your local store is currently accepting.","","false","false","false","false"
"Walgreens","Walgreens","400 Hialeah Dr","Hialeah","Miami-Dade","FL","33010","3058848774","0","","http://www.walgreens.com","25.82265","-80.27226","2.90280077574248","Cell Phones; Inkjet Cartridge Refilling; Inkjet Printer Cartridges; Video Game Consoles; PlayStation Consoles","false","true","","","false","false","false","false"
"USPS Post Office Box Lobby Recycling Program","US Post Office","9825 NE 2nd Ave","Miami","Miami-Dade","FL","33153","8002758777","0","","https://www.usps.com/","25.8655","-80.19342","2.90911630412591","Catalogs; Greeting Cards; Magazines; Paper (Mixed)","false","true","","","false","false","false","false"
"US Post Office","USPS Discarded Lobby Mail Recycling Program","9825 NE 2nd Ave","Miami","Miami-Dade","FL","33153","0","0","","","25.8655","-80.19342","2.90911630412591","Video Game Consoles; PlayStation Consoles","false","true","","","false","false","false","false"
"Advance Auto Parts","Advance Auto Parts","4370 Palm Ave","Hialeah","Miami-Dade","FL","33012","3058231778","0","Monday: 7:00 AM - 9:00 PM Tuesday: 7:00 AM - 9:00 PM Wednesday: 7:00 AM - 9:00 PM Thursday: 7:00 AM - 9:00 PM Friday: 7:00 AM - 9:00 PM Saturday: 7:00 AM - 9:00 PM Sunday: 10:00 AM - 8:00 PM ","http://www.advanceautoparts.com","25.86198","-80.28332","2.99218974574041","Lead Acid (Pb) Batteries; Used Motor Oil; Video Game Consoles; PlayStation Consoles","false","true","","","false","false","false","false"
"Advance Auto Parts","Advance Auto Parts","1225 NW 36th St","Miami","Miami-Dade","FL","33142","3056354240","0","Monday: 7:00 AM - 9:00 PM Tuesday: 7:00 AM - 9:00 PM Wednesday: 7:00 AM - 9:00 PM Thursday: 7:00 AM - 9:00 PM Friday: 7:00 AM - 9:00 PM Saturday: 7:00 AM - 9:00 PM Sunday: 10:00 AM - 8:00 PM ","http://www.advanceautoparts.com","25.81005","-80.21625","3.05929260862903","Lead Acid (Pb) Batteries; Used Motor Oil; Video Game Consoles; PlayStation Consoles","false","true","","","false","false","false","false"
"Home Depot","Home Depot","950 SE 12th St","Hialeah","Miami-Dade","FL","33010","3058837748","0","","http://www.homedepot.com","25.81126","-80.26051","3.0612901565926","Compact Fluorescent Lights; Batteries (Rechargeable); Video Game Consoles; PlayStation Consoles","false","true","Home Depot accepts compact fluorescent bulbs and used power tool rechargeable batteries. Look for the orange drop boxes, usually located near the front entrance near the customer service desk.","","false","false","false","false"
"Call2Recycle at the Home Depot","Call2Recycle at the Home Depot","950 SE 12th St","Hialeah","Miami-Dade","FL","33010","3058837748","0","","http://www.homedepot.com/","25.81126","-80.26051","3.0612901565926","Cell Phones; Compact Fluorescent Lights; Ni-Cd Batteries; Li-Ion Batteries; Ni-MH Batteries; Ni-Zn Batteries; Small Sealed Lead Acid Batteries; Video Game Consoles; PlayStation Consoles","false","true","The Home Depot accepts used rechargeable batteries and compact fluorescent bulbs. Look for the orange drop boxes, usually located near the front entrance near the customer service desk, or ask a store associate for more details.","","false","false","false","false"
"Walgreens","Walgreens","4895 Palm Ave","Hialeah","Miami-Dade","FL","33012","3052317454","0","","http://www.walgreens.com","25.86686","-80.28296","3.0801369953879","Cell Phones; Inkjet Cartridge Refilling; Inkjet Printer Cartridges; Video Game Consoles; PlayStation Consoles","false","true","","","false","false","false","false"
"USPS Post Office Box Lobby Recycling Program","US Post Office","325 E 1st Ave","Hialeah","Miami-Dade","FL","33011","8002758777","0","","https://www.usps.com/","25.82494","-80.279","3.14038906862877","Catalogs; Greeting Cards; Magazines; Paper (Mixed)","false","true","","","false","false","false","false"
"US Post Office","USPS Discarded Lobby Mail Recycling Program","325 E 1st Ave","Hialeah","Miami-Dade","FL","33011","0","0","","","25.82494","-80.279","3.14038906862877","Video Game Consoles; PlayStation Consoles","false","true","","","false","false","false","false"
"Walgreens","Walgreens","161 NE 54th St","Miami","Miami-Dade","FL","33137","3057518887","0","","http://www.walgreens.com","25.82542","-80.19401","3.17479299030848","Cell Phones; Inkjet Printer Cartridges; Video Game Consoles; PlayStation Consoles","false","true","","","false","false","false","false"
"Advance Auto Parts","Advance Auto Parts","13400 NW 27th Ave","Opa Locka","Miami-Dade","FL","33054","3056813802","0","Monday: 7:00 AM - 9:00 PM Tuesday: 7:00 AM - 9:00 PM Wednesday: 7:00 AM - 9:00 PM Thursday: 7:00 AM - 9:00 PM Friday: 7:00 AM - 9:00 PM Saturday: 7:00 AM - 9:00 PM Sunday: 10:00 AM - 8:00 PM ","http://www.advanceautoparts.com","25.89612","-80.24392","3.20197156492606","Lead Acid (Pb) Batteries; Used Motor Oil; Video Game Consoles; PlayStation Consoles","false","true","","","false","false","false","false"
"Olympic Metals LLC","Olympic Metals LLC","8101 Biscayne Blvd Ph 707","Miami","Miami-Dade","FL","33138","3059611680","3057546898","","http://www.olympic-metals.com","25.85011","-80.18463","3.25681960534843","Plastic #1 (PETE); Plastic #2 (HDPE); Plastic #4 (LDPE); Aluminum Cans; Aluminum; Lead Acid (Pb) Batteries; Ferrous Metals (Steel or Iron); Non-ferrous (Copper/Brass/Tin); Radiators; High-Temp Alloys; Motors; Video Game Consoles; PlayStation Consoles","false","true","","","false","false","false","false"
"Federal Metals Co Inc","Federal Metals Co Inc","2782 NW North River Dr","Miami","Miami-Dade","FL","33142","3056339054","0","Monday: 7:00 AM - 5:00 PM Tuesday: 7:00 AM - 5:00 PM Wednesday: 7:00 AM - 5:00 PM Thursday: 7:00 AM - 5:00 PM Friday: 7:00 AM - 5:00 PM Saturday: 7:00 AM - 1:00 PM ","http://www.fedmetals.com","25.80722","-80.25864","3.25956446209774","Aluminum Cans; Aluminum; Lead Acid (Pb) Batteries; Non-ferrous (Copper/Brass/Tin); Wire; Radiators; High-Temp Alloys; Video Game Consoles; PlayStation Consoles","false","true","","","false","false","false","false"
"Advance Auto Parts","Advance Auto Parts","7701 Biscayne Blvd","Miami","Miami-Dade","FL","33138","3057572220","0","Monday: 7:00 AM - 9:00 PM Tuesday: 7:00 AM - 9:00 PM Wednesday: 7:00 AM - 9:00 PM Thursday: 7:00 AM - 9:00 PM Friday: 7:00 AM - 9:00 PM Saturday: 7:00 AM - 9:00 PM Sunday: 10:00 AM - 8:00 PM ","http://www.advanceautoparts.com","25.84671","-80.18449","3.27442561562665","Lead Acid (Pb) Batteries; Used Motor Oil; Video Game Consoles; PlayStation Consoles","false","true","","","false","false","false","false"
"Jiffy Lube","Jiffy Lube","8787 Biscayne Blvd","Miami Shores","Miami-Dade","FL","33138","3057514206","0","","","25.85579","-80.18466","3.27775317788663","Used Motor Oil; Video Game Consoles; PlayStation Consoles","false","true","","","false","false","false","false"
"Garcia Citgo","Garcia Citgo","5390 NE 2nd Ave","Miami","Miami-Dade","FL","33137","3057548898","0","","","25.82504","-80.19212","3.28819303336729","Used Motor Oil; Video Game Consoles; PlayStation Consoles","false","true","","","false","false","false","false"
"FPT-Florida","FPT-Florida","3700 NW North River Dr","Miami","Miami-Dade","FL","33142","3056380040","3056357475","Monday: 7:00 AM - 4:30 PM Tuesday: 7:00 AM - 4:30 PM Wednesday: 7:00 AM - 4:30 PM Thursday: 7:00 AM - 4:30 PM Friday: 7:00 AM - 4:30 PM Saturday: 7:00 AM - 11:59 PM ","http://www.fptscrap.com","25.806","-80.25762","3.31146248945811","Ferrous Metals (Steel or Iron); Non-ferrous (Copper/Brass/Tin); Scrap Metal; Video Game Consoles; PlayStation Consoles","false","true","","","false","false","false","false"
"SoFlo e-Bike Shop Inc","SoFlo e-Bike Shop Inc","7411 Biscayne Blvd","Miami","Miami-Dade ","FL","33138","7865120522","0","","","25.84348415","-80.1841342744225","3.32025184409262","E-Bike Batteries","false","true","Call or Check Online for Hours","Call2Recycle","false","false","false","false"
"Call2Recycle at RadioShack","Call2Recycle at RadioShack","9017 Biscayne Blvd","Miami Shores","Miami-Dade","FL","33138","3057587491","0","","http://www.radioshack.com/","25.85798","-80.18396","3.3419414315521","Cell Phones; Ni-Cd Batteries; Li-Ion Batteries; Ni-MH Batteries; Ni-Zn Batteries; Small Sealed Lead Acid Batteries; Video Game Consoles; PlayStation Consoles","false","true","As the first national retailer to partner with Call2Recycle, RadioShack is at the forefront of the rechargeable battery recycling cause and is pleased to offer battery recycling at thousands of convenient RadioShack locations for free.  Simply drop them off at your local RadioShack and theyll take care of the rest.  Ask a store associate for more details.","","false","false","false","false"
"Walgreens","Walgreens","9020 Biscayne Blvd","Miami Shores","Miami-Dade","FL","33138","3057594670","0","","http://www.walgreens.com","25.85907","-80.18417","3.34203609083371","Cell Phones; Inkjet Cartridge Refilling; Inkjet Printer Cartridges; Video Game Consoles; PlayStation Consoles","false","true","","","false","false","false","false"
"Trademark Metals Recycling LLC","Trademark Metals Recycling LLC","3440 NW 135th St","Opa Locka","Miami-Dade","FL","33054","3056814204","0","Monday: 7:30 AM - 4:00 PM Tuesday: 7:30 AM - 4:00 PM Wednesday: 7:30 AM - 4:00 PM Thursday: 7:30 AM - 4:00 PM Friday: 7:30 AM - 4:00 PM Saturday: 7:30 AM - 11:45 AM ","http://www.tmrecycling.com","25.89556","-80.25675","3.36599466896604","Aluminum Cans; Aluminum; Car; Lead Acid (Pb) Batteries; Ferrous Metals (Steel or Iron); Large Household Appliances; Lawn Equipment; Non-ferrous (Copper/Brass/Tin); Holiday Lights; Tin or Steel Cans; Cables & Connectors; Wire; Air Conditioners; Refrigerators; Radiators; Motors; Video Game Consoles; PlayStation Consoles","false","true","","","false","false","false","false"
"Roque Gulf Service, Inc","Roque Gulf Service, Inc","2745 NW 22nd Ave","Miami","Miami-Dade","FL","33142","3056356400","0","","","25.80158","-80.23139","3.37687670895072","Used Motor Oil; Video Game Consoles; PlayStation Consoles","false","true","","","false","false","false","false"
"USPS Post Office Box Lobby Recycling Program","US Post Office","1799 NW 28th St","Miami","Miami-Dade","FL","33242","8002758777","0","","https://www.usps.com/","25.80217","-80.2256","3.39300490576379","Catalogs; Greeting Cards; Magazines; Paper (Mixed)","false","true","","","false","false","false","false"
"US Post Office","USPS Discarded Lobby Mail Recycling Program","1799 NW 28th St","Miami","Miami-Dade","FL","33242","0","0","","","25.80217","-80.2256","3.39300490576379","Video Game Consoles; PlayStation Consoles","false","true","","","false","false","false","false"
"ABC Scrap Metal-Svinga Brothers Corporation","ABC Scrap Metal-Svinga Brothers Corporation","3495 NW North River Dr","Miami","Miami-Dade","FL","33142","3056354455","0","Monday: 8:00 AM - 4:00 PM Tuesday: 8:00 AM - 4:00 PM Wednesday: 8:00 AM - 4:00 PM Thursday: 8:00 AM - 4:00 PM Friday: 8:00 AM - 4:00 PM Saturday: 8:00 AM - 11:59 PM ","","25.80291","-80.25248","3.40556724832484","Aluminum Cans; Ferrous Metals (Steel or Iron); Non-ferrous (Copper/Brass/Tin); Tin or Steel Cans; Video Game Consoles; PlayStation Consoles","false","true","","","false","false","false","false"
"Svinga Bros Corp","Svinga Bros Corp","3495 NW North River Dr","Miami","Miami-Dade","FL","33142","3056354455","3056342800","","http://www.abcsvinga.com","25.80291","-80.25248","3.40556724832484","Car; Automobile Parts; Electronics; Large Household Appliances; Refrigerators; Scrap Metal; Video Game Consoles; PlayStation Consoles","false","true","","","false","false","false","false"
"Circle Citgo","Circle Citgo","9 N Royal Poinciana Blvd","Miami Springs","Miami-Dade","FL","33166","3058870365","0","","","25.82238","-80.28228","3.40843385554424","Used Motor Oil; Video Game Consoles; PlayStation Consoles","false","true","","","false","false","false","false"
"Miami Metals Inc","Miami Metals Inc","2701 NW 32nd Ave","Miami","Miami-Dade","FL","33142","3056354084","3056354085","","http://www.miamimetalsinc.com","25.80122","-80.24808","3.45293908154826","Aluminum Cans; Automobile Parts; Ferrous Metals (Steel or Iron); Non-ferrous (Copper/Brass/Tin); Video Game Consoles; PlayStation Consoles","false","true","","","false","false","false","false"
"Dade Scrap Iron & Metal","Dade Scrap Iron & Metal","2770 NW 32nd Ave","Miami","Miami-Dade","FL","33142","3056345865","0","Monday: 7:00 AM - 5:00 PM Tuesday: 7:00 AM - 5:00 PM Wednesday: 7:00 AM - 5:00 PM Thursday: 7:00 AM - 5:00 PM Friday: 7:00 AM - 5:00 PM Saturday: 7:00 AM - 2:00 PM ","http://www.dadescrapco.com","25.80118","-80.24843","3.46004932583979","Aluminum Cans; Non-ferrous (Copper/Brass/Tin); Video Game Consoles; PlayStation Consoles","true","true","","","false","false","false","false"
"USPS Post Office Box Lobby Recycling Program","US Post Office","107 Westward Dr","Miami","Miami-Dade","FL","33266","8002758777","0","","https://www.usps.com/","25.82131","-80.28338","3.5066905913929","Catalogs; Greeting Cards; Magazines; Paper (Mixed)","false","true","","","false","false","false","false"
"US Post Office","USPS Discarded Lobby Mail Recycling Program","107 Westward Dr","Miami","Miami-Dade","FL","33266","0","0","","","25.82131","-80.28338","3.5066905913929","Video Game Consoles; PlayStation Consoles","false","true","","","false","false","false","false"
"East Coast Scrap Metal, Inc.","East Coast Scrap Metal, Inc.","3273 NW North River Dr","Miami","Miami-Dade","FL","33142","3056347744","0","Monday: 7:00 AM - 5:00 PM Tuesday: 7:00 AM - 5:00 PM Wednesday: 7:00 AM - 5:00 PM Thursday: 7:00 AM - 5:00 PM Friday: 7:00 AM - 5:00 PM Saturday: 7:00 AM - 12:00 PM ","","25.80048","-80.24914","3.51660369914072","Aluminum Cans; Non-ferrous (Copper/Brass/Tin); Video Game Consoles; PlayStation Consoles","false","true","","","false","false","false","false"
"USPS Post Office Box Lobby Recycling Program","US Post Office","550 Fisherman St","Opa Locka","Miami-Dade","FL","33054","8002758777","0","","https://www.usps.com/","25.90102","-80.25279","3.6460045149301","Catalogs; Greeting Cards; Magazines; Paper (Mixed)","false","true","","","false","false","false","false"
"US Post Office","USPS Discarded Lobby Mail Recycling Program","550 Fisherman St","Opa Locka","Miami-Dade","FL","33054","0","0","","","25.90102","-80.25279","3.6460045149301","Video Game Consoles; PlayStation Consoles","false","true","","","false","false","false","false"
"Electronic Recycling Center","Electronic Recycling Center","2207 NW 23rd Ave","Miami","Miami-Dade","FL","33142","3054829100","0","Monday: 8:00 AM - 5:00 PM Tuesday: 8:00 AM - 5:00 PM Wednesday: 8:00 AM - 5:00 PM Thursday: 8:00 AM - 5:00 PM Friday: 8:00 AM - 5:00 PM ","http://www.ercrecycling.com","25.79678","-80.23355","3.6966413319475","Cell Phones; Computer Monitors; Computer (Recycling); Electronics; Office Equipment; Telephones; Televisions; MP3 Players; Video Game Consoles; PlayStation Consoles","true","true","","","false","false","false","false"
"Walgreens","Walgreens","500B W 49th St","Hialeah","Miami-Dade","FL","33012","3055575468","0","","http://www.walgreens.com","25.86656","-80.29362","3.69675061131306","Cell Phones; Inkjet Printer Cartridges; Video Game Consoles; PlayStation Consoles","false","true","","","false","false","false","false"
"RecycledPCParts.com","RecycledPCParts.com","4159 NW 135th St","Opa Locka","Miami-Dade","FL","33054","3056887727","0","Monday: 9:00 AM - 6:00 PM Tuesday: 9:00 AM - 6:00 PM Wednesday: 9:00 AM - 6:00 PM Thursday: 9:00 AM - 6:00 PM Friday: 9:00 AM - 6:00 PM ","http://www.recycledpcparts.com","25.89651","-80.26684","3.69844531465329","Computer Monitors; Computer (Recycling); Electronics; Inkjet Cartridge Refilling; Medical Equipment; Televisions; Printers/Scanners/Fax Machines; MP3 Players; Video Game Consoles; PlayStation Consoles","false","true","This site accepts most computer and electronic equipment.  This site works with businesses, but will accept items from residents.","","false","false","false","false"
"Walgreens","Walgreens","770 W 29th St","Hialeah","Miami-Dade","FL","33012","3058842720","0","","http://www.walgreens.com","25.84788","-80.29685","3.72412076510044","Cell Phones; Inkjet Cartridge Refilling; Inkjet Printer Cartridges; Video Game Consoles; PlayStation Consoles","false","true","","","false","false","false","false"
"USPS Post Office Box Lobby Recycling Program","US Post Office","66 NE 39th St","Miami","Miami-Dade","FL","33137","8002758777","0","","https://www.usps.com/","25.81261","-80.19402","3.72690243976628","Catalogs; Greeting Cards; Magazines; Paper (Mixed)","false","true","","","false","false","false","false"
"US Post Office","USPS Discarded Lobby Mail Recycling Program","66 NE 39th St","Miami","Miami-Dade","FL","33137","0","0","","","25.81261","-80.19402","3.72690243976628","Video Game Consoles; PlayStation Consoles","false","true","","","false","false","false","false"
"911 Cell Phone Bank - Michigan Sheriffs Assc","911 Cell Phone Bank - Michigan Sheriffs Assc","4500 Biscayne Blvd Ste 320","Miami","Miami-Dade","FL","33137","8662907864","0","","http://www.911cellphonebank.org/","25.81761","-80.18875","3.75158407662246","Cell Phones; Cameras; Laptop Computers; MP3 Players; Video Games; Video Game Consoles; Smart watches & Apple Watch®
","false","true","Please call to verify drop-off procedures and directions to the location.  For prepaid shipping labels, visit http://www.911cellphonebank.org/drop-off-locations.asp - click on "print shipping label."","","false","false","false","false"
"Call2Recycle at RadioShack","Call2Recycle at RadioShack","597 W 49th St","Hialeah","Miami-Dade","FL","33012","3056982595","0","","http://www.radioshack.com/","25.86673","-80.29474","3.76665001862507","Cell Phones; Ni-Cd Batteries; Li-Ion Batteries; Ni-MH Batteries; Ni-Zn Batteries; Small Sealed Lead Acid Batteries; Video Game Consoles; PlayStation Consoles","false","true","As the first national retailer to partner with Call2Recycle, RadioShack is at the forefront of the rechargeable battery recycling cause and is pleased to offer battery recycling at thousands of convenient RadioShack locations for free.  Simply drop them off at your local RadioShack and theyll take care of the rest.  Ask a store associate for more details.","","false","false","false","false"
"ATT Wireless","ATT Wireless","663 W 49th St","Hialeah","Miami-Dade","FL","33012","3055564849","0","","http://www.att.com/","25.86673","-80.29639","3.86452695740981","Cell Phones; Video Game Consoles; PlayStation Consoles","false","true","","","false","false","false","false"
"AT&T Wireless","AT&T Wireless","663 W 49th St","Hialeah","Miami-Dade","FL","33012","3055564849","0","","http://www.att.com/","25.86673","-80.29639","3.86452695740981","Cell Phones; Ni-Cd Batteries; Batteries (Rechargeable); Cell Phone Batteries; Tablets; Li-Ion Batteries; Video Game Consoles; PlayStation Consoles","false","true","Receive an AT&T Promotion Card worth the trade-in value of your smartphone, tablet, or netbook. You can also donate the trade-in value to Cell Phones for Soldiers.","","false","false","false","false"
"Miami Waste Paper","Miami Waste Paper","2120 NW 14th Ave","Miami","Miami-Dade","FL","33142","3053250860","0","","http://www.miamiwastepaper.com","25.79644","-80.21967","3.86726073929871","Plastic #1 (PETE); Plastic #2 (HDPE); Aluminum Cans; Brown Paper Bags; Cardboard; Catalogs; Computer Paper; Magazines; Paper (Mixed); Newspapers; Paperboard; Phone books; Office Paper; Plastic Film; Video Game Consoles; PlayStation Consoles","true","true","","","false","false","false","false"
"Target","Target","3401 N Miami Ave","Miami","Miami-Dade","FL","33127","7864370164","0","","http://www.target.com/","25.80874","-80.19517","3.86947617762357","Aluminum Cans; Cell Phones; Inkjet Printer Cartridges; MP3 Players; Plastic #1 (PETE); Plastic #2 (HDPE); Plastic Shopping Bags; Video Game Consoles; PlayStation Consoles","false","true","","","false","false","false","false"
"Walgreens","Walgreens","1695 NW 20th St","Miami","Miami-Dade","FL","33142","3053247603","0","","http://www.walgreens.com","25.79523","-80.22285","3.89823362610833","Cell Phones; Inkjet Cartridge Refilling; Inkjet Printer Cartridges; Video Game Consoles; PlayStation Consoles","false","true","","","false","false","false","false"
"NAPA","NAPA","300 NW 29th St","Miami","Miami-Dade","FL","33127","3055734303","0","","","25.80347","-80.20151","3.91088161956915","Used Motor Oil; Video Game Consoles; PlayStation Consoles","false","true","","","false","false","false","false"
"West Hialeah Amoco","West Hialeah Amoco","807 W 29th St","Hialeah","Miami-Dade","FL","33012","3058857218","0","","","25.84808","-80.29994","3.91553698887743","Used Motor Oil; Video Game Consoles; PlayStation Consoles","false","true","","","false","false","false","false"
"Superior Texaco","Superior Texaco","1690 NW 20th St","Miami","Miami-Dade","FL","33142","3053250337","0","","","25.79467","-80.2227","3.9380317356009","Used Motor Oil; Video Game Consoles; PlayStation Consoles","false","true","","","false","false","false","false"
"GLE Scrap Metal","GLE Scrap Metal","2382 NW 147th St","Opa Locka","Miami-Dade","FL","33054","3056851928","0","Monday: 8:00 AM - 4:30 PM Tuesday: 8:00 AM - 4:30 PM Wednesday: 8:00 AM - 4:30 PM Thursday: 8:00 AM - 4:30 PM Friday: 8:00 AM - 4:30 PM Saturday: 8:00 AM - 2:00 PM ","http://www.almetrecyclesurplus.com/","25.90804","-80.24121","4.00509857015652","Aluminum Cans; Cardboard; Computer (Recycling); Computer Monitors; Electronics; Ferrous Metals (Steel or Iron); Glass (Clear); Laptop Computers; Large Household Appliances; Lead Acid (Pb) Batteries; MP3 Players; Network Equipment; Ni-Cd Batteries; Non-ferrous (Copper/Brass/Tin); Other Batteries; Printers/Scanners/Fax Machines; Servers; Small Appliances; Telephones; Televisions; UPS Batteries/Backup Systems; VCRs; Windows; Wire; Video Game Consoles; PlayStation Consoles","true","true","","","false","false","false","false"
"Waste Management of Dade County","Waste Management of Dade County","2125 NW 10th Ct","Miami","Miami-Dade","FL","33127","30547144444","0","","","25.79672","-80.21185","4.01220773402616","Plastic #1 (PETE); Plastic #2 (HDPE); Plastic #2 (Color HDPE); Aluminum Cans; Glass (Brown); Cardboard; Catalogs; Glass (Clear); Drink Boxes; Glass (Green); Magazines; Milk Cartons; Paper (Mixed); Newspapers; Paperboard; Phone books; Tin or Steel Cans; Office Paper; Video Game Consoles; PlayStation Consoles","true","true","","","false","false","false","false"
"Planet Recycle","Planet Recycle","2350 NW 149th St","Opa Locka","Miami-Dade","FL","33054","3057690900","0","","","25.90959","-80.23998","4.10782039741084","Aluminum Cans; Computer Paper; Greeting Cards; Paper (Mixed); Newspapers; Tin or Steel Cans; Video Game Consoles; PlayStation Consoles","false","true","","","false","false","false","false"
"Walgreens","Walgreens","567 NE 125th St","North Miami","Miami-Dade","FL","33161","3058911262","0","","http://www.walgreens.com","25.89029","-80.18792","4.12156176463644","Cell Phones; Inkjet Cartridge Refilling; Inkjet Printer Cartridges; Video Game Consoles; PlayStation Consoles","false","true","","","false","false","false","false"
"Walgreens","Walgreens","3103 Biscayne Blvd","Miami","Miami-Dade","FL","33137","3055730130","0","","http://www.walgreens.com","25.8068","-80.18885","4.23773981292927","Cell Phones; Inkjet Cartridge Refilling; Inkjet Printer Cartridges; Video Game Consoles; PlayStation Consoles","false","true","","","false","false","false","false"
"Specialized Miami Wynwood","Specialized Miami Wynwood","171 NW 23rd St","Miami","Miami-Dade ","FL","33127","7865894554","0","","","25.7993064","-80.1985753","4.25139261049534","E-Bike Batteries","false","true","Call or Check Online for Hours","Call2Recycle","false","false","false","false"
"Advance Auto Parts","Advance Auto Parts","1401 NW 27th Ave","Miami","Miami-Dade","FL","33125","3056358641","0","Monday: 7:00 AM - 9:00 PM Tuesday: 7:00 AM - 9:00 PM Wednesday: 7:00 AM - 9:00 PM Thursday: 7:00 AM - 9:00 PM Friday: 7:00 AM - 9:00 PM Saturday: 7:00 AM - 9:00 PM Sunday: 10:00 AM - 8:00 PM ","http://www.advanceautoparts.com","25.78784","-80.23926","4.31030994470321","Lead Acid (Pb) Batteries; Used Motor Oil; Video Game Consoles; PlayStation Consoles","false","true","","","false","false","false","false"
"Jimmy's Shell Station","Jimmy's Shell Station","14601 NW 7th Ave","Miami","Miami-Dade","FL","33168","3056816386","0","","","25.90854","-80.21156","4.33043998515075","Used Motor Oil; Video Game Consoles; PlayStation Consoles","false","true","","","false","false","false","false"
"USPS Post Office Box Lobby Recycling Program","US Post Office","1050 W 49th St","Hialeah","Miami-Dade","FL","33002","8002758777","0","","https://www.usps.com/","25.86654","-80.30428","4.33212911498249","Catalogs; Greeting Cards; Magazines; Paper (Mixed)","false","true","","","false","false","false","false"
"US Post Office","USPS Discarded Lobby Mail Recycling Program","1050 W 49th St","Hialeah","Miami-Dade","FL","33002","0","0","","","25.86654","-80.30428","4.33212911498249","Video Game Consoles; PlayStation Consoles","false","true","","","false","false","false","false"
