name,description,address,city,region,province,postal_code,phone,fax,hours,url,latitude,longitude,distance,materials,pickup,dropoff,notes,groups,curbside,municipal,national,event_only
"State Road 100 East Solid Waste Collection Center","State Road 100 East Solid Waste Collection Center","8538 FL-100 ","Starke","Bradford County","FL","32091","3524735258","0","Sunday: 12:00 AM - 11:59 PM Monday: 12:00 AM - 11:59 PM Tuesday: 12:00 AM - 11:59 PM Wednesday: 12:00 AM - 11:59 PM Thursday: 12:00 AM - 11:59 PM Friday: 12:00 AM - 11:59 PM Saturday: 12:00 AM - 11:59 PM ","null","29.9031838","-82.0897736","10.1877698761832","Plastic #1 (PETE); Plastic #2 (HDPE); Plastic #2 (Color HDPE); Aluminum Cans; Glass (Brown); Cardboard; Catalogs; Glass (Clear); Computer Paper; Glass (Green); Greeting Cards; Paper (Mixed); Newspapers; Phone books; Tin or Steel Cans; Office Paper; Video Game Consoles; PlayStation Consoles","false","true","","","false","false","false","false"
"Starke Solid Waste Collection Center","Starke Solid Waste Collection Center","2806 NE 173 St ","Starke","Bradford County","FL","32091","9049666212","0","","","29.9678261","-82.0883333","10.7712372981209","Used Motor Oil; Video Game Consoles; PlayStation Consoles","false","true","","","false","false","false","false"
"Market Rd Drop-Off","Market Rd Drop-Off","2806 NE 173 St ","Starke","Bradford County","FL","32091","9049649639","0","","null","29.9678261","-82.0883333","10.7712372981209","Tin or Steel Cans; Video Game Consoles; PlayStation Consoles","false","true","","","false","false","false","false"
"Bradford County Recycling Drop-Off Site - Starke","","2806 NE 173rd St","Starke","","FL","32091","9049649639","0","","","29.9673517","-82.0879682","10.781672705122","","false","false","","","false","false","false","false"
"New River Solid Waste","New River Solid Waste","24276 NE 157th St","Raiford","Union","FL","32083","3864311000","0","","http://nrswa.org/","30.07124","-82.20814","10.9875489146324","Plastic #1 (PETE); Plastic #2 (HDPE); Plastic #2 (Color HDPE); Plastic #3 (PVC); Plastic #4 (LDPE); Plastic #5 (Polypropylene); Plastic #6 (Polystyrene); Plastic #7; Aluminum Cans; Aluminum; Brown Paper Bags; Electronics; MP3 Players; Video Game Consoles; PlayStation Consoles","false","true","","","false","false","false","false"
"Alachua County Rural and Household Hazardous Waste Collection Center - Fairbanks","","9920 NE Waldo Rd","Gainesville","","FL","32609","3523343873","0","","https://www.alachuacounty.us/Depts/EPD/hwc/Pages/CollectionCenters.aspx","29.746375","-82.2289035","12.0227521781902","","false","false","","","false","false","false","false"
"Fairbanks Rural Collection Center","Fairbanks Rural Collection Center","9920 NE Waldo Rd","Gainesville","Alachua","FL","32609","3523343873","0","Monday: 7:30 AM - 5:30 PM Tuesday: 7:30 AM - 5:30 PM Friday: 7:30 AM - 5:30 PM Saturday: 7:30 AM - 5:30 PM ","http://www.alachuacounty.us/","29.746071","-82.228823","12.0442420110699","Plastic #1 (PETE); Plastic #2 (HDPE); Plastic #2 (Color HDPE); Aluminum Cans; Glass (Brown); Cardboard; Catalogs; Glass (Clear); Computer (Reuse); Computer (Recycling); Electronics; Glass (Green); Magazines; Newspapers; Paint Donation; Tin or Steel Cans; Used Motor Oil; Oil Filters; MP3 Players","false","true","This site is located six miles north of Gainesville on State Route 24 northeast of Fairbanks.  Rural Collection Centers are rural, regional facilities for the collection of recycling, solid waste, yard trash, bulk items and household hazardous waste. These facilities are for residential use. The centers are staffed by Waste Collection employees during all operating hours.","","false","false","false","false"
"Wood Resource Recovery","Wood Resource Recovery","10606 FL-121 ","Gainesville","Alachua County","FL","32653","3523789133","0","","http://www.woodresourcerecovery.com/","29.7520014","-82.3560231","12.885461580004","Yard Waste","false","true","","","false","false","false","false"
"North Central HHW Collection Center","North Central HHW Collection Center","10714 N State Rd 121 ","Gainesville","Alachua County","FL","32653","3523343875","0","Monday: 7:30 AM - 5:30 PM Tuesday: 7:30 AM - 5:30 PM Friday: 7:30 AM - 5:30 PM Saturday: 7:30 AM - 5:30 PM ","http://www.alachuacounty.us/","29.75212","-82.356518","12.8915715704175","Glue & Adhesives; Antifreeze; Brake Fluid; Lead Acid (Pb) Batteries; Cell Phones; Compact Fluorescent Lights; Computer Monitors; Computer (Recycling); Degreasers; Electronics; Fire Extinguishers; Fluorescent Lamps/Tubes; Gasoline and Unwanted Fuels; Household Cleaners; Inkjet Printer Cartridges; Mercury Containing Items; Ni-Cd Batteries; Office Equipment; Other Batteries; Unused Paint; Paint Donation; Latex Paint; Paint Thinner; Propane Tanks; Batteries (Rechargeable); Alkaline/Single-Use Batteries; Smoke Detector; Solvents; Telephones; Televisions; Laser Toner Cartridges; Transmission Fluid; Used Motor Oil; Oil Filters; MP3 Players","false","true","","","false","false","false","false"
"Alachua County Rural and Household Hazardous Waste Collection Center - North Central","","10714 N State Road 121","Gainesville","","FL","32653","3523343875","0","","https://www.alachuacounty.us/Depts/EPD/hwc/Pages/CollectionCenters.aspx","29.7519956","-82.3565368","12.8997448057432","","false","false","","","false","false","false","false"
"Wood Resource Recovery","","10606 N State Road 121","Gainesville","","FL","32653","3523789133","0","","https://gastontdr.com/","29.751277","-82.359494","13.0250476713661","","false","false","","","false","false","false","false"
"Bradford County Recycling Drop-Off Site - Starke","","1373 State Route 100","Starke","","FL","32091","3524735258","0","","","29.8134962","-82.0649903","13.6981932201954","","false","false","","","false","false","false","false"
"Alachua County Hazardous Waste Collection Center","Alachua County Hazardous Waste Collection Center","5125 NE 63rd Ave","Gainesville","Alachua","FL","32609","3523340440","0","Monday: 7:00 AM - 5:00 PM Tuesday: 7:00 AM - 5:00 PM Wednesday: 7:00 AM - 5:00 PM Thursday: 7:00 AM - 5:00 PM Friday: 7:00 AM - 5:00 PM Saturday: 8:00 AM - 11:59 PM ","http://www.alachuacountyhazwaste.us","29.7185","-82.27723","13.8560110108424","Antifreeze; Brake Fluid; Lead Acid (Pb) Batteries; Compact Fluorescent Lights; Computer Monitors; Computer (Recycling); Electronics; Fluorescent Lamps/Tubes; Gasoline and Unwanted Fuels; Needles / Medical Sharps; Mercury Containing Items; Latex Paint; Pesticides; Solvents; Televisions; Transmission Fluid; Outdated Medications; Used Motor Oil; Laptop Computers; Tablets; MP3 Players","false","true","","","false","false","false","false"
"Bradford County Recycling Drop-Off Site - Lawtey","","1130 NE 213th St","Lawtey","","FL","32058","9047821160","0","","","30.0286755","-82.0616632","14.0527729984428","","false","false","","","false","false","false","false"
"Alachua County Household Hazardous Waste Collection Center - Leveda Brown Environmental Park","","5125 NE 63rd Ave","Gainesville","","FL","32609","3523340440","0","","https://www.alachuacounty.us/Depts/EPD/hwc/Pages/CollectionCenters.aspx","29.7117993","-82.2632052","14.2779493025864","","false","false","","","false","false","false","false"
"USPS Post Office Box Lobby Recycling Program","US Post Office","10012 NE County Road 1469","Earleton","Alachua","FL","32631","8002758777","0","","https://www.usps.com/","29.74633","-82.10326","15.1153569439934","Catalogs; Greeting Cards; Magazines; Paper (Mixed)","false","true","","","false","false","false","false"
"Advance Auto Parts","Advance Auto Parts","7360 State Road 100","Keystone Heights","Clay","FL","32656","3524736996","0","Monday: 7:00 AM - 9:00 PM Tuesday: 7:00 AM - 9:00 PM Wednesday: 7:00 AM - 9:00 PM Thursday: 7:00 AM - 9:00 PM Friday: 7:00 AM - 9:00 PM Saturday: 7:00 AM - 9:00 PM Sunday: 10:00 AM - 8:00 PM ","http://www.advanceautoparts.com","29.79501","-82.0466","15.3181790053989","Lead Acid (Pb) Batteries; Used Motor Oil; Video Game Consoles; PlayStation Consoles","false","true","","","false","false","false","false"
"Advance Auto Parts","","6392 NW 23rd St","Gainesville","","FL","32653","3523841899","0","","http://shop.advanceautoparts.com/webapp/wcs/stores/servlet/home___","29.7131434","-82.3559965","15.3289070952952","","false","false","","","false","false","false","false"
"Advance Auto Parts","Advance Auto Parts","6392 NW 23rd St","Gainesville","Alachua","FL","32653","3523841899","0","Monday: 7:30 AM - 9:00 PM Tuesday: 7:30 AM - 9:00 PM Wednesday: 7:30 AM - 9:00 PM Thursday: 7:30 AM - 9:00 PM Friday: 7:30 AM - 9:00 PM Saturday: 7:30 AM - 9:00 PM Sunday: 8:00 AM - 8:00 PM ","http://www.advanceautoparts.com","29.71305","-82.35609","15.33700534909","Lead Acid (Pb) Batteries; Used Motor Oil; Video Game Consoles; PlayStation Consoles","false","true","","","false","false","false","false"
"City of Alachua Curbside Recycling Program","","","Alachua","","FL","32615","3864622500","0","","http://www.cityofalachua.com/index.php/solid-waste","29.8303455","-82.4969331","15.5002200858117","","false","false","","","false","false","false","false"
"City of Alachua Yard Waste Curbside Recycling Program","","","Alachua","","FL","32615","3864622500","0","","http://www.cityofalachua.com/index.php/solid-waste","29.8303455","-82.4969331","15.5002200858117","","false","false","","","false","false","false","false"
"Commercial Metals Company","","1508 NW 55th Pl","Gainesville","","FL","32653","3523750224","0","","https://www.cmc.com/en/home","29.7059057","-82.3422029","15.5073472705571","","false","false","","","false","false","false","false"
"CMC Recycling","","1508 Northwest 55th Place","Gainesville","","FL","32653","3523750224","0","","https://www.cmc.com/en/home","29.7059057","-82.3422029","15.5073472705571","","false","false","","","false","false","false","false"
"CMC Recycling","CMC Recycling","1508 NW 55th Pl","Gainesville","Alachua","FL","32653","3523750224","0","Monday: 8:30 AM - 4:00 PM Tuesday: 8:30 AM - 4:00 PM Wednesday: 8:30 AM - 4:00 PM Thursday: 8:30 AM - 4:00 PM Friday: 8:30 AM - 4:00 PM Saturday: 8:30 AM - 2:00 PM ","http://www.cmc.com","29.70926","-82.35673","15.5939954890692","Aluminum Cans; Aluminum; Car; Lead Acid (Pb) Batteries; Ferrous Metals (Steel or Iron); Non-ferrous (Copper/Brass/Tin); Wire; Scrap Metal; High-Temp Alloys; Special Metals; Video Game Consoles; PlayStation Consoles","false","true","","","false","false","false","false"
"Advance Auto Parts","","7360 State Rd 100","Keystone Heights","","FL","32656","3524736996","0","","http://shop.advanceautoparts.com/webapp/wcs/stores/servlet/home___","29.7922104","-82.0428846","15.6109879209568","","false","false","","","false","false","false","false"
"Call2Recycle at HD Supply","Call2Recycle at HD Supply","11416 NW US Highway 441","Gainesville","Alachua","FL","32653","3864622800","0","","http://www.hdsupply.com/","29.73578","-82.41767","15.8021164812402","Cell Phones; Ni-Cd Batteries; Li-Ion Batteries; Ni-MH Batteries; Ni-Zn Batteries; Small Sealed Lead Acid Batteries; Video Game Consoles; PlayStation Consoles","false","true","The U.S. EPA estimates that more than 350 million rechargeable batteries are purchased annually in the U.S. Thanks to the environmental commitment of this location, its easy and free to recycle your batteries. Bring your rechargeable batteries to this location and look for the recycling box or ask an associate how you can do your part for the environment.","","false","false","false","false"
"Home Depot","Home Depot","5150 NW 13th St","Gainesville","Alachua","FL","32609","3523718459","0","Monday: 6:00 AM - 10:00 PM Tuesday: 6:00 AM - 10:00 PM Wednesday: 6:00 AM - 10:00 PM Thursday: 6:00 AM - 10:00 PM Friday: 6:00 AM - 10:00 PM Saturday: 6:00 AM - 10:00 PM Sunday: 8:00 AM - 8:00 PM ","http://www.homedepot.com","29.70075","-82.34094","15.821396119431","Compact Fluorescent Lights; Batteries (Rechargeable); Video Game Consoles; PlayStation Consoles","false","true","Home Depot accepts compact fluorescent bulbs and used power tool rechargeable batteries. Look for the orange drop boxes, usually located near the front entrance near the customer service desk.","","false","false","false","false"
"Call2Recycle at the Home Depot","Call2Recycle at the Home Depot","5150 NW 13th St","Gainesville","Alachua","FL","32609","3523718459","0","","http://www.homedepot.com/","29.70075","-82.34094","15.821396119431","Cell Phones; Compact Fluorescent Lights; Ni-Cd Batteries; Li-Ion Batteries; Ni-MH Batteries; Ni-Zn Batteries; Small Sealed Lead Acid Batteries; Video Game Consoles; PlayStation Consoles","false","true","The Home Depot accepts used rechargeable batteries and compact fluorescent bulbs. Look for the orange drop boxes, usually located near the front entrance near the customer service desk, or ask a store associate for more details.","","false","false","false","false"
"Home Depot","","5150 NW 13th St","Gainesville","","FL","32609","3523718459","0","","https://ecooptions.homedepot.com/","29.7013161","-82.3439226","15.840788540022","Batteries (Rechargeable); Cell Phone Batteries; Li-Ion Batteries; Ni-Cd Batteries; Ni-MH Batteries; Small Sealed Lead Acid Batteries","false","true","","Call2Recycle","false","false","false","false"
"Walmart","Walmart","5700 NW 23rd St","Gainesville","Alachua","FL","32653","3523780619","0","","http://www.walmart.com","29.70485","-82.35794","15.903727752483","Lead Acid (Pb) Batteries; Plastic Shopping Bags; Food Storage Bags; Video Game Consoles; PlayStation Consoles","false","true","","","false","false","false","false"
"Call2Recycle at Snelgrove Electronics","Call2Recycle at Snelgrove Electronics","14557 NW US Highway 441","Alachua","Alachua","FL","32615","9044622522","0","","http://www.radioshack.com/","29.81766","-82.49806","15.9263097592939","Cell Phones; Ni-Cd Batteries; Li-Ion Batteries; Ni-MH Batteries; Ni-Zn Batteries; Small Sealed Lead Acid Batteries; Video Game Consoles; PlayStation Consoles","false","true","The U.S. EPA estimates that more than 350 million rechargeable batteries are purchased annually in the U.S. Thanks to the environmental commitment of this location, its easy and free to recycle your batteries. Bring your rechargeable batteries to this location and look for the recycling box or ask an associate how you can do your part for the environment.","","false","false","false","false"
"Ashtin Communications Inc","Ashtin Communications Inc","4577 NW 6th St Ste C","Gainesville","Alachua","FL","32609","3523730505","0","","http://www.call2recycle.org/","29.6965","-82.3357","16.007729044944","Cell Phones; Ni-Cd Batteries; Li-Ion Batteries; Ni-MH Batteries; Ni-Zn Batteries; Small Sealed Lead Acid Batteries; Video Game Consoles; PlayStation Consoles","false","true","The U.S. EPA estimates that more than 350 million rechargeable batteries are purchased annually in the U.S. Thanks to the environmental commitment of this location, its easy and free to recycle your batteries. Bring your rechargeable batteries to this location and look for the recycling box or ask an associate how you can do your part for the environment.","","false","false","false","false"
"Alachua County Health Department - Alachua","","NW 151st Pl","Alachua","","FL","32615","3864622542","0","","https://www.alachuacounty.us/Depts/EPD/hwc/Pages/HouseholdWaste.aspx","29.793961","-82.487155","16.1517818913516","","false","false","","","false","false","false","false"
"Call2Recycle at Lowe's","Call2Recycle at Lowe's","15910 NW 144th Ter","Alachua","Alachua","FL","32615","2864186060","0","Monday: 6:00 AM - 10:00 PM Tuesday: 6:00 AM - 10:00 PM Wednesday: 6:00 AM - 10:00 PM Thursday: 6:00 AM - 10:00 PM Friday: 6:00 AM - 10:00 PM Saturday: 6:00 AM - 10:00 PM Sunday: 8:00 AM - 8:00 PM ","http://www.lowes.com/","29.7932","-82.48745","16.1948190673772","Cell Phones; Compact Fluorescent Lights; Ni-Cd Batteries; Plastic Shopping Bags; Li-Ion Batteries; Ni-MH Batteries; Ni-Zn Batteries; Small Sealed Lead Acid Batteries; Video Game Consoles; PlayStation Consoles; Batteries (Rechargeable); Cell Phone Batteries; Li-Ion Batteries; Ni-Cd Batteries; Ni-MH Batteries; Small Sealed Lead Acid Batteries; Cell Phones","false","true","As an environmentally-committed retailer, Lowes offers a recycling center near store entrances to give consumers a free and easy way to properly dispose of rechargeable batteries, cell phones, CFLs and plastic shopping bags; materials that otherwise could be potentially harmful to the environment.  Look for the recycling center or ask a store associate for more details.","Call2Recycle","false","false","false","false"
"Advance Auto Parts","Advance Auto Parts","15579 NW US Highway 441","Alachua","Alachua","FL","32615","3864181140","0","Monday: 7:00 AM - 9:00 PM Tuesday: 7:00 AM - 9:00 PM Wednesday: 7:00 AM - 9:00 PM Thursday: 7:00 AM - 9:00 PM Friday: 7:00 AM - 9:00 PM Saturday: 7:00 AM - 9:00 PM Sunday: 10:00 AM - 8:00 PM ","http://www.advanceautoparts.com","29.80693","-82.50085","16.4121367468026","Lead Acid (Pb) Batteries; Used Motor Oil; Video Game Consoles; PlayStation Consoles","false","true","","","false","false","false","false"
"State Road 100 East Solid Waste Collection Center","","State Road 100 East","Keystone Heights","","FL","32656","3524735258","0","","","29.7859538","-82.0315879","16.4142700656612","","false","false","","","false","false","false","false"
"City of Gainesville - Curbside Recycling","City of Gainesville - Curbside Recycling","405 NW 39th Ave","Gainesville","Alachua","FL","32609","3523342330","0","","http://www.cityofgainesville.org/","29.68842","-82.32923","16.4396417840726","Aerosol Spray Cans; Aluminum Cans; Book Recycling; Brown Paper Bags; Cardboard; Catalogs; Computer Paper; Drink Boxes; Glass (Brown); Glass (Clear); Glass (Green); Magazines; Milk Cartons; Newspapers; Office Paper; Paper (Mixed); Paperboard; Phone books; Plastic #1 (PETE); Plastic #2 (HDPE); Plastic #3 (PVC); Plastic #4 (LDPE); Plastic #5 (Polypropylene); Plastic #6 (Polystyrene); Plastic #7; Shredded Paper; Tin or Steel Cans","false","false","Your recycling day is the same as your garbage collection day. Recyclable items must be placed at the curb by 7 am and removed from the curb by 9 pm on your collection day.  Place the recycle bins at least four (4) feet from the garbage cart to prevent interference & spillage.","","true","false","false","false"
"City of Gainesville - Yard Waste","City of Gainesville - Yard Waste","405 NW 39th Ave","Gainesville","Alachua","FL","32609","3523342330","0","","http://www.cityofgainesville.org/","29.68842","-82.32923","16.4396417840726","Grass Clippings; Leaves; Tree Trimmings","true","false","Place approved containers and piles of yard trash at curbside on your designated day before 7 A.M.","","false","false","false","false"
"Walgreens","Walgreens","115 N Lawrence Blvd","Keystone Heights","Clay","FL","32656","3524734621","0","","http://www.walgreens.com","29.78656","-82.03045","16.4476459467064","Cell Phones; Inkjet Cartridge Refilling; Inkjet Printer Cartridges; Video Game Consoles; PlayStation Consoles","false","true","","","false","false","false","false"
"Call2Recycle at Santa Fe Electronics","Call2Recycle at Santa Fe Electronics","160 S Lawrence Blvd","Keystone Heights","Clay","FL","32656","3524733808","0","","http://www.radioshack.com/","29.78481","-82.03154","16.4609050259483","Cell Phones; Ni-Cd Batteries; Li-Ion Batteries; Ni-MH Batteries; Ni-Zn Batteries; Small Sealed Lead Acid Batteries; Video Game Consoles; PlayStation Consoles","false","true","The U.S. EPA estimates that more than 350 million rechargeable batteries are purchased annually in the U.S. Thanks to the environmental commitment of this location, its easy and free to recycle your batteries. Bring your rechargeable batteries to this location and look for the recycling box or ask an associate how you can do your part for the environment.","","false","false","false","false"
"USPS Post Office Box Lobby Recycling Program","US Post Office","110 NE Commercial Cir","Keystone Heights","Clay","FL","32656","8002758777","0","","https://www.usps.com/","29.78654","-82.02947","16.4973345649731","Catalogs; Greeting Cards; Magazines; Paper (Mixed)","false","true","","","false","false","false","false"
"AutoZone","AutoZone","3919 NW 13th St","Gainesville","Alachua","FL","32609","3523781628","0","Monday: 7:30 AM - 9:00 PM Tuesday: 7:30 AM - 9:00 PM Wednesday: 7:30 AM - 9:00 PM Thursday: 7:30 AM - 9:00 PM Friday: 7:30 AM - 9:00 PM Saturday: 7:30 AM - 9:00 PM Sunday: 8:00 AM - 8:00 PM ","http://www.autozone.com","29.68936","-82.33845","16.527656080031","Lead Acid (Pb) Batteries; Used Motor Oil; Video Game Consoles; PlayStation Consoles","false","true","Most AutoZone stores accept used motor oil, transmission fluid, gear oil and automotive batteries. Call to see what your local store is currently accepting.","","false","false","false","false"
"AutoZone","","3919 NW 13th St","Gainesville","","FL","32609","3523781628","0","","https://www.autozone.com/landing/page.jsp?name=in-our-stores","29.6893775","-82.3386044","16.5291691748527","","false","false","","","false","false","false","false"
"Lowe's","","15910 NW 144 Terrace","Alachua","","FL","32615","3864186060","0","","https://newsroom.lowes.com/responsibility/operational-excellence/","29.8015727","-82.5002365","16.5573178311019","","false","false","","","false","false","false","false"
"Advance Auto Parts","","15579 NW US Hwy 441","Alachua","","FL","32615","3864181140","0","","http://shop.advanceautoparts.com/webapp/wcs/stores/servlet/home___","29.7983344","-82.5003549","16.6739105091332","","false","false","","","false","false","false","false"
"Publix","","3720 Northwest 13th Street","Gainesville","","FL","32609","3523353785","0","","https://sustainability.publix.com/storefront/customer-recycling/","29.6873784","-82.3406329","16.6967133685856","","false","false","","","false","false","false","false"
"USPS Post Office Box Lobby Recycling Program","US Post Office","15200 NW 142nd Ter","Alachua","Alachua","FL","32615","8002758777","0","","https://www.usps.com/","29.79401","-82.50116","16.8663344757537","Catalogs; Greeting Cards; Magazines; Paper (Mixed)","false","true","","","false","false","false","false"
"US Post Office","USPS Discarded Lobby Mail Recycling Program","15200 NW 142nd Ter","Alachua","Alachua","FL","32615","0","0","","","29.79401","-82.50116","16.8663344757537","Video Game Consoles; PlayStation Consoles","false","true","","","false","false","false","false"
"Publix","","5200 Northwest 43rd Street","Gainesville","","FL","32606","3523755310","0","","https://sustainability.publix.com/storefront/customer-recycling/","29.7022997","-82.3902726","16.8794239457281","","false","false","","","false","false","false","false"
"Millhopper Ace Hardware","","5200 NW 43rd Street, #203","Gainesville ","","FL","32606","0","0","","","29.7022997","-82.3902726","16.8794239457281","","false","false","","","false","false","false","false"
"The UPS Store","The UPS Store","5200 NW 43rd St Ste 102","Gainesville","Alachua","FL","32606","3523776840","0","Monday: 9:00 AM - 7:00 PM Tuesday: 9:00 AM - 7:00 PM Wednesday: 9:00 AM - 7:00 PM Thursday: 9:00 AM - 7:00 PM Friday: 9:00 AM - 7:00 PM Saturday: 9:00 AM - 5:00 PM ","http://www.upsstore.com","29.70197","-82.39039","16.9028632153933","Packing Peanut (Reuse); Video Game Consoles; PlayStation Consoles","false","true","","","false","false","false","false"
"Tires Plus Store","Tires Plus Store","3302 NW 13th St","Gainesville","Alachua","FL","32609","3527453868","0","Monday: 7:00 AM - 7:00 PM Tuesday: 7:00 AM - 7:00 PM Wednesday: 7:00 AM - 7:00 PM Thursday: 7:00 AM - 7:00 PM Friday: 7:00 AM - 7:00 PM Saturday: 7:00 AM - 5:00 PM Sunday: 9:00 AM - 4:00 PM ","http://www.firestone.com","29.68337","-82.33975","16.9465039307687","Lead Acid (Pb) Batteries; Used Motor Oil; Video Game Consoles; PlayStation Consoles","false","true","","","false","false","false","false"
"Tires Plus","","3302 NW 13th St","Gainesville","","FL","32609","3523785982","0","","https://www.tiresplus.com/","29.6833041","-82.3395815","16.9479843900827","","false","false","","","false","false","false","false"
"Sound Ideas","","3215 NW 13th St","Gainesville","","FL","32609","3523780192","0","","","29.6823787","-82.3384724","16.9905102570516","","false","false","","","false","false","false","false"
"Recycling Services of America","Recycling Services of America","2874 NE 1st Terrace ","Gainesville","Alachua County","FL","32609","3523795797","0","Monday: 8:00 AM - 3:30 PM Tuesday: 8:00 AM - 3:30 PM Wednesday: 8:00 AM - 3:30 PM Thursday: 8:00 AM - 3:30 PM Friday: 8:00 AM - 3:30 PM ","http://www.recyclingservicesofamerica.com/","29.678647","-82.3239579","17.0181197917956","Cardboard; Catalogs; Computer Paper; Greeting Cards; Magazines; Paper (Mixed); Newspapers; Office Paper; Video Game Consoles; PlayStation Consoles","true","true","This company does commercial pick-up and residential drop-off. Secure After Hours Drop Off Bin Available For Your Convenience","","false","false","false","false"
"Recycling Services of America","","2874 Northeast First Terrance","Gainesville","","FL","32609","3523795797","0","","","29.6784998","-82.3239931","17.0285035466627","","false","false","","","false","false","false","false"
"The Repurpose Project","The Repurpose Project","1920 NE 23rd Ave","Gainesville","Alachua","FL","32609","0","0","Tuesday: 10:00 AM - 6:00 PM Wednesday: 10:00 AM - 6:00 PM Thursday: 10:00 AM - 6:00 PM Friday: 10:00 AM - 6:00 PM Saturday: 10:00 AM - 6:00 PM ","http://www.repurposeproject.org/","29.67389","-82.29991","17.0721650456507","Arts & Crafts Supplies (Reuse); Cables & Connectors; CD/DVD/Blu-ray/UHD Cases; CD/DVD/Blu-ray/UHD discs; Ceramic Tiles; Computer (Reuse); Construction Materials (Reuse); Cork; DVD Players/Blu-Ray Players/DVRs; Furniture; Glue & Adhesives; Glue Bottles & Glue Sticks; Household Goods; Jewelry; Magazines; Microwaves; Miscellaneous Tools; Office Furniture; Office Supplies; Paint Donation; Computer Peripherals; Small Televisions; Speakers; Stereo Equipment; Textiles; Unused Paper; VHS & Cassette Tapes; Windows; Wire; Video Game Consoles; PlayStation Consoles","false","true","","","false","false","false","false"
"A Child's Dream","A Child's Dream","4127 NW 34th St","Gainesville","Alachua","FL","32605","3523768900","0","","","29.69126","-82.3722","17.099686038628","Cardboard; Computer Paper; Greeting Cards; Magazines; Paper (Mixed); Newspapers; Office Paper","false","true","","","false","false","false","false"
"Recycling Industries","Recycling Industries","1621 NE Waldo Rd","Gainesville","Alachua","FL","32609","3529555506","0","Monday: 8:30 AM - 5:30 PM Tuesday: 8:30 AM - 5:30 PM Wednesday: 8:30 AM - 5:30 PM Thursday: 8:30 AM - 5:30 PM Friday: 8:30 AM - 5:30 PM ","","29.67185","-82.29333","17.1598512072554","Aluminum Cans; Cardboard; Computer Paper; Greeting Cards; Paper (Mixed); Newspapers; Tin or Steel Cans; Office Paper; Video Game Consoles; PlayStation Consoles","false","true","","","false","false","false","false"
"Sams Club","","2801 NW 13th St","Gainesville","","FL","32609","3523758853","0","","https://www.samsclub.com/","29.6780489","-82.3348462","17.2191743996496","","false","false","","","false","false","false","false"
"Sam's Club","Sam's Club","2801 NW 13th St","Gainesville","Alachua","FL","32609","3523758853","0","Monday: 10:00 AM - 8:30 PM Tuesday: 10:00 AM - 8:30 PM Wednesday: 10:00 AM - 8:30 PM Thursday: 10:00 AM - 8:30 PM Friday: 10:00 AM - 8:30 PM Saturday: 9:00 AM - 8:30 PM Sunday: 10:00 AM - 6:00 PM ","http://www.samsclub.com","29.67798","-82.3354","17.2325644962742","Lead Acid (Pb) Batteries; Video Game Consoles; PlayStation Consoles","false","true","","","false","false","false","false"
"Advance Auto Parts","","2830 NW 13th St","Gainesville","","FL","32609","3523713083","0","","http://shop.advanceautoparts.com/webapp/wcs/stores/servlet/home___","29.6788221","-82.3396265","17.2458035404223","","false","false","","","false","false","false","false"
"Advance Auto Parts","Advance Auto Parts","2830 NW 13th St","Gainesville","Alachua","FL","32609","3523713083","0","Monday: 7:30 AM - 9:00 PM Tuesday: 7:30 AM - 9:00 PM Wednesday: 7:30 AM - 9:00 PM Thursday: 7:30 AM - 9:00 PM Friday: 7:30 AM - 9:00 PM Saturday: 7:30 AM - 9:00 PM Sunday: 8:00 AM - 8:00 PM ","http://www.advanceautoparts.com","29.6785","-82.33918","17.2596910412199","Lead Acid (Pb) Batteries; Used Motor Oil; Video Game Consoles; PlayStation Consoles","false","true","","","false","false","false","false"
"Better World Books - Gainesville Plaza","","2649 NW 13th Street","Gainesville","","FL","32601","8885107107","0","","https://www.betterworldbooks.com/","29.676725","-82.337242","17.3457233380063","","false","false","","","false","false","false","false"
"Walmart","","2649 NW 13th St","Gainesville","","FL","32609","3523780619","0","","https://www.walmart.com/","29.676725","-82.337242","17.3457233380063","","false","false","","","false","false","false","false"
"The UPS Store","The UPS Store","2603 NW 13th St","Gainesville","Alachua","FL","32609","3523710403","0","Monday: 8:00 AM - 7:00 PM Tuesday: 8:00 AM - 7:00 PM Wednesday: 8:00 AM - 7:00 PM Thursday: 8:00 AM - 7:00 PM Friday: 8:00 AM - 7:00 PM Saturday: 9:30 AM - 4:00 PM ","http://www.upsstore.com","29.67684","-82.33902","17.3672269338713","Packing Peanut (Reuse); Video Game Consoles; PlayStation Consoles","false","true","","","false","false","false","false"
"Goodwill of North Florida Inc. - Dell Reconnect Donation Site","","2624 NW 13th St.","Gainesville","","FL","32609","3523784449","0","","https://www.goodwilljax.org/","29.6766465","-82.3392144","17.3832988485136","","false","false","","","false","false","false","false"
"Goodwill of North Florida Inc. - Dell Reconnect Donation Site","","2624 NW 13th St.","Gainesville","","FL","32609","3523784449","0","","https://www.goodwilljax.org/","29.6766465","-82.3392144","17.3832988485136","","false","false","","","false","false","false","false"
"Call2Recycle at Lowe's","Call2Recycle at Lowe's","2564 NW 13th St","Gainesville","Alachua","FL","32609","3523678900","0","Monday: 6:00 AM - 10:00 PM Tuesday: 6:00 AM - 10:00 PM Wednesday: 6:00 AM - 10:00 PM Thursday: 6:00 AM - 10:00 PM Friday: 6:00 AM - 10:00 PM Saturday: 6:00 AM - 10:00 PM Sunday: 8:00 AM - 8:00 PM ","http://www.lowes.com/","29.67622","-82.3392","17.4113811473727","Cell Phones; Compact Fluorescent Lights; Ni-Cd Batteries; Plastic Shopping Bags; Li-Ion Batteries; Ni-MH Batteries; Ni-Zn Batteries; Small Sealed Lead Acid Batteries; Video Game Consoles; PlayStation Consoles; Batteries (Rechargeable); Cell Phone Batteries; Li-Ion Batteries; Ni-Cd Batteries; Ni-MH Batteries; Small Sealed Lead Acid Batteries; Cell Phones","false","true","As an environmentally-committed retailer, Lowes offers a recycling center near store entrances to give consumers a free and easy way to properly dispose of rechargeable batteries, cell phones, CFLs and plastic shopping bags; materials that otherwise could be potentially harmful to the environment.  Look for the recycling center or ask a store associate for more details.","Call2Recycle","false","false","false","false"
"Lowe's","","2564 Northwest 13th Street","Gainesville","","FL","32609","3523678900","0","","https://newsroom.lowes.com/responsibility/operational-excellence/","29.6764129","-82.3407808","17.4250101576322","","false","false","","","false","false","false","false"
"Jiffy Lube","","2692 State Rd. 21","Middleburg","","FL","32068","9042821060","0","","","29.7400606","-82.051444","17.5095360052305","","false","false","","","false","false","false","false"
"Howard Bishop Middle School","Howard Bishop Middle School","1901 NE 9th St","Gainesville","Alachua","FL","32609","3523783001","0","","null","29.66905","-82.31252","17.5257735548048","Magazines; Newspapers; Office Paper; Video Game Consoles; PlayStation Consoles","false","true","","","false","false","false","false"
"Santa Fe High School","","16213 NW Us Highway 441","Alachua","","FL","32615","3523783001","0","","","29.8072641","-82.5244023","17.660552693037","","false","false","","","false","false","false","false"
"Kingsley Lake ECC","Kingsley Lake ECC","5286 FL-16 ","Starke","Clay County","FL","32091","9042846374","0","","http://www.keepclaybeautiful.com","29.9816512","-81.9715233","17.7539330418686","Aluminum Cans; Newspapers; Tin or Steel Cans; Video Game Consoles; PlayStation Consoles","false","true","","","false","false","false","false"
"Walmart Supercenter","","1800 NE 12th Ave","Gainesville","","FL","32641","3523723191","0","","https://www.walmart.com/","29.6640051","-82.3007814","17.7556082865007","","false","false","","","false","false","false","false"
"Bradford County Recycling Drop-Off Site - Brooker","","15086 Rte 18","Brooker","","FL","32622","3524852777","0","","","29.8913317","-82.3363847","4.99958023283888","","false","false","","","false","false","false","false"
"Bradford County Recycling Drop-Off Site - Sampson","","16900 SW 75th Ave","Starke","","FL","32091","9049649390","0","","","29.9618797","-82.1749873","5.8566167118304","","false","false","","","false","false","false","false"
"Bradford County Recycling Drop-Off Site - Sampson","","16900 SW 75th Ave","Starke","","FL","32091","9049649390","0","","","29.9618797","-82.1749873","5.8566167118304","","false","false","","","false","false","false","false"
"Walmart Supercenter","","14500 Us Highway 301 S","Starke","","FL","32091","9049643286","0","","https://www.walmart.com/","29.9217899","-82.1298807","7.73407609132356","","false","false","","","false","false","false","false"
"Walmart Tire and Lube Express","","14500 Us Highway 301 S","Starke","","FL","32091","9049643286","0","","https://www.walmart.com/cp/ideas/8932632","29.9217899","-82.1298807","7.73407609132356","","false","false","","","false","false","false","false"
"Bradford County Recycling Drop-Off Site - Starke","","9753 NW County Road 229","Starke","","FL","32091","9049649390","0","","","30.0081793","-82.1773773","7.89372811912425","","false","false","","","false","false","false","false"
"Walmart","Walmart","14500 US Highway 301 S","Starke","Bradford","FL","32091","9049643286","0","","http://www.walmart.com","29.89627","-82.12832","7.97333269051365","Lead Acid (Pb) Batteries; Plastic Shopping Bags; Food Storage Bags; Video Game Consoles; PlayStation Consoles","false","true","","","false","false","false","false"
"Lake Butler Garbage Collection Center","Lake Butler Garbage Collection Center","15285 SW 84th St","Lake Butler","Union","FL","32054","3864962180","0","","null","29.99592","-82.36728","8.40805961511069","Used Motor Oil; Video Game Consoles; PlayStation Consoles","false","true","","","false","false","false","false"
"Union County HHW Collection Event","","Union County Solid Waste Dept, 15285 SW 84th Street","Lake Butler","","FL","32054","3864962180","0","","","29.9964869","-82.3678556","8.45955676971477","","false","false","","","false","false","false","false"
"Union County Health Department","","495 E Main St","Lake Butler","","FL","32054","3864963211","0","","","30.023756","-82.3326842","8.51004108497178","","false","false","","","false","false","false","false"
"Goodwill of North Florida Inc. - Dell Reconnect Donation Site","","1371 S. Walnut St. Suite 900","Starke","","FL","32091","9043689910","0","","https://www.goodwilljax.org/","29.9341554","-82.1174652","8.54293704641118","","false","false","","","false","false","false","false"
"Tractor Supply","","1371 South Walnut Street, Suite 100A","Starke","","FL","32091","9043680051","0","","https://www.tractorsupply.com/","29.9341554","-82.1174652","8.54293704641118","","false","false","","","false","false","false","false"
"Walmart Tire & Lube Express","Walmart Tire & Lube Express","1371 S Walnut St Ste 100","Starke","Bradford","FL","32091","9049643286","0","","http://www.walmart.com/catalog/catalog.gsp?cat=495843","29.93298","-82.11617","8.61005400090947","Lead Acid (Pb) Batteries; Used Motor Oil; Oil Filters; Video Game Consoles; PlayStation Consoles","false","true","","","false","false","false","false"
"Tractor Supply","Tractor Supply","1371 S Walnut St Ste 100A","Starke","Bradford","FL","32091","9043680051","0","","http://www.tractorsupply.com","29.93298","-82.11617","8.61005400090947","Transmission Fluid; Used Motor Oil; Video Game Consoles; PlayStation Consoles","false","true","","","false","false","false","false"
"O'Reilly Auto Parts","null","1001 South Walnut Street","Starke","","FL","32091","9049642104","0","","http://oreillyauto.custhelp.com/app/error/error_id/6","29.9351814","-82.114361","8.7363990637474","","false","false","","","false","false","false","false"
"USPS Post Office Box Lobby Recycling Program","US Post Office","215 NW 1st St","Lake Butler","Union","FL","32054","8002758777","0","","https://www.usps.com/","30.0239","-82.33989","8.74966960813354","Catalogs; Greeting Cards; Magazines; Paper (Mixed)","false","true","","","false","false","false","false"
"US Post Office","USPS Discarded Lobby Mail Recycling Program","215 NW 1st St","Lake Butler","Union","FL","32054","0","0","","","30.0239","-82.33989","8.74966960813354","Video Game Consoles; PlayStation Consoles","false","true","","","false","false","false","false"
"Advance Auto Parts","Advance Auto Parts","709 S Walnut St","Starke","Bradford","FL","32091","9049643367","0","Monday: 7:00 AM - 9:00 PM Tuesday: 7:00 AM - 9:00 PM Wednesday: 7:00 AM - 9:00 PM Thursday: 7:00 AM - 9:00 PM Friday: 7:00 AM - 9:00 PM Saturday: 7:00 AM - 9:00 PM Sunday: 10:00 AM - 8:00 PM ","http://www.advanceautoparts.com","29.93865","-82.11205","8.90786026451087","Lead Acid (Pb) Batteries; Used Motor Oil; Video Game Consoles; PlayStation Consoles","false","true","","","false","false","false","false"
"Advance Auto Parts","","709 S Walnut St","Starke","","FL","32091","9049643367","0","","http://shop.advanceautoparts.com/webapp/wcs/stores/servlet/home___","29.939353","-82.1120647","8.91470954078036","","false","false","","","false","false","false","false"
"AutoZone","AutoZone","127 Lafayette St","Starke","Bradford","FL","32091","9049660200","0","","http://www.autozone.com","29.94234","-82.11097","9.01479788392612","Lead Acid (Pb) Batteries; Used Motor Oil; Video Game Consoles; PlayStation Consoles","false","true","Most AutoZone stores accept used motor oil, transmission fluid, gear oil and automotive batteries. Call to see what your local store is currently accepting.","","false","false","false","false"
"Walgreens","Walgreens","205 W Madison St","Starke","Bradford","FL","32091","9049642389","0","","http://www.walgreens.com","29.94403","-82.11098","9.03626767854459","Cell Phones; Inkjet Printer Cartridges; Video Game Consoles; PlayStation Consoles","false","true","","","false","false","false","false"
"AutoZone","","127 Lafayette St","Starke","","FL","32091","9049660200","0","","https://www.autozone.com/landing/page.jsp?name=in-our-stores","29.9424981","-82.1106188","9.03746776679744","","false","false","","","false","false","false","false"
"911 Cell Phone Bank - Bradley County Sheriffs Office","911 Cell Phone Bank - Bradley County Sheriffs Office","945B N Temple Ave","Starke","Bradford","FL","32091","8662907864","0","","http://www.911cellphonebank.org/","29.9541","-82.10957","9.27874540055392","Cell Phones; Cameras; Laptop Computers; MP3 Players; Video Games; Video Game Consoles; Smart watches & Apple Watch®
","false","true","Please call to verify drop-off procedures and directions to the location.  For prepaid shipping labels, visit http://www.911cellphonebank.org/drop-off-locations.asp - click on "print shipping label."","","false","false","false","false"
"Bradford County HHW Collection Event","","Bradford County Courthouse, 945 N Temple Ave","Starke","","FL","32091","9049666212","0","","","29.9543949","-82.1086071","9.33972543796523","","false","false","","","false","false","false","false"
"Bradford County Sharps Exchange","","1801 N Temple Ave","Starke","","FL","32091","9049647732","0","","","29.9639503","-82.1061109","9.67745071789099","","false","false","","","false","false","false","false"
